year,Loss
1925,186.0407906
1926,230.0458652
1927,300.6017677
1928,224.6567526
1929,306.5472316
1930,329.804298
1931,268.3730888
1932,229.7271517
1933,296.6254739
1934,627.7679426
1935,353.9875645
1936,536.9155168
1937,237.6698012
1938,303.5413367
1939,274.2292084
1940,322.5797938
1941,265.6614665
1942,267.0902278
1943,300.3195306
1944,312.0230441
1945,364.4297809
1946,249.8375271
1947,472.3557311
1948,224.3378389
1949,296.4317944
1950,297.7182295
1951,281.3111854
1952,291.591374
1953,328.7104956
1954,362.8400652
1955,330.4519954
1956,310.0635326
1957,315.5144507
1958,274.5961046
1959,318.1217489
1960,331.3089722
1961,298.4507249
1962,275.9549814
1963,268.2558356
1964,290.0800628
1965,251.3249149
1966,300.473662
1967,236.5112577
1968,250.3810246
1969,325.1754597
1970,313.945595
1971,247.4262601
1972,250.0803789
1973,276.3829241
1974,323.667134
1975,291.5811889
1976,324.0426688
1977,400.3374781
1978,297.8138484
1979,240.2891107
1980,350.0571835
1981,268.1015977
1982,254.9899896
1983,480.7006507
1984,312.2084209
1985,244.1130736
1986,250.843804
1987,261.5319763
1988,398.3007601
1989,396.3347354
1990,308.0522706
1991,314.3273807
1992,255.0406412
1993,322.3876201
1994,269.2770698
1995,334.4460366
1996,286.907647
1997,302.2113746
1998,309.9546923
1999,331.2185751
2000,246.9521426
2001,283.9942328
2002,298.2473368
2003,260.9688048
2004,229.0613474
2005,339.7503705
2006,343.2726152
2007,290.8228081
2008,280.6347068
2009,282.9082863
2010,369.847553
2011,348.3250699
2012,472.5879295
2013,326.2088172
2014,258.7546286
2015,325.5421739
2016,278.6319203
2017,283.4465572
2018,279.5442031
1925,307.830761
1926,300.5936297
1927,331.919328
1928,331.4949157
1929,348.132293
1930,435.0491559
1931,320.0545695
1932,338.3747199
1933,345.8450474
1934,338.1835284
1935,369.2307658
1936,401.2254668
1937,335.231845
1938,352.1400669
1939,359.0447819
1940,373.4563653
1941,348.9067252
1942,349.1031706
1943,403.3202286
1944,410.7306132
1945,381.6465308
1946,339.6792918
1947,364.9596594
1948,348.591826
1949,373.9684479
1950,371.0175654
1951,362.9224997
1952,376.8084131
1953,385.4334724
1954,433.4181634
1955,377.0075364
1956,357.8777358
1957,382.469319
1958,380.0232152
1959,382.6815416
1960,378.0332984
1961,336.6347855
1962,332.7046718
1963,337.118765
1964,343.1699704
1965,325.5478994
1966,368.0982437
1967,309.4282435
1968,342.5217735
1969,325.1784788
1970,411.9925122
1971,344.2338967
1972,335.6131688
1973,361.1999681
1974,374.9399653
1975,354.045304
1976,337.7774341
1977,338.9547316
1978,343.8263444
1979,326.3901853
1980,374.2722352
1981,344.7384749
1982,335.6655693
1983,410.2707569
1984,349.1898437
1985,358.470747
1986,338.3815262
1987,326.8643961
1988,386.8237742
1989,347.0034774
1990,369.016913
1991,399.8813281
1992,323.7516058
1993,344.5655692
1994,350.4609212
1995,383.7045715
1996,362.4203848
1997,383.9447478
1998,364.3147748
1999,358.5104909
2000,346.1786851
2001,342.3289063
2002,389.7114385
2003,367.0326395
2004,327.8518822
2005,358.2690078
2006,354.300905
2007,363.6370114
2008,353.1955044
2009,356.5823733
2010,350.0579831
2011,363.3240388
2014,342.8681205
2015,356.5688083
2017,356.4624991
2018,357.5347017
1925,95.54647033
1926,232.4760764
1927,311.3262348
1928,197.410614
1929,259.4859465
1930,311.835462
1931,244.2186043
1932,193.5926842
1933,313.2641366
1934,392.1746372
1935,262.0287498
1936,333.2191692
1937,250.2352013
1938,276.2957162
1939,203.7110706
1940,295.4783589
1941,231.6217409
1942,181.3875724
1943,217.7417058
1944,267.2930431
1945,276.3152352
1946,246.4002902
1947,326.8749881
1948,252.0453959
1949,266.7848486
1950,305.5257331
1951,283.4479912
1952,229.8602569
1953,276.654765
1954,257.40542
1955,320.0193607
1956,232.4769718
1957,250.5177271
1958,283.3502537
1959,266.0048389
1960,278.3234038
1961,234.4103562
1962,219.9878208
1963,267.4423087
1964,239.565664
1965,221.8011848
1966,266.8423882
1967,208.6958185
1968,239.7573551
1969,196.9055692
1970,327.2086935
1971,260.5331613
1972,229.6776608
1973,289.0409201
1974,380.131488
1975,242.8436397
1976,330.3396715
1977,225.1302058
1978,241.7821595
1979,218.6754426
1980,238.1112261
1981,200.5188116
1982,219.3460123
1983,318.9946156
1984,256.5156457
1985,194.2695999
1986,238.291232
1987,277.1038562
1988,473.8016099
1989,258.8961009
1990,276.1195883
1991,310.927506
1992,242.5304517
1993,324.1397808
1994,209.5681915
1995,316.8342129
1996,262.1283883
1997,321.1349099
1998,217.8240861
1999,267.7981238
2000,267.9953101
2001,253.5827944
2002,246.890597
2003,283.2447845
2004,211.8185798
2005,317.4196782
2006,216.0599636
2007,234.3977092
2008,239.5478568
2009,275.3154766
2010,267.7852669
2011,278.4694236
2012,347.6831328
2013,286.9475481
2014,269.8122078
2015,260.53825
2016,240.3500776
2017,229.5015732
2018,240.2710262
1925,174.0733199
1926,176.2312995
1927,239.9837043
1928,206.0220105
1929,207.5527487
1930,277.2918735
1931,216.8365061
1932,206.5325421
1933,344.8059435
1934,395.9731888
1935,212.0423148
1936,323.9826573
1937,200.6926706
1938,233.0253458
1939,195.8129148
1940,326.895403
1941,200.60237
1942,211.7158593
1943,250.3090581
1944,251.7049313
1945,281.7710902
1946,245.6783372
1947,329.2614042
1948,248.9187697
1949,263.115401
1950,286.0611461
1951,287.0043554
1952,275.3964839
1953,276.6348335
1954,270.0627145
1955,286.991207
1956,230.8252202
1957,253.0182801
1958,265.091245
1959,246.7409082
1960,251.8568849
1961,232.273562
1962,211.7443747
1963,208.8411227
1964,238.7261292
1965,193.6196499
1966,240.1661435
1967,189.5741901
1968,286.711988
1969,190.5663774
1970,267.0217931
1971,196.0570136
1972,188.0315573
1973,235.0812193
1974,297.9692317
1975,196.2605947
1976,207.0820594
1977,278.9763815
1978,220.2687882
1979,199.0117984
1980,313.7119601
1981,219.4581334
1982,197.6343297
1983,360.0592148
1984,287.9915597
1985,200.1680983
1986,242.2988893
1987,263.7233724
1988,464.5544808
1989,216.9243148
1990,245.2156189
1991,386.1152161
1992,212.6908183
1993,256.6364085
1994,220.5846421
1995,302.7357939
1996,244.1383703
1997,288.8783577
1998,274.6919791
1999,271.4033148
2000,257.019734
2001,263.6922768
2002,280.0212812
2003,236.1492819
2004,221.7002032
2005,277.2462579
2006,235.5714483
2007,221.8323029
2008,227.9215323
2009,235.2637313
2010,261.9748941
2011,280.4434684
2012,409.7801171
2013,254.9281198
2014,218.3270078
2015,252.649012
2016,221.4571861
2017,230.2368104
2018,236.2330424
1925,178.5109984
1926,195.5283036
1927,197.11354
1928,195.2194612
1929,200.0155085
1930,233.719024
1931,207.5808761
1932,199.2693469
1933,268.8930193
1934,224.5667374
1935,218.0705883
1936,265.6188758
1937,199.9030414
1938,215.6698133
1939,200.9033951
1940,220.0512089
1941,201.8485493
1942,205.0657955
1943,219.266506
1944,239.0204813
1945,223.1326028
1946,214.0541758
1947,244.4738078
1948,207.2260577
1949,213.0224121
1950,218.9868619
1951,212.4764634
1952,218.1324394
1953,218.7526832
1954,229.9910811
1955,221.926258
1956,212.3508631
1957,215.6235588
1958,214.5404869
1959,224.9991385
1960,214.9868556
1961,208.6893731
1962,208.661705
1963,205.8767316
1964,210.7325301
1965,205.3216677
1966,214.140034
1967,201.2171839
1968,215.3412858
1969,203.2522915
1970,229.1259263
1971,202.3875332
1972,204.7558558
1973,205.9867714
1974,223.4286291
1975,200.9345637
1976,205.7607334
1977,208.5413255
1978,215.9008788
1979,207.6558112
1980,246.4120758
1981,208.8709831
1982,208.9610842
1983,233.4261169
1984,210.6270882
1985,203.2425724
1986,202.5524375
1987,209.4505461
1988,258.0193102
1989,214.8408768
1990,213.9235351
1991,213.5118086
1992,206.5754181
1993,214.0970668
1994,201.7674812
1995,231.6326417
1996,208.8158676
1997,223.5502204
1998,218.8345137
1999,215.7948969
2000,214.6002612
2001,220.6661176
2002,220.6743977
2003,207.2331825
2004,208.4891237
2005,227.3514946
2006,216.6832057
2007,207.9256833
2008,211.9767483
2009,212.8285115
2010,226.3548543
2011,219.9684581
2012,259.1299127
2013,212.6115618
2014,202.9845926
2015,223.4484738
2016,208.0949838
2017,210.9193288
2018,204.6465947
1925,166.626285
1926,188.7259039
1927,214.5380172
1928,186.8245701
1929,187.2260897
1930,225.7812069
1931,197.5342513
1932,186.4571796
1933,207.8660739
1934,306.8644945
1935,223.6657084
1936,293.8404701
1937,171.6298269
1938,204.4176161
1939,180.2628693
1940,193.4868435
1941,188.8267345
1942,181.3857081
1943,195.5614503
1944,199.7705026
1945,234.9184981
1946,189.7076402
1947,244.3012704
1948,189.9612658
1949,208.1015472
1950,207.0543475
1951,207.696192
1952,208.3442325
1953,223.9776167
1954,206.6370743
1955,211.8339964
1956,202.4392701
1957,208.778538
1958,196.3291087
1959,203.5371408
1960,223.8616101
1961,194.3675882
1962,193.0853711
1963,197.3916702
1964,200.5665578
1965,184.821484
1966,205.7174482
1967,184.1745548
1968,197.812263
1969,195.7722648
1970,224.1285103
1971,184.1464476
1972,182.7394852
1973,193.2206751
1974,201.4867876
1975,179.7951485
1976,207.055355
1977,228.4931896
1978,205.1325636
1979,182.0937459
1980,210.4867649
1981,194.6601622
1982,186.8029254
1983,242.0856387
1984,206.2368294
1985,194.9201363
1986,190.3192929
1987,205.765685
1988,244.5275872
1989,239.811276
1990,202.5993253
1991,201.4299874
1992,190.0366018
1993,214.7369847
1994,187.9086315
1995,225.6357785
1996,200.1950107
1997,212.9933699
1998,206.4908762
1999,203.5998317
2000,203.2854533
2001,199.4695644
2002,203.3127917
2003,196.859924
2004,188.4147377
2005,210.7172749
2006,204.0604131
2007,195.394607
2008,190.4303749
2009,200.8595078
2010,229.2459419
2011,215.1792079
2012,233.8216086
2013,206.5936238
2014,196.3516335
2015,215.6781862
2016,198.8378545
2017,195.8698528
2018,194.1359688
1925,165.3592052
1926,218.6366257
1927,234.2593338
1928,176.5562939
1929,212.488049
1930,272.1193448
1931,234.8426185
1932,182.8040637
1933,263.5119438
1934,381.7084749
1935,237.1318827
1936,305.2275957
1937,175.1493491
1938,239.689241
1939,179.6207014
1940,235.9762301
1941,184.149589
1942,176.6101304
1943,203.5086437
1944,220.4602395
1945,268.8833826
1946,223.9934218
1947,292.03589
1948,218.3036486
1949,243.4095552
1950,268.7792819
1951,255.7954221
1952,221.9940344
1953,249.8201861
1954,251.4555504
1955,253.1009068
1956,222.3601432
1957,232.3281215
1958,226.7252702
1959,236.435254
1960,242.2332047
1961,218.893144
1962,217.7811084
1963,216.776422
1964,239.601503
1965,199.0801266
1966,208.0245685
1967,189.3339721
1968,228.6961048
1969,180.6682093
1970,327.8165293
1971,197.7104218
1972,206.0607358
1973,208.7257298
1974,291.2829457
1975,185.0312819
1976,238.3852274
1977,206.0905885
1978,219.054258
1979,199.0215952
1980,239.5335967
1981,188.009322
1982,200.1948071
1983,308.0571816
1984,214.936406
1985,210.6752801
1986,215.5821551
1987,227.1967023
1988,408.0428537
1989,281.1603391
1990,259.3484208
1991,254.6661121
1992,222.3755539
1993,252.4399063
1994,189.9991141
1995,276.4165746
1996,232.3293685
1997,276.0044521
1998,217.9194818
1999,265.4126078
2000,245.7345297
2001,216.4355716
2002,231.6538515
2003,214.5165876
2004,200.0835858
2005,295.3180406
2006,222.169557
2007,198.419752
2008,196.3841489
2009,237.9135641
2010,257.7063979
2011,243.7385332
2012,302.6239274
2013,237.6836133
2014,225.8669253
2015,228.6035849
2016,221.884516
2017,209.1266393
2018,214.9498326
1925,187.237788
1926,219.284032
1927,293.2686876
1928,193.0322163
1929,281.8655569
1930,281.8440914
1931,301.4435043
1932,291.6995548
1933,339.442231
1934,511.9941305
1935,319.4334822
1936,403.5759084
1937,310.8236179
1938,286.6570348
1939,241.817957
1940,251.3170169
1941,225.1035582
1942,234.635814
1943,217.2724604
1944,280.2322001
1945,295.6301546
1946,345.7765671
1947,389.6962965
1948,340.029538
1949,258.7949454
1950,335.19457
1951,317.4906952
1952,260.6612926
1953,302.8666155
1954,271.3116388
1955,346.7285071
1956,297.6294027
1957,315.8155576
1958,317.6346378
1959,268.9126846
1960,352.7282023
1961,298.3643293
1962,277.0156244
1963,266.0547624
1964,260.1060796
1965,302.899561
1966,309.6993093
1967,252.416003
1968,239.5688678
1969,270.7210948
1970,327.0753694
1971,292.3403543
1972,249.0655155
1973,293.6956566
1974,402.3365764
1975,276.7758348
1976,316.4431147
1977,293.252809
1978,264.7028885
1979,251.1659211
1980,257.7057207
1981,235.530037
1982,235.9411549
1983,325.7472361
1984,308.329718
1985,267.2476154
1986,249.6266033
1987,282.3287818
1988,476.8930447
1989,251.0421166
1990,279.5225549
1991,441.5266234
1992,302.2155412
1993,387.6848812
1994,226.0767961
1995,346.5644813
1996,323.6661193
1997,291.7106298
1998,266.857076
1999,304.9447925
2000,310.1450223
2001,322.8470011
2002,416.1823877
2003,308.1588854
2004,284.9031157
2005,388.0576516
2006,266.0831397
2007,256.2010635
2008,302.940794
2009,341.9204702
2010,283.6841157
2011,279.6521858
2012,399.0519873
2013,321.2104595
2014,277.0481147
2015,277.0176183
2016,256.8627
2017,304.3717791
2018,283.7814491
1925,116.9822475
1926,143.1252906
1927,200.1836128
1928,157.4149166
1929,181.9101316
1930,261.3083813
1931,187.1358738
1932,183.0903032
1933,338.3066618
1934,270.4410008
1935,197.147107
1936,285.7525898
1937,157.4767237
1938,198.6348519
1939,154.1345144
1940,267.2449944
1941,160.9546337
1942,183.2777623
1943,200.6343487
1944,227.9053738
1945,229.8492876
1946,203.4318899
1947,306.9454151
1948,195.3730559
1949,228.3705574
1950,272.106764
1951,245.5941188
1952,230.1986186
1953,266.6026269
1954,238.3388331
1955,265.0721541
1956,200.9386969
1957,203.5241657
1958,213.0446267
1959,225.9474481
1960,214.4090235
1961,187.8513968
1962,158.1146913
1963,190.3539202
1964,187.2108649
1965,170.2757608
1966,237.549174
1967,165.6183479
1968,220.7339621
1969,156.5779299
1970,245.609652
1971,148.547554
1972,154.0644932
1973,178.3130228
1974,256.1159924
1975,150.0362357
1976,161.8601095
1977,258.8310585
1978,187.5145909
1979,156.0713719
1980,302.3434372
1981,193.2646957
1982,170.9864022
1983,320.057976
1984,242.4888457
1985,156.4799179
1986,185.9128963
1987,200.2703144
1988,395.9091447
1989,205.1771021
1990,209.5077322
1991,264.7096031
1992,177.9351998
1993,224.0360309
1994,181.4976392
1995,273.7408763
1996,201.9470556
1997,234.4804239
1998,227.5497658
1999,210.7120693
2000,224.8622369
2001,223.6210981
2002,251.6644686
2003,192.9112398
2004,192.3092198
2005,233.7303593
2006,204.5694971
2007,187.8889747
2008,200.3470707
2009,209.9105847
2010,238.2971259
2011,257.294416
2012,349.7481457
2013,220.6617887
2014,184.1262326
2015,213.0168787
2016,191.6949831
2017,187.9743552
2018,184.8897765
1925,175.4409869
1926,180.0530445
1927,182.8156148
1928,180.876015
1929,184.0709604
1930,189.5841401
1931,187.1397287
1932,181.7232978
1933,209.6761364
1934,199.096512
1935,189.4808617
1936,211.2209766
1937,183.4147633
1938,188.3109476
1939,185.7182658
1940,188.5358672
1941,185.6494348
1942,188.7564599
1943,191.5342784
1944,200.6538779
1945,193.0908676
1946,190.0540982
1947,201.5199864
1948,187.0637839
1949,191.3493688
1950,195.1973744
1951,192.2928309
1952,194.6808708
1953,192.3798197
1954,202.503696
1955,192.8575988
1956,189.8702017
1957,192.2133464
1958,189.7585294
1959,192.3344365
1960,188.7722921
1961,187.6296953
1962,184.5840671
1963,185.3780984
1964,188.7341243
1965,185.7386949
1966,191.1739838
1967,184.7441543
1968,190.2851141
1969,185.11636
1970,193.4771351
1971,185.0647042
1972,185.3467172
1973,187.2826446
1974,195.0997618
1975,184.8148364
1976,186.428175
1977,187.2780956
1978,188.5347347
1979,184.989087
1980,201.3930873
1981,186.2178568
1982,186.8259047
1983,198.2162805
1984,189.9144839
1985,185.3580009
1986,185.2879832
1987,185.6946486
1988,203.4048569
1989,191.547107
1990,190.0859985
1991,191.1987537
1992,185.3873206
1993,187.573677
1994,185.1505651
1995,193.8327755
1996,189.8056182
1997,190.6617776
1998,191.8612363
1999,189.1714398
2000,189.07728
2001,189.880857
2002,196.3321177
2003,187.8487583
2004,187.7873069
2005,190.3692978
2006,190.1291303
2007,188.8033274
2008,189.5414151
2009,189.3322384
2010,192.9934222
2011,195.7369355
2012,206.11269
2013,190.531198
2014,185.6502559
2015,189.2689132
2016,188.6834947
2017,188.8033604
2018,186.4777534
1925,204.2405334
1926,238.2600716
1927,248.3309307
1928,239.1587576
1929,270.8687906
1930,299.9194016
1931,262.2352203
1932,248.2521314
1933,332.8538792
1934,396.5709321
1935,300.1626984
1936,373.3064471
1937,276.1379837
1938,280.1345366
1939,267.5775237
1940,287.6853143
1941,268.7233203
1942,299.7770903
1943,295.6156648
1944,317.0590143
1945,309.4065217
1946,270.4984786
1947,328.7803376
1948,268.2539229
1949,296.3631772
1950,293.3193299
1951,285.2603701
1952,293.2364947
1953,295.8698728
1954,400.4449531
1955,297.459978
1956,283.9912064
1957,307.5646551
1958,285.9552626
1959,300.4180447
1960,302.6954772
1961,273.3282692
1962,272.0820197
1963,266.5025715
1964,300.8806879
1965,269.8675339
1966,295.5123024
1967,259.234935
1968,284.9995978
1969,279.3259486
1970,311.4802604
1971,270.3187893
1972,270.4231403
1973,269.6276556
1974,290.0642706
1975,274.3429529
1976,303.5950794
1977,279.8460795
1978,287.2490268
1979,261.1254177
1980,302.7801705
1981,268.5031015
1982,270.2425459
1983,351.0875504
1984,289.2149745
1985,270.8128447
1986,261.2695101
1987,277.8214751
1988,315.5109099
1989,278.768054
1990,284.076002
1991,279.6951938
1992,262.0304194
1993,279.9014501
1994,268.8273696
1995,297.7520309
1996,282.2760457
1997,295.1911598
1998,290.0236022
1999,297.242971
2000,271.5808407
2001,288.0148015
2002,291.4040686
2003,276.3741153
2004,266.5707302
2005,288.8617299
2006,296.0512885
2007,288.9803871
2008,290.2784043
2009,286.1317318
2010,299.2419043
2011,311.2877781
2012,351.2037111
2013,288.5784391
2014,274.352751
2015,301.7828975
2016,276.9938776
2017,282.5764991
2018,271.7118787
1925,290.7454703
1926,298.1327626
1927,293.8204234
1928,295.3902382
1929,307.6133
1930,310.7675099
1931,302.9331867
1932,294.0660816
1933,324.9759798
1934,339.2311927
1935,305.1293123
1936,331.094552
1937,301.6659554
1938,303.2290017
1939,300.2805143
1940,301.7694186
1941,302.5440844
1942,301.2359999
1943,310.4009651
1944,307.0656397
1945,311.907492
1946,300.5172795
1947,315.1887751
1948,298.1352533
1949,307.8877092
1950,305.3318059
1951,306.0650978
1952,305.5702537
1953,312.20968
1954,353.3923831
1955,307.1328689
1956,301.9788971
1957,308.5423952
1958,302.4340222
1959,307.676666
1960,308.9113276
1961,302.2471535
1962,300.8204868
1963,302.7471871
1964,310.5191625
1965,297.6027451
1966,307.8547934
1967,295.0477736
1968,304.4064794
1969,303.4907718
1970,311.3720624
1971,302.9227139
1972,302.4983327
1973,303.1257116
1974,306.6412994
1975,302.6833866
1976,308.6289473
1977,305.2382354
1978,303.2261423
1979,298.1098307
1980,310.2443143
1981,298.0220413
1982,299.8886859
1983,322.634445
1984,307.6871004
1985,302.4119057
1986,298.5143349
1987,301.2325532
1988,317.5017414
1989,303.0968102
1990,305.2002422
1991,305.7438769
1992,298.3567386
1993,302.3793629
1994,302.4568853
1995,310.0632994
1996,303.2867802
1997,305.1838175
1998,305.9348308
1999,308.1416402
2000,300.9655072
2001,303.4826826
2002,307.7222064
2003,303.8682111
2004,301.4568277
2005,307.3871151
2006,313.6463079
2007,310.3943756
2008,304.9188022
2009,303.3362423
2010,303.7566828
2011,314.3040281
2012,337.1739648
2013,305.5039324
2014,301.3601757
2015,305.4524886
2016,305.5206331
2017,304.9601895
2018,302.2207133
1925,287.0497588
1926,323.6602089
1927,340.3397173
1928,345.0366536
1929,375.9781147
1930,440.936228
1931,303.731998
1932,308.6897259
1933,442.4085442
1934,436.900886
1935,382.6087262
1936,513.5556571
1937,379.6787188
1938,337.1421601
1939,367.8282574
1940,403.3109878
1941,407.2626347
1942,400.1645184
1943,420.7543317
1944,436.7053163
1945,387.818902
1946,353.162803
1947,399.9182666
1948,345.2180495
1949,372.0203144
1950,386.6379218
1951,360.1601667
1952,386.7621102
1953,425.6468781
1954,503.9317983
1955,378.0476979
1956,354.0819116
1957,379.2105221
1958,385.5604595
1959,369.89879
1960,381.1702772
1961,351.1142049
1962,356.7440614
1963,351.7593489
1964,407.8875713
1965,352.5516194
1966,381.0113392
1967,318.4662775
1968,354.8771524
1969,359.9097649
1970,431.1069437
1971,348.9307898
1972,372.8559565
1973,374.0041063
1974,396.2333417
1975,345.9479044
1976,382.699512
1977,357.8156335
1978,369.8989155
1979,335.1960626
1980,424.9267225
1981,341.0660247
1982,334.4351668
1983,490.6177994
1984,411.127921
1985,351.1031502
1986,352.6319938
1987,341.7721252
1988,405.6099178
1989,373.9602221
1990,399.6670449
1991,403.5233691
1992,357.0714137
1993,362.8295306
1994,371.9588145
1995,393.5897132
1996,413.47961
1997,389.5219128
1998,379.2015075
1999,372.982427
2000,362.4201784
2001,353.7771223
2002,414.1481392
2003,403.9263386
2004,348.1218741
2005,375.6327652
2006,389.5215343
2007,376.2631744
2008,365.3171477
2009,368.3159067
2010,368.2115538
2011,379.2761888
2012,576.8182552
2013,366.5537276
2014,351.0575959
2015,380.3464539
2016,384.5559426
2017,387.096543
2018,349.2104922
1925,150.2813279
1926,192.4762581
1927,253.0600167
1928,172.8941868
1929,193.3342849
1930,288.8437211
1931,214.0358968
1932,195.3915097
1933,283.6715537
1934,364.806066
1935,222.0599161
1936,332.502518
1937,164.0132102
1938,207.4925695
1939,173.0728282
1940,297.3081707
1941,172.5400254
1942,174.735784
1943,209.4094332
1944,220.5727084
1945,256.7135949
1946,214.2870068
1947,317.4322566
1948,176.1968685
1949,236.9311683
1950,247.2318706
1951,235.4999025
1952,216.6799845
1953,255.385188
1954,240.1928801
1955,270.5379731
1956,217.1176587
1957,230.0539932
1958,221.261958
1959,223.3288178
1960,239.2310359
1961,195.3235301
1962,194.8340523
1963,194.43548
1964,217.9370939
1965,193.8895726
1966,188.2246279
1967,169.8933072
1968,235.6692863
1969,180.8250925
1970,298.7774542
1971,164.8509729
1972,163.2969764
1973,191.996037
1974,294.1021296
1975,174.6058402
1976,184.1705811
1977,226.2399698
1978,233.3726142
1979,196.866901
1980,259.7039119
1981,191.7187661
1982,184.3560621
1983,322.6934225
1984,253.2696772
1985,186.9666975
1986,211.0209045
1987,231.6195919
1988,385.6717898
1989,242.2648515
1990,232.5241676
1991,286.5847487
1992,209.3641978
1993,241.228981
1994,174.4557755
1995,280.7403805
1996,226.2539076
1997,240.8887811
1998,219.15321
1999,234.9441417
2000,227.2389685
2001,226.3409724
2002,250.01188
2003,210.967009
2004,200.2589752
2005,267.9354
2006,221.2624802
2007,203.6960604
2008,196.68882
2009,235.5475206
2010,252.095805
2011,233.7271345
2012,323.1444182
2013,223.4776264
2014,206.2673131
2015,221.3187481
2016,203.406072
2017,189.1741121
2018,212.7775789
1925,73.99115871
1926,204.5113244
1927,270.6716487
1928,142.968231
1929,229.1106811
1930,246.161989
1931,254.0207592
1932,162.8256747
1933,260.7662647
1934,360.4301784
1935,267.6390153
1936,393.2731029
1937,177.1087498
1938,228.4942616
1939,154.0809731
1940,209.2297199
1941,197.333486
1942,167.5154936
1943,194.6000301
1944,228.031015
1945,302.6298257
1946,189.071657
1947,337.4488045
1948,205.2066179
1949,253.707736
1950,255.1412003
1951,286.0427502
1952,209.1859202
1953,299.7423797
1954,240.0084897
1955,268.4457504
1956,239.1037365
1957,251.2933094
1958,253.3441067
1959,236.262575
1960,291.8086349
1961,227.5348267
1962,200.007483
1963,215.7058661
1964,226.9967033
1965,189.4628529
1966,204.5166564
1967,162.7178046
1968,203.2764861
1969,180.9813719
1970,287.1691501
1971,167.4995992
1972,174.6601016
1973,181.7066164
1974,236.3816901
1975,154.141928
1976,176.7137262
1977,208.7958322
1978,208.9665865
1979,161.2200747
1980,221.7914585
1981,171.932342
1982,207.32579
1983,300.332428
1984,237.3485392
1985,240.3875217
1986,201.4554967
1987,246.3785086
1988,435.0857416
1989,413.0834651
1990,225.630788
1991,271.7079158
1992,219.3265841
1993,277.0325597
1994,173.686982
1995,287.5537263
1996,254.3157835
1997,289.9730934
1998,252.8540956
1999,237.0373492
2000,249.3503046
2001,232.0021039
2002,202.905429
2003,204.2903802
2004,195.5195933
2005,259.5250472
2006,232.8455111
2007,194.3249093
2008,199.7571945
2009,236.180343
2010,311.0515109
2011,274.4295686
2012,243.2537294
2013,253.9225725
2014,228.1122369
2015,211.2938452
2016,202.8529986
2017,166.2633332
2018,183.4684515
1925,294.6155479
1926,342.5255685
1927,328.4456391
1928,321.4373977
1929,356.7870383
1930,475.0553018
1931,342.0843184
1932,303.6906475
1933,375.5126499
1934,540.0202823
1935,367.0206307
1936,546.563124
1937,359.8593549
1938,380.9339942
1939,324.9979114
1940,363.6272088
1941,363.319754
1942,339.8241199
1943,387.5383615
1944,358.4213016
1945,396.3747969
1946,354.5199011
1947,441.8331058
1948,368.0309127
1949,376.8237905
1950,389.9249434
1951,385.6057855
1952,425.6839182
1953,434.4219725
1954,619.7526413
1955,394.3782994
1956,361.0789194
1957,406.602092
1958,373.2698244
1959,384.5671734
1960,368.1127867
1961,343.9533695
1962,363.6702286
1963,349.6696991
1964,372.0142417
1965,343.9310563
1966,405.5958913
1967,299.1492501
1968,353.8229665
1969,355.2566953
1970,420.4908403
1971,376.7599496
1972,380.6316619
1973,389.9065572
1974,419.3051542
1975,349.577488
1976,380.1038417
1977,350.5809359
1978,330.6851891
1979,316.5041161
1980,423.0015828
1981,328.4653436
1982,336.3148822
1983,438.2637958
1984,347.8826442
1985,363.5871923
1986,375.37994
1987,331.0727325
1988,436.0330708
1989,338.5267259
1990,379.1725975
1991,380.6185616
1992,337.4751353
1993,370.523731
1994,359.7826469
1995,419.4569303
1996,378.7351092
1997,400.1434341
1998,385.2102193
1999,393.6615084
2000,323.1584312
2001,340.8984083
2002,473.7024317
2003,373.0345791
2004,306.6258639
2005,380.8258768
2006,411.265471
2007,389.9880875
2008,348.5351583
2009,350.3779359
2010,375.9111218
2011,418.1779705
2012,510.208944
2013,380.0743916
2014,339.1909716
2015,356.461052
2016,385.7504834
2017,409.9444895
2018,360.6235373
1925,112.3196924
1926,208.8605546
1927,208.0826494
1928,207.5104544
1929,267.104765
1930,318.0863027
1931,272.6944877
1932,196.8608185
1933,391.8532364
1934,398.8283753
1935,254.2459551
1936,401.4824876
1937,232.3198487
1938,253.3399393
1939,239.0610488
1940,263.1269234
1941,245.1653435
1942,272.0365874
1943,314.4426221
1944,340.5406598
1945,320.8571494
1946,251.4529338
1947,331.3635502
1948,228.9829804
1949,278.3084496
1950,273.5091111
1951,272.2350462
1952,271.0753525
1953,282.0825356
1954,465.8055123
1955,285.3658852
1956,264.7353326
1957,300.2114354
1958,266.032917
1959,291.4361338
1960,279.7405456
1961,259.8361953
1962,248.6426698
1963,240.4612369
1964,303.3537098
1965,224.1645118
1966,282.1235128
1967,228.8124676
1968,268.3831425
1969,245.5104769
1970,334.8413692
1971,258.374738
1972,237.9104769
1973,244.8416653
1974,283.7504925
1975,261.9194173
1976,281.0861144
1977,253.9295093
1978,280.4582688
1979,233.8504256
1980,279.9517675
1981,234.9957877
1982,240.986723
1983,377.6600184
1984,276.1651404
1985,245.0909428
1986,231.6352519
1987,261.9099317
1988,342.20507
1989,269.0965041
1990,285.9677061
1991,274.736245
1992,233.3103458
1993,253.5643808
1994,246.9775822
1995,303.5778297
1996,266.5995833
1997,286.7749871
1998,271.8713239
1999,316.3764478
2000,244.7709377
2001,270.2115648
2002,304.3569715
2003,256.7248093
2004,247.0572117
2005,272.3552848
2006,297.5241475
2007,282.6243468
2008,257.0038692
2009,272.4147083
2010,287.0656874
2011,309.2676944
2012,407.3112829
2013,266.9633118
2014,249.0654695
2015,284.2315267
2016,260.8874154
2017,263.0439658
2018,243.4370344
1925,193.1852402
1926,211.7587085
1927,208.5857875
1928,205.8664676
1929,212.1224743
1930,231.2461767
1931,214.0676542
1932,210.2558709
1933,234.1036465
1934,283.1736896
1935,241.3796582
1936,269.8498246
1937,212.7571335
1938,225.3224576
1939,216.3287091
1940,226.435714
1941,216.8648796
1942,217.5817443
1943,222.9228993
1944,237.4681228
1945,231.0248708
1946,218.5751345
1947,246.9008091
1948,219.8529609
1949,227.9976697
1950,229.3587486
1951,228.9360449
1952,229.3900129
1953,231.5310449
1954,266.0586101
1955,231.5112894
1956,229.5469762
1957,231.5267133
1958,226.0806557
1959,230.0946384
1960,229.0978525
1961,226.1806147
1962,224.7581265
1963,218.3283017
1964,227.5719703
1965,215.8371203
1966,234.9262675
1967,212.7470317
1968,223.1195489
1969,216.6646804
1970,236.9477686
1971,218.6812111
1972,214.7720706
1973,217.4823853
1974,224.9463092
1975,217.2513634
1976,223.4876574
1977,222.1483274
1978,223.95677
1979,214.9837848
1980,226.6563851
1981,215.661131
1982,215.8113994
1983,244.9223285
1984,222.08615
1985,215.9173151
1986,214.7194098
1987,218.6510601
1988,243.829858
1989,222.8171805
1990,229.0263836
1991,221.2065073
1992,217.9836134
1993,224.5427732
1994,215.2104346
1995,232.9024931
1996,225.4349147
1997,232.8123722
1998,228.6936474
1999,228.7192962
2000,222.4947071
2001,225.7704636
2002,226.4906032
2003,217.9373875
2004,216.226932
2005,233.3466292
2006,225.8497726
2007,222.1518175
2008,221.7269289
2009,223.2432475
2010,236.5565584
2011,233.5927479
2012,251.3124581
2013,224.7588446
2014,217.2798018
2015,229.2001977
2016,222.9203904
2017,225.8184923
2018,218.6655448
1925,62.92703049
1926,95.71920392
1927,190.5718
1928,105.555684
1929,171.9206375
1930,222.4555622
1931,180.314776
1932,132.8945091
1933,393.6430904
1934,309.7604755
1935,226.6484841
1936,398.380694
1937,170.1765578
1938,209.7921364
1939,156.5761692
1940,202.9229374
1941,173.0268754
1942,227.4359441
1943,252.1843254
1944,265.922855
1945,273.9123997
1946,232.3730257
1947,357.680167
1948,209.2224541
1949,242.0887522
1950,280.5032334
1951,264.8584628
1952,275.8338325
1953,257.3072635
1954,364.2169027
1955,266.04561
1956,231.7726297
1957,285.7768526
1958,233.9555532
1959,267.3551987
1960,255.7259521
1961,232.3668299
1962,194.3913964
1963,184.1376692
1964,219.7593125
1965,177.8723935
1966,250.4172529
1967,153.8391075
1968,214.4168627
1969,160.5938449
1970,261.5224802
1971,177.8952488
1972,172.2298462
1973,173.1155997
1974,258.5882923
1975,168.7923634
1976,173.7018975
1977,194.6564056
1978,211.7286611
1979,174.3753311
1980,291.1756077
1981,174.2551872
1982,182.4065323
1983,262.9130994
1984,243.3455068
1985,177.6610616
1986,168.3623578
1987,177.6217166
1988,334.8785903
1989,222.2828416
1990,218.9504773
1991,267.5472495
1992,170.8073887
1993,209.7399492
1994,180.1809674
1995,267.8911014
1996,249.5307245
1997,252.9380073
1998,242.6067246
1999,254.4336369
2000,211.2491292
2001,211.7003971
2002,284.9356064
2003,227.4600521
2004,215.9460098
2005,229.4921232
2006,231.2239326
2007,208.8672702
2008,236.0617434
2009,231.9850544
2010,240.6185187
2011,271.4727164
2012,343.677632
2013,241.14116
2014,189.7276709
2015,213.9109113
2016,214.7728399
2017,208.2500415
2018,189.5961118
1925,98.47432464
1926,263.4305032
1927,272.5257238
1928,186.9625859
1929,256.9576447
1930,281.6730735
1931,258.8296393
1932,217.5388601
1933,290.3731741
1934,329.1302037
1935,276.9539523
1936,313.0973508
1937,252.7823324
1938,242.1293187
1939,220.8933269
1940,206.8878444
1941,220.1373134
1942,201.9299571
1943,204.7075738
1944,242.6110885
1945,260.1380699
1946,251.6749214
1947,300.130189
1948,222.6146987
1949,252.6468139
1950,278.2831177
1951,256.5758131
1952,207.5538528
1953,251.7660531
1954,237.1717399
1955,299.319515
1956,230.0428012
1957,240.2053295
1958,265.9173526
1959,256.199475
1960,277.5229004
1961,256.6576629
1962,237.4153664
1963,257.2871881
1964,228.8266268
1965,244.5474483
1966,253.4893003
1967,205.5994626
1968,220.3896709
1969,220.0843036
1970,284.6827304
1971,245.9553646
1972,216.7125885
1973,268.4050726
1974,354.9456581
1975,238.3197374
1976,280.3099011
1977,216.9484769
1978,229.8457107
1979,222.2921597
1980,239.9389059
1981,220.2253509
1982,220.486294
1983,329.5418847
1984,254.289985
1985,214.6926724
1986,233.0836641
1987,240.0859734
1988,426.5462788
1989,233.8523326
1990,247.1964967
1991,302.2178115
1992,256.1251392
1993,303.2721265
1994,213.7713687
1995,304.3805685
1996,279.6424317
1997,273.1904558
1998,235.4857433
1999,239.7884429
2000,253.5711862
2001,265.4161091
2002,267.5218982
2003,258.300018
2004,216.2420602
2005,302.5690103
2006,233.1121908
2007,220.5016036
2008,232.8561031
2009,265.7095021
2010,241.8404192
2011,252.1752018
2012,320.1992347
2013,243.5313464
2014,241.4046829
2015,255.882229
2016,201.0762023
2017,232.2647324
2018,249.1423106
1925,153.118099
1926,153.2449739
1927,246.213005
1928,169.4148666
1929,217.2387971
1930,335.0604745
1931,208.3647059
1932,144.4433504
1933,333.955669
1934,330.7877295
1935,216.3222686
1936,361.979279
1937,147.6546537
1938,185.9636261
1939,175.4611654
1940,259.2869023
1941,167.9815476
1942,164.764591
1943,223.1591818
1944,242.1321962
1945,267.1941813
1946,205.4958219
1947,318.1872422
1948,151.3896337
1949,247.7547574
1950,249.0701813
1951,201.2068039
1952,212.8514673
1953,263.3669258
1954,245.149658
1955,266.0132932
1956,204.5900777
1957,215.4934703
1958,201.6063617
1959,216.2561796
1960,286.7802413
1961,202.055178
1962,201.1472234
1963,193.2350259
1964,221.2207809
1965,195.7363173
1966,205.4857585
1967,163.3740911
1968,248.9342705
1969,176.3302523
1970,308.4080236
1971,188.8825171
1972,169.0617167
1973,206.9440694
1974,296.0447486
1975,171.267766
1976,196.191989
1977,244.5643464
1978,221.4672907
1979,192.4821043
1980,257.7211537
1981,188.9140165
1982,180.15481
1983,366.6460051
1984,215.430602
1985,176.5331622
1986,169.0020569
1987,236.1144915
1988,408.2162192
1989,304.6249812
1990,248.8326619
1991,246.7577856
1992,216.2693578
1993,238.5722287
1994,174.3370736
1995,288.8872414
1996,221.750995
1997,244.9949179
1998,227.4734602
1999,211.1261652
2000,233.0687266
2001,217.0526028
2002,223.6250882
2003,199.906827
2004,179.5921875
2005,319.9199301
2006,224.3301987
2007,200.4941191
2008,184.5894927
2009,229.3503682
2010,265.2437089
2011,249.9513974
2012,266.065909
2013,239.399712
2014,201.5108605
2015,239.3433017
2016,201.0031798
2017,187.2004775
2018,190.0076246
1925,280.5881269
1926,374.2290328
1927,307.1542562
1928,384.8117616
1929,469.9276004
1930,605.5192321
1931,394.3393072
1932,364.8514429
1933,434.5419307
1934,611.7231863
1935,451.9662153
1936,606.9991148
1937,439.5246578
1938,485.7743806
1939,455.5923573
1940,481.245487
1941,526.5603701
1942,461.0785845
1943,501.9561644
1944,517.2222921
1945,498.0114841
1946,417.9094699
1947,543.8037651
1948,426.1287269
1949,458.5136857
1950,471.5129147
1951,452.6707493
1952,477.4761794
1953,543.9905931
1954,604.3300406
1955,507.2630284
1956,414.8461113
1957,477.4658869
1958,477.6849466
1959,527.9896471
1960,468.2732948
1961,397.9279595
1962,483.9915457
1963,379.2643344
1964,562.6557197
1965,429.8474316
1966,423.7524659
1967,369.0021699
1968,395.2793724
1969,459.151526
1970,531.4037799
1971,461.5396158
1972,401.3459862
1973,432.7355205
1974,498.3499609
1975,417.3254939
1976,441.1960306
1977,415.4890733
1978,432.3556906
1979,384.0125787
1980,557.7429551
1981,429.3572146
1982,415.0308225
1983,564.35542
1984,486.3216155
1985,439.589531
1986,438.7898417
1987,385.3762899
1988,484.9206226
1989,446.7030107
1990,448.4356896
1991,513.2528925
1992,451.8481244
1993,423.8762541
1994,439.188017
1995,508.3436845
1996,484.2303903
1997,528.4419678
1998,491.4803247
1999,532.3132076
2000,439.8008195
2001,408.9556872
2002,591.4807291
2003,532.3028081
2004,417.3707756
2005,448.9242338
2006,467.9841127
2007,539.6485892
2008,412.1948623
2009,422.6888879
2010,469.2060137
2011,476.2599786
2012,721.5811326
2013,446.9975353
2014,434.1597858
2015,439.8898808
2016,497.65299
2017,482.5422676
2018,445.4003404
1925,103.3890026
1926,119.992211
1927,164.7348144
1928,149.9597233
1929,150.1223886
1930,249.8951943
1931,188.4534392
1932,168.5836639
1933,368.7947349
1934,330.7724994
1935,224.6953699
1936,347.0704065
1937,162.3819923
1938,191.7827598
1939,162.6208184
1940,214.4025314
1941,154.5383405
1942,193.259745
1943,210.2131278
1944,280.789792
1945,238.7485806
1946,207.0508685
1947,321.5281891
1948,201.5511075
1949,223.8857496
1950,230.4263872
1951,240.6600475
1952,227.8946672
1953,230.3693899
1954,262.3539819
1955,252.9886633
1956,195.083761
1957,236.1858285
1958,225.4231435
1959,240.5047153
1960,203.2104342
1961,202.9926337
1962,170.979218
1963,166.4787271
1964,194.655905
1965,160.5367505
1966,236.904704
1967,152.9837489
1968,230.1646132
1969,167.7099368
1970,226.59357
1971,177.5649678
1972,169.5442306
1973,182.745251
1974,264.346712
1975,149.8989787
1976,160.3069802
1977,194.5151127
1978,188.7756352
1979,173.7815204
1980,313.6132971
1981,195.6292206
1982,186.5509056
1983,281.6564387
1984,219.2864378
1985,165.4206046
1986,171.1801184
1987,173.5211322
1988,308.1158691
1989,228.5091863
1990,214.0724886
1991,246.8275181
1992,169.0340036
1993,204.49688
1994,166.0362765
1995,289.2119007
1996,216.6636582
1997,234.9705849
1998,245.040873
1999,204.8281187
2000,214.2966159
2001,211.5056827
2002,283.7409215
2003,196.1963108
2004,191.1121635
2005,222.8495671
2006,210.1158696
2007,202.1649664
2008,230.597156
2009,218.0088727
2010,247.5071875
2011,261.4718928
2012,306.5110494
2013,223.9141931
2014,167.4636301
2015,187.8379448
2016,192.9933164
2017,198.3489744
2018,172.2199002
1925,280.3780131
1926,288.7807704
1927,298.2728207
1928,285.7424889
1929,296.8131189
1930,311.9719441
1931,295.6449268
1932,286.9836481
1933,307.7160267
1934,376.9462486
1935,305.9685272
1936,350.9370769
1937,292.4332469
1938,295.6570969
1939,291.156867
1940,308.1342088
1941,294.4743216
1942,298.4702673
1943,295.9212542
1944,302.7428326
1945,309.1515757
1946,291.1739198
1947,325.4964006
1948,291.2118145
1949,303.5265448
1950,301.1275749
1951,297.4188642
1952,302.414005
1953,306.845021
1954,322.0603493
1955,308.8769549
1956,303.345367
1957,305.8915438
1958,296.9604754
1959,306.3028792
1960,304.3231729
1961,300.5316392
1962,294.2983918
1963,292.5472125
1964,302.0920657
1965,293.9098893
1966,304.561218
1967,289.9041202
1968,291.7477779
1969,300.2165655
1970,313.4451122
1971,294.9052364
1972,295.7826594
1973,294.3596852
1974,306.7737112
1975,299.3070944
1976,307.8810955
1977,307.6003982
1978,297.7070723
1979,293.5548799
1980,312.2518612
1981,294.022342
1982,294.8287045
1983,321.2927318
1984,300.4026652
1985,293.169911
1986,292.2243848
1987,296.5134867
1988,312.540869
1989,300.6487703
1990,297.3578693
1991,301.0049191
1992,293.2045721
1993,301.7314558
1994,296.266092
1995,303.9121775
1996,298.6862955
1997,301.4092071
1998,298.8085036
1999,305.62214
2000,290.9401654
2001,296.6282248
2002,306.2484059
2003,295.7233519
2004,290.3997854
2005,305.2063704
2006,298.8653215
2007,300.6731727
2008,301.6189663
2009,298.3554163
2010,308.2907472
2011,304.8187141
2012,327.9431075
2013,302.1936561
2014,294.0106492
2015,312.5927449
2016,299.5168134
2017,297.870964
2018,300.524077
1925,197.6069798
1926,202.0617775
1927,206.0611451
1928,199.8560802
1929,202.8324393
1930,202.2297405
1931,203.7234116
1932,200.2512259
1933,204.094362
1934,209.1661702
1935,205.5284197
1936,204.9395401
1937,203.9164051
1938,202.9862193
1939,198.9830921
1940,200.1918306
1941,198.8266408
1942,198.9393133
1943,200.1001352
1944,199.8587399
1945,204.0545915
1946,200.4325149
1947,206.2148779
1948,201.0071734
1949,200.8030222
1950,203.2871396
1951,202.3627181
1952,198.0246808
1953,201.9638702
1954,200.5983594
1955,202.8523283
1956,200.3545049
1957,201.3529257
1958,201.5105524
1959,201.6696378
1960,203.2310461
1961,201.2005696
1962,200.8663211
1963,202.5813034
1964,201.4705265
1965,201.4041836
1966,200.8774415
1967,197.6614876
1968,200.582171
1969,199.0950595
1970,205.4997778
1971,200.9529949
1972,201.7873056
1973,204.4576856
1974,207.1109702
1975,201.3302471
1976,203.822293
1977,202.9361724
1978,201.1557196
1979,200.2651909
1980,202.6981308
1981,200.5117762
1982,200.3802448
1983,208.5811588
1984,204.8104157
1985,198.8042203
1986,201.3861105
1987,201.1045705
1988,220.9149059
1989,203.3336995
1990,202.5269855
1991,204.2295985
1992,202.7640923
1993,207.888979
1994,200.0820615
1995,206.5269091
1996,203.0900039
1997,204.6830236
1998,201.7570312
1999,201.6896645
2000,203.7230075
2001,201.967509
2002,200.6351337
2003,201.5987339
2004,199.9832099
2005,203.5721957
2006,201.1168863
2007,201.2077458
2008,201.770098
2009,201.6227294
2010,201.8512862
2011,202.9369487
2012,206.5234615
2013,201.6961031
2014,202.3990547
2015,201.8203804
2016,199.3265718
2017,199.0624087
2018,201.3966942
1925,97.49536344
1926,217.5228047
1927,215.2160453
1928,187.0207681
1929,220.2536029
1930,330.2747671
1931,225.7689404
1932,183.8593196
1933,265.5256646
1934,449.2207858
1935,191.3583189
1936,311.6269092
1937,136.0846786
1938,199.7387576
1939,165.961507
1940,258.3905088
1941,162.4316353
1942,127.1387607
1943,204.1789502
1944,218.3353612
1945,258.7625476
1946,214.4797357
1947,306.700655
1948,193.9196552
1949,249.0768168
1950,274.6675915
1951,245.6090076
1952,224.4322241
1953,248.5411062
1954,239.1201636
1955,290.8740443
1956,222.0521944
1957,224.3265187
1958,216.8021071
1959,214.5150225
1960,275.7690988
1961,229.0448493
1962,191.1959376
1963,211.7292498
1964,218.946039
1965,192.3238593
1966,245.9919183
1967,186.9208799
1968,238.4509943
1969,171.1000346
1970,361.911883
1971,207.9926475
1972,192.9468396
1973,203.6057886
1974,293.517024
1975,159.5194139
1976,217.1194535
1977,244.719517
1978,240.6858269
1979,181.6112603
1980,233.3249994
1981,192.2210471
1982,189.8655091
1983,341.2402091
1984,212.0815988
1985,155.9211084
1986,213.1815603
1987,216.6596323
1988,414.6424647
1989,257.7406657
1990,246.4230841
1991,319.9961838
1992,194.3018457
1993,242.1730748
1994,162.848767
1995,283.3045861
1996,194.5585437
1997,259.8636464
1998,211.4235001
1999,233.9488915
2000,223.153477
2001,212.8924464
2002,264.9896977
2003,198.1295244
2004,178.7640966
2005,297.3546743
2006,207.0270994
2007,200.4097975
2008,190.1361444
2009,225.8087024
2010,264.7375149
2011,245.4520295
2013,232.944502
2014,223.692543
2015,245.0689047
2016,192.0227694
2017,211.2108224
2018,223.755167
1925,345.6175191
1926,422.0724533
1927,393.6020053
1928,387.7426577
1929,405.848563
1930,542.2587035
1931,433.7538408
1932,398.0375598
1933,457.5494433
1934,515.9930751
1935,408.9535265
1936,538.8363717
1937,407.69012
1938,428.3070799
1939,403.0026377
1940,406.5784916
1941,438.4681593
1942,382.5364168
1943,402.7573754
1944,428.0333366
1945,427.5903307
1946,400.0845616
1947,480.2110295
1948,406.9967654
1949,416.708658
1950,443.7995555
1951,429.7441335
1952,446.463657
1953,479.9035423
1954,554.3674126
1955,439.0916792
1956,430.0330293
1957,451.4828717
1958,442.0456274
1959,430.7220035
1960,431.0211793
1961,418.5810359
1962,429.1372275
1963,410.5056674
1964,442.7557209
1965,414.3210814
1966,435.8142737
1967,370.1444251
1968,414.6048681
1969,407.4086007
1970,483.8439814
1971,421.1792214
1972,412.2381962
1973,424.7634557
1974,452.9029364
1975,402.7864115
1976,425.2353819
1977,424.218203
1978,398.145501
1979,394.765458
1980,474.6420701
1981,397.3055873
1982,394.2264481
1983,495.7400464
1984,415.857818
1985,423.0806508
1986,445.340435
1987,399.2914358
1988,457.116799
1989,416.7687886
1990,416.4533793
1991,434.7297193
1992,400.5340632
1993,419.6896108
1994,423.4189845
1995,470.9679415
1996,434.8770378
1997,460.5479899
1998,430.0738281
1999,438.9212032
2000,402.6358178
2001,399.629573
2002,504.7524962
2003,458.4705614
2004,396.4220822
2005,428.5314336
2006,442.526855
2007,427.2078364
2008,401.6550885
2009,415.6546357
2010,427.8393539
2011,451.3175571
2012,557.9368515
2014,388.9872802
2015,427.2659018
2016,435.1556723
2017,441.6171738
2018,410.9627251
1925,317.3339164
1926,270.1213537
1927,330.2601211
1928,380.5862182
1929,389.19218
1930,533.5266202
1931,302.4274358
1932,334.8587333
1933,404.1003643
1934,396.5324853
1935,425.6232058
1936,538.0807201
1937,384.7062823
1938,379.7258253
1939,422.508259
1940,470.7956475
1941,409.9578508
1942,399.2662357
1943,486.064405
1944,551.5241219
1945,421.3231532
1946,375.086675
1947,426.5322004
1948,370.0283743
1949,412.8227399
1950,436.2351878
1951,405.5808049
1952,436.1444628
1953,454.5292067
1954,525.1007961
1955,428.1967208
1956,399.0705684
1957,425.1857896
1958,433.1876676
1959,405.6155691
1960,426.8177293
1961,372.3539209
1962,390.7501834
1963,370.461317
1964,439.0740448
1965,378.9543223
1966,427.4287002
1967,341.0560985
1968,371.7920154
1969,380.4503652
1970,480.5729713
1971,376.863778
1972,406.1178102
1973,412.1381883
1974,428.1008834
1975,383.2883803
1976,372.8051401
1977,378.3975661
1978,361.3615815
1979,347.6760941
1980,454.9337272
1981,373.8380157
1982,366.8740749
1983,565.6183961
1984,403.994919
1985,394.3092749
1986,372.1498833
1987,349.5662663
1988,450.1381399
1989,385.0066973
1990,425.9044365
1991,505.3198003
1992,365.9125558
1993,384.9403538
1994,382.0677454
1995,436.1743585
1996,440.6264486
1997,432.8259317
1998,412.9295814
1999,426.5924271
2000,385.6654547
2001,392.4778162
2002,457.5805646
2003,413.051992
2004,367.1633842
2005,429.7302987
2006,408.512041
2007,433.2062524
2008,392.2221163
2009,397.2291527
2010,395.837017
2011,418.0382559
2012,624.426371
2013,399.4161898
2014,366.2560889
2015,409.3890854
2016,407.5186286
2017,408.7604554
2018,389.9066339
1925,153.8602799
1926,222.2301338
1927,266.1060015
1928,192.7100721
1929,260.7217837
1930,276.4661125
1931,292.1513674
1932,160.0487648
1933,278.7480893
1934,357.7230128
1935,259.2489612
1936,360.2292219
1937,178.0757343
1938,227.7335283
1939,173.8475173
1940,228.4302731
1941,215.6163916
1942,191.0556944
1943,186.4991748
1944,231.4766086
1945,245.1342301
1946,186.3451026
1947,278.376961
1948,190.6601894
1949,243.5172887
1950,274.1756352
1951,275.0906728
1952,205.1361356
1953,265.9606479
1954,251.1600947
1955,274.110415
1956,239.4013923
1957,251.405509
1958,253.3372975
1959,250.4870686
1960,301.5682268
1961,227.3942027
1962,221.255755
1963,223.9824254
1964,222.5316083
1965,213.1220109
1966,200.3909363
1967,203.6068258
1968,229.8202891
1969,195.2839914
1970,294.8614555
1971,174.2692531
1972,194.99574
1973,229.6666782
1974,287.2855353
1975,198.7645488
1976,221.8667761
1977,202.528346
1978,218.612202
1979,188.1657579
1980,225.1320256
1981,172.5222052
1982,196.2412769
1983,355.627309
1984,246.7346632
1985,270.6517015
1986,229.8725437
1987,241.4782449
1988,419.7628584
1989,292.9935679
1990,242.6405197
1991,318.2986048
1992,220.7491449
1993,291.7462187
1994,177.931841
1995,288.8506397
1996,238.8874575
1997,278.7612478
1998,235.9007867
1999,250.7024746
2000,260.7326046
2001,247.7467267
2002,203.5528151
2003,213.3305106
2004,200.5664957
2005,295.4187944
2006,246.1249636
2007,195.8540898
2008,220.5383696
2009,241.4503906
2010,268.6793544
2011,248.9160684
2013,247.7006905
2014,246.1663869
2015,236.7796752
2016,211.9464844
2017,193.0765353
2018,201.2270661
1925,318.9778513
1926,337.9558281
1927,323.8700481
1928,322.5365938
1929,330.3066251
1930,362.901672
1931,338.5312205
1932,327.5978872
1933,355.2522564
1934,411.6233465
1935,338.1687097
1936,380.4682918
1937,333.9518944
1938,338.227981
1939,328.1275435
1940,339.7565383
1941,339.8344118
1942,334.8928454
1943,338.7792473
1944,344.0675019
1945,355.6354713
1946,332.6583067
1947,361.5567932
1948,328.4986237
1949,341.0647057
1950,343.5142076
1951,343.689481
1952,350.8316114
1953,359.9811276
1954,430.3352046
1955,349.8762614
1956,341.7604969
1957,355.7931173
1958,342.3325602
1959,346.3818864
1960,344.7383963
1961,332.7746319
1962,338.5559544
1963,338.9411316
1964,345.841005
1965,333.2416478
1966,346.4135748
1967,323.2937053
1968,338.7266244
1969,339.1411936
1970,359.7366764
1971,342.0235304
1972,339.0616492
1973,344.1639206
1974,343.8454237
1975,334.9473139
1976,353.1061624
1977,337.039207
1978,332.6328112
1979,326.8060357
1980,359.4154652
1981,332.174475
1982,331.2626534
1983,358.4852668
1984,338.6539712
1985,337.1088451
1986,336.6159951
1987,333.4113416
1988,348.9565091
1989,336.6620961
1990,346.9386021
1991,337.1752822
1992,326.0886086
1993,338.1264181
1994,338.1654998
1995,356.3805472
1996,337.0288451
1997,341.6919579
1998,340.4376787
1999,344.2980832
2000,336.2258946
2001,336.3382269
2002,358.9390382
2003,343.060408
2004,331.5753383
2005,339.3399193
2006,348.4159527
2007,350.500868
2008,338.9393411
2009,338.7128818
2010,340.5491177
2011,351.2222497
2012,392.1924205
2013,341.7153421
2014,337.7747682
2015,343.3312019
2016,343.7922762
2017,342.5037023
2018,336.8163453
1925,305.0322453
1926,281.9041898
1927,322.2572052
1928,375.4451098
1929,332.1641303
1930,477.5046754
1931,321.2568991
1932,300.8814786
1933,318.6789648
1934,379.1597902
1935,391.6333195
1936,488.9057872
1937,333.6234972
1938,332.9752165
1939,362.3056889
1940,380.0624235
1941,337.4596783
1942,316.7857762
1943,364.4063904
1944,375.0737106
1945,352.7531632
1946,328.5307858
1947,373.141475
1948,316.9557675
1949,377.587489
1950,340.2050738
1951,419.0017797
1952,407.0153382
1953,386.5198496
1954,386.4201387
1955,386.4120128
1956,338.1093753
1957,390.9822666
1958,355.1874451
1959,371.2367027
1960,391.5676407
1961,318.9182277
1962,352.5611749
1963,310.9795185
1964,324.4382471
1965,301.5952718
1966,339.5925977
1967,283.9372226
1968,329.1072294
1969,364.6689678
1970,473.1998787
1971,347.8490146
1972,298.7449418
1973,369.941785
1974,357.9525272
1975,354.4380447
1976,343.9643895
1977,341.147904
1978,406.3535186
1979,313.1966251
1980,428.1583009
1981,366.4779881
1982,314.271125
1983,408.1326018
1984,339.8169249
1985,347.7071625
1986,376.3846949
1987,316.7584397
1988,355.2152585
1989,324.6748326
1990,342.3933663
1991,444.9854664
1992,295.626713
1993,341.5168608
1994,355.3016526
1995,426.4820542
1996,352.3295965
1997,407.7213536
1998,405.0494952
1999,395.1638978
2000,353.5519505
2001,336.3962674
2002,483.9713534
2003,383.9005452
2004,322.6153658
2005,349.9905666
2006,338.5170744
2007,374.9315187
2008,341.2738677
2009,332.111411
2010,373.8140866
2011,378.2413633
2012,533.6515049
2013,335.3056477
2014,332.3640572
2015,340.7151201
2016,387.1264667
2017,348.0177992
2018,363.2096335
1925,108.7569311
1926,146.7972774
1927,159.5821323
1928,150.3132506
1929,146.1608274
1930,221.1768194
1931,168.125825
1932,149.5953655
1933,250.6825231
1934,262.0235659
1935,200.7536368
1936,297.5789014
1937,155.7379844
1938,188.5628229
1939,169.5159271
1940,192.4562339
1941,166.2519542
1942,176.4413936
1943,200.72963
1944,286.6735192
1945,209.6227565
1946,182.1896508
1947,242.8040525
1948,181.4068323
1949,202.1022969
1950,203.611522
1951,212.389549
1952,213.6860075
1953,212.5758247
1954,285.1072555
1955,222.081676
1956,199.3301985
1957,211.0823557
1958,196.4860154
1959,209.5908658
1960,210.8928764
1961,195.5686316
1962,178.944922
1963,171.6067555
1964,191.7286407
1965,160.0007141
1966,204.4033192
1967,158.6411791
1968,194.5950209
1969,166.0675459
1970,222.6475623
1971,177.0756373
1972,166.4421094
1973,177.7828539
1974,202.8747569
1975,173.7981143
1976,187.3070624
1977,183.9504788
1978,197.5781127
1979,168.1323916
1980,206.4850551
1981,167.2528649
1982,172.8788797
1983,239.7481104
1984,186.2270928
1985,164.0134407
1986,163.7694355
1987,178.3717581
1988,256.852083
1989,192.9979797
1990,189.3382725
1991,189.6930681
1992,171.1246142
1993,187.620778
1994,171.4988527
1995,218.7853768
1996,190.6134951
1997,208.674338
1998,203.1253213
1999,210.896165
2000,187.1169631
2001,200.2909684
2002,210.4126178
2003,177.6184221
2004,181.192359
2005,201.4941042
2006,199.3407744
2007,182.0692055
2008,195.3132328
2009,193.4286892
2010,223.5468259
2011,215.7396251
2012,249.0731572
2013,194.2617222
2014,176.6837187
2015,208.8412598
2016,183.4913075
2017,183.8507429
2018,178.1259716
1925,189.0782172
1926,225.2930615
1927,346.288768
1928,226.0272418
1929,279.651294
1930,331.0448843
1931,254.1892782
1932,232.7485186
1933,313.8281831
1934,451.0351461
1935,345.4926811
1936,420.4777188
1937,215.6822984
1938,286.2273829
1939,254.0460075
1940,274.1226971
1941,266.905587
1942,246.248744
1943,279.5083697
1944,295.4095528
1945,342.550754
1946,257.5478834
1947,391.066392
1948,230.3541937
1949,286.9556883
1950,291.0606649
1951,288.482897
1952,270.7501411
1953,299.7632164
1954,324.0497038
1955,291.8864239
1956,278.3352238
1957,290.8199441
1958,262.3751276
1959,310.1930169
1960,307.9916923
1961,269.2859284
1962,273.1544488
1963,258.4015587
1964,288.0303271
1965,248.9635116
1966,267.6756759
1967,242.6796041
1968,252.3864873
1969,258.1220947
1970,319.1381874
1971,250.262029
1972,244.9194972
1973,276.5616817
1974,355.3146912
1975,257.6039135
1976,317.8891358
1977,359.1489628
1978,284.2000985
1979,268.0856659
1980,305.9092937
1981,252.2591119
1982,248.1078441
1983,397.6000425
1984,298.2581562
1985,259.6869338
1986,244.5130143
1987,290.7954354
1988,351.8281277
1989,289.0605161
1990,284.5176702
1991,277.358006
1992,259.9319878
1993,273.7214451
1994,250.9781875
1995,317.6302747
1996,290.9167568
1997,303.6909353
1998,276.8342126
1999,294.0780127
2000,264.4035275
2001,272.0463958
2002,290.8140861
2003,259.5647834
2004,241.455875
2005,307.9414869
2006,304.237687
2007,267.7165877
2008,260.0904409
2009,272.1905478
2010,327.7248912
2011,311.61046
2012,416.3286055
2013,289.2179365
2014,257.144539
2015,304.5999872
2016,279.1647582
2017,274.2539954
2018,269.2230118
1925,197.3937161
1926,219.9677658
1927,226.3844091
1928,213.6043636
1929,221.7168683
1930,253.6595085
1931,228.6771321
1932,231.9939669
1933,263.2250175
1934,314.9477748
1935,260.7565575
1936,315.5235394
1937,225.6364828
1938,247.8335903
1939,226.202224
1940,241.3010488
1941,228.3980905
1942,231.0389194
1943,238.5063337
1944,249.6919881
1945,253.9357703
1946,229.1517388
1947,268.2089136
1948,233.906776
1949,244.8949014
1950,248.6451229
1951,257.1250864
1952,244.2444089
1953,268.0172512
1954,277.2027647
1955,251.9056944
1956,247.1734235
1957,253.1498591
1958,237.7980295
1959,253.0615847
1960,246.319105
1961,239.1949755
1962,233.8216796
1963,225.2698739
1964,239.5498424
1965,228.9840967
1966,246.2220707
1967,218.4449909
1968,235.2436478
1969,227.5764168
1970,265.1267796
1971,228.6084624
1972,231.8954251
1973,227.3332637
1974,247.0828634
1975,221.9784798
1976,249.3551528
1977,246.5705855
1978,242.3529579
1979,231.866178
1980,249.4706547
1981,228.1117808
1982,227.6753084
1983,270.9493871
1984,240.8108875
1985,227.7422855
1986,225.5866895
1987,235.0323011
1988,277.7983217
1989,241.754456
1990,247.181486
1991,239.9893749
1992,232.3249589
1993,242.0694714
1994,228.9155437
1995,260.1633213
1996,247.2748857
1997,259.1474981
1998,246.7568914
1999,243.290854
2000,237.8590324
2001,240.7525824
2002,248.2029759
2003,231.8920517
2004,227.9142496
2005,258.4228829
2006,250.1869748
2007,231.6021704
2008,232.3498635
2009,239.6652832
2010,258.4922604
2011,250.9530272
2012,283.6762907
2013,243.2938666
2014,233.5110698
2015,246.461501
2016,238.3763908
2017,242.8693909
2018,231.758912
1925,183.480296
1926,224.4502037
1927,234.1617571
1928,228.0476693
1929,257.0901823
1930,320.1868266
1931,243.614798
1932,234.084681
1933,378.9893155
1934,309.0750953
1935,280.3192486
1936,371.2485845
1937,252.443757
1938,261.9997687
1939,253.8208266
1940,266.1739055
1941,255.1765785
1942,280.0816351
1943,288.4875458
1944,307.6666112
1945,304.8700741
1946,262.5683139
1947,348.6637018
1948,248.6208564
1949,289.9669863
1950,299.971919
1951,292.4307637
1952,290.9053743
1953,297.4630756
1954,447.1226171
1955,294.4480486
1956,278.9729032
1957,317.3094181
1958,271.1042537
1959,296.4725675
1960,293.0515022
1961,267.804985
1962,258.4653641
1963,246.7078574
1964,289.3182856
1965,239.5057531
1966,291.6360814
1967,238.827088
1968,264.5846126
1969,241.0286235
1970,303.4153166
1971,255.6177
1972,251.6017153
1973,254.5549782
1974,300.0876381
1975,236.1244888
1976,260.4305123
1977,260.5642324
1978,268.5820214
1979,248.6324885
1980,290.5578024
1981,244.8301489
1982,254.3175431
1983,303.8528047
1984,306.2380068
1985,255.2485164
1986,250.2010341
1987,250.6023064
1988,335.5313545
1989,285.7800097
1990,276.3291023
1991,294.0062897
1992,240.3747652
1993,255.9418164
1994,253.449326
1995,301.5062357
1996,310.9984184
1997,290.7301998
1998,280.0720814
1999,301.6277551
2000,263.0788033
2001,283.3247103
2002,319.3214886
2003,272.1325766
2004,260.9558569
2005,286.5078466
2006,290.4096731
2007,262.0828482
2008,265.7387574
2009,274.4345512
2010,283.4078562
2011,300.5780074
2012,393.7729897
2013,276.0848622
2014,256.2618772
2015,281.9395088
2016,275.6610143
2017,267.6525481
2018,250.6021476
1925,154.2155583
1926,158.4738649
1927,197.6712956
1928,151.4798645
1929,179.2701078
1930,224.2681767
1931,200.1858944
1932,172.1573245
1933,251.308875
1934,266.0110286
1935,195.7994543
1936,310.3378408
1937,150.1543755
1938,169.631788
1939,155.6193595
1940,180.9250627
1941,158.2130046
1942,170.7949877
1943,177.6910033
1944,173.1202538
1945,209.9874062
1946,189.4032599
1947,223.9522791
1948,165.4354976
1949,197.9262834
1950,201.6312637
1951,205.2937588
1952,185.5805241
1953,218.0326052
1954,202.8693731
1955,214.1826454
1956,179.497315
1957,189.7243742
1958,188.8602357
1959,181.8015245
1960,195.8641334
1961,182.7730829
1962,184.278801
1963,183.8558538
1964,193.0720959
1965,165.6341217
1966,177.6438723
1967,162.6908106
1968,193.1889163
1969,167.8930793
1970,241.2971302
1971,171.4344884
1972,171.6708163
1973,182.5573776
1974,203.5194457
1975,169.7136859
1976,175.7218092
1977,190.5052914
1978,184.7952057
1979,167.4971887
1980,195.1638819
1981,166.0920551
1982,167.9191414
1983,286.2732924
1984,187.7765437
1985,166.2572799
1986,172.7018848
1987,206.9524664
1988,278.4106324
1989,220.6926622
1990,192.4165718
1991,197.5827356
1992,181.9156997
1993,195.9449559
1994,161.7286755
1995,220.5802846
1996,189.5722166
1997,200.9287963
1998,188.5983722
1999,197.4726799
2000,199.0008903
2001,191.3686884
2002,190.9816981
2003,185.8840761
2004,175.7303904
2005,246.3409573
2006,189.7667786
2007,179.0314097
2008,174.0071499
2009,203.570567
2010,211.7118052
2011,199.9755588
2012,233.7493912
2013,195.0244526
2014,185.3759095
2015,184.7609494
2016,175.9155775
2017,174.8577245
2018,174.6345757
1925,228.2166122
1926,255.650478
1927,259.3901984
1928,241.1452148
1929,256.8059647
1930,249.5029632
1931,256.4313213
1932,251.1781135
1933,265.3225059
1934,270.8953857
1935,262.9631595
1936,261.0654473
1937,259.3194742
1938,248.8398975
1939,243.751278
1940,240.3879395
1941,237.3204718
1942,236.6832374
1943,239.3705517
1944,244.3365696
1945,253.133265
1946,246.264525
1947,261.3567197
1948,247.0532157
1949,245.3194781
1950,263.1044146
1951,254.8412194
1952,241.7673994
1953,246.1182292
1954,241.8920136
1955,257.2158882
1956,243.8535971
1957,248.0024177
1958,249.397525
1959,248.9531046
1960,253.0758995
1961,249.0325976
1962,245.3405232
1963,259.9340593
1964,248.0263622
1965,248.5447188
1966,245.1958542
1967,240.6955087
1968,242.0042862
1969,244.7094238
1970,254.2020722
1971,242.4553816
1972,243.7232007
1973,249.0672865
1974,276.5947666
1975,244.8544626
1976,268.0575235
1977,248.5853549
1978,247.8695574
1979,242.9929239
1980,252.1643248
1981,243.6450089
1982,245.9701131
1983,277.782748
1984,254.8921962
1985,244.968261
1986,248.3119136
1987,254.6189277
1988,294.1477805
1989,253.3571023
1990,250.0530698
1991,264.5188551
1992,257.1940639
1993,271.8728636
1994,245.8228945
1995,266.2551193
1996,259.1995148
1997,257.0178306
1998,246.3592763
1999,249.2354546
2000,254.5436326
2001,257.5371786
2002,256.5759272
2003,251.0571238
2004,241.6167437
2005,259.0820662
2006,247.2293127
2007,245.4158045
2008,249.2061236
2009,250.1832161
2010,248.8309677
2011,249.4819654
2012,289.7827249
2013,251.2358893
2014,248.1503351
2015,249.1305115
2016,243.4339394
2017,246.1593797
2018,246.0193892
1925,13.09785489
1926,106.5273254
1927,160.9633816
1928,125.2758403
1929,177.2813598
1930,333.9845625
1931,217.010457
1932,160.5023308
1933,392.7856791
1934,338.4916996
1935,233.5406429
1936,383.4857876
1937,117.117394
1938,208.1066248
1939,126.2311969
1940,232.2655228
1941,126.6453077
1942,106.2477899
1943,221.2691163
1944,267.8897275
1945,243.8027092
1946,237.9395335
1947,333.4593543
1948,129.5632561
1949,222.970526
1950,287.42703
1951,222.1398036
1952,204.3392388
1953,278.7314996
1954,252.9214598
1955,304.6052983
1956,193.7076456
1957,210.3802716
1958,208.1182364
1959,261.2708331
1960,233.899979
1961,214.1150148
1962,146.2456937
1963,188.9305743
1964,161.6822911
1965,156.3741073
1966,249.5012958
1967,117.9169271
1968,215.6067042
1969,110.7959229
1970,298.9327309
1971,126.6300821
1972,97.6798811
1973,150.5002061
1974,295.4353818
1975,115.1956356
1976,120.8490679
1977,268.2249888
1978,212.2111601
1979,160.5422371
1980,325.7601765
1981,159.0803346
1982,145.6173589
1983,363.3537882
1984,236.8308318
1985,119.2979004
1986,124.7886942
1987,187.9617331
1988,466.6719269
1989,248.8315895
1990,218.2872065
1991,225.7948208
1992,156.0284909
1993,220.8849505
1994,135.7268747
1995,324.1127134
1996,208.4548899
1997,287.2110365
1998,256.2003687
1999,212.2731224
2000,202.1324008
2001,240.7058856
2002,258.9432019
2003,160.985075
2004,170.9613296
2005,300.846062
2006,213.880234
2007,182.1030301
2008,166.7094049
2009,218.465614
2010,272.5219047
2011,254.7602056
2012,364.1254166
2013,256.0432637
2014,151.6670512
2015,255.0336266
2016,140.1039789
2017,164.4673451
2018,155.10681
1925,164.1415476
1926,199.0573469
1927,258.4324366
1928,218.4688949
1929,232.248241
1930,283.3847663
1931,243.7948113
1932,237.8027711
1933,356.2593427
1934,362.2142877
1935,259.0484683
1936,334.7237021
1937,244.155459
1938,254.1007796
1939,245.6858154
1940,285.0217759
1941,237.5197315
1942,243.1473014
1943,261.3327071
1944,290.5189685
1945,288.269995
1946,263.9008622
1947,308.1575179
1948,253.3504117
1949,286.9803936
1950,300.7503023
1951,286.575368
1952,279.3986169
1953,297.7264234
1954,284.850653
1955,291.4971331
1956,265.129026
1957,281.0676009
1958,272.8793539
1959,295.9606141
1960,269.0652146
1961,270.540072
1962,242.1796592
1963,238.5461393
1964,258.8451322
1965,237.0010653
1966,279.444097
1967,249.1295104
1968,257.7325843
1969,236.0556676
1970,276.8182136
1971,226.072243
1972,236.7241922
1973,245.9557392
1974,298.1718877
1975,237.4612292
1976,252.1463196
1977,270.4468113
1978,249.3541266
1979,230.6627052
1980,316.4153274
1981,252.4072367
1982,241.9517792
1983,313.2358469
1984,257.9862509
1985,231.9003545
1986,260.6764825
1987,239.7189686
1988,339.5755419
1989,267.1205868
1990,265.8097545
1991,349.9586157
1992,237.0197104
1993,270.6944456
1994,247.51002
1995,321.7971744
1996,285.2605674
1997,287.5415557
1998,289.7933904
1999,260.568481
2000,286.8513165
2001,266.2236324
2002,276.1620775
2003,261.1855806
2004,261.3538059
2005,265.5953347
2006,259.7223364
2007,255.1019309
2008,265.0128279
2009,256.5718483
2010,274.8691989
2011,295.9443829
2012,358.1266432
2013,270.6428617
2014,248.3423034
2015,283.2177835
2016,252.5315639
2017,262.8876658
2018,244.3416294
1925,50.15576957
1926,158.8655763
1927,228.3308157
1928,129.2863843
1929,160.7509047
1930,251.4433946
1931,170.0973623
1932,142.8536474
1933,256.4762976
1934,325.5000959
1935,209.591448
1936,347.7753486
1937,105.1422552
1938,166.668275
1939,111.2711089
1940,176.4302733
1941,144.2878475
1942,141.5142622
1943,171.0386795
1944,178.6597731
1945,231.1557276
1946,162.4100992
1947,293.4199673
1948,172.4184614
1949,220.0363249
1950,216.5724014
1951,218.348185
1952,196.2380138
1953,267.2160186
1954,209.8545349
1955,207.4741676
1956,192.3974769
1957,211.862964
1958,185.1936624
1959,183.9345906
1960,222.5738518
1961,181.82742
1962,173.6940405
1963,176.6474186
1964,190.1908223
1965,162.1620854
1966,199.1447667
1967,152.5580636
1968,201.0558152
1969,147.1029907
1970,226.3793382
1971,133.9042408
1972,134.7401484
1973,169.1210271
1974,189.6056118
1975,119.4357316
1976,135.8870766
1977,203.886736
1978,171.2336189
1979,124.670664
1980,201.1544395
1981,150.9438587
1982,149.6056897
1983,287.8493077
1984,170.3794895
1985,161.990148
1986,158.5083035
1987,212.7612467
1988,380.8088308
1989,364.5374372
1990,200.00949
1991,193.9917327
1992,173.5417186
1993,235.3092073
1994,140.5105033
1995,260.86618
1996,197.8700093
1997,223.3978388
1998,209.5575693
1999,190.7461732
2000,214.9733116
2001,187.2168837
2002,182.8868277
2003,171.7527864
2004,159.5263237
2005,226.1297438
2006,203.3313462
2007,165.6971654
2008,156.0920297
2009,183.1198844
2010,256.9519131
2011,217.8353608
2012,243.5507385
2013,210.7264578
2014,170.0060699
2015,195.5960847
2016,160.094449
2017,140.5525146
2018,151.8203748
1925,300.8309236
1926,357.7614495
1927,314.536467
1928,311.4379001
1929,360.0306287
1930,439.1425872
1931,332.8519985
1932,345.2407545
1933,449.9082223
1934,473.357729
1935,361.7997157
1936,491.2166899
1937,378.1533232
1938,381.9121585
1939,351.480923
1940,393.5958826
1941,416.2396774
1942,353.2755063
1943,408.4079594
1944,416.2974694
1945,410.536679
1946,367.5825093
1947,408.6222447
1948,347.7372094
1949,369.122594
1950,380.8557363
1951,372.9272039
1952,399.2211176
1953,434.5470438
1954,476.1240257
1955,399.012063
1956,358.3372412
1957,381.2433934
1958,364.4044841
1959,373.584591
1960,372.2994397
1961,349.3239688
1962,372.0049256
1963,367.298108
1964,415.2333396
1965,371.0123485
1966,396.9250419
1967,330.5843268
1968,365.6450886
1969,381.5409655
1970,413.2904887
1971,365.8269542
1972,351.8256009
1973,370.8793267
1974,371.9014305
1975,362.0339118
1976,412.8297242
1977,354.5546806
1978,360.564151
1979,341.8549162
1980,439.7019468
1981,358.4124417
1982,351.1165834
1983,450.0958627
1984,393.4160578
1985,361.1085995
1986,368.6378223
1987,348.0780331
1988,401.7420489
1989,392.2284606
1990,376.1116304
1991,388.0334231
1992,361.6605998
1993,358.4042147
1994,368.5435608
1995,401.6537485
1996,387.1117052
1997,394.2584624
1998,372.0060019
1999,383.9764891
2000,364.9630295
2001,364.509289
2002,432.9932798
2003,385.8853158
2004,356.8470167
2005,379.2332394
2006,390.3834216
2007,403.1535756
2008,357.5024922
2009,361.9984042
2010,375.5129906
2011,396.2254055
2012,549.2362986
2013,369.3544941
2014,356.2031793
2015,378.6786501
2016,388.6277101
2017,393.9869646
2018,365.2222106
1925,125.8262112
1926,152.6455313
1927,213.6083887
1928,184.097982
1929,189.2011374
1930,282.9252676
1931,210.5423918
1932,191.5339892
1933,349.0700842
1934,348.3858589
1935,230.6932525
1936,339.846076
1937,201.7967934
1938,234.5364151
1939,204.5041954
1940,249.8578229
1941,194.5313498
1942,210.41344
1943,230.3010627
1944,259.0156286
1945,265.5371939
1946,226.4394534
1947,340.2076605
1948,220.7549559
1949,257.0157045
1950,295.3334665
1951,276.4036542
1952,266.6984706
1953,275.9048337
1954,277.5440176
1955,286.4154482
1956,234.4526406
1957,255.5365968
1958,254.3350267
1959,295.408633
1960,252.1726149
1961,254.1281714
1962,217.6364612
1963,207.4239612
1964,230.0998864
1965,193.5515428
1966,257.872631
1967,207.9061841
1968,238.653113
1969,203.8537189
1970,254.8217831
1971,196.0545871
1972,188.4393017
1973,205.0567838
1974,273.7437369
1975,186.419392
1976,208.0317543
1977,232.2369458
1978,208.6997047
1979,192.592422
1980,325.7502298
1981,218.9428979
1982,203.0667517
1983,318.4835906
1984,239.7457794
1985,197.8692613
1986,218.509406
1987,205.5218545
1988,343.9842937
1989,243.2553522
1990,243.2561673
1991,345.8484931
1992,200.4941853
1993,248.3591477
1994,219.6739204
1995,326.9579626
1996,248.3758651
1997,263.0225502
1998,266.1561883
1999,228.9223048
2000,264.2164899
2001,254.763084
2002,275.0518673
2003,215.1778715
2004,223.7427908
2005,250.5600732
2006,231.285553
2007,223.7276096
2008,242.7075928
2009,227.1939573
2010,257.409011
2011,267.7432631
2012,358.38073
2013,267.7169581
2014,209.7939602
2015,245.2987081
2016,222.9203047
2017,229.7389618
2018,215.9137097
1925,254.1884785
1926,260.7205739
1927,286.3021315
1928,333.4126934
1929,350.4382109
1930,525.2169805
1931,277.564303
1932,301.8714133
1933,375.397023
1934,381.6595434
1935,409.1067265
1936,552.0130018
1937,400.3039802
1938,304.705944
1939,358.5117724
1940,438.5839075
1941,379.9185104
1942,347.5170271
1943,418.0166361
1944,441.9313133
1945,389.4466134
1946,334.2895582
1947,373.438887
1948,329.9333706
1949,379.4433515
1950,349.1163326
1951,328.177257
1952,397.7484078
1953,481.4588636
1954,478.4885814
1955,415.1152678
1956,345.7400253
1957,366.543394
1958,372.5407778
1959,373.6120376
1960,356.5789922
1961,353.8874959
1962,351.4683561
1963,300.9164934
1964,450.9184672
1965,313.4855323
1966,358.9255368
1967,269.6848903
1968,338.1838419
1969,390.5363013
1970,478.5862987
1971,358.3221451
1972,338.3219132
1973,353.0446482
1974,408.2164163
1975,331.5073632
1976,331.4405825
1977,328.8078188
1978,361.3219525
1979,284.2027223
1980,446.1000057
1981,325.0119948
1982,309.5773748
1983,529.0473995
1984,395.5437227
1985,352.1707866
1986,325.7972678
1987,298.4165733
1988,418.3140885
1989,328.1170706
1990,418.6575696
1991,452.3586674
1992,326.8988154
1993,333.4484946
1994,345.5647789
1995,426.10684
1996,385.8191003
1997,379.8466304
1998,383.9448959
1999,369.005182
2000,339.9959266
2001,345.9256098
2002,458.5842189
2003,386.852057
2004,311.2972293
2005,377.1795985
2006,371.1323531
2007,388.1677566
2008,349.6335634
2009,347.7770855
2010,372.5955018
2011,402.0537168
2012,588.8463821
2013,361.7249071
2014,325.2029831
2017,371.3949391
2018,349.7927196
1925,298.2277082
1926,226.7991619
1927,254.9848533
1928,262.0928576
1929,269.2915303
1930,445.7947417
1931,294.2083867
1932,233.5301455
1933,269.4022084
1934,286.6001822
1935,398.1357768
1936,553.429648
1937,318.6795108
1938,316.9114925
1939,298.0348786
1940,368.6877765
1941,321.8960904
1942,251.1420469
1943,398.5702766
1944,395.9751274
1945,327.6614706
1946,284.0328901
1947,357.8176336
1948,247.8548194
1949,342.3238425
1950,342.504414
1951,316.2420424
1952,370.6332493
1953,436.471072
1954,434.7639966
1955,370.8305354
1956,305.7117658
1957,347.4259758
1958,309.6242507
1959,355.4001708
1960,303.5464415
1961,249.4342582
1962,279.8777559
1963,256.2995864
1964,327.1426577
1965,230.7112049
1966,364.6325025
1967,219.8342878
1968,269.3174487
1969,316.7588157
1970,428.4497231
1971,313.9955813
1972,261.2574737
1973,363.2673959
1974,361.1438856
1975,299.6562121
1976,302.7703412
1977,341.0811801
1978,361.7841768
1979,273.6821019
1980,407.2195212
1981,305.3045913
1982,281.4205124
1983,475.106775
1984,308.7207241
1985,283.5014037
1986,292.4981807
1987,256.5655637
1988,335.1968115
1989,276.7774813
1990,340.7770361
1991,371.6642686
1992,238.7595405
1993,286.2434079
1994,292.0917983
1995,383.5400548
1996,305.8148004
1997,379.9815093
1998,361.9757115
1999,345.2670334
2000,299.1047672
2001,281.8151484
2002,465.4741272
2003,360.5911757
2004,280.6668392
2005,348.3668889
2006,312.5510346
2007,347.5888082
2008,303.7225892
2009,312.5100634
2010,322.3025824
2011,348.4484352
2012,524.0624973
2013,281.9346778
2014,272.0204142
2015,318.1983979
2016,387.6624663
2017,308.8313939
2018,330.3410004
1925,105.7797666
1926,276.0449014
1927,297.8239872
1928,206.5807575
1929,260.9019308
1930,326.3416512
1931,357.9605083
1932,219.1307599
1933,300.4797402
1934,362.0216124
1935,289.3498319
1936,389.2624098
1937,252.074151
1938,262.0421978
1939,193.7835097
1940,308.01792
1941,198.633409
1942,193.2125984
1943,203.7434845
1944,214.0689448
1945,262.6987819
1946,211.7993781
1947,335.5572068
1948,231.6751834
1949,255.5691507
1950,307.8842032
1951,309.224418
1952,222.2660299
1953,318.9980223
1954,267.0553754
1955,390.4898369
1956,253.0583841
1957,249.7117182
1958,282.8679987
1959,267.2994002
1960,287.624335
1961,216.3657879
1962,214.5535052
1963,261.5139069
1964,280.7947572
1965,189.8068953
1966,280.9245522
1967,173.828311
1968,236.3153659
1969,173.3745051
1970,384.4487123
1971,242.1729262
1972,209.1561462
1973,314.5678785
1974,394.8474531
1975,203.979645
1976,268.3518232
1977,233.1953642
1978,257.9129984
1979,208.3222402
1980,240.4247648
1981,189.5347764
1982,216.8263224
1983,314.8403499
1984,286.0188934
1985,221.5639023
1986,236.5122997
1987,265.8082681
1988,563.9086136
1989,312.6214254
1990,283.2211642
1991,373.3599044
1992,245.5535133
1993,355.9042036
1994,223.9637674
1995,329.6319621
1996,273.2084888
1997,299.0868268
1998,252.1154518
1999,280.3649897
2000,305.3210083
2001,293.1492466
2002,272.6047329
2003,216.1928654
2004,203.8307784
2005,374.3201344
2006,241.9886104
2007,251.2191642
2008,236.3262772
2009,248.0720296
2010,292.9705636
2011,303.6661613
2012,371.0921198
2013,270.8988038
2014,264.9135455
2015,272.4132177
2016,242.1184838
2017,223.8974972
2018,215.2690789
1925,243.566257
1926,244.9084186
1927,298.5535707
1928,261.739749
1929,282.352907
1930,339.0583121
1931,293.2407106
1932,288.7360407
1933,387.7844387
1934,475.609347
1935,257.8361203
1936,373.4335529
1937,287.7212672
1938,265.8621927
1939,274.4207514
1940,322.9542805
1941,270.08082
1942,264.9838488
1943,282.7916622
1944,323.647948
1945,305.4705971
1946,296.0919437
1947,321.0077212
1948,298.1119533
1949,311.9145858
1950,325.9682861
1951,304.2004922
1952,311.1895128
1953,321.2070289
1954,312.9375896
1955,334.9320036
1956,311.9204426
1957,321.2196047
1958,303.3682651
1959,309.5886209
1960,310.6411466
1961,290.4274561
1962,294.0488613
1963,304.4002399
1964,298.915035
1965,295.9283058
1966,301.4914282
1967,290.5289964
1968,299.9353746
1969,285.8048698
1970,329.8303133
1971,288.8153283
1972,276.3931597
1973,320.0557162
1974,380.573741
1975,308.90381
1976,291.018442
1977,281.2567
1978,290.7132076
1979,273.9498621
1980,316.7301068
1981,281.5904111
1982,269.2040565
1983,325.2901233
1984,308.4987298
1985,282.2966417
1986,308.0262451
1987,289.45177
1988,423.4429926
1989,270.8825844
1990,291.2644876
1991,422.5302788
1992,285.4402909
1993,304.6497891
1994,267.7957467
1995,356.4022401
1996,328.6672281
1997,300.0304656
1998,294.3444475
1999,308.7810026
2000,302.9520584
2001,321.1394367
2002,339.0737452
2003,288.4379432
2004,286.819482
2005,336.9068701
2006,292.7986688
2007,285.3077138
2008,283.9174343
2009,305.1267377
2010,307.1584386
2011,305.2216245
2012,347.5278423
2013,323.5828624
2014,296.6558194
2015,316.8900562
2017,286.466826
2018,298.7629621
1925,328.8044202
1926,319.9205483
1927,311.8095325
1928,358.5625029
1929,348.447114
1930,448.0362031
1931,300.9267174
1932,306.7877708
1933,334.8961765
1934,408.3297207
1935,370.4203753
1936,447.3180157
1937,363.9187669
1938,333.2602912
1939,374.3386438
1940,356.6396559
1941,374.328835
1942,332.5573358
1943,365.2014814
1944,388.0913078
1945,349.6888397
1946,327.2759718
1947,372.7780203
1948,337.3098969
1949,374.7076813
1950,361.8603169
1951,368.9474426
1952,376.0965192
1953,379.3196489
1954,390.583132
1955,385.7444339
1956,345.8289311
1957,377.5248213
1958,367.602545
1959,377.2967009
1960,365.131759
1961,349.3791211
1962,360.5814185
1963,332.7592332
1964,367.1614081
1965,346.1850509
1966,356.3504477
1967,312.3021556
1968,341.4607615
1969,361.5473115
1970,420.8682397
1971,361.4410886
1972,329.3820283
1973,346.442113
1974,374.9604627
1975,337.5285394
1976,343.951246
1977,342.2684437
1978,384.7049673
1979,316.1824896
1980,410.0380818
1981,339.759102
1982,326.8958461
1983,415.7371012
1984,343.293022
1985,347.5608975
1986,343.9365437
1987,334.6307989
1988,364.2538755
1989,341.5657441
1990,352.7658369
1991,409.931584
1992,334.5815499
1993,358.4930331
1994,346.4421359
1995,412.7069925
1996,368.7237199
1997,383.7133436
1998,386.1671779
1999,406.456015
2000,359.9518306
2001,352.4861414
2002,461.9394161
2003,391.7775112
2004,352.4816126
2005,348.7442385
2006,350.3214691
2007,361.5131952
2008,355.1106275
2009,348.4344131
2010,373.3722494
2011,375.245309
2012,509.3502057
2013,341.0202889
2014,351.8865476
2015,351.7244561
2016,402.5018115
2017,355.3749873
2018,357.9879738
1925,97.35542037
1926,303.8337283
1927,340.0521061
1928,234.1075844
1929,308.8704865
1930,290.3527778
1931,322.2088174
1932,294.8936449
1933,353.8695438
1934,393.5295899
1935,318.9323438
1936,364.7703498
1937,305.6990599
1938,291.954907
1939,264.3571642
1940,267.4688296
1941,235.9786571
1942,220.0511217
1943,230.4908799
1944,285.8673722
1945,328.4421057
1946,284.7959647
1947,358.4717283
1948,278.1062712
1949,292.7243882
1950,349.3839698
1951,320.9162078
1952,251.3273153
1953,297.1965851
1954,289.046508
1955,362.1236989
1956,289.1973418
1957,311.9905732
1958,304.273595
1959,296.9832976
1960,333.2806138
1961,283.5695847
1962,277.3959206
1963,302.3039563
1964,278.720256
1965,315.8435796
1966,284.2696739
1967,258.8945924
1968,254.2234726
1969,264.9928116
1970,310.5922452
1971,270.8876055
1972,262.8074004
1973,313.6362006
1974,455.0753761
1975,282.1171082
1976,338.7306233
1977,280.6347974
1978,286.7109353
1979,247.0815329
1980,298.5233759
1981,265.7387906
1982,262.4282533
1983,426.4555048
1984,301.8994855
1985,289.0074059
1986,270.8505786
1987,327.3207758
1988,545.5693787
1989,299.0421248
1990,281.6965126
1991,399.9194899
1992,311.8252565
1993,386.8901407
1994,270.870818
1995,346.2006701
1996,334.2815278
1997,312.3193576
1998,283.9921893
1999,274.2458289
2000,342.1754766
2001,375.801228
2002,369.389157
2003,320.4898593
2004,259.7130191
2005,364.0635772
2006,301.1590372
2007,263.4864459
2008,287.945693
2009,296.9665561
2010,287.4077922
2011,314.2616378
2012,469.3361376
2013,299.4465026
2014,268.6712914
2015,284.4528826
2016,270.854749
2017,294.8475839
2018,298.3587959
1925,130.5041137
1926,168.5427593
1927,215.7574265
1928,161.6078893
1929,186.6435483
1930,277.6438733
1931,204.9868169
1932,162.7449062
1933,285.7847193
1934,298.6464009
1935,186.9054888
1936,324.3895779
1937,146.942299
1938,178.3281834
1939,145.3836606
1940,216.6621284
1941,144.4721942
1942,155.256375
1943,184.2385268
1944,199.6092818
1945,229.7003373
1946,184.1569625
1947,282.3752196
1948,162.8572324
1949,201.7414089
1950,252.2668274
1951,221.6143057
1952,214.5422893
1953,232.577565
1954,201.8561899
1955,230.9585208
1956,201.7586656
1957,196.470475
1958,188.115734
1959,207.451633
1960,205.9372391
1961,181.8288324
1962,159.987316
1963,177.4637935
1964,182.9297899
1965,165.2671224
1966,179.1906055
1967,149.3505545
1968,209.9186932
1969,145.2037384
1970,240.8494421
1971,144.0415453
1972,140.1128701
1973,176.4446844
1974,274.8484737
1975,136.1855641
1976,170.415739
1977,247.7077125
1978,194.3265811
1979,163.4497743
1980,253.1785607
1981,167.1098671
1982,153.79077
1983,287.4109037
1984,231.6079308
1985,132.9930775
1986,195.1435153
1987,203.8040563
1988,408.5059828
1989,235.6422588
1990,207.2161404
1991,265.8685621
1992,184.2569168
1993,220.2328529
1994,152.5795268
1995,252.1946681
1996,188.0116195
1997,229.3845479
1998,201.6826803
1999,221.364144
2000,206.6839758
2001,194.5704354
2002,214.8651484
2003,173.9562062
2004,185.5379062
2005,250.1307715
2006,201.1564008
2007,166.7642954
2008,168.2146662
2009,198.5073651
2010,224.9758132
2011,207.0191428
2012,351.8984549
2013,206.6287808
2014,177.4732386
2015,202.5478586
2016,166.6301477
2017,193.1830357
2018,185.2901414
1925,114.8624058
1926,159.2928683
1927,186.1123243
1928,163.0416927
1929,186.7495266
1930,234.3735605
1931,241.4272042
1932,165.8078522
1933,287.0529875
1934,286.7712411
1935,213.7564889
1936,344.8674435
1937,189.2689758
1938,217.5631934
1939,197.4803055
1940,205.1680487
1941,185.9759559
1942,209.6525961
1943,227.142486
1944,274.6934826
1945,220.3827626
1946,200.0670455
1947,272.5659751
1948,200.2120868
1949,224.6473657
1950,224.015309
1951,229.7335017
1952,231.0941189
1953,226.3349401
1954,330.910628
1955,234.9055712
1956,217.6675393
1957,243.1345248
1958,217.1886575
1959,239.4506042
1960,228.1972632
1961,207.7039533
1962,196.816028
1963,187.0609524
1964,216.2604021
1965,184.5349658
1966,223.0939893
1967,184.4778649
1968,215.9656587
1969,190.9432345
1970,241.980666
1971,195.009899
1972,193.2464302
1973,193.6370418
1974,229.3245177
1975,192.4087447
1976,209.2742004
1977,201.1158069
1978,224.9768475
1979,198.7625263
1980,231.6228815
1981,197.548418
1982,196.083313
1983,264.3615095
1984,218.3527893
1985,197.1796148
1986,192.5051209
1987,202.1566866
1988,269.7142446
1989,210.5047955
1990,217.8235868
1991,221.5547311
1992,193.4481533
1993,210.4437158
1994,198.0245585
1995,240.2293869
1996,220.9842822
1997,224.4709463
1998,226.21944
1999,227.9460385
2000,206.6653688
2001,216.7096505
2002,240.8521401
2003,201.2006894
2004,205.6577455
2005,212.263131
2006,220.4684582
2007,207.2098017
2008,208.8353474
2009,217.3177818
2010,238.2962877
2011,241.5692706
2012,265.1425884
2013,212.2271379
2014,202.5249241
2015,221.933863
2016,214.5984304
2017,205.7809809
2018,199.8081711
1925,62.41394554
1926,74.96101238
1927,220.9749321
1928,295.5777669
1929,315.0638892
1930,402.3304914
1931,100.5829107
1932,110.5687998
1933,251.4724036
1934,296.51821
1935,286.3615673
1936,395.5258371
1937,293.1649487
1938,284.728366
1939,265.9112138
1940,348.1511722
1941,274.3376981
1942,330.3133013
1943,332.7808787
1944,335.2365547
1945,367.213669
1946,275.7536501
1947,418.6526744
1948,267.0216156
1949,347.3081815
1950,428.9439056
1951,327.4650269
1952,362.4682346
1953,364.5906637
1954,490.0699325
1955,338.9678205
1956,299.352087
1957,424.7710324
1958,396.4418869
1959,310.1623074
1960,379.1705123
1961,238.4615824
1962,220.5520385
1963,225.7705243
1964,315.2126328
1965,235.8560297
1966,316.3749436
1967,175.2046329
1968,296.5574941
1969,239.9116124
1970,404.5083581
1971,225.7366112
1972,286.953582
1973,272.1382185
1974,443.0548219
1975,244.8856133
1976,240.8601957
1977,296.9646204
1978,213.1931911
1979,242.2084766
1980,291.2822189
1981,299.117628
1982,224.9762726
1983,555.0817404
1984,298.2393576
1985,253.4275818
1986,180.6243241
1987,189.237278
1988,372.1634541
1989,259.7068688
1990,277.4296941
1991,354.3074267
1992,167.3393018
1993,250.0164482
1994,247.9240222
1995,302.5462765
1996,388.2546301
1997,341.2178127
1998,328.4012904
1999,382.177393
2000,272.0890023
2001,264.4763361
2002,376.9967133
2003,283.3343528
2004,203.9369693
2005,332.2653556
2006,307.6617607
2007,292.2241675
2008,280.0396019
2009,301.7485326
2010,341.4455445
2011,375.7609289
2012,651.898485
2014,243.7824414
2015,329.2702181
2017,290.0387868
2018,256.0520285
1925,287.4130937
1926,273.4691075
1927,333.9461443
1928,361.6511682
1929,370.2914649
1930,525.2359744
1931,300.7151954
1932,309.6446951
1933,420.2436434
1934,400.4747843
1935,399.3423415
1936,542.8532866
1937,421.096216
1938,351.1946486
1939,403.8148471
1940,464.6776228
1941,402.9942852
1942,429.426299
1943,480.9852917
1944,503.4595905
1945,420.5684406
1946,371.732625
1947,425.7094209
1948,339.1130422
1949,425.1114171
1950,390.2304057
1951,391.1475282
1952,451.2561078
1953,473.1446043
1954,554.5908334
1955,420.8016785
1956,376.8887768
1957,413.2081071
1958,409.8851312
1959,399.3034033
1960,427.1463211
1961,384.2954662
1962,385.7606507
1963,356.9744174
1964,429.2551916
1965,363.7726095
1966,420.1754201
1967,309.2361124
1968,366.8319198
1969,392.9752849
1970,446.367119
1971,367.5076702
1972,408.2091898
1973,376.082316
1974,418.8511035
1975,350.7791101
1976,374.5460076
1977,369.8128077
1978,367.4851806
1979,343.7571941
1980,501.0343875
1981,359.4876398
1982,337.9937894
1983,603.7721672
1984,418.074241
1985,371.1406405
1986,369.4211977
1987,341.1723652
1988,466.6088988
1989,385.6087006
1990,425.2962835
1991,473.0136356
1992,385.5211401
1993,367.8630651
1994,422.3154744
1995,423.5567127
1996,436.0040793
1997,415.4051114
1998,415.0444955
1999,416.3950145
2000,365.3130818
2001,363.2055031
2002,491.243889
2003,392.9512314
2004,358.7793446
2005,413.5197128
2006,396.3324688
2007,409.0483053
2008,398.099564
2009,386.6673277
2010,387.19754
2011,422.297823
2013,386.5618013
2014,367.1398465
2015,419.8172244
2016,394.1095988
2017,440.5148908
2018,361.7225683
1925,317.2711756
1926,359.9352958
1927,320.7874061
1928,319.8792797
1929,341.9994447
1930,379.2477879
1931,314.5429141
1932,315.6829603
1933,386.9655414
1934,383.4041327
1935,329.5189008
1936,395.3374726
1937,320.4015657
1938,331.6071644
1939,324.6609281
1940,337.9614781
1941,343.1857158
1942,328.8830732
1943,344.0343766
1944,360.4671849
1945,369.5877976
1946,322.1919439
1947,355.7123589
1948,319.1954359
1949,333.3169812
1950,339.1142508
1951,336.3102146
1952,340.6266829
1953,362.2934226
1954,423.4296061
1955,345.0744043
1956,333.66522
1957,343.879941
1958,335.50515
1959,335.8644951
1960,341.9708849
1961,327.6153454
1962,330.9995081
1963,331.5246119
1964,363.9396752
1965,335.3978218
1966,350.5971139
1967,314.0103326
1968,337.8320267
1969,341.109504
1970,358.5229938
1971,333.5038453
1972,330.2861058
1973,345.7049807
1974,343.4793232
1975,330.1596945
1976,354.4867333
1977,329.5374474
1978,330.2409686
1979,322.0255068
1980,366.915248
1981,326.3905083
1982,323.8603848
1983,375.1613586
1984,358.1460661
1985,329.9253402
1986,329.5762245
1987,325.7188325
1988,357.1760095
1989,339.4515191
1990,341.252241
1991,338.4738383
1992,324.9779538
1993,337.646898
1994,335.7754346
1995,343.7491553
1996,348.8792645
1997,350.6010334
1998,339.9223408
1999,342.5378437
2000,331.8440131
2001,334.6530882
2002,351.0439368
2003,341.2590281
2004,325.6870772
2005,339.9064667
2006,344.9446344
2007,343.3356885
2008,332.1720275
2009,333.2349039
2010,334.3953532
2011,351.1305653
2012,426.8576979
2013,337.6750232
2014,328.6365873
2015,339.6953061
2016,343.3421659
2017,343.370368
2018,335.1121614
1925,117.5102564
1926,137.1923113
1927,203.0831539
1928,154.9620238
1929,197.0969447
1930,308.4292361
1931,208.8865795
1932,190.970073
1933,397.650815
1934,323.5010273
1935,258.1493553
1936,352.3944229
1937,179.5004047
1938,234.0132132
1939,190.0821737
1940,217.6859238
1941,183.7761687
1942,242.6469776
1943,246.0297152
1944,277.3911357
1945,291.3059067
1946,225.3246331
1947,354.8438086
1948,200.9319446
1949,268.7693611
1950,301.0917784
1951,302.894291
1952,299.7656119
1953,278.4745416
1954,397.5836162
1955,282.9315686
1956,248.5485017
1957,326.3450753
1958,254.0106922
1959,291.192179
1960,285.3573515
1961,237.3995557
1962,208.1447579
1963,196.3692488
1964,248.9157636
1965,208.8561239
1966,286.6585454
1967,190.2880056
1968,235.1285314
1969,176.426483
1970,284.8269873
1971,205.7659271
1972,203.7615253
1973,189.806746
1974,295.3707879
1975,207.8502655
1976,203.7357427
1977,225.3722964
1978,225.6653275
1979,194.7504676
1980,300.1489261
1981,215.6202603
1982,205.5503292
1983,354.5119062
1984,277.1544589
1985,203.6816225
1986,200.5535045
1987,197.5688762
1988,351.0094035
1989,233.8027297
1990,238.1286161
1991,285.6893673
1992,198.4250756
1993,211.6583357
1994,207.1643452
1995,286.4712182
1996,272.3204069
1997,270.3593541
1998,272.2542113
1999,272.2503992
2000,231.8249004
2001,222.5390067
2002,302.0177011
2003,236.7895063
2004,219.949882
2005,279.5262028
2006,251.1674489
2007,234.3362843
2008,255.1314267
2009,247.7256947
2010,266.868082
2011,295.1818159
2012,419.6109959
2013,253.7766502
2014,214.344578
2015,251.3401085
2017,230.602683
2018,200.5041064
1925,208.7326009
1926,233.8428196
1927,252.355864
1928,340.3087311
1929,283.445579
1930,379.9962691
1931,240.0330231
1932,243.6907985
1933,211.6372542
1934,392.0316189
1935,295.8056846
1936,355.2928596
1937,243.7505456
1938,255.6782154
1939,282.3592034
1940,259.0684935
1941,251.2156069
1942,214.5811796
1943,310.2614551
1944,301.1951785
1945,255.4520058
1946,292.0895139
1947,346.1771701
1948,279.0036586
1949,315.4145064
1950,347.6159084
1951,320.3564964
1952,338.4727739
1953,343.9478142
1954,331.1626689
1955,342.624662
1956,309.4255377
1957,353.5094179
1958,341.9937054
1959,284.2268068
1960,308.136628
1961,267.2117379
1962,281.2206442
1963,260.4830478
1964,281.426723
1965,318.9743726
1966,316.3527161
1967,238.3497484
1968,269.8211022
1969,253.6379929
1970,413.2219952
1971,247.9860122
1972,245.5781552
1973,251.4970581
1974,319.7412988
1975,296.9279556
1976,274.071582
1977,248.9225092
1978,254.6026623
1979,232.5481101
1980,393.8581703
1981,254.9728829
1982,249.4510101
1983,386.1650553
1984,296.2235045
1985,265.5655525
1986,290.190004
1987,265.6597723
1988,337.3034622
1989,292.0934319
1990,276.8562976
1991,360.5815062
1992,243.5586815
1993,336.3653256
1994,231.1681086
1995,291.4064585
1996,287.0931139
1997,307.8201356
1998,308.6047067
1999,309.4142122
2000,277.2520254
2001,259.2233995
2002,375.4000479
2003,278.5373115
2004,256.1568956
2005,287.2614673
2006,284.3593902
2007,253.9199104
2008,304.2004526
2009,284.6519262
2010,313.9806591
2011,370.4710854
2014,266.0365156
2016,352.8975336
2017,318.278226
2018,287.0562533
1925,188.7664452
1926,224.886072
1927,252.6587339
1928,352.6431143
1929,333.5284463
1930,469.5884626
1931,243.2058284
1932,267.1095698
1933,386.1054035
1934,336.3393155
1935,329.7954442
1936,408.5934829
1937,318.5239427
1938,367.8424473
1939,347.4675853
1940,411.5861679
1941,342.9529547
1942,332.1479255
1943,402.0776146
1944,395.0985817
1945,394.9686839
1946,332.6642437
1947,394.9435272
1948,321.1099491
1949,384.0201996
1950,379.1833534
1951,350.0338846
1952,375.5268384
1953,422.9622807
1954,545.8568771
1955,382.7862166
1956,348.3828338
1957,393.5309748
1958,389.6796383
1959,373.3430399
1960,399.8902579
1961,330.1362648
1962,314.8667817
1963,313.7944741
1964,379.0200466
1965,311.9511315
1966,363.4541688
1967,278.6615274
1968,327.83516
1969,332.9244886
1970,440.9905131
1971,313.9633601
1972,294.8127644
1973,294.790604
1974,393.6891965
1975,320.2672527
1976,307.2581494
1977,324.6226255
1978,309.5426923
1979,302.4659829
1980,345.8756611
1981,323.4551063
1982,298.5652491
1983,522.8827997
1984,353.1611143
1985,329.64619
1986,297.8948613
1987,278.7800347
1988,413.9990878
1989,305.1119629
1990,363.4898903
1991,399.6587867
1992,273.8987983
1993,306.8420846
1994,343.3642288
1995,371.6016078
1996,403.3548185
1997,395.7826131
1998,358.4726494
1999,383.8478238
2000,336.2783685
2001,329.5562928
2002,414.6035559
2003,336.9640434
2004,294.3291254
2005,363.0634981
2006,357.8339193
2007,357.8705508
2008,322.9286773
2009,348.295452
2010,362.662209
2011,364.0116878
2012,619.6849374
2013,355.2811723
2014,314.247678
2015,377.2964325
2017,341.3326494
2018,315.1585687
1925,0
1926,252.3173654
1927,292.5487512
1928,191.6233693
1929,231.4895679
1930,252.8874074
1931,273.1967149
1932,139.7574881
1933,340.7153515
1934,562.5203746
1935,218.5319567
1936,388.4562687
1937,203.1658189
1938,260.8611453
1939,127.4071689
1940,233.111176
1941,131.2109885
1942,127.4194479
1943,157.8913078
1944,298.1003396
1945,312.7943317
1946,263.2096504
1947,382.2500547
1948,221.8440737
1949,286.7994853
1950,359.0241983
1951,323.5729717
1952,224.903067
1953,284.8504537
1954,253.5263447
1955,372.0356029
1956,246.1680739
1957,284.680106
1958,313.6341911
1959,309.3123383
1960,352.7635358
1961,262.6716121
1962,252.2055943
1963,249.662702
1964,254.6087429
1965,209.25847
1966,257.1676578
1967,213.5216989
1968,185.1358443
1969,191.1452847
1970,374.8880659
1971,228.597827
1972,202.1315708
1973,263.9609095
1974,429.385693
1975,212.744133
1976,235.997408
1977,159.3625502
1978,194.2786658
1979,160.4263459
1980,199.9582996
1981,167.1827553
1982,151.6669376
1983,360.5855972
1984,242.5632854
1985,144.2952323
1986,211.4838784
1987,206.7476768
1988,445.9463766
1989,231.9467386
1990,285.0296588
1991,355.929486
1992,279.3231494
1993,357.698516
1994,147.0851702
1995,350.5163326
1996,309.3394291
1997,300.0401039
1998,179.1418668
1999,261.0472593
2000,261.2967363
2001,323.8531868
2002,335.6999691
2003,234.0470569
2004,203.003101
2005,345.9919651
2006,217.0238819
2007,164.5957967
2008,204.0895162
2009,317.7056833
2010,253.218367
2011,248.877872
2012,345.5963657
2013,229.240268
2014,236.3695214
2015,283.4264448
2016,178.5297944
2017,226.1114847
2018,280.5036722
1925,122.1713413
1926,140.4888932
1927,203.730683
1928,162.9952157
1929,173.3960331
1930,253.9218716
1931,198.4523494
1932,190.7620328
1933,359.6573493
1934,279.1923233
1935,215.9751511
1936,314.0448385
1937,171.0498775
1938,214.0704649
1939,182.2463902
1940,232.76716
1941,166.14023
1942,184.2109219
1943,213.9532434
1944,276.6284995
1945,238.4506205
1946,224.8315552
1947,297.9322714
1948,201.4065262
1949,231.1367059
1950,278.2886296
1951,241.9861138
1952,240.3365535
1953,248.8594489
1954,247.1560593
1955,245.5764689
1956,211.6535701
1957,227.9667266
1958,229.9183
1959,237.4659214
1960,233.6956736
1961,207.1519694
1962,190.5328016
1963,195.2150103
1964,193.1071013
1965,193.283851
1966,222.3793868
1967,181.4572265
1968,233.0931617
1969,182.3969463
1970,238.865763
1971,176.0077498
1972,189.421253
1973,186.1938354
1974,243.2411946
1975,171.7886333
1976,175.8380724
1977,216.5902697
1978,202.3559147
1979,190.8746684
1980,297.7743594
1981,216.9065702
1982,190.8244451
1983,291.5181705
1984,218.9904884
1985,203.1675093
1986,187.145621
1987,192.117402
1988,313.1943247
1989,222.964643
1990,226.2211066
1991,240.4507241
1992,206.1136883
1993,231.1600798
1994,184.5296366
1995,272.2393198
1996,209.2627167
1997,230.2616283
1998,231.8449756
1999,210.616118
2000,222.7755829
2001,228.3729114
2002,266.4794233
2003,205.1884939
2004,208.129448
2005,234.5528302
2006,217.483941
2007,209.7326827
2008,221.9055531
2009,214.2137073
2010,249.2586222
2011,231.7370111
2012,290.2531142
2014,192.8551398
2015,209.0263069
2016,204.8233904
2017,221.3200855
2018,199.7244156
1925,125.1605067
1926,145.5916787
1927,250.9575072
1928,183.0041779
1929,178.0004952
1930,273.1588767
1931,231.9520239
1932,185.6070531
1933,446.1976248
1934,393.9943221
1935,248.0414268
1936,392.1304462
1937,194.7602561
1938,267.5007605
1939,189.0138711
1940,217.2759166
1941,162.6784222
1942,211.1947456
1943,208.5636559
1944,262.8596728
1945,273.2633127
1946,208.5523221
1947,397.7497732
1948,204.8405381
1949,252.524045
1950,327.0862244
1951,302.885564
1952,286.661042
1953,271.5540354
1954,353.0530503
1955,288.8440017
1956,216.3688578
1957,322.0964801
1958,244.3288188
1959,299.1637464
1960,246.277782
1961,254.4729605
1962,189.3956133
1963,139.1016671
1964,228.1325706
1965,161.0226642
1966,278.9579534
1967,174.0954012
1968,238.0998994
1969,134.6352077
1970,273.2139803
1971,176.4494733
1972,187.8796994
1973,199.0820454
1974,296.0888496
1975,149.229226
1976,150.4839116
1977,207.4051006
1978,217.7750076
1979,182.436672
1980,370.6260314
1981,205.9057045
1982,194.1318747
1983,374.9101848
1984,269.7158483
1985,217.089544
1986,168.8874089
1987,153.7331793
1988,385.3269588
1989,253.5590109
1990,250.7504889
1991,353.0357428
1992,186.5872855
1993,240.3441271
1994,204.063493
1995,329.9530651
1996,295.1540257
1997,303.0628705
1998,327.4879625
1999,291.6711149
2000,281.1470427
2001,222.3264896
2002,316.9918221
2003,217.0352633
2004,211.1707454
2005,283.841105
2006,253.559194
2007,222.8837066
2008,268.1328046
2009,244.1370079
2010,262.6955965
2011,310.6275116
2012,450.9909594
2013,246.7063764
2014,178.3128804
2015,212.2661547
2016,218.2453402
2017,216.8301903
2018,158.9733002
1925,196.3086067
1926,208.9442894
1927,226.2286444
1928,214.2474009
1929,245.1303761
1930,277.8091983
1931,230.1970679
1932,232.2659858
1933,312.2416932
1934,311.9947541
1935,250.3710668
1936,322.417767
1937,227.0961732
1938,266.9296319
1939,238.2072185
1940,261.6806599
1941,228.7084402
1942,243.6590641
1943,248.6664267
1944,270.4421455
1945,285.749019
1946,256.6174595
1947,333.5637178
1948,247.7816342
1949,264.0062367
1950,321.6293752
1951,291.0534005
1952,291.9274708
1953,286.7171741
1954,302.9138509
1955,285.79602
1956,257.7626728
1957,311.007915
1958,286.125785
1959,276.845865
1960,283.0606257
1961,260.4083581
1962,236.4385687
1963,222.7818387
1964,264.6838319
1965,226.6252747
1966,273.8417402
1967,226.8014819
1968,258.1020425
1969,217.0965467
1970,285.0107955
1971,235.7318619
1972,232.4927393
1973,244.1560972
1974,305.9135948
1975,232.9620753
1976,230.1119619
1977,250.4852143
1978,236.5652418
1979,230.9253191
1980,314.8991003
1981,242.9620796
1982,229.1133374
1983,309.5839431
1984,250.5135267
1985,230.2530346
1986,234.5333168
1987,228.5325582
1988,305.1388568
1989,244.5146217
1990,257.8714732
1991,274.3986047
1992,228.4838602
1993,244.3548487
1994,239.896339
1995,289.0350507
1996,290.1299035
1997,282.9921418
1998,290.9100574
1999,259.0165677
2000,271.1917719
2001,257.1013841
2002,284.8059357
2003,252.0677952
2004,233.710252
2005,265.8286366
2006,260.5206792
2007,248.2450952
2008,264.219518
2009,266.5709749
2010,273.951566
2011,285.9619703
2012,364.7639605
2013,257.0811114
2014,245.1052598
2015,267.8269662
2016,257.2153246
2017,247.5651967
2018,243.9287647
1925,310.2062794
1926,327.4676932
1927,333.6344658
1928,381.3485133
1929,345.4536548
1930,470.7075145
1931,341.3740114
1932,362.0096492
1933,338.2295428
1934,352.7516627
1935,404.4677218
1936,515.2914651
1937,350.290275
1938,372.5823282
1939,391.1725102
1940,405.3822716
1941,373.4177942
1942,358.2198248
1943,427.9393823
1944,442.3687897
1945,382.7625222
1946,365.0186236
1947,390.9574786
1948,353.8007369
1949,374.0363168
1950,388.2068187
1951,369.1651571
1952,417.5520752
1953,463.6635503
1954,440.3404956
1955,410.0579559
1956,385.0427059
1957,397.617607
1958,380.8035096
1959,389.8820759
1960,379.7765215
1961,356.383025
1962,362.2250128
1963,337.8169864
1964,417.6794642
1965,342.9386713
1966,389.7452805
1967,324.0816229
1968,347.452455
1969,394.4289073
1970,435.4151245
1971,398.2019868
1972,358.663854
1973,376.9161161
1974,400.3965461
1975,359.1315439
1976,363.9125317
1977,370.3924517
1978,378.6345468
1979,345.5423586
1980,421.1967864
1981,359.0960086
1982,347.1411776
1983,473.9429359
1984,375.377165
1985,365.9021373
1986,358.5681617
1987,349.0780262
1988,405.5707849
1989,363.9821144
1990,383.6812304
1991,423.3319792
1992,339.3401334
1993,351.5066863
1994,367.7950804
1995,404.9970578
1996,355.7549836
1997,396.6273912
1998,381.5775922
1999,381.4369651
2000,369.256171
2001,372.8403967
2002,441.0125769
2003,417.3040954
2004,342.7653989
2005,402.8358894
2006,393.8797268
2007,408.4592094
2008,365.2350069
2009,361.5212753
2010,376.4568645
2011,387.6940166
2012,547.1604167
2013,375.2248887
2016,394.4221229
2017,367.5778804
2018,372.255724
1925,237.3908533
1926,265.7489089
1927,238.6896799
1928,264.0231917
1929,322.547002
1930,370.3079639
1931,242.3457767
1932,235.3672777
1933,355.7154025
1934,324.7405631
1935,354.0864403
1936,376.7776935
1937,303.4013913
1938,305.0338713
1939,311.8884017
1940,323.8094609
1941,341.0554645
1942,347.0406112
1943,364.1293666
1944,375.4573996
1945,380.7160688
1946,301.1059265
1947,353.9924124
1948,290.4533703
1949,329.3552975
1950,326.6705098
1951,324.2396353
1952,329.1969163
1953,337.6655523
1954,457.7255716
1955,332.8993421
1956,297.6168001
1957,355.6755733
1958,352.9485576
1959,325.6365186
1960,335.8377393
1961,299.5013339
1962,303.8488521
1963,284.9730567
1964,373.4238381
1965,282.8994044
1966,332.6140116
1967,260.561889
1968,291.2186188
1969,283.5728181
1970,357.6059629
1971,291.4413248
1972,318.7202314
1973,310.3718363
1974,351.8558376
1975,280.4728289
1976,345.249148
1977,294.3402098
1978,289.7717837
1979,269.2452315
1980,330.7022131
1981,298.5835926
1982,291.3496516
1983,464.2877723
1984,380.6359643
1985,302.7055376
1986,281.0638501
1987,279.1767113
1988,381.3992009
1989,309.4941747
1990,319.6005347
1991,343.5948076
1992,298.6370601
1993,315.9039031
1994,309.6317547
1995,331.1258188
1996,352.6531773
1997,352.3018067
1998,314.7092785
1999,372.7379535
2000,317.7624819
2001,314.5596669
2002,370.9010133
2003,308.6430309
2004,290.4699198
2005,351.8196631
2006,323.1000647
2007,316.9191725
2008,301.0967832
2009,310.6034546
2010,319.3166418
2011,326.1316202
2012,502.7569996
2013,312.3225423
2014,293.0278718
2015,342.2176321
2016,329.3665201
2017,306.972089
2018,271.9736216
1925,206.8770992
1926,209.3181825
1927,243.0670209
1928,230.8370286
1929,232.5923812
1930,296.915795
1931,244.2106394
1932,253.955821
1933,329.5874096
1934,334.2463225
1935,242.3812678
1936,320.8132374
1937,228.7951015
1938,250.2836133
1939,232.4498502
1940,284.925062
1941,224.5437451
1942,240.5457685
1943,256.9462282
1944,261.2513812
1945,274.7641622
1946,257.8727395
1947,313.3413154
1948,263.1817209
1949,275.5540333
1950,282.2385066
1951,274.7483891
1952,286.744367
1953,296.0301956
1954,280.349084
1955,286.4763636
1956,258.5767606
1957,266.5986514
1958,274.6135078
1959,280.2886937
1960,272.3373737
1961,262.9889063
1962,246.9313773
1963,241.2753394
1964,260.9850072
1965,234.3668599
1966,263.5805041
1967,240.8557959
1968,266.1091812
1969,236.2141824
1970,268.5747455
1971,225.0567542
1972,233.7542772
1973,254.4713543
1974,292.5052981
1975,229.1494762
1976,248.4143314
1977,283.2601999
1978,244.4737803
1979,236.8786701
1980,343.6535805
1981,246.2644631
1982,230.6712876
1983,328.4793379
1984,274.2688349
1985,231.9993403
1986,264.5918005
1987,252.2637626
1988,410.2766898
1989,256.1480665
1990,260.9991271
1991,357.8980441
1992,244.6277219
1993,271.8199309
1994,243.3008516
1995,311.5674603
1996,267.2945429
1997,271.8420505
1998,280.9664958
1999,259.2351783
2000,278.5886228
2001,269.9811254
2002,269.0706849
2003,250.7564951
2004,245.7186777
2005,266.5951248
2006,259.243275
2007,244.5415973
2008,257.18409
2009,253.1750476
2010,291.1855131
2011,300.10976
2012,404.7785354
2013,277.5664271
2014,247.9733223
2015,284.5092425
2016,249.835848
2017,245.4834912
2018,255.6704204
1925,290.3403892
1926,265.3719476
1927,393.9516933
1928,387.7152718
1929,369.8172473
1930,541.1059089
1931,298.8536215
1932,270.2943502
1933,356.0875389
1934,497.5696165
1935,392.8098353
1936,591.1012297
1937,397.472022
1938,385.3982691
1939,422.2260697
1940,471.5431507
1941,477.927352
1942,356.2736108
1943,413.2684483
1944,465.9486565
1945,402.6202311
1946,351.2530007
1947,449.0702692
1948,359.9679371
1949,422.7681352
1950,401.2072773
1951,401.4187791
1952,449.545526
1953,470.3826371
1954,523.8535902
1955,447.2251932
1956,381.854019
1957,416.4690435
1958,440.2624604
1959,434.6002636
1960,382.9015013
1961,335.1230675
1962,372.5891986
1963,344.8219328
1964,422.378973
1965,391.6943081
1966,438.6741452
1967,322.5770575
1968,389.0809979
1969,419.5891229
1970,514.7488473
1971,414.4587988
1972,345.0014344
1973,421.547208
1974,423.1151906
1975,329.6162261
1976,378.5793417
1977,353.5235457
1978,447.2901845
1979,339.6735588
1980,486.8149959
1981,370.486532
1982,354.222815
1983,562.5536475
1984,423.7040623
1985,386.2892129
1986,391.3929924
1987,361.2090909
1988,396.1580664
1989,359.9016558
1990,400.8171012
1991,464.144175
1992,359.655264
1993,360.4014829
1994,373.8894257
1995,497.532615
1996,414.1809253
1997,461.6991439
1998,448.4460443
1999,457.2913661
2000,381.6096665
2001,365.3696461
2002,570.4357045
2003,496.9077039
2004,371.821718
2005,414.8554551
2006,394.7943648
2007,430.6143879
2008,382.3599833
2009,375.0230198
2010,445.1480859
2011,439.6585181
2012,663.2150807
2013,368.0863545
2014,378.2204834
2015,398.8913187
2016,458.8721214
2017,395.092461
2018,401.1631811
1925,214.0641523
1926,240.566946
1927,270.5197522
1928,236.3250417
1929,249.6836438
1930,311.0407445
1931,242.3359907
1932,227.1283494
1933,268.9410131
1934,343.3117191
1935,282.2625068
1936,366.5797538
1937,229.3099184
1938,254.7409089
1939,238.2821927
1940,260.8650049
1941,244.5436895
1942,237.5355096
1943,253.337988
1944,264.4344479
1945,290.9061289
1946,238.2451783
1947,316.6028234
1948,223.3560356
1949,263.7625342
1950,266.7006946
1951,267.2012205
1952,254.1864033
1953,282.7512668
1954,266.6159168
1955,269.4723523
1956,253.4411968
1957,272.9096965
1958,245.9381612
1959,267.9799881
1960,297.000448
1961,242.3496171
1962,246.8690405
1963,249.6770873
1964,252.4567599
1965,245.5039018
1966,266.4307034
1967,231.8224606
1968,258.4316236
1969,240.1476695
1970,296.9876471
1971,237.3546943
1972,233.5247808
1973,252.2220781
1974,295.6618699
1975,235.2805789
1976,255.8324647
1977,279.8621455
1978,264.9391456
1979,238.5453433
1980,278.2313383
1981,247.0806227
1982,240.4761303
1983,329.1428189
1984,249.8722379
1985,247.8565945
1986,226.8379558
1987,268.5994316
1988,345.3565137
1989,297.4539708
1990,262.9254041
1991,266.3025338
1992,241.2648374
1993,272.9887077
1994,246.8141643
1995,292.3475778
1996,258.9199926
1997,275.231624
1998,265.2427299
1999,252.5301077
2000,259.2029136
2001,256.8688772
2002,257.2534501
2003,250.8966536
2004,237.2760453
2005,287.7058685
2006,262.2127885
2007,243.6831064
2008,240.6498022
2009,256.2117457
2010,290.9046322
2011,279.7780498
2012,317.2236822
2013,267.0217602
2014,249.2597313
2015,271.606142
2016,255.3728908
2017,254.8962426
2018,244.0257325
1925,224.7004102
1926,256.6976767
1927,206.3795118
1928,276.8753599
1929,276.3606128
1930,466.9606226
1931,295.4546919
1932,207.2440125
1933,294.8362978
1934,294.848151
1935,380.1390599
1936,505.7296349
1937,264.26152
1938,280.9875876
1939,313.071061
1940,329.2470824
1941,270.9695771
1942,266.1367683
1943,352.5940916
1944,337.8106761
1945,324.3821978
1946,286.8596113
1947,359.8840199
1948,284.9001155
1949,360.3720953
1950,335.7026885
1951,367.5583351
1952,434.8740583
1953,327.9151848
1954,374.9380098
1955,387.251953
1956,322.2292018
1957,387.8597815
1958,356.0033932
1959,367.4700947
1960,348.5875268
1961,326.7951533
1962,324.3063983
1963,253.9153999
1964,260.9396405
1965,256.8906474
1966,344.8359342
1967,210.2622687
1968,356.5711208
1969,304.7695019
1970,437.7910731
1971,306.3984477
1972,263.2474019
1973,314.9015566
1974,324.082975
1975,272.8992338
1976,267.2660136
1977,305.9434598
1978,369.5667531
1979,252.3722472
1980,400.3105397
1981,291.0943091
1982,249.9149048
1983,384.3259406
1984,291.840917
1985,284.6054854
1986,270.5524409
1987,243.8240974
1988,328.4092924
1989,277.6256232
1990,325.7226755
1991,371.7542939
1992,226.1079787
1993,302.9524656
1994,288.2665669
1995,384.2110499
1996,304.6478741
1997,346.9430255
1998,358.3034579
1999,349.1230647
2000,278.0066791
2001,286.6676277
2002,432.8313394
2003,334.9970086
2004,280.8019184
2005,320.3367389
2006,309.8898302
2007,323.4971991
2008,309.7763748
2009,310.6488653
2010,348.1896507
2011,346.7385451
2012,495.5781206
2013,281.1077639
2014,287.2148916
2015,323.3762646
2016,340.7898721
2017,295.9850301
2018,331.7570019
1925,263.0201952
1926,276.7131979
1927,268.2021067
1928,271.9625248
1929,275.8016233
1930,298.2473318
1931,282.4171706
1932,270.9593395
1933,293.7232792
1934,354.051054
1935,291.8532515
1936,326.2489343
1937,278.6558596
1938,282.0617704
1939,273.4934834
1940,284.5673233
1941,273.3951275
1942,290.3483036
1943,285.0836939
1944,288.3333012
1945,292.7538105
1946,278.5967931
1947,302.2192968
1948,276.9473122
1949,288.1616252
1950,287.4566289
1951,281.1050185
1952,291.4638475
1953,290.7293902
1954,331.8739138
1955,288.6016983
1956,282.1011037
1957,294.0449255
1958,281.4612186
1959,291.9220861
1960,291.3586325
1961,283.2115162
1962,280.4897759
1963,278.0184464
1964,288.8041752
1965,278.3384506
1966,284.3975459
1967,270.9401665
1968,282.851063
1969,281.6195321
1970,302.3890029
1971,280.388479
1972,280.3176499
1973,278.8425239
1974,287.7816714
1975,278.3652673
1976,283.8933641
1977,285.2527941
1978,283.2621895
1979,273.3229005
1980,303.7389907
1981,278.1235866
1982,278.5725012
1983,309.621634
1984,285.608562
1985,279.1352793
1986,272.9112265
1987,277.1243548
1988,294.7944463
1989,284.6588641
1990,283.5169946
1991,280.6529382
1992,276.4118913
1993,283.2628973
1994,277.3240032
1995,290.4442738
1996,281.7446959
1997,287.3524038
1998,288.4524625
1999,290.6665414
2000,278.4814665
2001,283.1574195
2002,293.5674929
2003,280.6495025
2004,277.1652767
2005,290.9419158
2006,291.2872924
2007,284.6339882
2008,285.9183433
2009,282.8403545
2010,286.2073894
2011,287.73653
2012,308.3486113
2013,286.5368619
2014,279.0016687
2015,292.8641258
2016,283.2660955
2017,280.5862149
2018,279.6360445
1925,150.5764308
1926,176.6606326
1927,244.5572104
1928,189.0323613
1929,221.5040085
1930,279.5947654
1931,217.1191406
1932,211.8859148
1933,357.3928256
1934,477.0889131
1935,199.1098454
1936,317.6428046
1937,204.1115352
1938,236.0316416
1939,198.0914132
1940,295.3272269
1941,188.1980088
1942,196.1350754
1943,250.4856
1944,257.5777372
1945,259.1810471
1946,250.5794756
1947,334.2880235
1948,259.144049
1949,270.5839362
1950,296.8733716
1951,283.2017503
1952,266.1538512
1953,281.3648278
1954,252.703411
1955,306.8790406
1956,260.8472934
1957,274.8915817
1958,272.6365352
1959,248.0073815
1960,257.515792
1961,274.2730054
1962,231.0192433
1963,267.2784749
1964,232.9354726
1965,205.3676174
1966,228.8834718
1967,194.5758245
1968,273.8668903
1969,208.7667705
1970,296.9086246
1971,214.5362583
1972,230.5269245
1973,235.7835138
1974,325.5094761
1975,206.0897533
1976,220.9530811
1977,230.9170052
1978,238.3495716
1979,197.5345453
1980,290.9510167
1981,209.901182
1982,200.1503088
1983,345.3847846
1984,252.9443748
1985,218.9861224
1986,217.6704035
1987,257.6759641
1988,447.2754402
1989,208.6002915
1990,254.0815621
1991,407.5014584
1992,211.4943482
1993,249.2437696
1994,183.2093273
1995,303.8238606
1996,271.3644044
1997,285.0910511
1998,251.7155434
1999,279.4964624
2000,252.823531
2001,269.0676893
2002,298.4409089
2003,227.2375109
2004,232.8522481
2005,324.4441005
2006,245.4417575
2007,226.7228586
2008,226.3140159
2009,258.4453681
2010,277.4112244
2011,286.7193538
2012,388.7550905
2013,239.5699383
2014,225.8442069
2015,287.4400584
2016,223.852359
2017,232.3214901
2018,245.9759655
1925,254.7657557
1926,108.9818446
1927,271.0357094
1928,294.7304841
1929,350.3429425
1930,426.2689553
1931,291.5647116
1932,221.4413583
1933,296.3585746
1934,346.9671509
1935,369.92261
1936,580.817416
1937,334.1249859
1938,318.8765355
1939,352.7249008
1940,399.4470757
1941,383.0372685
1942,292.0572413
1943,388.751423
1944,420.7245737
1945,383.9787389
1946,303.5229851
1947,380.7506048
1948,254.9197919
1949,388.4088078
1950,284.0620525
1951,377.990519
1952,386.6753388
1953,479.2414719
1954,527.9052146
1955,455.425367
1956,313.4460676
1957,336.7550957
1958,396.2333668
1959,368.3266884
1960,349.7802539
1961,339.169008
1962,335.5287508
1963,270.2012012
1964,421.6144232
1965,299.5850202
1966,324.4872668
1967,184.9223699
1968,336.1361164
1969,381.2936
1970,507.978985
1971,345.4707635
1972,276.1862516
1973,365.8417841
1974,387.668677
1975,265.5230677
1976,289.8271161
1977,294.1617589
1978,419.9391846
1979,284.124237
1980,397.7087738
1981,314.5595633
1982,290.46357
1983,574.4551874
1984,358.2817608
1985,310.0599887
1986,301.2829306
1987,274.8198487
1988,378.0170589
1989,298.8021071
1990,400.8534646
1991,441.7035222
1992,291.8702575
1993,282.7760655
1994,314.1257889
1995,413.9539237
1996,306.4154622
1997,372.2222601
1998,383.7967771
1999,373.1462786
2000,322.6626037
2001,324.1536985
2002,516.6994811
2003,464.9889109
2004,280.0739744
2005,348.5312228
2006,340.7296999
2007,417.2020733
2008,309.6648526
2009,315.7141458
2010,362.6515171
2011,406.9760781
2012,683.0242472
2013,309.7511196
2016,429.6396122
2017,334.0595803
2018,358.9482796
1925,133.702876
1926,192.7889314
1927,293.3142793
1928,177.2210336
1929,221.3326723
1930,284.7895729
1931,234.9430222
1932,192.2008392
1933,263.3703734
1934,549.0383758
1935,283.8120222
1936,482.8021023
1937,145.0702995
1938,234.003575
1939,210.3334752
1940,200.0797223
1941,201.530527
1942,181.9677278
1943,220.7700128
1944,238.4441538
1945,316.446734
1946,180.8776256
1947,405.4256432
1948,163.5868769
1949,254.5770143
1950,240.9833955
1951,242.513803
1952,248.7717771
1953,293.9817209
1954,275.1198007
1955,257.9169772
1956,259.4584647
1957,248.230436
1958,214.3170368
1959,243.8614025
1960,322.8452306
1961,218.0528033
1962,206.559465
1963,202.5345041
1964,229.006788
1965,176.7039049
1966,233.8608934
1967,177.2540663
1968,180.5099559
1969,247.5431448
1970,259.5623633
1971,168.4433439
1972,166.6630216
1973,204.4903657
1974,238.1882324
1975,213.0738551
1976,251.7283567
1977,363.0519387
1978,234.7072356
1979,164.6578405
1980,266.5670856
1981,205.747323
1982,186.0190159
1983,402.5589868
1984,235.6226597
1985,191.3908894
1986,196.6885789
1987,257.5247692
1988,397.4178747
1989,363.7765714
1990,253.460529
1991,260.3669327
1992,216.9265291
1993,294.3266317
1994,196.2827643
1995,296.0962223
1996,241.8407155
1997,248.3613916
1998,266.6516857
1999,271.002415
2000,228.4687188
2001,238.3352236
2002,242.7739667
2003,219.7330257
2004,189.1809963
2005,279.0371529
2006,265.1941481
2007,218.2804644
2008,211.9466139
2009,233.1881583
2010,346.3818851
2011,315.5075879
2012,320.3000908
2013,250.5796714
2014,197.6072122
2015,255.8728714
2016,220.844772
2017,204.591362
2018,194.8541372
1925,224.8963061
1926,261.534186
1927,279.7056862
1928,255.0252628
1929,271.1852884
1930,260.4826294
1931,261.6864908
1932,268.2191231
1933,295.8956089
1934,333.4219738
1935,284.4447235
1936,312.6119347
1937,288.2427421
1938,273.690011
1939,253.3380447
1940,260.4636585
1941,252.0964186
1942,262.6322265
1943,251.0815738
1944,261.0319051
1945,283.2249523
1946,279.8193887
1947,286.4959208
1948,266.7957519
1949,267.7269991
1950,286.2695591
1951,285.0075266
1952,255.4022014
1953,259.3072225
1954,263.1698203
1955,282.3788318
1956,263.6777133
1957,277.5056019
1958,275.3058864
1959,266.4446027
1960,291.7758229
1961,265.6525791
1962,259.2701322
1963,263.7762449
1964,260.0388452
1965,267.9282928
1966,271.1465354
1967,254.311202
1968,258.397999
1969,258.3127989
1970,276.5896388
1971,263.2187772
1972,257.1767923
1973,274.3410903
1974,319.7456468
1975,267.6362244
1976,273.4563622
1977,263.5581786
1978,263.4915747
1979,259.8946232
1980,268.8072375
1981,264.2342738
1982,259.1338733
1983,286.3525048
1984,276.41399
1985,271.7725618
1986,262.5487077
1987,277.6146418
1988,338.4490181
1989,264.9952385
1990,272.9410493
1991,320.4066049
1992,275.9989397
1993,305.6453834
1994,256.7613596
1995,305.4660126
1996,285.1823112
1997,277.8427466
1998,263.4168483
1999,271.8202216
2000,279.8295229
2001,276.8063346
2002,287.9575518
2003,275.3227527
2004,261.6384975
2005,305.9576501
2006,266.2597675
2007,261.5380487
2008,270.8401611
2009,286.1371822
2010,265.2743851
2011,268.0117677
2013,270.7261289
2014,265.3802735
2015,261.338235
2016,264.5633983
2017,270.0282176
2018,268.9391169
1925,97.73715033
1926,174.978732
1927,254.0261607
1928,103.327327
1929,234.5524311
1930,288.4343462
1931,199.3221377
1932,140.0990605
1933,260.1940047
1934,404.1609214
1935,253.9434195
1936,420.5248524
1937,153.6086205
1938,250.9080516
1939,183.8469075
1940,202.0077037
1941,219.7228721
1942,208.4832625
1943,211.6777311
1944,242.1523621
1945,323.1423279
1946,227.5544395
1947,361.6099153
1948,227.213347
1949,299.8166803
1950,282.2226644
1951,284.2197735
1952,262.326507
1953,350.158129
1954,272.9259571
1955,264.1413584
1956,255.9012837
1957,279.8796363
1958,230.9000962
1959,248.8636838
1960,291.8446157
1961,245.0436402
1962,224.9830586
1963,223.8411626
1964,235.9912541
1965,252.3243575
1966,242.2765262
1967,180.3587968
1968,265.2028613
1969,192.1326808
1970,287.3068938
1971,185.0228727
1972,160.5976798
1973,192.8209132
1974,239.7134656
1975,196.9402977
1976,204.0897411
1977,263.3351245
1978,198.1553449
1979,176.4184163
1980,251.3444443
1981,209.1438476
1982,206.5132251
1983,317.2681788
1984,207.6417509
1985,185.0369594
1986,177.6096381
1987,203.8954243
1988,410.7232737
1989,418.9558878
1990,259.4433042
1991,262.3592234
1992,221.3441124
1993,293.5556317
1994,169.8891062
1995,321.3645904
1996,229.391293
1997,279.1260931
1998,261.0457553
1999,253.8537753
2000,269.2783037
2001,235.6000132
2002,231.7095323
2003,232.5762577
2004,200.0288799
2005,273.4001631
2006,264.5645954
2007,216.7216204
2008,192.9220212
2009,250.9453175
2010,323.7972456
2011,292.6066127
2012,290.5115221
2013,266.6490125
2014,207.7224158
2015,244.0898205
2016,219.7964647
2017,193.5141268
2018,218.1221553
1925,97.964628
1926,224.8687802
1927,313.9251988
1928,180.5408405
1929,231.5808624
1930,261.7751682
1931,302.4110447
1932,144.9226215
1933,278.2514146
1934,358.8677349
1935,238.7170675
1936,416.823112
1937,129.9405795
1938,222.5982977
1939,158.8601154
1940,224.7810524
1941,194.5222051
1942,173.90702
1943,198.6543887
1944,230.5627179
1945,269.8434157
1946,219.6476699
1947,348.5003477
1948,203.5347357
1949,239.8094679
1950,269.0442408
1951,298.0381091
1952,214.3096582
1953,280.5590293
1954,275.8130875
1955,277.6438191
1956,225.5837747
1957,239.9978033
1958,242.6839354
1959,239.7961476
1960,298.9487938
1961,234.7050718
1962,201.5935372
1963,220.2717942
1964,238.6609213
1965,193.141093
1966,211.1168895
1967,164.5124792
1968,218.2951672
1969,177.4923218
1970,348.4587719
1971,164.9260108
1972,161.2037087
1973,206.4259009
1974,331.5534277
1975,178.4449648
1976,210.0101034
1977,194.6169469
1978,213.8973933
1979,169.8277762
1980,221.5686932
1981,168.2151842
1982,193.5256693
1983,399.5532062
1984,257.7884973
1985,247.0580486
1986,196.7552828
1987,243.8654318
1988,485.2590322
1989,333.0680076
1990,270.791726
1991,297.0702017
1992,217.9892147
1993,283.6156752
1994,176.582971
1995,299.1612602
1996,259.7380143
1997,314.2141215
1998,224.0637831
1999,269.9155423
2000,262.0041985
2001,240.8779754
2002,218.227695
2003,219.5796086
2004,186.0937193
2005,346.9463585
2006,236.1156131
2007,198.7365423
2008,217.0196095
2009,228.0079605
2010,290.07493
2011,258.0207484
2012,348.1092807
2013,246.3020569
2014,230.4680687
2015,238.5909843
2016,212.8554617
2017,198.6858228
2018,200.8894662
1925,271.5031814
1926,271.144797
1927,265.9419115
1928,268.9335247
1929,267.8469868
1930,261.6501463
1931,266.567318
1932,268.2926099
1933,256.3773505
1934,255.003732
1935,267.6163821
1936,259.8469547
1937,269.0227056
1938,265.3405108
1939,267.4262108
1940,263.6208161
1941,267.041203
1942,267.1350889
1943,265.5321961
1944,262.1269355
1945,263.4014442
1946,264.7991271
1947,261.8835488
1948,263.9633888
1949,262.6690703
1950,261.9612406
1951,261.8771294
1952,262.0903134
1953,262.0022519
1954,263.265811
1955,262.1041331
1956,265.9869093
1957,264.349235
1958,263.7758783
1959,262.4947351
1960,264.1914114
1961,265.0764917
1962,267.4183769
1963,267.2590428
1964,265.7682801
1965,267.8666894
1966,265.8285821
1967,267.2545386
1968,264.8849787
1969,267.8016487
1970,263.9479376
1971,268.5372917
1972,267.7394354
1973,265.3574987
1974,262.6305292
1975,267.0339393
1976,266.5003108
1977,263.0020578
1978,265.5633283
1979,266.9659013
1980,259.1201242
1981,265.954672
1982,267.8019703
1983,260.4182299
1984,264.1570446
1985,267.5896373
1986,264.4511365
1987,266.3482932
1988,253.7200743
1989,265.9814821
1990,264.6032668
1991,254.6794718
1992,266.547824
1993,262.4090432
1994,267.2597698
1995,259.6860235
1996,264.2681212
1997,264.0470917
1998,263.8279371
1999,265.8748842
2000,264.25915
2001,265.3512182
2002,265.0434003
2003,264.9302542
2004,267.0346618
2005,265.358024
2006,265.4240518
2007,265.9195715
2008,265.4604127
2009,265.5190066
2010,262.1672683
2011,263.0285615
2012,256.9612311
2013,264.424917
2014,265.2279848
2015,258.7439417
2016,265.4401149
2017,265.6700882
2018,265.2529036
1925,282.779486
1926,317.5504661
1927,292.6671273
1928,352.6919188
1929,361.7008106
1930,450.9796156
1931,354.3038691
1932,328.1312895
1933,331.2705013
1934,451.4905044
1935,372.5904871
1936,456.9401539
1937,379.0859488
1938,353.6370162
1939,346.6456193
1940,340.2610599
1941,369.8758245
1942,320.2207053
1943,324.2547416
1944,375.6576799
1945,345.5824392
1946,324.0280517
1947,414.1651724
1948,332.3981066
1949,361.6271955
1950,393.3847814
1951,392.366317
1952,396.1953854
1953,400.0089337
1954,428.5224555
1955,398.475128
1956,358.0650653
1957,373.3455198
1958,381.154745
1959,373.8797378
1960,360.399452
1961,321.5905896
1962,375.2203898
1963,303.8012819
1964,376.4159169
1965,338.6179319
1966,356.7612982
1967,304.6356038
1968,337.8584696
1969,336.9502708
1970,448.3540009
1971,360.2197473
1972,323.6636814
1973,360.3763039
1974,401.6626746
1975,342.4086898
1976,337.6912279
1977,345.8775763
1978,354.0341114
1979,308.9924256
1980,465.6135912
1981,346.7848182
1982,320.9601226
1983,406.3441032
1984,363.7837705
1985,346.5694423
1986,355.6882573
1987,320.3711809
1988,385.6917355
1989,337.3171582
1990,355.7466702
1991,414.0600795
1992,352.7966493
1993,362.7338834
1994,348.7461102
1995,408.2443279
1996,372.6995123
1997,401.3934125
1998,392.2865792
1999,418.3771227
2000,333.0673108
2001,331.4102154
2002,452.3196836
2003,362.5955517
2004,343.7885387
2005,349.4692568
2006,351.3973061
2007,356.9790734
2008,350.4277121
2009,348.8636226
2010,398.74251
2011,396.7272182
2012,555.4198032
2013,338.6173195
2014,345.274354
2016,387.2755272
2017,356.7026925
2018,364.258324
1925,203.1904708
1926,205.1459908
1927,299.3289624
1928,304.7731415
1929,342.574409
1930,392.2149708
1931,250.2739713
1932,221.6999822
1933,352.1816521
1934,328.6999721
1935,401.7503509
1936,452.863197
1937,330.1217837
1938,326.1906256
1939,316.4620603
1940,344.5273079
1941,328.4954725
1942,361.1631215
1943,394.8672848
1944,422.7974987
1945,389.6060442
1946,311.6788203
1947,363.4262901
1948,304.4603458
1949,366.4630498
1950,363.1016016
1951,329.4627973
1952,415.4227304
1953,385.8619031
1954,520.5700457
1955,383.3616985
1956,348.0261062
1957,407.2429657
1958,399.0533904
1959,349.8821151
1960,369.5185238
1961,303.1544622
1962,308.6344005
1963,299.9534886
1964,388.7697131
1965,302.4458606
1966,367.7802361
1967,282.7623911
1968,320.0297022
1969,319.6624985
1970,391.4623437
1971,309.50106
1972,323.6065461
1973,328.0516955
1974,383.8982074
1975,322.8187454
1976,320.424255
1977,316.0314267
1978,309.8332994
1979,292.3623332
1980,356.7087528
1981,318.1556971
1982,302.9881906
1983,526.8343244
1984,349.944708
1985,320.3579572
1986,292.4670189
1987,283.2643522
1988,407.6380892
1989,327.894583
1990,349.598325
1991,443.5386544
1992,291.3959391
1993,333.2469536
1994,312.3816801
1995,367.8831529
1996,385.9103757
1997,359.9686671
1998,354.6142305
1999,400.4698119
2000,335.407477
2001,325.1910986
2002,405.1045209
2003,331.4767482
2004,295.4460786
2005,378.6544203
2006,343.4233274
2007,339.3165009
2008,328.677001
2009,346.5160158
2010,358.0285503
2011,356.3101681
2012,610.1875908
2013,354.9591053
2014,314.5856684
2015,354.9161505
2016,344.5333442
2017,330.1061539
2018,303.2663382
1925,284.6305798
1926,205.2285115
1927,305.422448
1928,339.2917809
1929,439.3141894
1930,607.7702911
1931,272.6833873
1932,289.4930052
1933,457.4897124
1934,548.2036352
1935,437.967044
1936,654.0504
1937,447.7208051
1938,458.6483382
1939,456.9307012
1940,542.3898274
1941,563.934824
1942,453.414864
1943,541.9989534
1944,515.6481213
1945,481.7913366
1946,396.9645989
1947,518.996703
1948,400.2397447
1949,469.3995793
1950,452.272176
1951,436.6206479
1952,510.8824162
1953,553.0796556
1954,605.6624547
1955,508.1875519
1956,442.0138213
1957,450.0472031
1958,457.8427554
1959,452.2715883
1960,434.6294475
1961,378.0618057
1962,392.0638814
1963,362.6801969
1964,551.4460609
1965,399.9959531
1966,461.0516933
1967,315.0125635
1968,378.7487038
1969,486.1940726
1970,577.1312464
1971,443.4469085
1972,360.6158979
1973,419.9825444
1974,467.4615857
1975,407.7351293
1976,435.5373926
1977,396.931298
1978,423.5570526
1979,339.8344174
1980,551.4027127
1981,408.0938061
1982,375.1157803
1983,622.5209906
1984,498.2313923
1985,401.476346
1986,407.6539191
1987,371.6351201
1988,488.5041681
1989,418.9532678
1990,505.6123068
1991,558.2562884
1992,420.4325227
1993,405.1325065
1994,416.6682707
1995,545.7386767
1996,459.9098254
1997,492.1873942
1998,449.4679486
1999,489.2972521
2000,382.228922
2001,382.8043313
2002,563.4525051
2003,545.4242074
2004,368.2050168
2005,433.6282927
2006,450.9342029
2007,512.6153187
2008,426.4824895
2009,412.8751745
2010,451.1904018
2011,486.0252759
2013,401.8731293
2014,381.6160648
2015,470.9850052
2016,483.2223177
2017,473.7563376
2018,408.9531603
1925,247.2279979
1926,262.1823334
1927,279.2698167
1928,254.3067887
1929,271.5972672
1930,264.2228991
1931,268.132947
1932,265.3016318
1933,267.8049817
1934,277.4907229
1935,272.8785108
1936,275.45025
1937,271.2481797
1938,268.6953119
1939,257.8958283
1940,256.2002487
1941,263.3142225
1942,258.5874683
1943,257.0242984
1944,278.1373718
1945,275.6682264
1946,262.3645811
1947,280.3229942
1948,261.9943778
1949,260.5783636
1950,274.7405578
1951,270.8924151
1952,258.4267506
1953,268.5516917
1954,264.6052536
1955,272.5513486
1956,262.9203723
1957,264.7838603
1958,266.6465962
1959,266.2080631
1960,273.6194984
1961,266.8780882
1962,264.3961263
1963,267.5607477
1964,267.2070311
1965,266.8815341
1966,260.8941234
1967,259.5739521
1968,256.6898708
1969,263.4032769
1970,270.0200408
1971,263.1093335
1972,262.4312133
1973,267.4383578
1974,285.3743108
1975,262.7172401
1976,276.5796134
1977,260.6035133
1978,264.0874037
1979,259.1992722
1980,263.5025365
1981,262.0531029
1982,262.5319434
1983,286.4507852
1984,265.3433261
1985,264.4091821
1986,263.0858521
1987,268.0957735
1988,312.9563638
1989,267.5930593
1990,266.7070349
1991,274.0550775
1992,269.8016366
1993,288.1734033
1994,262.456002
1995,274.6672287
1996,269.3802714
1997,269.8168635
1998,261.4859619
1999,267.9001404
2000,271.111378
2001,267.6614295
2002,265.5605713
2003,266.7431111
2004,260.1446903
2005,264.8938805
2006,265.3673162
2007,259.8072729
2008,267.9846132
2009,267.7639825
2010,265.0127996
2011,267.3942822
2012,298.9955154
2013,267.7947937
2014,266.1762411
2015,266.9420154
2016,261.4537095
2017,266.051844
2018,261.8360727
1925,119.2775733
1926,199.4505945
1927,269.0507205
1928,218.8448239
1929,253.2676155
1930,286.7597128
1931,288.8625941
1932,234.367605
1933,372.1573545
1934,434.9322934
1935,236.4929125
1936,362.3187894
1937,227.6844516
1938,254.6923096
1939,205.6111885
1940,253.3964282
1941,166.4591883
1942,204.4745527
1943,228.5657838
1944,300.2070083
1945,281.8977835
1946,284.4614116
1947,347.2081944
1948,264.4671203
1949,279.5697237
1950,331.6000515
1951,314.7547821
1952,264.5458976
1953,267.4823042
1954,281.2946111
1955,333.9037594
1956,260.3852876
1957,294.2984729
1958,286.4780556
1959,279.0819849
1960,311.4589333
1961,289.2074869
1962,259.1719163
1963,257.6831382
1964,243.230491
1965,246.4608405
1966,266.5814236
1967,236.3462787
1968,231.6658111
1969,231.1142535
1970,340.3839688
1971,256.9395834
1972,275.3208825
1973,285.729389
1974,397.877201
1975,250.4280652
1976,257.0202488
1977,222.0647538
1978,235.5088718
1979,212.4377119
1980,258.4411469
1981,209.8936451
1982,198.0156585
1983,326.9463591
1984,260.2772188
1985,205.7294902
1986,250.6749864
1987,229.9844008
1988,349.8894302
1989,236.284246
1990,276.7635377
1991,374.3349869
1992,293.5110071
1993,340.1280972
1994,209.0076644
1995,320.5615337
1996,289.2161096
1997,280.9057392
1998,219.5345044
1999,270.369937
2000,280.6740051
2001,330.1581457
2002,350.9329655
2003,253.9348693
2004,242.5606401
2005,380.2057591
2006,243.6938816
2007,230.8342823
2008,231.5912232
2009,299.9365235
2010,263.2553925
2011,274.7139605
2012,358.9159918
2013,248.6735158
2014,266.3454829
2015,274.3949816
2016,224.3594129
2017,299.4927066
2018,276.8633997
1925,244.7814654
1926,278.7375088
1927,314.3153808
1928,273.1164394
1929,295.8599813
1930,333.7098434
1931,286.7576535
1932,276.5142538
1933,309.5799098
1934,501.7827303
1935,338.4981514
1936,432.9787954
1937,292.5803188
1938,322.5043364
1939,290.7483176
1940,318.8039973
1941,291.5138769
1942,305.6794559
1943,294.5574566
1944,308.3924418
1945,336.8605083
1946,291.9802857
1947,378.3218278
1948,278.8204456
1949,305.5607092
1950,305.9978645
1951,298.8262977
1952,316.9677114
1953,325.7393834
1954,332.5037083
1955,321.9503565
1956,310.8358036
1957,316.8384625
1958,300.1859182
1959,323.2579355
1960,325.4919678
1961,318.7067276
1962,303.2126427
1963,289.9707854
1964,312.258961
1965,308.4308707
1966,306.3003714
1967,278.4160844
1968,292.329992
1969,308.6361082
1970,328.1343318
1971,296.4538963
1972,293.9480721
1973,296.073638
1974,325.8922756
1975,299.1337713
1976,312.8623238
1977,325.0124935
1978,298.7745247
1979,288.7702171
1980,303.8395944
1981,277.571908
1982,289.2398125
1983,412.3594491
1984,303.5291326
1985,294.2438196
1986,288.3888729
1987,302.6053681
1988,345.3851014
1989,311.9547408
1990,301.9462298
1991,314.6351316
1992,293.2562574
1993,314.4962342
1994,295.3595163
1995,331.3954786
1996,313.5648374
1997,318.7751712
1998,300.9569212
1999,313.6851403
2000,293.6361181
2001,301.7151365
2002,315.5049301
2003,291.4760523
2004,282.6528922
2005,318.0820519
2006,317.4065969
2007,308.8735767
2008,310.4889016
2009,308.6746182
2010,338.4288246
2011,333.7834425
2012,372.4694118
2013,302.7641578
2014,292.5566343
2015,317.8937398
2016,303.8057947
2017,301.6602649
2018,303.642867
1925,256.1552451
1926,269.9157248
1927,287.0470931
1928,279.784731
1929,287.239883
1930,307.0024301
1931,298.6941487
1932,288.9670811
1933,344.1830183
1934,414.2761774
1935,295.3297291
1936,350.3021462
1937,286.5624889
1938,294.2034846
1939,291.1669796
1940,316.7412009
1941,289.6307789
1942,287.1618635
1943,299.4256309
1944,312.3487817
1945,310.9633015
1946,307.7603085
1947,326.7656011
1948,303.872182
1949,311.7615862
1950,323.7104468
1951,311.3246325
1952,313.695451
1953,319.4962949
1954,308.4798299
1955,322.2171138
1956,303.991572
1957,315.1048479
1958,308.3343168
1959,309.0311325
1960,305.6488019
1961,296.348817
1962,282.7616248
1963,292.3497894
1964,311.0282782
1965,275.1716955
1966,298.2435154
1967,285.7143081
1968,299.83786
1969,284.7802576
1970,311.2293742
1971,279.6199352
1972,287.5517343
1973,307.7033946
1974,332.6181474
1975,290.1786979
1976,294.5160925
1977,301.6246989
1978,294.3735693
1979,285.4241166
1980,327.7012277
1981,291.8264541
1982,283.5318768
1983,326.8035504
1984,308.1723493
1985,293.4280687
1986,300.3601231
1987,296.4474801
1988,388.8222685
1989,292.8332411
1990,303.8705602
1991,367.7375167
1992,297.1597465
1993,314.3654501
1994,286.119685
1995,323.6962646
1996,309.8955539
1997,312.7192464
1998,303.3036024
1999,309.4913077
2000,303.2422815
2001,308.5819918
2002,316.9240895
2003,298.2156215
2004,287.923964
2005,314.968504
2006,297.2461268
2007,291.7305408
2008,294.0708145
2009,301.5171788
2010,312.6582774
2011,311.5176732
2012,336.0879546
2013,302.8036643
2014,302.747702
2015,361.9912169
2016,293.9464335
2017,294.9023371
2018,303.3245302
1925,192.0766559
1926,205.0598582
1927,249.0936279
1928,213.1090277
1929,214.2498174
1930,267.9484926
1931,238.1736951
1932,222.9923019
1933,357.4372412
1934,429.7333226
1935,208.094989
1936,320.881096
1937,203.0278823
1938,230.2716233
1939,191.2802584
1940,245.8253026
1941,199.2132995
1942,190.6845714
1943,214.0414437
1944,230.5299845
1945,251.1211836
1946,229.9394213
1947,307.7628656
1948,194.5425066
1949,244.9342344
1950,279.0529538
1951,247.6543752
1952,220.7589827
1953,260.2763265
1954,242.3374257
1955,269.1857318
1956,242.4089646
1957,235.4136888
1958,248.3628382
1959,241.4917595
1960,245.8156258
1961,236.8342315
1962,226.0855703
1963,245.2891056
1964,232.182852
1965,224.7157078
1966,219.9559842
1967,219.7694265
1968,217.5319251
1969,211.3936396
1970,280.3135219
1971,233.735046
1972,211.822697
1973,239.3745016
1974,297.1090617
1975,223.5269946
1976,250.537639
1977,227.3798562
1978,238.4361662
1979,210.5096402
1980,227.7528987
1981,219.5500517
1982,204.076609
1983,290.8727443
1984,285.9640728
1985,225.7253229
1986,233.9303057
1987,218.8971917
1988,314.6899493
1989,211.3599348
1990,255.1837923
1991,368.613704
1992,225.6597445
1993,247.6949094
1994,206.8952423
1995,300.6999281
1996,258.4961227
1997,287.8391031
1998,227.4797807
1999,263.1177306
2000,245.3774284
2001,271.8280099
2002,303.4798824
2003,227.9926469
2004,218.2051678
2005,317.9140295
2006,221.9610229
2007,226.0371957
2008,236.8671336
2009,236.3229843
2010,251.0917297
2011,257.7333523
2012,347.7396202
2013,243.9728419
2016,226.6433957
2017,226.7403353
2018,230.9290085
1925,163.7383138
1926,185.2598595
1927,216.6136701
1928,182.9709755
1929,195.4658664
1930,223.9461739
1931,197.9568417
1932,173.6670837
1933,224.9503704
1934,233.5759927
1935,207.9117888
1936,251.8112823
1937,176.9958047
1938,190.9200011
1939,180.255593
1940,212.8904799
1941,187.0184022
1942,184.2328254
1943,193.703605
1944,201.6490473
1945,218.0325042
1946,195.6113449
1947,240.9873146
1948,188.9708111
1949,209.6183082
1950,210.108308
1951,199.0584531
1952,195.2315798
1953,213.3590457
1954,207.383923
1955,208.0247959
1956,197.0630451
1957,204.9091066
1958,196.0811777
1959,200.8998004
1960,218.738869
1961,197.452976
1962,197.1215626
1963,200.4476901
1964,201.3174302
1965,191.9242955
1966,195.0942637
1967,182.7313156
1968,199.1780833
1969,185.8912053
1970,231.3965338
1971,188.0461346
1972,180.1948442
1973,192.9515345
1974,208.8111664
1975,180.316471
1976,184.7261138
1977,199.7214311
1978,191.9033833
1979,186.4289554
1980,215.8323265
1981,185.5380303
1982,190.4610389
1983,239.5257562
1984,200.4585576
1985,199.0294072
1986,190.9614947
1987,205.7524753
1988,271.0950676
1989,240.6008902
1990,202.3706554
1991,207.8602463
1992,195.7891125
1993,208.1714179
1994,186.9159966
1995,224.8599492
1996,204.5101716
1997,206.1358603
1998,201.7379639
1999,203.3470411
2000,206.2443801
2001,199.0146547
2002,198.7970924
2003,193.4515289
2004,187.9791028
2005,234.5578593
2006,205.5912882
2007,192.6552304
2008,191.0979881
2009,199.9460327
2010,216.4436194
2011,212.160465
2012,218.789861
2013,203.2085359
2014,199.3501214
2015,198.5796884
2016,191.8305148
2017,190.4958119
2018,193.2687886
1925,156.2664769
1926,202.6311291
1927,259.4174265
1928,203.7053599
1929,219.1124546
1930,298.2357266
1931,220.1912804
1932,193.9846492
1933,286.5511587
1934,497.8369834
1935,198.4949333
1936,299.3417795
1937,195.9680605
1938,233.0694988
1939,177.9232119
1940,259.27402
1941,182.6537891
1942,175.0774367
1943,228.4979629
1944,240.6994633
1945,274.6764328
1946,223.4548199
1947,333.6395246
1948,213.1936082
1949,257.9724412
1950,279.182597
1951,260.7834865
1952,234.9907221
1953,277.6520232
1954,243.1928804
1955,271.1260825
1956,234.6874205
1957,236.7967327
1958,238.9028464
1959,237.1677395
1960,239.3263546
1961,237.790031
1962,215.3006356
1963,238.6338136
1964,237.398882
1965,216.3912273
1966,235.2683338
1967,206.0161435
1968,256.2845216
1969,193.9522916
1970,337.6386672
1971,214.0382563
1972,202.7035917
1973,219.4116744
1974,287.2283788
1975,190.2889577
1976,243.7565357
1977,219.2807647
1978,232.3826338
1979,183.0196761
1980,242.5587564
1981,200.8141056
1982,192.2369255
1983,299.8372913
1984,232.6451087
1985,198.942752
1986,215.0062044
1987,224.3758041
1988,373.0861462
1989,227.4566509
1990,256.4594145
1991,341.8694243
1992,214.6648179
1993,258.9026588
1994,180.3292616
1995,300.9198595
1996,247.1367276
1997,274.1077834
1998,242.1282743
1999,260.1550186
2000,245.1030915
2001,236.4196319
2002,284.4802037
2003,239.5990173
2004,214.5254332
2005,290.4738676
2006,218.2426867
2007,216.0450302
2008,210.8030972
2009,229.3058535
2010,266.6147587
2011,246.6417312
2012,324.5031305
2013,239.5986208
2014,226.7503125
2015,260.5314608
2016,223.5140596
2017,221.0904818
2018,218.2151797
