year,Loss,pcpn1,pcpn2,pcpn3,pcpn4,pcpn5,pcpn6,pcpn7,pcpn8,pcpn9,pcpn10,pcpn11,pcpn12,dpt1,dpt2,dpt3,dpt4,dpt5,dpt6,dpt7,dpt8,dpt9,dpt10,dpt11,dpt12,tmax1,tmax2,tmax3,tmax4,tmax5,tmax6,tmax7,tmax8,tmax9,tmax10,tmax11,tmax12,tmin1,tmin2,tmin3,tmin4,tmin5,tmin6,tmin7,tmin8,tmin9,tmin10,tmin11,tmin12,vpdmax1,vpdmax2,vpdmax3,vpdmax4,vpdmax5,vpdmax6,vpdmax7,vpdmax8,vpdmax9,vpdmax10,vpdmax11,vpdmax12,vpdmin1,vpdmin2,vpdmin3,vpdmin4,vpdmin5,vpdmin6,vpdmin7,vpdmin8,vpdmin9,vpdmin10,vpdmin11,vpdmin12
1942,267.0902278,15.27314486,97.87003586,51.36484225,90.99888366,130.0809187,149.2138212,133.5973,73.39051822,92.5381842,29.77016029,54.77886873,39.47356352,-7.974401007,-6.057212233,-0.871013474,4.620369153,9.590164083,16.2464046,17.88643638,16.90870952,12.38290271,5.374492451,0.43973755,-1.746871963,2.907791486,1.81460635,11.57913704,20.21147239,22.74342579,27.57475677,30.87234765,29.05344176,24.81307623,20.06843441,11.84024827,7.415413646,-7.346955986,-5.211864975,1.025249098,7.341560443,11.339295,17.42266167,19.33594867,17.43405485,13.11017698,6.740298783,1.269285631,-1.164382074,3.606478036,2.535203146,7.051451711,14.05043424,14.49395093,17.1646884,22.70151794,19.63473847,15.69065845,13.50090644,6.751886752,4.339658719,0.696767968,0.700830607,1.219106166,2.038689746,1.814710672,1.775481519,2.276899844,1.258414762,1.226864514,1.312048493,0.903693582,0.762197798
1975,291.5811889,52.95068135,78.46978336,57.01680926,95.06840493,138.0416278,113.3980044,24.89223498,106.3181354,111.1580862,45.80142069,100.1702888,55.26759902,-5.29921726,-6.57092268,-4.040125197,3.037876208,11.56666431,15.76027574,16.26090647,17.3961165,10.56177699,5.655302557,0.178151413,-4.401536032,3.730886935,1.284663579,7.004937921,16.33846815,25.04169746,28.37626274,31.07536801,30.97615345,23.69606592,21.49461092,10.88584097,3.094400352,-5.642131009,-6.18179389,-3.191547718,4.384510915,13.16883205,17.17940438,17.93958376,18.99693308,11.55084543,7.582663417,1.623884781,-4.221887836,2.800551017,2.280758727,5.0989051,10.23600935,16.74034415,19.67714297,26.17334399,24.7796792,16.22106152,15.66803445,6.189100198,2.473503817,0.446139347,0.527196559,0.795685236,1.479531691,2.710359369,3.273770351,3.697857447,3.419565585,2.028563042,2.244637861,1.177374147,0.606591031
1953,328.7104956,27.68593939,31.48550056,98.35532695,63.62312811,59.1351976,77.18760355,46.79712593,33.18401965,49.96583594,35.72907885,73.89314797,47.34166893,-4.487844387,-4.369404009,-0.569232728,1.615922377,10.44575061,17.30982475,17.34771685,15.06769555,9.198806288,5.849567527,-1.487228235,-3.657221056,3.150134917,7.936184085,10.87482621,14.77106105,23.3148184,31.82026818,32.59363471,31.69973779,29.04376123,22.98042482,12.94528486,4.918142747,-4.899330758,-3.161977501,-0.239873576,3.438672542,11.41518399,19.07476467,19.00303884,17.33460595,12.90184324,8.115896597,0.844127794,-3.394024442,2.333937599,5.055135601,6.529274933,9.199200597,14.55620673,25.0285706,27.82894653,28.30788493,28.20022067,18.36646949,9.214027818,3.274340798,0.309756779,0.626698147,0.496550889,1.077728677,1.674199731,3.315411252,2.531723374,3.223089504,3.733153238,2.285155269,1.128360493,0.32595758
1969,325.1754597,93.09510904,52.11197063,54.68274275,107.7468888,85.34090861,156.3073514,200.2195679,40.31323592,101.8603248,223.0274582,91.1118597,61.74917229,-9.394614999,-4.985835335,-4.967787112,5.059367852,10.06462522,13.89659459,19.76190834,16.88271053,13.01923131,5.418070339,0.623123163,-6.437183449,-0.922021743,3.190489747,6.945576438,18.58627696,22.93871805,26.38668734,30.8325657,29.54846487,25.60069489,18.13957351,9.653488859,3.261490394,-9.21000463,-3.997464068,-3.990189212,6.604656301,11.28451737,14.71645268,20.50063273,17.34070428,13.59576063,6.692321817,1.294565619,-5.731404429,2.167331145,2.940697817,5.216623851,11.60902847,14.61869192,17.33741036,19.97107379,20.94125512,16.75809249,11.18304245,5.132199984,3.381756493,0.583927832,0.77820249,0.806261093,1.368741937,1.593452452,1.576464675,1.689300534,1.328530129,1.238522847,1.306215053,0.809886191,0.720024721
1970,313.945595,9.970053786,9.225498196,52.2307332,157.064311,172.9489364,128.7131329,66.6351725,270.3862569,266.28706,77.29435785,13.22968546,33.5284088,-11.79650596,-7.65390467,-3.253797807,4.381545297,11.7559266,15.91348831,16.78703514,17.63433745,14.46925256,7.027025368,-0.753817147,-5.592139564,-2.589691879,5.475884642,8.246072443,18.44029123,25.12695117,26.99324896,30.93748238,29.09319193,26.14878056,18.8384075,10.99035365,1.990706042,-12.26569416,-6.615541529,-1.676400921,6.271489159,13.28299972,16.36220917,18.3970261,18.39122827,14.68576836,8.371251662,-0.378200751,-5.574420667,2.152383561,4.931239404,5.489565588,12.03912726,16.89390122,16.25388744,24.44376214,18.77713213,15.86936371,10.66452248,6.579663683,2.60132135,0.48307514,0.754002814,0.907358263,1.542495997,1.994324688,1.319502973,2.537331532,1.539028434,1.06330074,1.399159264,0.712257147,0.542998422
1991,314.3273807,35.81842445,13.06651732,77.69199874,105.3967014,292.5696133,24.75450079,103.2633915,52.16321637,79.00180866,153.4035593,92.12356781,78.18531607,-9.067846578,-4.913903056,-0.53983793,5.381503128,14.58057227,16.37096888,16.31869505,16.07091905,11.39753272,5.512321813,2.370965939,-6.535614235,-1.178802471,6.507895392,13.25602754,19.44939941,25.23947166,30.01881405,30.74187709,29.80253522,25.58978202,19.64831889,14.90391317,3.654574367,-9.754559437,-3.740208143,1.265906101,7.565160225,14.98339646,18.62951726,18.9284756,17.52577402,13.08836253,6.909341967,2.690940513,-6.118467898,1.735927584,4.58064128,8.821494587,12.8868744,13.26500222,22.2866707,25.0484543,22.79351924,18.52499425,12.60155251,8.606304985,3.697260822,0.244258894,0.65137005,1.080024817,1.763530833,1.026024929,3.207374305,3.60575268,2.469331456,1.963812145,1.315340503,0.874721358,0.604591304
1928,224.6567526,11.49062023,47.82025638,30.37077329,77.81319233,64.67574814,150.8974688,77.57985611,76.98022807,103.2251281,111.0810489,81.16969928,57.97258385,-7.007985672,-4.605381663,-1.968965686,1.103496947,8.711271286,13.65921433,17.8505404,17.56243233,9.941123336,8.059275069,1.090063418,-8.113842171,3.599248561,6.312278026,12.68660457,15.83184173,25.13499507,25.01322166,31.07014648,30.4456615,24.20855043,21.02871538,12.87410624,3.520020944,-5.938173398,-3.265730772,0.436302483,3.73641345,11.50321839,14.40448873,19.60055864,18.8949063,11.08083356,9.339148616,2.166027838,-7.573543272,3.73345376,4.612124763,8.516335052,10.3996633,19.37996146,14.96483021,23.39944788,22.22415636,16.84680754,13.10579757,7.439340007,3.982088728,0.819862524,0.925978183,1.418653174,1.688473455,2.530624872,1.247884287,2.571262236,2.058039164,1.414150101,1.369479436,1.024404983,0.706836677
1933,296.6254739,54.28017329,17.07172996,70.35169648,61.17266823,186.6901123,85.98581753,46.44402699,78.42516914,59.41078889,43.3082688,35.23477926,103.3738283,-2.295462811,-8.165848008,-1.642970185,3.243280069,11.67893272,16.02661993,17.54913963,16.11354387,14.73491825,4.86440511,-3.357018497,-6.691741743,9.599070852,4.239563649,10.69713828,17.37086687,23.13705876,33.13254687,32.22657204,29.7621138,30.55679094,18.74798872,8.593147451,3.295667265,-1.334784379,-7.497649811,-0.22304654,5.617348153,12.92391145,19.17723742,19.68112932,17.30471506,16.59664238,6.003468286,-2.943702837,-6.858580482,6.075017421,4.364595944,6.685907124,11.12437641,13.54410927,31.25727343,26.77299729,22.38417043,25.7902363,12.01975629,5.698657277,3.497153787,0.884519959,0.734499541,1.073859589,1.731936892,1.538845295,4.132706906,3.056858426,1.824490085,2.415735759,1.190043148,0.768326512,0.61127275
1939,274.2292084,39.21639229,45.64308374,96.49848563,126.3530495,80.39375527,145.3400907,88.85124214,191.3598152,5.975959229,39.39759898,106.7378659,53.49975748,-3.656582451,-7.776101073,-1.411696737,2.606739491,10.68152348,16.79256335,17.79819045,16.28951445,12.75544166,5.611372772,-0.032456365,-5.092205249,6.695489496,4.743811535,12.88467538,15.94378814,25.47568261,28.64386415,31.42035099,29.00641666,29.74306257,22.16372377,13.17445227,4.383298997,-3.146563695,-7.278686612,0.207823207,4.431788985,12.95988451,17.89409085,19.37518941,16.59390094,14.78032584,7.067393896,0.988126766,-4.729301891,4.557411653,4.584716134,8.461317737,9.8005052,18.43058345,18.81334151,24.17865482,20.27275528,25.75890402,16.41065022,8.208366128,3.577010241,0.758869512,0.652148616,1.114950633,1.428406743,2.284559514,1.74522514,2.429577966,0.964481379,2.450314623,1.418491479,0.997005037,0.702317796
1998,309.9546923,49.52451109,86.75685045,113.2354593,123.7984293,118.5853428,221.3639292,80.10002898,35.91393368,111.9523881,113.7814998,50.75030678,50.03282082,-4.134827521,0.209627733,-1.252598693,4.351388207,13.75057322,15.77749519,18.37264213,18.75995694,15.35620079,8.117737539,-0.796386272,-3.59956171,2.987499305,7.8278033,7.825816044,16.24094242,24.72096231,27.17372969,29.58095942,30.14740309,27.65624849,19.32206941,7.971453327,2.737520712,-4.735880358,0.354107835,-0.68784073,6.107158052,14.48202286,17.03532523,19.80595722,19.00180798,16.16522409,7.812633099,-0.2095135,-3.245813381,2.418944739,3.948411456,5.375646716,9.701866943,14.37315268,16.76882031,19.35592876,20.23978928,18.41254528,10.28760117,4.51687783,2.245215466,0.23172841,0.2306263,0.690374339,1.152045093,1.278883592,2.019721288,2.282770816,1.21095542,1.489257572,0.691028374,0.480297346,0.275801863
1992,255.0406412,13.79010035,39.64480533,49.63390995,87.41014849,18.21178965,23.15082617,208.8083338,40.12688035,96.97910829,34.37864233,82.54614009,57.18538951,-4.234192435,-1.996289474,-0.348237421,3.438668534,6.270154722,11.24389705,17.99420778,14.11548384,11.32618403,3.935231508,-2.064183058,-3.594857523,4.575604863,7.17861365,12.4329412,16.59198988,22.91027046,27.36887817,28.43316497,26.45894898,24.66434542,19.15166669,7.303377109,5.720440882,-3.918188413,-1.937369003,0.832901086,4.778577175,9.984550852,14.64522484,18.27393098,14.51542733,11.8249747,5.810834788,-2.423823387,-3.842099552,2.936305292,4.209073649,8.090156463,9.945654558,17.69516927,22.83508567,15.66169583,16.92080307,16.49087153,14.04345388,3.865070509,3.471485562,0.386257664,0.348882096,0.751223738,1.223209956,2.983065781,3.322714263,0.964836307,1.335013334,1.503546893,1.620771885,0.395122409,0.372004673
1994,269.2770698,15.57397991,46.62405626,24.846011,174.9421527,80.38133344,105.5422999,48.69402058,83.49268694,42.265494,66.07401218,65.50123469,20.89570759,-10.18489316,-8.798146799,-2.41920296,2.204082997,7.363021933,15.90262432,16.62351307,15.3787484,11.31299855,6.263744102,-2.051547312,-5.055116818,-2.445721453,2.616516588,11.33719441,17.89101057,22.42026681,29.02827284,29.14922656,28.89596863,24.86049722,20.25689684,8.117925276,3.631442619,-10.59134412,-8.200855553,-0.889151112,5.288791795,9.794372192,17.91005145,17.68730943,16.20099233,12.61662012,8.309629242,-0.424928711,-4.1647105,1.521145118,4.157717836,8.197588007,12.77486303,16.57704515,20.75359054,19.82229666,21.10728479,17.82499874,13.60624548,4.878883785,2.975815618,0.280613776,0.611931001,0.890436019,2.025143685,2.366884241,2.863226216,2.280808416,2.316162595,1.980598682,1.812067459,0.849608149,0.506121266
1996,286.907647,60.83471553,17.259849,45.04843694,52.01592646,245.0028027,71.98351657,66.97218621,81.43743262,65.9497276,36.20644994,45.80155678,12.14615934,-8.502893048,-7.324925214,-6.302318606,0.441369291,10.58511832,16.14934547,15.87466082,17.27068316,11.38209008,6.369931926,-4.42450948,-6.965275391,0.75829307,4.220998045,6.857416961,15.83085193,21.60961017,27.19103159,28.7372462,28.82038012,23.74341696,19.40884649,8.175476728,3.085581241,-9.186883626,-7.404147994,-4.926390407,3.109132807,11.5890771,16.66281066,17.29142371,17.59952048,11.51539402,6.626994408,-2.883053469,-6.214868744,2.37246524,4.685990019,6.001244916,11.67210318,11.81982067,16.665233,19.96942197,18.36299579,15.45019153,11.58636169,5.406025079,3.870681068,0.283667604,0.540889023,0.702685953,1.633436079,1.360157007,1.639899422,2.05564922,1.109969104,0.703291295,0.940792517,0.825250191,0.540574858
1997,302.2113746,40.58405822,119.8641736,56.6597723,82.68183921,98.11544139,53.82129672,48.9946109,94.81507974,34.70155454,52.77765345,42.8728177,14.36999118,-10.27192506,-3.865121532,-0.93998306,0.528071058,5.433367639,15.43817519,17.67092382,16.92427743,13.37422867,6.354836126,-3.812269286,-5.533783299,-1.028141986,4.175563,11.92440257,14.27344734,20.24945694,27.04027748,30.41519679,28.00897461,26.00454753,19.56327576,5.709793209,3.068920353,-12.08354594,-3.214543821,0.042738796,2.982672403,8.430967299,16.46907597,18.65900066,16.94895855,13.23900189,6.894746943,-2.685263105,-5.98494884,2.266973121,3.230944761,7.911115487,9.973126027,13.94040573,17.49411662,22.19821446,17.04281672,17.07306663,13.5023601,4.176027339,2.693254729,0.155945878,0.445194427,0.700826859,1.15451906,1.750320819,1.488841371,1.754368636,1.143974984,0.88755778,1.061266999,0.531697001,0.304190506
2000,246.9521426,17.25835232,58.87504103,59.94451513,39.27958298,78.42014788,190.6393282,88.72014899,75.49481431,61.83382108,63.45391892,7.664284812,70.96897532,-7.255352581,-2.34864893,0.270325986,2.268834491,11.29857122,14.9825577,18.0036968,18.76139513,12.27863076,7.853292051,0.479959476,-4.303724466,2.954101257,8.395468875,13.61203511,17.77647858,24.3945691,26.27719615,28.4643557,29.85905717,26.63625573,20.30932571,16.85482481,4.934974394,-6.923537298,-1.417031506,1.808735547,5.106887847,12.61846978,16.0996979,18.51377612,19.28245198,13.05412312,8.475952996,2.814484714,-4.056732309,3.726731122,5.974661919,9.319827978,12.4354681,15.95053829,15.15865433,15.8743585,17.85905894,19.97303891,12.38799157,12.60874511,3.550677177,0.463079778,0.82247923,1.134235154,1.726665486,1.658488344,1.683061309,1.358810541,1.552405893,1.13699228,0.978745587,1.379535196,0.537580778
1962,281.2206442,137.0731123,170.9393732,121.1221847,74.907473,75.04327151,115.1866709,59.98261512,112.3987663,130.3698516,96.21677441,179.99215,114.6647273,-5.331423924,0.371792515,-0.158241483,4.372970347,15.62175353,18.05112938,19.35012391,17.66689884,14.86577209,10.63106501,3.064725663,-2.378233234,5.041222789,11.11507023,11.08575154,19.03760265,30.57961491,29.91199996,32.50727037,32.00358916,25.70147394,23.1390774,13.82107351,7.05998509,-5.165394535,-0.043525569,1.296821109,6.969612344,17.55033267,18.53407462,20.04325082,18.3998756,15.05017988,11.3872981,3.88828125,-1.248613015,3.747685674,6.230279301,7.046786321,14.10848906,26.07426287,19.81176174,25.92293865,26.91973202,14.75007705,14.43162022,7.364199028,4.258605376,0.443581403,0.604612167,0.839506676,1.917017035,3.00428988,1.696207036,2.043950833,2.081958908,1.147003112,1.232349385,0.725271217,0.662467908
1933,211.6372542,98.47313789,90.8382081,158.7558338,145.0284713,222.6572369,15.23705239,131.2179184,71.09654559,148.2182383,80.82815367,64.7689547,188.2267116,1.15802015,-3.174076379,1.37750925,6.274107428,14.83959197,16.65522769,19.20949195,18.15622725,17.07246027,7.465726698,-0.933350914,-2.682745389,12.21666838,8.277129586,14.21110483,20.00111167,26.30682631,33.35458975,32.17366722,31.1623403,30.9691162,21.85292669,11.95979547,7.49236945,1.697826949,-2.315453716,3.102446032,8.893580567,16.04732954,19.0295218,20.8078942,18.89524846,19.21095367,8.734096362,0.691602835,-2.269836929,6.757302736,5.384490373,8.534563311,12.74031636,16.19255134,31.42139451,24.61040169,23.43073804,24.30688302,14.71875386,7.431971106,4.683997108,0.869942636,0.868702842,1.276222665,2.029711133,1.635808812,3.08490429,2.450254991,1.454076748,2.820071808,1.328976956,1.156647904,0.768401172
1935,295.8056846,117.5459676,42.68905377,293.4803335,78.5267823,161.6861023,247.7100376,56.54252835,65.33370494,60.7649855,107.0627917,208.4566026,72.91939396,-2.616045897,-1.128065882,5.169891327,6.209112217,11.66780051,16.295236,19.95844197,19.2992738,13.80746069,8.504175399,3.864293145,-2.996977237,8.480378334,10.79585418,18.3782617,18.33119104,23.67395732,27.6192989,33.14632995,32.38796712,28.67886234,22.83297255,17.22370298,6.779892389,-1.355272402,0.312054281,7.217672448,8.386691996,13.01602367,17.03161071,21.31900342,20.6435392,14.46076724,9.960280542,5.186368788,-1.548051576,5.338491183,6.540245024,11.24614758,10.582698,14.38415492,17.2696592,26.2796654,25.09022613,22.45561549,15.51924064,10.57657585,4.343528679,0.908813082,1.074561469,1.620842261,1.755803133,1.572060184,1.337391437,2.185091433,2.140568927,1.249320362,1.469995753,1.170521913,1.011115437
1972,245.5781552,65.89152665,100.6092315,97.00392946,180.754594,64.04431375,59.64203887,189.4231515,98.53533505,127.0312611,125.1376294,49.86243237,113.2256451,-3.933575368,-3.72523463,1.075101174,7.020609607,12.08466609,14.80602255,18.84579559,19.09077769,17.65897966,8.241547087,1.672348425,2.631374922,7.107975755,8.905330648,15.24210337,20.80360369,26.62005317,30.48744301,30.72665218,30.47212079,28.02029982,19.60611108,15.03750758,12.06854612,-3.565590985,-2.022711416,3.108123236,8.791012681,13.89740468,16.5735238,19.71364687,19.10091724,17.89180865,8.783167417,3.591266503,3.239525951,4.715859772,5.832233263,9.546158389,12.69583654,19.76492502,25.32373799,20.61374983,19.60981289,16.13825915,10.92826099,9.522740167,5.71969247,0.734728695,1.021439103,1.541562777,1.713499253,2.031937179,2.573503201,1.905914893,1.224449667,1.274790395,1.164572101,1.441006549,0.966938461
1979,232.5481101,104.5577334,146.862925,168.0060858,261.6354626,141.6048834,74.8215481,138.5692379,102.988974,67.08897484,38.98988436,180.5732243,191.5298851,-8.63162421,-6.069608841,3.301798684,7.433148324,12.0119035,16.57174625,19.96329663,19.84925388,15.46713452,8.098394635,5.217273698,-1.545798695,-0.430350912,3.067543909,13.27766559,18.72635227,23.95754137,30.29185429,30.53333368,30.35389225,27.09912531,22.85503831,16.0039575,7.933719427,-9.203921938,-7.223085263,3.343440031,8.604197488,12.55303398,18.04144731,20.97500112,19.48490208,13.70439969,8.616924273,5.075007829,-1.894521135,1.806060052,2.548113186,6.225747616,9.989971237,14.72468206,24.19988048,18.75114842,18.65160393,16.86340052,15.82503918,8.656529284,4.033213411,0.301100234,0.32902798,0.813698647,1.576650896,1.599476844,2.947430517,2.333208884,1.082537952,0.352702739,1.47329847,0.765052402,0.480649647
1970,413.2219952,22.66223561,69.79059847,159.5083198,185.3733041,116.1873098,159.8696466,26.4986614,102.9573605,118.7901997,112.0180786,92.43726762,108.3965088,-7.673240768,-3.812080068,0.181593492,7.804389965,13.14222349,17.31024394,18.28803376,19.76083128,17.66032151,9.037281115,0.854115902,-3.37662411,3.170045281,7.222778597,10.77174563,21.82567405,27.83119515,28.90488872,31.91769127,31.31142161,29.79522399,21.07474206,13.21188539,5.99500218,-7.669182964,-2.832547352,1.845107561,9.959054882,15.18397685,18.13834443,19.22854279,20.43971232,18.56494397,9.390017984,1.87593568,-2.237668141,3.682317327,4.822640904,5.932876763,14.02418175,21.35223028,18.21208056,25.23712948,21.18378785,20.13952334,12.44118788,7.860546686,4.085925729,0.60544386,0.851733387,1.062645276,1.869794108,2.415925096,1.689281207,2.042032297,1.687699648,1.927453281,1.034491284,1.023371164,0.887687575
1983,386.1650553,24.96003814,39.62831057,85.65807581,316.0040898,205.3022284,98.3624464,21.72322667,10.65278587,23.08214179,158.3625401,138.5151688,303.359796,-3.062043082,-0.701931453,2.148391155,4.62346551,11.51806907,16.07173663,19.89450461,19.73629981,14.16009669,9.641551153,3.605475757,3.237698562,5.033807914,9.566281879,13.45827781,15.29009627,23.35314463,29.48899482,33.90537023,35.38208551,29.49900199,22.35103163,14.20098749,11.20864191,-2.277756823,-0.514205924,3.464048535,5.326266386,12.11689079,16.37543706,20.86165043,21.30723822,15.24123216,9.744665069,4.258378111,3.260497981,3.166450053,5.424623914,7.83437403,7.747288861,13.16254872,21.78295662,28.53860259,33.80554201,23.79955635,13.73289374,6.447314637,4.000547801,0.437185783,0.439434932,0.835174847,0.680279505,1.237266073,1.337318149,2.197373969,2.564247779,1.69312599,0.743853224,0.898253734,0.567248816
1968,269.8211022,50.83158061,42.30596448,147.0983774,161.2902471,157.2329363,85.8320616,78.33344706,66.43498025,105.0749502,48.49946295,77.68209554,164.8989115,-5.09316044,-7.489382173,0.414507553,6.597739764,11.14385944,17.25395347,18.93839472,19.50935238,13.97985321,7.939578145,0.046772582,-0.105745443,4.319862471,5.508091222,14.19197583,20.81934851,24.23871574,31.22708092,31.96556275,31.5348313,27.28480084,21.8429786,12.2816526,8.829098936,-5.177891127,-4.545717368,2.020772565,8.946875105,12.51832681,18.74099893,20.14105611,20.48400978,14.35791786,8.355442904,1.984874596,-0.232723145,3.527286638,4.98933982,9.241808601,13.91279916,15.80923721,24.89912303,24.78596487,22.26448324,19.22094179,14.58370875,7.449650192,4.565492633,0.649390548,1.11474015,1.243474697,1.954879076,1.679790646,2.337755354,2.309033128,2.021931683,1.179374424,1.104240063,1.195365666,0.660000862
1969,253.6379929,224.2226343,40.33521328,66.64922755,141.2986115,68.21877159,139.5239975,106.3279648,41.02063629,75.49942724,105.5349648,130.636822,143.3788159,-5.065347512,-2.028087114,-3.474709816,7.88428976,12.64678012,17.02973528,21.4154685,18.11335617,15.16918281,7.775402167,2.998792524,-3.758947059,5.886488004,7.467796353,11.19250238,20.81416763,26.28960093,31.00429467,33.36441984,31.59548292,27.79853977,21.87298242,13.10596869,7.040229233,-3.079371366,-0.169968244,-1.021834091,8.997524235,13.45957264,18.20028328,21.82117266,18.49758568,15.35090284,9.140160375,4.439844866,-1.768306191,4.122262621,4.497161013,8.160466042,12.57513882,18.132623,24.19596182,24.48321803,24.59732763,18.73078264,14.52069833,6.816485374,4.744045241,1.045061788,1.016881817,1.218035648,1.338644294,1.511812254,1.974355304,1.411070577,1.435513323,1.10803102,1.54645973,1.088778478,1.054701423
1974,319.7412988,108.4881149,56.13639743,106.1240884,111.8976407,128.7635671,103.2958389,26.13576853,175.3592304,87.71239523,42.81532491,239.1285784,136.2748088,-0.312001594,-0.936069189,5.484993612,7.461513494,14.58958804,15.76304759,19.93133185,19.6876807,14.30180047,7.799121035,6.264916996,-1.337296935,5.908161844,10.12983989,16.34858923,21.03283598,25.367457,27.5305768,33.24536305,30.03244694,23.5372512,21.99017424,15.94603668,6.976402191,-1.196499026,-0.572194509,5.475250999,8.750004644,14.90667362,16.08888537,20.61700365,19.00071571,13.2923704,7.343824732,6.12970638,-1.391938991,2.62144895,5.66947462,8.086188214,13.32435659,13.93419175,17.17289976,25.95030944,17.09168887,9.939010473,14.32812172,7.535827732,3.911242151,0.299320073,0.762552691,1.020900209,1.793291789,1.443926377,1.682405738,2.304911498,0.981598692,0.728928707,0.944460108,1.047305174,0.554250402
1955,342.624662,16.08221793,76.63479452,140.5770009,138.0989473,145.0515704,99.6631092,109.9782831,44.68042161,46.68761745,87.15481319,27.78268434,175.5309319,-2.771601221,-1.34088543,2.743564367,9.714387292,14.02320129,14.93128393,21.77029794,19.42461841,14.73713342,8.287573003,1.672229362,-1.571466894,7.796432339,9.353454005,15.3434589,23.79814076,26.77808074,27.83197048,33.15456768,32.94379853,31.51972948,22.43578446,15.29267288,8.301640487,-2.323407362,-1.232368124,3.667643473,11.47253486,15.12949791,15.73229548,22.45819842,20.14767025,16.0459237,8.72649288,2.678792339,-0.686571704,4.677370467,5.296343819,8.824263437,16.79255673,18.12799106,20.5366387,23.23569728,27.30270966,28.87490444,15.11164461,9.968256345,4.44483269,0.52488294,0.612644809,1.059223794,1.879447393,1.849740037,1.744664764,1.868561229,1.826059072,2.262325023,1.170590994,0.682187976,0.553442268
1943,310.2614551,6.126138433,30.56265874,143.8783274,86.63605486,199.3380537,100.82448,67.21843623,72.45550344,119.4042088,51.54516372,163.7904446,62.30510625,-4.085570305,-2.591803428,-1.699300244,5.280587252,13.12705437,19.10545487,19.00591653,18.59599648,12.84873468,5.959016277,3.522186025,-2.528145492,8.850960139,12.44675062,11.83523514,20.71932393,25.59840492,31.59336395,33.58873495,33.40284791,26.0702656,21.39138115,15.88842869,6.603332503,-2.934743538,-1.224715971,0.01729874,8.224304964,14.95135801,20.68667853,21.01745849,20.72667722,13.62842909,7.878841848,5.580498,-1.489713247,5.692826576,8.225526583,7.509378824,14.33192665,16.07058129,23.34553858,28.28167553,28.1582288,17.95685263,15.27905159,8.752371733,3.7153226,0.781557391,0.974058117,1.101114928,2.030352782,2.054611546,2.253488958,3.131743153,3.228160624,1.311624821,1.581724376,1.292637597,0.73844142
1996,287.0931139,92.85156655,38.06160285,100.5382048,136.2469552,141.4699744,114.1848676,86.47494034,7.178615621,141.0133035,83.39646205,79.61835645,63.34300508,-3.964912964,-3.242051224,-2.495445051,4.473363083,14.40939955,17.77856999,18.15734863,18.65317635,14.35793983,8.776905968,-0.840641686,-3.363507377,5.543908157,8.971864625,10.9883182,18.60680224,25.89946826,29.41053766,30.35895463,31.16236885,26.25094423,21.48619895,11.68262769,6.532492225,-4.269716212,-2.517712359,-0.811611758,6.222848722,15.57918291,18.37673427,19.04684148,19.17026045,13.76750128,8.310548556,-0.019271295,-2.468120563,3.51014564,6.428226101,7.336166184,11.81040771,16.06594616,20.42221139,21.03108825,22.98258151,16.88198157,13.00942987,6.825030987,4.688970676,0.408627459,0.62449806,0.754638102,1.521317083,1.967974473,1.453209202,1.421155154,1.03479559,0.276972984,0.603035312,0.732400729,0.547843589
1992,243.5586815,66.51656273,67.09221287,68.16205054,72.64609522,37.76520806,64.21511221,131.4822895,100.5200382,114.6893211,88.5904521,123.0424054,116.84779,-2.607227493,0.451998731,2.227508986,6.386832176,10.48632884,15.3502931,20.24191446,17.07401208,15.13342132,6.736709398,0.29705886,-0.385446816,7.011907519,13.27448004,15.59983749,20.94961834,24.69282182,28.2182066,31.3566359,28.68622168,26.27643939,21.20258946,11.80918797,9.262977587,-1.629546027,1.456441394,3.111258996,8.255832516,12.12774892,16.80340767,20.99405815,17.20362599,14.6910201,7.671890564,1.972064425,0.555738862,4.05739864,8.071550832,9.793356065,14.71120278,17.66250932,19.86719383,20.49800704,17.97078358,14.94142562,15.01831227,6.207408628,4.849661976,0.518493093,0.652517882,0.68352829,1.50534912,1.467898171,1.896345119,1.605433322,1.098497573,0.675665197,1.337532091,0.928567094,0.614297042
1994,231.1681086,99.09019089,87.18310721,100.3755347,178.9132676,37.41323019,99.85654765,59.40444423,90.58793598,69.42200919,83.76757314,170.7293121,72.20539894,-5.958808242,-2.715806244,0.781521112,7.232582931,10.0723444,19.13883501,19.28296073,17.55729865,13.19794854,8.923993241,1.091701578,-1.503180112,2.454693279,8.768496289,14.92096867,21.79159675,24.67560451,30.98537762,30.84423673,29.62740447,26.15588912,22.19832318,11.88382966,7.689072324,-5.788471065,-1.581480581,2.337779223,9.351933913,11.41404296,19.55840768,19.72335796,17.28520593,12.90930287,9.365925806,2.128768308,-0.099654696,2.376364397,5.666413195,10.33063133,14.70949336,17.76448543,21.1679873,20.28938438,20.10857838,18.46509369,14.80112239,6.124893832,4.246426525,0.435886384,0.748217975,1.084102177,2.064113978,1.587863662,1.30617596,1.09859003,1.061914571,0.662499142,0.933615303,0.780055737,0.594402891
1942,262.6322265,24.65580834,21.41315126,46.03539427,25.58367463,110.267326,102.3005258,77.07638908,133.5052892,131.4240613,45.16191542,36.87385075,35.28768508,-9.984425853,-8.623852661,-2.647071601,1.99288216,6.959031498,13.46548803,16.0580926,15.33620225,10.7180856,4.029630842,-0.687008695,-3.759668286,-1.924085142,-1.254869692,8.457388675,19.48439789,21.36667113,26.26944694,29.30145978,27.60087378,21.74793672,17.56001856,9.634315078,4.140615231,-10.45184225,-9.008294974,-1.051261921,4.16626871,8.292349202,14.54542378,16.52546522,15.16651495,10.37404943,4.362432405,0.217177733,-3.383356813,1.922559789,1.872343681,5.404675352,14.51715397,14.42141161,17.60689359,21.26883227,18.42585817,12.30460409,11.11492754,5.509739373,3.018663732,0.559710145,0.6168108,1.076543086,1.536800596,1.34722452,1.470249571,1.032116056,0.539574952,0.535155264,0.746928202,0.885963367,0.709574836
1956,263.6777133,8.208846652,26.48248007,26.93250028,103.5912549,82.70323421,56.85917266,126.0252243,126.7697681,17.09348772,10.94334348,16.33968143,16.22454848,-9.250522526,-8.063382776,-5.232248309,-1.73731089,7.031991718,13.65713943,15.19649701,15.96228994,8.42133632,5.594544348,-4.174472052,-10.49822714,0.359571728,1.392354127,6.032437616,14.94873716,21.80384597,29.14353156,27.69088047,27.86998913,24.46224057,22.1114324,6.059455642,-1.053858135,-8.860533754,-8.481492701,-4.314399628,0.73988347,7.937871062,15.27176419,15.6903536,16.07572176,9.559680946,6.789413205,-4.293060461,-10.26608919,2.669026825,2.685092153,4.764155517,11.3031416,14.80705971,24.19687683,19.63196604,18.31819071,19.39565389,16.97212247,3.976225108,2.267819713,0.434171302,0.336195994,0.632937443,1.200575962,1.46825998,2.393735397,1.431352099,1.102717159,1.505538561,1.311555192,0.453553282,0.44339309
1946,279.8193887,61.90491403,19.79179197,78.6630171,23.99925932,70.3222765,103.4873942,20.08331069,70.2065782,54.8586876,50.82100406,75.36953139,41.61621311,-8.759288297,-8.542400349,0.562934665,1.362137526,5.721422644,12.29418677,15.19297454,13.81323136,10.09794602,5.706055343,-1.814010073,-10.91296148,0.791450959,2.080798115,12.67766001,18.11460128,20.42778485,26.40060037,30.46338118,27.63098631,25.21316841,20.61362378,7.987261414,-2.844019287,-8.84412599,-8.594138702,1.045509784,3.276323458,7.240815687,13.49350487,15.73244952,13.35375153,10.42463502,6.584088309,-1.51641905,-11.22147045,2.678801574,3.235991242,7.369019167,13.19132318,13.43811569,18.81084193,25.10593375,20.16011192,18.46349527,14.20657171,4.679949737,1.76491915,0.569459648,0.564589401,0.769481791,1.380794244,1.358061634,1.717911968,1.154551777,0.304456636,0.994096566,1.114826237,0.692175829,0.53855055
1967,254.311202,38.73822391,30.80077189,40.11558737,101.8487781,66.26424679,186.9922237,63.21975611,79.50110885,64.40700116,107.2644806,66.81162504,55.93556854,-8.640484074,-12.43011118,-3.518496612,2.473399635,2.89278358,13.39599789,14.58599616,13.65900929,10.09819951,4.457930749,-0.913244645,-7.678565508,1.143131018,-1.859589103,6.598053903,15.14282517,19.29004624,27.09079813,27.45605957,25.30779667,23.09447725,15.98451587,9.49322566,0.291028168,-9.316746923,-13.49248723,-3.235069929,3.187263297,5.566127204,14.98972468,14.52551641,12.64255979,9.655001109,4.945414073,-0.749039891,-8.170995071,2.814967727,2.378306254,4.422066391,8.95818778,13.83392277,19.35750761,18.99343986,15.46598559,14.98359606,9.123986885,5.314987426,2.21813081,0.519120332,0.481726649,0.691386904,0.897957768,1.863267079,2.066755496,0.792630682,0.050054256,0.573738873,0.898284941,0.652519907,0.52547751
1973,274.3410903,35.32192994,32.40873868,88.50856186,188.1591818,149.2356126,81.94986555,76.42674814,46.59085173,170.2570389,91.65624758,32.77052189,58.93537087,-8.244207888,-7.064402202,1.053972491,2.572379673,6.509290468,14.32012476,16.76633294,16.88526131,12.90427956,8.339528803,-0.919691277,-8.78071405,0.879707574,1.226372662,10.99569075,13.68241057,18.76527172,27.53649302,29.22320572,28.60699917,23.13515271,19.64566728,5.103321481,-1.311251114,-7.585098229,-6.848062673,1.038129871,3.328008883,7.416547861,15.43447276,17.19715281,16.73414724,12.65216159,8.006519338,-0.332615163,-9.812984368,2.42856989,3.892800245,6.791321829,9.191723674,12.53908138,18.68861497,19.53399565,18.30151686,12.46668303,10.67839151,2.514528186,1.837981836,0.54231954,0.468091087,0.756090892,1.163334707,1.347564159,2.157754933,1.830428452,1.387060173,1.033897238,0.824424128,0.733669059,0.338742412
1960,291.7758229,101.9399247,38.79222539,42.38456975,113.369189,126.1829071,91.33099546,110.1287422,100.1837524,69.12227909,85.6108507,55.1048942,65.90804472,-7.818753653,-8.362801458,-9.439120594,3.321047299,7.408664679,11.90267483,15.11837515,16.55604209,13.67781338,4.997915813,-5.373427664,-3.116082884,-0.801501142,-1.247033613,0.107614381,16.59145023,19.62932476,25.1438216,28.20755109,28.45130505,25.36027599,17.39204769,3.827572124,4.012084564,-8.304891048,-8.861917625,-11.22665645,4.392036637,7.930177652,13.07603503,14.99823137,15.8483088,13.40544265,4.517290591,-5.860026,-3.395477586,1.553926061,1.705802821,2.466830667,11.01388792,11.64805158,16.94177668,19.93357373,18.70208729,16.88349858,10.71081296,3.43862875,2.645322299,0.31516551,0.302327246,0.244500851,1.030684131,1.101072913,1.802264414,1.304206111,1.052456005,0.898350626,0.575606151,0.417113074,0.315934434
1953,259.3072225,30.62094639,46.69836058,52.74779235,67.39942743,64.51916712,107.8726975,115.6861699,52.08983157,63.60770685,18.42451332,92.01320039,56.0351491,-7.124273655,-7.34783309,-3.500821203,-1.05256678,7.428062104,14.26525791,15.87435588,14.46515969,8.544802892,4.625264559,-2.665414788,-5.351795058,0.294744202,3.030803501,7.293820766,12.32913705,22.17640287,28.98374182,29.77420573,29.58245938,25.38588418,21.3829256,10.7007648,1.500467141,-7.754376877,-6.505123786,-2.712763988,1.560998183,8.601127645,14.92631499,16.8849116,15.30200353,10.43345842,6.043958264,-1.090130223,-5.167313956,1.707383415,3.037370091,4.967665966,7.965326739,14.57379883,21.20914243,22.55811662,23.93832601,21.49990438,16.88067778,7.482270225,1.89286473,0.276792977,0.501112357,0.556239685,1.118601392,1.614004437,1.804591786,1.653662081,1.713205666,2.121929196,1.48536083,0.85897801,0.297475415
1965,267.9282928,79.97836796,28.92939202,62.37460106,111.6253925,61.89928681,37.16525402,97.17130191,218.9294025,179.2487385,71.49250756,88.30308095,24.14427327,-10.43402328,-11.16194307,-7.126512646,1.869523139,9.312513755,11.56062004,14.86601279,15.42169473,12.27485849,4.956090194,0.540124271,-8.430392085,-1.812888252,-0.625219815,1.141702607,13.07641998,24.64142465,27.44290309,29.39692415,26.52096548,22.23000807,17.29521737,11.18563688,-1.043719242,-11.31168445,-11.10430115,-7.214878555,1.780587973,10.3042842,12.41912699,15.05805075,14.80120754,11.56615618,5.418924286,-0.132059059,-9.769939637,2.050007257,2.624359106,2.499680612,7.230843454,17.95027331,21.45679511,22.50105984,15.97764695,11.4241119,10.18321431,6.350797415,1.521107429,0.441242149,0.578711363,0.531527007,0.607750149,1.314671202,1.325323832,0.970322288,0.339630878,0.49174455,0.865578967,0.5295378,0.298108004
1970,328.1343318,10.98554006,10.74796254,56.05999759,159.9990407,193.9528523,145.9040032,61.93497576,204.9005317,249.2421026,91.07203515,14.6222859,32.99539073,-11.82094493,-7.423798906,-3.063522994,4.435875234,11.7407892,15.85002641,16.92319882,17.78169909,14.56943837,7.060974081,-0.737783084,-5.482719545,-2.284561204,5.283148905,8.435676737,18.75367747,25.26448618,26.88918395,30.92817691,29.20338452,26.53187949,18.9452594,11.04678156,2.072844785,-12.44607423,-7.033262669,-2.033460333,5.913118202,12.64250309,15.97337607,17.66371523,17.64436562,13.87866627,7.571979315,-0.802832172,-5.86637179,2.244841903,4.73222801,5.533247253,12.33819358,17.1978052,16.10595953,24.23377405,18.87630261,16.50329372,10.76240128,6.615937509,2.580627528,0.476307068,0.661684102,0.831092797,1.361435114,1.517924645,1.05510326,1.798945943,0.776966425,0.273519527,0.959834551,0.589626025,0.477357946
1945,336.8605083,27.7790178,32.31510572,162.5160695,134.5594694,115.740182,204.7352227,25.22813226,38.64052036,242.4274733,36.47077635,79.34811262,37.50323194,-8.956267821,-5.357119702,2.819431731,4.751107919,7.254809691,14.19852507,15.65665611,16.51219825,13.4732636,4.445032997,2.453151337,-8.180048316,-0.632188656,4.699728213,16.90376064,18.02892494,20.28624955,24.83176545,29.84088962,30.58603765,24.99621251,19.21243301,10.82909189,0.293870126,-8.669383985,-4.064257042,4.377913342,6.744068896,8.907998755,15.01033177,16.71317878,17.16620049,13.88038065,5.832969057,3.637404011,-8.02069593,2.110211833,3.73924658,10.43127162,10.77588289,12.26289664,13.80559724,22.83060052,23.51950857,15.35068694,12.54910739,5.103375573,2.380114083,0.550890467,0.741479649,1.301612844,1.530796858,1.534903584,1.330312066,1.780420603,1.415206334,1.065576702,1.278320342,1.113417595,0.569287209
1980,303.8395944,22.1538731,19.15365928,94.08577011,55.25095697,87.81217545,105.6491592,79.67742172,141.1393143,134.7991677,52.69667674,60.13674599,50.99964796,-6.765179326,-8.85466127,-3.088711082,3.35121083,9.542475275,14.86445797,19.68356987,19.58634861,14.33599999,3.621926611,-0.316411839,-4.359503779,1.810649434,-0.160794451,7.713550649,17.0965024,24.39866815,28.72481826,33.63769446,32.19822984,27.15041678,18.59687831,10.95200247,6.737585997,-6.109617929,-9.443995928,-2.497415684,4.63675,11.36865643,15.60254843,20.1917749,19.47849438,13.70125663,4.645999626,-0.062660729,-3.903053839,2.484847627,2.174373554,4.77352787,11.80028567,17.2606679,20.31461339,27.73955972,23.94808436,17.69294763,13.24894013,6.653109897,4.585575574,0.498819814,0.351017457,0.706193955,1.423200033,2.266945934,2.371225762,2.854481444,1.613126842,1.069456321,1.078205885,0.736979223,0.64146496
1960,325.4919678,40.20978388,47.33402814,68.01714564,94.54950219,144.4710729,189.3155729,91.17539348,60.96391746,31.63962589,62.72084688,14.04942313,44.19280202,-5.442221639,-6.493125875,-7.683590455,5.187011916,9.198962018,14.84757512,17.13966344,18.32151032,14.55042405,6.737937631,-3.69233513,-1.259299173,2.540452043,0.981140995,1.905534723,19.56680975,21.81955216,27.28396567,29.40706872,30.21027971,28.84430748,20.59486056,7.689793745,6.738192825,-5.868552447,-6.445732189,-8.632858063,6.737150221,9.844399054,15.65784729,17.21810945,17.91935794,14.72019516,6.764067287,-3.284245515,-0.914049746,2.449443851,2.183242399,3.453953577,13.42523736,13.37105876,18.00189941,20.41239004,20.52458189,23.30483331,14.15124633,5.475248136,3.596307339,0.322517394,0.380105149,0.320067315,1.563992274,1.45067787,1.966461914,1.497417932,1.278040895,1.201626028,0.762291395,0.650454944,0.444412358
1950,305.9978645,86.85616519,53.3524928,42.64302391,91.74185714,49.89540649,120.0907898,113.5141184,65.06936322,29.60652517,13.05237862,12.17438816,119.4163773,-4.880104383,-5.622939354,-3.573365407,0.704617761,9.880010285,14.79038976,15.47463971,15.48457478,13.09492121,7.785439736,-0.31046581,-4.198662604,6.22126507,4.632236782,8.615666358,14.81353553,24.41640622,28.06520196,28.89319276,27.30405002,24.89794811,24.16922538,13.95282415,7.763409364,-5.932570226,-5.69042289,-2.466661148,2.031109087,11.77841758,15.40665463,15.88892483,14.84842786,12.62739867,8.841530207,0.997595187,-3.832513174,3.05180903,3.207678952,5.769595745,9.307553401,16.88942045,18.94866063,20.83462284,16.21001156,14.13779479,18.58134878,9.202550513,4.941753347,0.324386898,0.342903598,0.669409193,0.965462915,1.977108015,1.640674002,1.33778241,0.613864342,0.485974553,1.282919892,0.940835677,0.510506592
1964,312.258961,31.27600323,26.91045524,113.1647675,173.4535889,45.13205791,96.4027662,66.67617739,69.72343903,66.26558753,5.228184038,50.70178106,16.99545539,-6.758978027,-6.232042856,-2.850756331,4.413282471,11.44125604,15.38877191,18.53599752,15.08203813,12.23535754,2.385158425,1.488945,-12.34284774,6.126970313,4.497002727,9.527945006,19.09704539,26.75733926,28.99811568,31.42309746,30.33085575,27.10716144,19.98798117,13.80381809,-1.600454979,-6.140277272,-5.792093772,-1.702898277,6.310230544,13.48180386,16.14633871,18.87174734,16.07712751,13.30354972,4.26563424,2.182973774,-11.99517234,5.205119982,4.012813912,6.093959972,12.50040663,21.24106536,21.10210301,23.32753945,25.61730949,21.26992468,15.73927243,7.920444562,2.937484638,0.715612693,0.499348861,0.794702462,1.659171106,2.811678321,2.060369671,1.825982177,2.340752688,1.779940793,1.367758683,0.874693786,0.390297608
1929,295.8599813,93.01558521,18.57090275,112.0205768,127.6809976,145.3731053,125.7400224,170.9678879,48.72165955,70.67613599,108.2783586,99.47717698,45.17741671,-11.73534762,-10.64764103,0.473161435,5.674484096,8.4707173,13.85704098,17.98348983,15.86926677,12.42413932,6.195176127,1.195789901,-3.844096142,-0.115346712,0.567637618,14.87658573,18.56560662,21.4245009,26.97238872,30.28602705,29.34618652,25.15392482,19.05249799,10.71877145,6.132083967,-11.88247566,-10.0642494,2.58003032,7.451452284,10.19892891,15.09755184,19.04207799,16.45149797,12.60383477,6.964524707,1.855376007,-3.530139228,3.033872004,3.120663493,9.630540497,11.26543146,13.3896075,18.58511276,21.2189995,21.62043356,16.40301111,11.55958663,5.525519362,4.234360767,0.549077709,0.692047468,1.422946939,1.561714164,1.698937501,1.705086103,1.798865585,1.216350601,0.857227367,1.041509608,0.915727015,0.732095325
1932,276.5142538,47.02730769,28.25117241,41.85780778,38.12376205,57.97320953,148.9713601,99.72481561,196.2342213,59.58893939,75.51611571,112.8863458,64.31852228,-3.017540898,-3.24233925,-4.707457242,2.964926663,9.149351547,15.80796773,17.84893676,17.31183416,11.37647302,5.055451397,4.716396457,0.089203943,5.713790804,9.798323609,7.035753704,19.12309457,25.93234729,29.4681163,31.97255296,29.70243228,25.70036469,19.40578228,15.90757282,8.310327071,-2.458390719,-2.057944158,-3.855179314,5.610603123,11.39414947,16.99241143,18.86427059,17.43181476,11.80016961,5.71911879,5.469907378,0.331416444,3.695139676,6.526909873,5.067473525,13.46588518,20.49495361,21.92041746,25.75882107,20.71137235,18.38917387,12.6916227,8.632949454,4.208719213,0.77617361,0.945677246,0.828292362,1.859790252,2.160387683,1.818682593,1.76278399,0.805733084,1.003590529,0.993677915,0.995305563,0.739635542
1931,234.8426185,16.10142901,12.01808592,60.02900878,54.68360449,107.1083987,84.36788612,56.97877884,83.17253798,133.7182513,131.7023182,49.84051496,13.76763807,-6.084659522,-3.87910885,-3.667923958,1.603258102,5.75517852,14.8945586,16.92455606,15.3743253,14.67279766,8.4042324,-1.37704314,-6.521671852,3.778060406,6.855907227,6.223961253,17.68311399,20.95028505,30.57440749,33.43982405,30.18990491,28.18245759,19.71008239,11.18637689,1.800406163,-5.196259175,-2.818930274,-2.643186139,3.772863136,7.770578635,17.00111134,18.53083697,15.91816773,15.6809842,9.247424867,-0.72377437,-5.994217503,3.523089352,4.668098195,4.196334982,12.36467779,14.51694426,25.75221508,31.26811922,24.34893824,20.37674065,11.02817605,6.989395349,2.646237726,0.789672231,0.894157661,0.952806239,1.549062975,1.701886011,2.628613766,2.352898416,1.112143435,1.535705355,1.105329853,0.83812672,0.729001982
1933,263.5119438,52.13632746,23.57913161,75.19394125,76.82901361,186.2333986,45.07481688,64.97573984,63.29853631,84.6994079,46.48567164,22.94635938,75.54255977,-3.67275221,-9.641221773,-3.133833031,1.579205498,10.02159448,14.92638495,16.37655255,14.88781387,13.64026384,3.407255265,-4.347258762,-7.977506559,7.190050633,1.948974061,7.956950022,15.83998928,22.38765659,33.56661725,31.90164813,29.2054381,28.82946583,17.29185266,7.504852336,2.034774292,-3.193254524,-9.991185366,-1.840377972,3.594836108,11.28574602,17.63701404,17.44544951,15.08862889,14.68771897,4.161969391,-3.726465754,-7.863973766,4.820649585,3.488223289,5.147102147,10.20680347,13.73565434,33.88846538,27.38446909,22.45441546,22.88255311,11.0056786,5.250501149,3.148689353,0.720023487,0.533649856,0.969117972,1.450044749,1.449506631,3.349261854,1.703545114,0.823546426,1.500562325,0.967137776,0.790471388,0.622961067
1929,212.488049,92.64553066,17.33016362,75.97636142,150.8926605,60.39985717,109.8049041,114.4948086,66.23201016,74.29053631,83.56048488,121.6381573,51.8315154,-14.19227549,-12.51252906,-1.236220968,3.99378393,6.471695056,11.89523005,16.41101419,14.53089204,11.16131666,4.681863801,0.121381768,-5.421617678,-3.117046168,-2.022994032,12.30762531,17.15129964,21.33033948,26.79311614,30.20305365,28.83073711,24.64265127,17.1210408,9.239038996,3.598366565,-15.05960843,-12.85627698,0.560722159,5.638007207,8.586184188,13.39381673,17.37771346,14.9344599,11.66432132,5.227011242,1.065680637,-4.827238998,2.286751666,2.396877967,7.916015807,10.51296708,14.70657221,20.17381931,23.10494969,22.01088298,16.63242116,10.08752734,4.841228301,3.241767591,0.407124105,0.523921536,1.204260263,1.39720205,1.780842321,1.763350163,1.566403624,0.955995033,1.016442518,0.896048476,0.95008729,0.733249305
1943,203.5086437,41.96606342,30.86765752,42.86871573,132.0557781,155.889009,77.12288261,48.3485038,117.5816938,35.19660574,40.17703899,98.4414049,67.35094016,-10.65466125,-7.999543407,-6.042668578,0.331601166,7.691878745,15.88736835,16.24254795,16.75115238,9.133215193,3.581173009,-0.671747362,-9.39274555,-0.822101069,3.374341291,6.787686062,15.61240385,20.5066519,28.74765691,31.43725773,29.89490234,23.06568201,18.4891051,10.34119525,-1.021134913,-10.02832036,-7.5108726,-5.043987651,2.769412489,9.190913763,17.6494719,17.63128877,17.82911045,9.902153824,4.84145564,0.125964245,-9.370262858,2.451070631,3.797864207,5.279468165,10.52404642,12.38201691,20.23813275,26.07471904,21.77838907,15.56803158,12.49696307,5.968909824,2.096357298,0.628681144,0.65768385,0.813623988,1.529949182,1.465843766,2.358547944,2.038881582,1.77498422,1.142067274,1.190272325,0.843653599,0.537377757
1945,268.8833826,18.92173365,28.3376282,74.94155374,114.5625976,175.1137197,116.8777083,23.21788548,87.7279637,175.5318583,23.73578998,46.83389639,32.66350313,-11.42441794,-7.16304292,1.067951308,2.981743186,5.400487806,12.15576775,14.37525269,15.3816236,12.11328153,2.94276823,1.344077212,-10.01272158,-2.735157744,2.248351697,15.9093687,16.79617201,19.38762053,25.30197561,29.91931182,29.61812736,24.02347272,17.41984466,9.933432302,-1.041179583,-11.18974255,-5.840173912,3.288828906,4.86829042,7.154185496,13.54911457,15.54044491,16.27398476,12.34584522,4.40159739,2.385624165,-9.623595177,1.863718195,2.950102349,10.27926948,10.43474087,12.25106063,16.61926117,24.24512176,22.51720432,14.82981827,11.28992385,4.92392226,2.2213379,0.546109063,0.734388477,1.476960278,1.427898368,1.477151389,1.605933459,1.683998952,1.480672107,0.874424223,1.232107029,1.007032505,0.586702485
1990,259.3484208,41.7007101,56.12984433,115.409567,50.38789539,170.8968587,265.2758908,150.8650353,163.5610697,17.51058978,74.69194466,28.51064775,19.33429215,-4.395028568,-5.281965383,-1.549989648,2.20863672,6.987475834,14.37088497,16.62024463,16.75471338,12.98726266,3.468554191,-3.158610976,-14.24792204,4.90407512,4.395570151,9.871590208,15.6163324,19.38480835,27.07667287,27.82934426,27.37550087,25.1598417,17.08881696,8.61485309,-4.285360244,-4.711095565,-6.337513497,0.121493564,3.580798839,8.373569568,15.49914641,16.99628625,16.67698633,12.67092767,3.609747466,-2.927562689,-15.02451223,3.211297305,3.447045346,5.898636998,10.24566447,11.07413052,17.51913542,16.50893596,14.83288238,15.95284652,10.87447093,5.451024146,2.117043564,0.337240208,0.249156898,0.751072774,1.12361404,1.263934736,1.981759645,1.394981196,0.87593073,0.781517066,0.911392044,0.630872345,0.239791864
1938,239.689241,88.16975815,51.63205388,90.7595026,80.31860009,140.8621535,144.5553946,144.1175782,66.07848099,137.2220049,25.6454417,29.92418152,30.11524455,-8.582747344,-3.611007908,0.15896556,3.173918438,8.53875587,13.42906834,16.80091225,17.29435379,12.38907257,6.003559994,-3.833502305,-8.051633803,-0.264923266,5.009090097,13.39332061,16.78854105,22.27068832,26.83865452,30.89153,30.74185787,25.28755772,22.00584904,8.297107227,-0.545700719,-8.243810383,-2.339934921,1.897964328,5.297029061,10.33945991,14.56774899,17.95949331,18.35024783,13.32942779,7.667039571,-3.207654382,-7.200979668,2.251852939,3.443543867,8.31609733,10.52230416,14.61044814,18.73389388,24.25808306,23.30079069,16.78834501,16.00625052,5.638066758,2.011561563,0.65027245,0.91090478,1.218854055,1.576833656,1.708971901,1.542038766,1.761482785,1.648185943,1.346820701,1.512730789,0.806517511,0.739468561
1952,221.9940344,42.46248565,17.41359958,95.81117124,75.43426842,91.44206347,167.45676,83.46946068,88.42565765,25.19646861,12.98476598,67.07484424,48.7837821,-7.852332562,-4.724260375,-4.166385497,2.001161329,7.714161106,16.38035106,17.38641073,15.09256152,10.20014577,-2.751293669,-5.421968252,-8.96637935,2.0427991,4.93641464,6.323108999,18.4681239,22.76111136,30.67510504,31.37227664,28.56234952,26.53304549,17.0961382,5.665978299,1.342318493,-8.45255525,-3.614835432,-3.477282056,4.304381098,9.80788973,17.85273953,18.89663611,15.67718416,10.90035318,1.286924818,-4.477434634,-8.887606378,2.190365269,3.39465277,4.016071292,13.06258778,15.80574328,21.35527442,22.8255122,19.41511546,20.07345761,14.46220095,3.922919423,3.211514016,0.33714995,0.485906368,0.458056051,1.415164668,1.797661254,2.554671836,2.437421806,1.351973187,1.270496969,1.511766643,0.513234051,0.485396712
1974,291.2829457,93.20122222,38.27813591,67.59329417,91.78874605,209.6283505,198.0346782,56.20862298,48.72866743,49.581464,48.47941546,39.34456295,90.87122412,-9.451911259,-7.856640521,-1.559520807,3.219773025,8.452358971,12.3256523,16.3328091,15.59624382,8.940300678,3.63402561,0.389752892,-6.964031164,-1.535467438,2.477481769,9.714593651,18.326144,20.09321821,25.42630098,31.3261443,27.67388065,23.30428239,18.46742577,9.722389787,0.394043621,-9.517003198,-7.20358736,-1.128733548,4.883195682,9.450392786,13.42320893,17.86877729,14.96319196,9.012051525,4.915197467,0.09395333,-7.902657292,1.877707459,3.214223815,5.644539483,11.96069949,10.7365271,16.65546303,26.18349893,18.1603126,16.49777298,11.9283348,4.609913277,1.980450847,0.412818693,0.675752255,0.767666254,1.715932985,1.575663825,2.072111105,2.984215279,1.118978874,1.140800675,1.369732198,0.654558901,0.348295482
1996,232.3293685,31.07921957,13.17993255,22.57922739,60.98469694,189.2788367,116.2751807,131.0585777,56.7883953,50.41128367,85.91116801,87.83949326,8.649995887,-9.718747699,-8.521962371,-7.525926017,-0.457340219,8.101938031,15.01248692,14.74905262,16.49122178,10.89524424,5.133434826,-4.825397321,-8.573593455,-1.341242362,1.384073976,5.112625099,14.77793742,19.10138979,26.32134022,27.70601423,27.97728808,23.27209526,17.82746748,4.844052707,0.852477151,-11.2383333,-8.918670867,-6.44514908,1.259022509,8.621936682,15.58755845,15.64597599,16.02900085,10.76546333,5.009268408,-4.962962501,-8.697990307,1.633362447,3.261368778,5.06712736,10.66210091,10.06993566,16.16772744,18.90087632,17.24203008,14.97029217,10.63126089,3.507444786,2.958744206,0.175843135,0.377029508,0.592672107,1.080740082,0.798840398,1.406350532,1.423274131,0.779232306,0.672953018,0.769820744,0.376825818,0.338490548
1993,252.4399063,64.53595152,30.71350736,99.18091933,118.5586829,73.96601573,190.3161773,124.3381869,157.1745671,116.8375198,31.6957548,139.1333425,77.33995039,-8.141492232,-8.624896197,-3.327307897,1.99230528,8.716590435,13.75375231,18.4146432,18.13787602,10.14977835,2.940208558,-0.495919049,-5.868779366,-0.62107947,-0.719506731,5.195839626,13.80424653,23.06564624,25.67634705,27.84574931,27.76536318,20.36751571,16.78205018,6.072525129,1.419412681,-8.915252774,-8.965937628,-3.850064581,2.164033625,10.37726776,14.370728,18.32010599,17.39926615,9.79758114,3.499521473,-0.169800633,-6.846604195,1.63713388,2.065816789,3.537306192,8.013094441,15.4724291,15.87819586,14.08329018,14.17570824,10.00728449,11.09246381,2.622826503,1.874467142,0.275262002,0.230653204,0.184435125,0.665998138,1.544687713,1.274657202,0.876492661,0.349546355,0.584827803,0.809129891,0.276966143,0.183641154
1999,265.4126078,85.5795223,23.23919542,36.80330078,133.9149941,123.025099,120.0066309,51.31610266,85.26902115,104.154302,23.5192275,53.06802941,40.71670069,-10.16381395,-3.711925813,-5.350082415,4.588828785,8.734962534,14.77470688,18.81826508,15.42996991,8.963407323,2.88859815,0.500660415,-4.281354184,-2.685532422,5.557261926,7.444212797,16.55146434,23.43322606,27.46696024,31.19222336,26.97959612,24.54322233,18.59494747,11.06784309,5.962832894,-11.55756759,-3.441572336,-4.245216916,5.399751504,11.15027789,16.02557677,19.54602834,15.18142296,9.456142765,4.111782313,1.481618117,-4.223971043,1.525882334,3.859336444,6.367155252,9.389893866,17.3345498,18.77643705,21.85984562,16.23626601,19.2323415,13.36845376,6.020848209,4.108519515,0.173235654,0.34820022,0.596311805,0.837692636,2.051379215,1.702516688,1.815510706,0.855750573,1.096916817,1.285341317,0.850251419,0.450279971
2017,209.1266393,55.04441508,14.12631617,131.9299233,145.5250902,106.0956461,112.9233154,162.4089309,59.10159037,6.845166732,195.7022548,49.95305482,31.39579377,-5.859168923,-3.127699686,-2.63219917,5.146390394,8.044107617,13.15650795,18.13046414,15.27489507,12.4552897,7.710836017,2.741283024,-7.692987741,1.040084214,8.611603922,9.201986929,17.64721973,20.30931787,28.20807102,28.71027205,25.95134924,26.6110203,18.87964691,13.65115069,-0.320258096,-6.304762003,-3.246492682,-1.289006267,5.803530657,9.034292228,15.4912073,17.06263906,14.44731737,11.89470151,8.271661626,2.03618237,-7.548570022,1.680445739,6.199556779,6.032207995,11.47709699,12.79249832,23.30178996,17.08445423,15.13899361,20.56617559,11.65956833,7.625915636,1.943988157,0.243805637,0.509004755,0.699655271,1.151214399,1.100376804,2.410700072,0.532456123,0.596261078,0.793285113,0.84485548,0.499642656,0.322400329
2004,200.0835858,18.68038356,18.39703615,94.28281191,37.80227489,176.0699441,61.55943722,64.76732145,116.6947137,25.67890747,96.45704772,102.1514093,84.8334642,-11.08237263,-7.538240593,-0.536749185,1.297849238,10.73886471,13.26276657,15.87163152,13.52861186,11.43706511,5.587066711,0.175664734,-5.259438452,-2.237339008,1.614709183,10.94717849,17.87151185,23.52016108,26.03031396,27.69381764,25.11519007,26.58532327,17.8423789,10.25002957,3.694259758,-10.88388328,-8.255592224,0.476508225,4.291719283,10.97713775,15.28114767,16.23126546,13.45028836,11.52070088,5.558967744,-0.082707065,-4.78374282,2.087896394,2.8680248,6.584451243,14.09615107,15.62662514,17.70135028,17.87618913,15.13807588,20.78107157,10.96747142,5.137124498,3.317364537,0.348972629,0.354634465,0.685104268,1.728937679,1.506369665,2.430752806,0.992226203,0.874647595,0.742961216,0.490434727,0.493956195,0.485145004
2011,243.7385332,28.15386321,75.39428454,42.30332308,139.9700646,173.7788376,137.4356578,62.9042678,101.8129409,93.02702182,30.31585916,51.41590893,64.77091085,-10.36401204,-7.401218528,-2.610387391,2.692551425,8.505956995,14.71198508,18.61647224,16.2357694,9.901449553,3.936377776,-1.245672603,-9.808480968,-2.965597237,0.784386933,8.248689815,14.62578788,22.11559267,26.94317304,31.57808893,29.14655909,22.19166548,18.98516615,10.97472781,-2.940115805,-11.30661115,-7.988537448,-1.929005155,3.692604944,9.908770099,16.49142012,20.43136758,16.89049889,10.58593568,5.256011455,-0.61360574,-11.6866974,1.600112145,2.421986998,5.552951872,8.992668193,15.69274717,18.48716231,24.35328192,21.41146583,15.15857206,14.99713369,7.335700399,1.260891577,0.273881348,0.401754428,0.576275235,0.820760338,1.440780019,2.010678744,2.599213094,1.44827186,1.090607465,1.003247276,0.861810394,0.194652691
1969,199.0950595,60.29451463,4.407701281,28.4088035,86.92690762,88.66942736,225.9445502,132.4495269,31.79208945,46.09289122,113.7165247,52.25623282,68.98014697,-12.4486597,-7.622947715,-6.848488492,2.579677563,7.649814321,11.59508627,17.52021045,15.48846695,11.21660504,3.555043041,-1.125300974,-8.190715309,-3.970472478,1.350798002,6.205749939,16.81240041,22.59109761,24.38107001,28.57003354,29.11499638,23.93007482,15.93083718,7.878759523,0.511038149,-12.5922942,-6.742876725,-6.281333041,3.780006024,8.868711204,12.10697636,17.55695857,15.69208999,11.34031091,4.215784764,-0.762517734,-8.169053567,1.664408843,2.750093667,5.264790031,10.8259053,15.92006103,15.9038827,17.91010824,21.57127246,15.3993112,9.430757411,4.440483765,2.471825654,0.524593353,0.732455043,0.713205792,1.133555835,1.409221628,1.174414637,0.831832955,0.95808161,0.835949309,0.928547849,0.741146642,0.627207489
1926,202.0617775,24.18036462,58.00434067,39.67580119,49.84852913,73.23376317,156.6778591,152.2009418,89.12857477,201.8693378,58.14977355,39.26443231,41.26467077,-9.961070009,-5.823490996,-6.633821232,-2.318549278,6.582920112,10.52344869,15.38663302,16.26151434,12.84773345,4.774437417,-3.857280113,-10.38705701,0.91383127,3.033494631,3.966518279,13.29679064,24.62953561,25.08832919,29.1634931,28.47094016,22.34358372,15.71279663,7.605534621,-1.667485503,-10.11873804,-5.099330504,-6.79761516,-0.596272857,8.646053806,11.03861528,15.84758662,16.03231258,11.90714208,4.292998605,-4.155911342,-11.62313707,3.098351159,3.059025698,3.785606713,9.300352718,20.07607475,18.03292185,21.76095713,19.26759304,11.3026733,8.477510173,5.177903653,2.102568476,0.595301839,0.763249984,0.586923144,1.186571995,1.755557595,0.891217738,0.942939052,0.390634435,0.141795116,0.467758633,0.63630449,0.453902918
1975,201.3302471,41.5930433,51.96309286,82.42358333,84.67802645,68.08733533,94.28598685,58.65168237,99.56911592,37.5146776,15.30497094,58.04054684,44.85138351,-8.603266424,-9.127600865,-6.300572563,-0.593543574,9.167139475,14.46725954,15.43840366,16.2224868,8.818903228,4.076097559,-0.51242394,-5.484122832,0.183669983,-0.423972308,3.126784404,12.13312632,24.10536452,27.28103573,29.31893386,28.89999317,21.28612425,19.69274886,8.493685227,1.132164586,-9.383515225,-8.64442562,-7.307829111,0.525738623,10.52205649,15.02022281,15.72005772,16.28123282,8.06570578,4.035495966,-0.665260646,-6.193803577,2.014003124,2.169637705,3.11976432,7.624295776,17.09613267,18.1724765,22.00706348,19.74777802,12.55261279,14.10894705,4.600452631,1.843068952,0.347489472,0.54274937,0.37315251,1.05913421,2.082673188,2.017002535,2.075755334,1.563814706,0.763388365,1.059474527,0.418720091,0.287804688
1971,200.9529949,33.07331859,69.51767816,45.60728432,53.13010966,56.3627755,113.9777055,70.97914047,42.97674077,72.53970543,48.97408457,34.96480033,38.56958707,-14.58774466,-9.831549633,-5.831170241,-0.880299754,4.833433633,15.6266182,14.52777607,14.08832164,12.57508382,9.196819471,-1.583678212,-7.409672436,-3.822100377,-0.3260032,5.173840977,17.11954948,21.32901667,29.9959625,27.43924015,28.4094392,26.45669103,22.06714303,7.372989659,1.958621908,-14.67346985,-8.957297714,-4.3033822,2.019064963,6.850723127,16.81766362,15.01715453,13.58929656,12.70332099,9.289467436,-1.137587975,-7.367578362,2.084564188,2.486874519,4.239603161,12.94484248,15.6766547,23.42821163,18.96308772,21.46718588,18.95893639,13.91798173,4.160384589,2.966838095,0.533162305,0.71423103,0.945040478,1.673608731,1.680006742,1.929283238,1.123785092,0.481307918,0.822772568,0.757928082,0.709755264,0.624632981
1973,204.4576856,46.19232749,38.46240794,112.9658488,189.3705498,170.9277953,108.139302,78.09139814,40.82439417,172.0439086,60.99116846,42.66122018,55.45576509,-8.884187395,-7.164878865,1.161265214,2.480589469,6.507188433,14.35301037,16.53939212,16.52851811,12.89936227,8.086807012,-1.366067931,-9.300023827,1.159884623,1.782358487,11.72861042,14.0896673,19.32478168,27.65881049,29.37613786,28.77924223,23.17448841,20.17631929,5.341071734,-0.93797962,-7.760131947,-6.820973619,1.677757378,3.861551419,8.100762504,15.54662365,17.23499231,16.76103557,12.71693623,7.706963288,-0.839260692,-10.09755288,2.732694608,3.282449566,6.535314686,9.078885652,12.53225906,19.15886861,20.41276435,19.20034154,12.44854473,11.64557814,2.82911918,2.130951489,0.651779584,0.520415271,0.835899613,1.382308686,1.487794889,2.31941913,2.211411252,1.817360143,1.027982251,0.751493,0.710377532,0.400524073
1944,199.8587399,31.67294061,52.15329165,101.1330609,104.747069,137.7353931,152.7458073,71.01174848,67.92664801,61.99779839,28.77368898,43.99607062,16.12219085,-7.667136014,-8.004612715,-5.035421533,0.106467432,10.46726954,14.76161471,14.4280019,15.40759305,11.83898247,3.378101018,-4.173129285,-8.849981545,4.532871965,2.398062959,4.466932916,13.35541462,24.36179156,28.0957207,29.49781321,29.37075856,24.55909539,18.45079203,6.305325559,2.654906152,-7.488881476,-8.149506178,-4.944601206,1.643692185,12.2855453,16.72620579,15.52593223,15.67957032,13.0645191,4.467063396,-3.880433956,-8.201781379,4.313360856,3.29935856,3.539320175,8.155521955,16.58903955,20.0036697,23.53948575,22.20985365,15.90036843,12.43398035,4.426600141,3.647395538,0.609420418,0.563104889,0.640173293,1.13648954,1.860850773,2.5019122,1.501069525,0.876329364,1.513128278,1.080435622,0.654999313,0.637463299
1987,201.1045705,24.03874297,0.938872339,62.12904783,42.21696103,114.4929808,64.27418784,87.35563494,262.0402913,33.10798461,15.72879959,28.92145503,22.68544173,-8.960904907,-6.113426809,-2.629058415,1.200477004,8.680286003,14.01256197,18.07696274,16.11174486,11.26130722,-0.126433734,-3.957189376,-5.878018594,-0.280692631,5.943210052,9.626909156,17.63111521,24.69507754,28.9683404,30.77811726,27.24039631,23.45918297,14.11330285,5.788020559,1.23055668,-8.797446614,-6.01533265,-1.538125114,2.832964395,9.938553882,14.84900049,17.5855445,15.262557,9.136138524,-0.462806267,-4.743216731,-6.137630607,2.135330982,4.727127199,6.876887232,13.20555724,18.17632526,22.51547808,21.57307816,16.27071269,13.96556067,9.522790032,3.866303762,1.964259176,0.325946158,0.36547153,0.50717817,1.122210534,1.478884533,1.563103947,0.84672092,0.277059138,0.030958617,0.400388297,0.250644579,0.205175071
1950,203.2871396,71.29150517,39.68398425,34.18541697,135.8745581,48.91927196,185.5738973,112.0228766,57.58277889,78.75487112,16.15238471,22.74961173,74.48564288,-8.858795029,-9.43588492,-6.067577024,-1.849609315,7.008395061,12.50480888,13.73625806,13.38437565,11.23442247,6.193133658,-2.080429818,-7.014790381,2.638928323,0.0896834,4.046248603,11.50930147,22.48776904,26.39876013,27.69497433,26.17324903,23.10804191,21.12623593,9.902100642,3.687988302,-9.66194241,-9.472308255,-5.099980015,-0.018732017,9.165513973,13.92744467,14.19424904,13.48808048,10.91743712,6.836450971,-0.895696495,-6.732819033,2.177640389,2.088303314,3.247943976,7.211438782,15.29945408,17.54218531,19.77792809,16.20072455,12.85717425,14.10349388,6.185507894,3.195016316,0.332545027,0.333439239,0.560950254,0.890752601,1.871955842,1.901425891,1.129093603,0.926418436,0.549415179,0.879995978,0.716610506,0.432938113
2001,201.967509,48.68894606,97.24581751,26.41094709,92.03741413,141.6715044,69.15611935,80.65229637,89.86382436,160.6769214,91.07571634,45.49818855,42.10315811,-9.490048505,-9.449761993,-5.701466902,3.181830309,8.965004366,12.93518165,16.51686919,17.32716315,10.94145438,4.151965081,-3.247263536,-14.27942672,-1.396900281,-0.627135121,5.36752125,18.44528781,22.76471111,25.4287735,29.77379285,28.68658316,22.70260432,16.33003821,6.627501729,-5.505177233,-11.17277811,-10.29900804,-4.77038432,4.684607282,10.71291426,13.63553808,16.66788602,16.135471,9.665273665,4.452626016,-2.708187604,-16.27820102,1.633465096,1.852776945,4.455486983,13.07841835,15.80365417,17.53685976,22.15105297,18.05094743,13.65648767,10.12562195,4.812736145,1.390196782,0.196334186,0.26457149,0.49458081,1.194630309,1.496577006,1.068973314,0.711848802,0.31548952,0.314831192,0.640698169,0.506167003,0.157434504
2000,203.7230075,32.36871303,68.73378496,19.24813455,99.53576913,118.9679039,236.6724045,112.204792,64.85354272,125.2081084,22.06623652,19.24858308,43.02837611,-9.631212652,-4.694901597,-0.703454769,0.413951695,9.424987669,13.02968369,15.85655915,16.40906543,10.59659867,5.41378106,-0.471446849,-6.241103678,-0.880542726,4.396818344,12.34093262,15.66282326,22.82499596,25.38388212,27.51271673,27.86194015,24.44956929,19.78467281,14.1284567,1.789106432,-11.65386144,-6.587896237,-0.69492079,1.98559254,10.10837081,13.69941502,15.61664984,15.60327876,10.69982564,5.820803693,-0.856508518,-8.409231466,2.249380976,3.589672105,8.39139345,11.11927146,14.76309464,15.65464407,16.65142414,16.7088992,17.39874728,13.06692994,9.709708705,2.421350824,0.232300953,0.193842538,0.491113252,0.837147104,0.909012401,1.134140897,0.513848607,0.394813172,0.78628931,0.893040961,0.626676404,0.229528627
1993,207.888979,61.99194646,23.64293909,94.18909447,140.6058973,90.49309194,272.243831,115.9512388,151.63297,147.3950882,20.64865717,151.364442,84.2459767,-9.31057254,-9.537533185,-4.064312785,1.090491939,8.309687507,13.17361822,17.67593401,17.43747939,9.561203045,2.426530237,-1.330054927,-6.709920797,-1.35086304,-1.068506669,4.337166545,12.68443084,21.96576847,24.93983862,27.36512281,27.36140609,19.84419307,16.27212369,5.104277396,0.642626648,-10.35528596,-9.839295042,-4.270967995,1.181737187,9.420439927,13.33506389,17.13250126,16.14983159,8.409188408,1.985405357,-1.098954407,-7.702853264,1.622284313,2.127224145,3.240924297,7.602704918,13.95100165,15.16852929,14.13728483,14.36959987,9.984868863,10.94572377,2.469980301,1.772610242,0.253692646,0.217702247,0.245147203,0.659456925,1.226181382,0.965957548,0.766859487,0.16061854,0.41138172,0.648325436,0.248627842,0.1952271
2015,201.8203804,21.2426488,35.98772335,27.76015453,64.90535131,184.9545223,233.8525173,87.63584726,118.1969718,127.2094103,57.48801568,48.51924438,22.34972153,-10.44319771,-15.48959374,-5.921434669,0.075986642,9.076258325,13.99392772,15.96882965,14.53425382,13.62346454,4.549374695,-5.432608782,-4.453138405,-1.899777134,-5.286612547,7.190179328,17.7756929,21.87352879,25.90288182,27.36868708,27.02261664,26.91771178,18.19238988,4.091727115,2.432791985,-11.76263308,-16.63705367,-6.450073426,2.504929001,10.26525334,14.18542058,15.49413572,14.25225593,13.54289617,5.201064522,-6.269587148,-4.751331417,2.033876095,1.732247707,6.745219535,14.51491273,14.43541453,16.5659093,17.61642412,19.34728359,19.49787941,12.24721126,4.227539503,2.279305397,0.218397936,0.307380241,0.44864605,1.027266522,0.998992344,1.043953043,0.657333696,0.636210432,0.784138321,0.789776285,0.430887825,0.270523014
2005,203.5721957,80.81367322,37.03851262,25.01535279,29.79009272,49.47545875,48.76460464,42.17686176,103.1303839,63.72903511,10.18076584,60.49118493,28.95901074,-9.57999624,-4.510789625,-5.3442219,1.880846667,5.155670949,14.79923571,15.55536385,15.2577124,12.61617986,4.99162056,0.308570493,-7.306150236,-1.611211345,3.611994356,7.077874026,18.83337001,20.31002294,29.81994151,29.98188317,28.97389735,26.93246417,18.28873325,9.925450131,1.708505927,-10.30065412,-4.880707491,-4.455929428,4.092256572,6.657221093,16.09838141,16.22285112,15.08338659,12.08229713,4.682601523,0.487485132,-7.76377875,1.680138474,2.932901208,6.307070745,14.87434767,15.07021056,25.07463439,24.58578026,22.76968718,20.31595482,12.24925526,5.409641691,2.556083796,0.221641202,0.19569074,0.465230806,1.218638038,0.787065282,1.274893527,1.068748342,0.611890498,0.622596065,0.652150895,0.40702573,0.24611642
2009,201.6227294,21.79925216,46.33833282,139.8738296,108.1120652,109.4139382,157.4723317,170.8896944,158.8921421,43.60832535,166.6441417,37.04048256,105.9991139,-15.31048129,-7.922830185,-3.722568756,-0.054643726,6.842021669,13.39562388,13.30769057,14.6802443,11.4090217,3.708308779,-2.079621696,-10.36094342,-5.347349719,2.446435173,9.022246884,15.12756473,21.82862071,26.70891468,24.9644386,25.69379104,24.21164951,13.01465634,8.662676668,-1.089236066,-16.41956438,-8.879300821,-2.87590905,2.222652922,9.128066171,14.99197769,13.83693709,14.52908249,10.77890118,3.812017809,-1.232946378,-12.73242369,1.761025866,3.399132998,6.963017002,11.0944157,16.28870917,19.06256353,16.03227863,15.52992953,16.44589402,6.507292285,5.969001107,1.691778379,0.32158723,0.436443898,0.736979946,1.038282125,1.499028228,1.585642472,0.999195238,1.009846348,0.589079292,0.594596128,0.697241117,0.314309022
1925,197.3937161,10.74721204,43.36156204,56.052535,74.10226071,40.97779498,117.7672126,105.7822923,114.143674,104.4355378,99.96325146,31.97863697,106.1232588,-8.787032092,-3.701754016,-1.65589952,5.122164117,5.235378489,15.85425222,17.08993056,16.11990686,15.83664124,3.404978621,-0.399558556,-9.009130838,2.008879233,7.676798761,14.15457563,22.78943912,23.30301211,30.60748043,30.88873092,30.40192672,29.59809402,12.86689684,12.77392747,1.292065157,-8.651321214,-3.244577108,-0.72583635,7.790384279,7.739679627,17.44109975,18.13524516,16.48569151,16.64386535,2.987722779,0.361992136,-9.161357546,3.333270419,5.146799724,9.753226685,17.65636822,18.48400572,24.70593989,23.88506779,23.88667166,22.27295209,6.296254106,7.955859523,3.056773922,0.663148484,0.773944624,0.945745624,2.078843036,1.998161003,2.227811221,1.723167941,1.043736386,1.473970391,0.520315688,0.963873177,0.616232123
1946,229.1517388,53.05750076,34.02460807,68.51692318,74.4111178,135.9192739,116.9009433,60.99842977,131.0743771,61.99009875,134.2273615,39.321546,60.81740122,-6.187999204,-5.106955985,3.370906946,4.434790502,8.926725727,14.80793274,17.17454222,16.34899698,11.60678959,6.900053282,-0.292323058,-8.760473061,4.074727013,7.529299794,18.44247957,20.17804479,21.23528701,29.12981936,31.62085626,26.86401715,26.75359387,23.01010239,11.26624386,-0.322725059,-5.726344936,-4.033369429,5.785040375,7.015185658,9.920284643,16.26841147,18.45712623,16.10967275,12.28571818,8.357964689,0.524211625,-8.584099076,3.4906089,5.341294396,12.13172717,14.29382958,12.4057092,22.1384038,25.68416025,15.41802313,20.08734419,17.0007399,6.562287692,2.266667927,0.645601514,0.816183351,1.645091656,1.940390393,1.252365319,2.071731762,2.114192593,0.537658831,1.287669587,1.505520599,0.916330574,0.575716872
1987,235.0323011,39.642183,2.7388524,71.41268018,65.86986193,35.38086216,80.32228607,60.97234754,83.12711677,36.47141523,30.49762479,43.89746374,48.65130746,-7.111266884,-3.919993265,-0.359480533,2.65751459,11.17212623,15.99836105,19.58171373,17.66267295,12.08094594,1.115325564,-1.250245776,-3.630735715,0.864908407,7.829924255,13.21059992,19.39837467,28.26565955,30.69816911,31.70806921,30.33857704,27.13737889,17.06531262,7.821396201,3.973254563,-7.988425861,-3.569205978,1.038494923,4.662558879,12.73401972,17.32913822,19.68172051,17.36939809,12.21190944,2.14308249,-1.867008812,-3.881169919,2.152405429,5.310622814,8.617046069,14.81550137,23.46435882,24.45879609,21.78385974,21.60835846,21.16480149,12.2994719,4.201571741,2.612644292,0.213106307,0.449466202,0.849860822,1.540065228,1.880929858,2.113598933,1.554227729,0.703675502,0.955565706,0.915237589,0.232035724,0.235944993
1991,239.9893749,31.28420388,10.73549966,71.38450681,84.23207666,215.669154,19.36989675,70.33646007,90.82936607,109.6392995,172.1044263,118.5279043,124.1944106,-8.4497534,-4.279417893,0.194873232,5.958153101,14.84704545,16.7997699,17.19892602,16.84609593,11.87913057,5.994821046,2.772952294,-5.50826895,-1.105316173,6.13498358,12.99699506,20.10678255,25.91237133,30.1691199,30.62944418,29.95649154,26.15714522,19.93884952,14.84478814,4.139509913,-9.222483959,-3.860638124,1.098246078,7.324111991,14.36818335,17.90276387,18.13594165,17.10158263,12.70339257,6.770551187,2.236486322,-6.051190927,1.59823231,4.074257259,8.175584509,12.91528501,14.24162979,21.83834249,23.03232318,21.90382545,19.25076503,12.62241989,8.172104719,3.402635543,0.214209781,0.488961909,0.827194661,1.17742736,0.484917304,1.498247494,1.542975595,1.015224437,1.078522366,0.953881762,0.591056647,0.393016674
1949,244.8949014,128.5625647,56.28738632,66.92325939,51.69098167,64.84280269,99.2691937,128.7148377,73.67924869,69.76537739,100.8939678,43.81631569,44.76483924,-5.786948197,-5.41055547,-1.843491409,2.143981702,10.4179604,16.78645299,19.96893463,17.23676627,9.047066232,8.278983009,2.19482113,-3.979705116,2.676807763,4.825577404,11.08010468,18.0669068,26.14580308,30.142601,32.00038541,30.53157481,23.71998783,21.42602037,12.59822079,6.29119323,-6.027116737,-5.589521969,-1.039687332,4.125730505,11.85579295,17.6605352,20.34656064,17.11566918,9.491146051,8.569381689,1.993708096,-4.02196724,2.182058583,3.091156976,7.256095613,12.66676422,19.20997638,21.34347177,21.79004967,22.31709499,16.24227467,12.72124676,5.999300261,4.303462201,0.32116418,0.409680649,0.665925476,1.330140967,2.121524262,1.598033985,1.202526229,0.846280935,0.966954032,0.837547497,0.469121646,0.342190051
1975,221.9784798,75.38786316,77.27624166,52.31419158,91.41341777,127.2743001,100.7157692,67.20109925,114.6555024,104.2746818,58.40588063,101.2248469,53.13286202,-4.848178096,-5.835365328,-3.530457981,2.461215186,11.5829478,16.1096817,17.11588517,18.64540679,11.17813315,6.154448328,1.265685288,-3.110312378,3.769642241,1.848439944,7.634419362,16.67010078,25.52844602,28.61356731,30.43624403,30.35650713,23.84929794,21.76113565,10.64436173,3.311205281,-5.450165918,-5.983946512,-3.035028164,3.600865767,12.44567514,16.63436136,17.0840376,18.45957449,10.84816567,6.471828972,0.805994211,-4.045438557,2.666031535,2.30033431,5.374742134,10.66874734,17.57538634,19.97205412,22.57719772,20.34882555,15.38362065,15.56316137,5.398524755,2.090698284,0.365891216,0.356331754,0.68414355,1.2570812,1.988690502,2.136623829,1.916227519,1.396273527,1.059596038,1.332183188,0.300934914,0.19407266
1999,243.290854,67.14406995,45.65635828,46.64945998,144.7139417,106.0267955,107.6066172,84.57970323,95.15248976,35.20978498,28.01688286,87.55030991,29.61651338,-7.614446914,-2.076864187,-3.987969655,6.433771594,9.747948071,16.02781636,19.60906905,16.21645289,9.54566329,4.023128519,1.565853938,-3.316740727,-0.082471894,7.84786386,9.235591145,18.19400631,23.96029231,27.93519519,32.14004806,28.8642592,26.49095037,20.37128491,13.06857773,7.028463133,-9.660832715,-1.944089339,-2.834730199,6.801331688,11.4530296,16.47934863,19.24858725,15.40912366,10.07888348,4.694248262,1.903844671,-3.906204263,1.916425527,4.698263707,7.25556794,10.33982101,17.17872466,18.3164007,23.88959699,19.70774839,22.58157926,15.25236483,7.227542514,4.714077696,0.160742805,0.382552652,0.665553278,0.702414807,1.416401248,1.014340009,0.657064066,0.340612332,1.063145787,0.850623578,0.692274451,0.277985859
2003,231.8920517,25.15807129,39.43116634,63.04122461,120.8215479,81.0491375,92.69321082,122.6142411,67.54248233,149.143909,53.59607281,17.59508182,58.13704956,-11.12558826,-7.820041757,-0.894293855,3.96014354,9.587096547,13.23832525,18.73171702,18.29252279,10.76317897,5.03866696,-1.251216566,-5.639536712,-0.793154728,1.491951757,11.50602038,17.91393246,22.68168429,25.9790024,29.71813939,30.1158146,24.61133264,19.84773959,9.3442191,5.703193482,-10.45151598,-8.27337463,-1.409018558,5.233739321,10.16107324,14.141036,17.83777722,17.40842798,10.09637433,5.256448652,-1.233952704,-5.601556269,2.838459716,2.759051148,7.559403493,12.44325803,14.84847196,17.76456488,18.15510877,19.73951189,17.89243163,15.23397115,5.943394123,4.545875748,0.436769175,0.256352701,0.339695346,1.211754679,0.800854893,1.085324862,0.697936767,0.902784183,0.303068402,0.746226283,0.374894545,0.33612713
2013,243.2938666,81.86636444,79.5888019,78.49298309,151.2416281,268.101403,113.4818839,80.65117031,10.25524843,62.42302385,83.46340904,31.09084883,52.70726409,-6.236817822,-5.960669303,-4.057147906,2.647143033,10.76701799,15.69188851,16.4121626,16.76129345,13.5231286,6.158742147,-0.651058006,-1.397323438,3.945087757,3.501752709,5.636886423,15.90769425,23.45737099,27.84740399,28.84639106,28.9042453,28.13752252,19.46000836,11.43581,7.344047376,-6.917155981,-6.427211488,-3.794731856,4.011366677,11.74251391,16.78770794,17.09601974,16.72643204,13.46549198,5.804470904,-0.858137793,-2.015703597,3.509813053,3.51266387,4.411015597,10.18695285,15.96204771,19.27486817,20.90515499,19.21440399,21.59906835,13.02417656,7.318666584,4.261977765,0.452558545,0.350381986,0.666070717,1.03407032,2.006768237,2.796796408,2.636801215,1.856166552,1.564489502,0.939943863,0.973030097,0.3954683
1931,210.5423918,10.37874117,32.61987187,60.8319891,83.41662554,102.574853,92.75810676,76.829808,91.70461945,125.2902714,87.23821549,53.5984857,8.713472264,-4.837971943,-2.601317692,-2.282428963,3.038209801,7.125306482,15.44667487,17.75690681,16.51621926,15.00369819,8.689086058,0.056218329,-4.757976082,4.851668346,7.499065129,6.368256135,17.88723262,21.41986463,30.12604881,32.75245929,29.98195062,28.79300345,20.64189016,11.39916976,3.305858112,-4.425212626,-2.100794216,-2.03063188,4.921622441,8.542243575,17.0162834,19.02065534,16.7318484,15.89418402,9.167171228,0.163046402,-4.553831965,3.729236733,4.624359179,3.774784631,11.85988288,14.3108835,24.02827006,27.99481913,22.3654326,21.36261574,12.0738989,6.561532418,2.862545168,0.787707052,0.871851214,0.849692307,1.509391126,1.473778737,2.151130965,2.039940903,0.885546271,1.466797595,0.951502047,0.721234522,0.74025332
1979,192.592422,86.42353611,28.41899856,117.146797,165.601493,49.39672925,55.15067599,187.9243331,143.6294885,1.753158904,40.75302424,71.39897591,64.02629549,-12.95278678,-12.3354387,0.605810879,3.167185123,6.788567952,12.74986056,16.23354486,17.9579576,11.70693643,5.162252536,1.973929143,-5.011942724,-5.514851639,-3.67526084,8.843512881,14.87587454,23.19765192,29.53552781,28.37897966,27.80231554,26.43950235,18.96774379,12.04058488,3.577619815,-14.69154423,-13.87930126,-0.804594631,4.250090147,9.06119811,15.70459609,16.56783682,16.95710186,11.69182158,6.067533889,2.026646519,-5.009048059,0.955136807,1.440792373,3.668895405,7.876018023,17.15863036,24.54651271,17.76970616,14.1745223,20.18428855,12.90789314,7.084299905,2.997251711,0.175237779,0.290020547,0.359907573,1.19974763,2.452399777,3.840019821,1.844724218,0.942163836,1.582984743,1.63912892,0.910670355,0.565815627
1957,255.5365968,43.50637808,41.36953169,38.52665851,207.8285899,118.5833299,192.3767474,105.6109922,68.1632927,38.46540734,92.94278785,56.44616044,69.83279549,-9.51443167,-2.253367278,-2.247331901,5.92337922,9.835014445,16.17437107,18.47429777,16.94356898,11.74638919,4.182496947,-0.209649216,-1.323276301,-1.396803393,5.628503398,9.479947728,15.6196737,22.29751666,27.80263318,30.4209973,29.43033072,24.54076017,17.05733543,10.9711314,5.480776703,-10.50281693,-2.44257156,-1.335936971,6.002010795,10.94151057,16.5443391,18.76243786,17.16743705,12.11731157,4.976802304,-0.39458728,-2.08034987,1.870285817,3.210802706,6.475086097,8.040869553,13.55079212,17.7516369,20.98358722,20.62413484,16.37525377,10.98433302,6.692800244,2.902955198,0.285744418,0.382910802,0.743091855,0.779343755,1.675355382,1.453048515,1.734401685,1.332144935,1.001186909,0.955518411,0.545563484,0.297731879
1961,254.1281714,11.89662973,43.49047857,106.6431207,112.2274599,115.9716098,108.7314459,94.5605229,55.0293963,136.3008946,74.09280913,57.34446841,40.31771923,-9.264264441,-2.975349752,0.98408084,1.651878727,6.375542899,13.37776102,17.47587563,17.49577175,14.20531279,6.852953089,1.161443578,-8.13835138,0.261544808,6.061847082,10.96549402,13.2233842,20.58878978,27.71203702,29.88260124,29.12161719,28.25935851,19.93089834,11.5370826,0.717251318,-9.073318852,-3.943713305,1.392343181,2.64666443,7.487938498,14.290812,17.63333338,16.95982921,14.96468185,7.600548023,0.872460003,-8.30572435,2.708021778,3.697332049,5.780190233,7.667262833,13.44111657,20.64863516,20.47362755,19.10857697,20.47379463,12.57306571,5.823725941,2.712324162,0.410022302,0.375128768,0.570482283,0.837921376,1.568739748,2.063856118,1.298772336,1.037445008,1.786012545,1.212655359,0.579756566,0.476770967
1960,252.1726149,38.97512714,70.4736114,43.19027059,75.82597266,101.0355559,165.7457737,71.87531541,46.96936111,66.83838158,49.47154563,72.66185124,54.28194978,-5.072297933,-6.0144247,-7.565509377,5.005920213,8.948919254,14.35585408,16.81295683,18.17069848,14.45657273,6.426343681,-2.847768303,-1.071115511,2.111324921,0.562983489,0.582040249,18.52289114,20.36330059,26.58560304,29.10047721,29.71818844,28.53556023,19.67491596,6.563949209,5.883430164,-5.672668565,-6.256072899,-9.150151293,6.033561628,9.402552118,14.92238769,16.75164435,17.2351783,15.4618426,6.399204953,-3.184576168,-1.406210908,2.087925083,1.860029447,2.291186305,12.32896755,11.4625315,16.78279002,19.96175407,19.40230986,22.31572775,12.77873771,4.238404931,3.014093102,0.27393183,0.348607648,0.251615946,1.290838055,1.341158452,1.80991792,1.373469532,0.891096996,1.701890006,0.805532937,0.531855181,0.340082623
1926,152.6455313,46.76071484,68.45218105,65.68306503,95.48882678,82.58866377,92.16337745,89.26568125,121.1399084,286.6279367,112.6471571,77.9025309,30.52886363,-7.027239136,-3.279471792,-4.32336415,-0.163043113,8.293893355,12.22884003,16.63986003,18.17137032,14.47272437,6.75327758,-1.467478415,-7.144870177,2.037016779,4.558335391,5.988216765,13.07794355,25.27004375,26.3558703,31.62634022,29.80981495,24.33376549,17.5361562,9.026672349,1.611497831,-6.895279658,-3.251091438,-4.381507379,1.071046158,10.56935794,12.95289718,17.42498548,18.34339594,14.51316071,6.812039835,-1.482537387,-7.159844529,2.882826557,3.044391243,4.227487985,8.148620068,20.02193895,18.92585346,26.44343479,19.96960064,12.96512117,9.277369,5.286658944,2.709070465,0.683269655,0.704606539,0.611191769,1.161183405,2.083851222,1.209747026,1.419862601,0.83896436,0.704951522,0.720064863,0.769875498,0.632007914
1958,254.3350267,38.04544945,12.98984211,29.22483022,62.85935817,68.70708463,217.8547666,186.5377019,96.73681072,71.99218116,21.39118407,73.94923019,124.1301304,-6.809934059,-10.52430254,-2.423337803,3.594234281,7.358243588,13.66548582,18.10507343,17.73325076,12.90920016,5.472515522,0.508121826,-2.47168517,1.343864615,-0.236309414,5.685248114,17.46813273,23.80333073,25.20182923,27.75073073,29.06790679,25.45083483,20.15210021,9.897135689,6.42247643,-6.319754526,-10.54423801,-1.589489342,5.084583897,9.514116959,13.09465705,17.71394233,17.02653665,12.95047679,6.391181261,0.335283048,-2.764937848,2.549947885,2.969754778,3.843221786,11.78758684,18.87086058,15.19523003,15.52765071,18.55573223,17.01435487,14.35773664,4.847940076,3.895872657,0.414076934,0.374820727,0.45206952,1.278393072,2.094300327,0.983105648,0.916366017,0.798842087,1.074468148,1.193050161,0.454137769,0.463048381
1965,193.5515428,110.1312678,42.11016199,54.7374654,140.8484089,98.51061391,87.0189504,93.34899358,140.5296853,168.2925135,47.27881467,90.5617187,40.6636766,-6.980918209,-7.756577391,-4.400481675,4.700041594,11.506261,14.24514038,16.78172874,16.09413349,13.96278049,5.496045028,1.725882792,-5.001224559,2.447021322,3.154561894,4.294523734,17.2811958,26.82680721,28.46042615,29.35006932,28.17960994,25.44332467,19.11596786,13.90440436,2.057775456,-7.142503426,-7.445617538,-4.678965769,5.509093617,13.36810257,15.38264722,16.7347436,15.79656392,13.79936042,6.473030007,1.637002591,-5.948629518,2.972001103,3.545658038,3.265293315,10.1768373,20.47204227,21.18958849,20.40511194,18.65502121,15.12415155,12.01137599,8.679076232,1.89017392,0.539487051,0.646957617,0.519560093,1.020930269,2.257323417,1.791116403,0.82638868,0.605422109,0.733850241,1.111473492,0.803380611,0.345855537
2010,257.409011,35.50724339,41.4340582,76.48071318,51.8793005,119.6549644,245.8155861,100.5456141,47.74647174,94.82661983,33.89525156,87.51365731,96.10323668,-9.372574285,-7.809609004,0.552082675,5.005260491,10.90719681,18.46611053,19.3311693,18.39418113,11.88630271,3.532959923,2.629066122,-5.367280295,-3.192562316,-0.711643309,11.07673673,21.64446056,23.69798147,29.08619746,30.44416641,31.11844372,26.75956813,21.19386996,13.1176857,2.116838983,-10.45745253,-9.151921843,0.111119128,6.709702504,11.90548006,18.27395754,19.08286619,17.8753521,12.51403134,5.010807805,2.250857199,-5.816553776,1.013532233,1.65063662,6.721358436,17.45953655,16.69121311,17.14206038,18.91920353,22.73672026,21.71135233,18.18467607,7.150391514,2.394618959,0.179076335,0.230865587,0.313955744,1.311357061,1.335129022,0.931717391,0.740657583,0.621676061,0.883145039,0.927042688,0.43924364,0.263957457
2011,267.7432631,21.59894603,82.68993154,48.51045755,182.5892338,132.6534893,107.3233804,40.15355286,44.27009995,70.07857123,53.82542884,99.66336261,63.33743943,-8.736903323,-5.373133806,-0.844841967,4.877900357,10.52250952,16.14839984,19.99212908,16.01506421,10.28980372,4.452166637,-0.386858646,-8.003732497,-1.189407279,2.454679777,10.29059759,17.05670591,22.31883683,28.36096895,32.23875206,30.04358615,23.72177952,19.57078529,12.26726038,-1.857066909,-10.22874412,-6.322801867,-0.26091842,5.272271435,10.80372648,17.26137184,20.62082194,16.50508344,11.50825523,5.480557472,-0.653010757,-10.07748724,1.787167529,2.494162908,6.364438191,9.576174342,14.41508564,20.03057521,22.97974548,24.74011632,18.40611582,15.84283778,8.11339865,1.244104861,0.249437992,0.370514759,0.691044768,0.730524009,0.960707435,1.610866654,1.686122332,1.442840915,1.29495517,0.720122387,0.528607769,0.186233767
2007,223.7276096,83.17680819,57.13918309,65.31252881,79.86380802,38.72955219,124.7402216,86.61934704,53.85056185,55.68135649,93.68584941,60.65263488,123.5818939,-4.474968592,-12.33851651,2.196564656,1.424551687,8.500870862,14.05693899,15.36930971,18.25235479,10.94836886,8.071709017,1.044538463,-2.192659459,2.580026488,-3.750565784,13.76738383,15.95669595,27.22534261,28.83562898,28.17102084,31.25983731,28.61509274,21.88641963,11.58379099,5.978406041,-5.4406971,-13.06158507,1.94725565,3.446398784,12.99571331,16.52109282,15.87653907,19.08756124,13.33400127,8.538935975,1.22738166,-2.893597921,2.061065647,1.648772392,8.358680363,12.44424894,25.96004375,23.38432382,19.2434833,23.48614776,26.71495696,16.33507662,6.481696237,3.052812993,0.189381374,0.207316264,0.595789222,1.224178406,3.201033588,2.402764637,1.301630562,1.607275321,2.066395057,1.037649227,0.581695956,0.398779643
1954,330.910628,34.78342774,30.34407469,47.58690001,102.389996,54.13362202,75.78161705,40.90140168,110.2530557,43.12625264,109.4920537,20.59507002,25.74098237,-6.321501855,-1.664341314,-3.310801997,6.512011988,6.780300505,16.44991257,16.76907933,18.05915014,12.07519952,8.033054786,-0.696043627,-4.610213597,4.38971083,10.75683324,10.10389327,21.72829039,22.58121742,32.15136225,35.25156334,31.35035502,30.48700131,20.54751754,13.4970591,6.694436741,-6.222054896,-1.269668097,-1.987131667,7.268169058,8.478438994,18.25069339,19.32655058,18.87048387,13.88739392,8.474491945,0.706933491,-4.387075443,3.244965001,6.420312471,6.788152103,14.08281599,16.24542124,28.4949325,36.63759266,23.50179612,29.66464782,12.19665423,9.300542055,4.485470593,0.455758757,0.530778122,0.658956875,1.117510518,1.439649188,2.983982042,3.501875236,1.278227573,2.286955944,0.758754369,0.930431394,0.462634935
1960,228.1972632,41.57413011,52.66965256,70.12799599,89.78078099,132.0229458,170.1742179,67.25815378,58.69891407,38.76698886,47.81605422,68.80559833,42.23415705,-4.368648413,-5.571852713,-7.131749974,5.838559582,9.65489518,15.00249972,17.29119795,18.44703476,14.84407216,7.143795507,-2.805092434,-0.64619596,3.115347932,1.656678231,1.672667096,19.66823758,21.29190021,27.63516693,29.78576531,30.465728,29.69069736,20.67899415,7.775985347,6.927274347,-4.74533508,-5.712355327,-8.729843411,6.646914547,9.82123848,15.58566973,17.16718853,17.98200992,15.59850831,7.246792934,-2.378790208,-0.734682112,2.377739592,2.235422395,2.97175161,13.05763604,12.01401737,18.5136789,21.10802395,20.93877513,24.92159702,13.85600384,5.175766696,3.49709178,0.305380893,0.360561929,0.256160534,1.323199257,1.345770259,1.935424181,1.46845496,1.321226561,1.657719359,0.86840418,0.687921036,0.372013339
1941,185.9759559,59.42507843,16.54385539,22.86356794,124.8615972,69.92441626,109.2821418,56.47785132,61.64841959,131.2014442,236.3146697,69.7115595,44.76400662,-4.337168592,-6.852457273,-3.789032867,6.742947799,11.40511876,15.61116922,17.07923376,16.91226998,13.94366344,10.24309347,-1.042480017,-1.831671218,3.560303639,2.88163036,8.655502188,20.1314855,26.63421381,29.65523061,32.03388742,32.39541637,28.07128353,20.93990834,10.37982313,7.030453235,-4.157434185,-6.483821139,-2.768010987,7.927756323,12.68317082,17.0001697,18.16390907,18.04879806,14.7231737,10.45436727,-0.851293906,-1.425059916,2.809742256,3.246763042,5.796485134,12.61820735,20.17199907,22.66206646,26.9147091,28.09697136,20.77740197,11.21760921,6.169353411,3.981658952,0.737261587,0.771870674,0.91579769,1.329421886,1.61820639,1.966575321,1.839199558,1.836216915,1.371713413,0.766476441,0.82366644,0.75554511
1946,200.0670455,36.60958788,52.54219175,65.29723533,55.46260183,170.9903571,101.8681642,78.20218205,167.8406087,52.85715722,91.19194223,62.4457812,57.01752413,-5.442526527,-4.283656668,4.143029883,5.291977864,9.882252708,15.0265854,17.22668241,16.33430664,11.89216887,7.21629385,0.633260661,-7.912010728,4.481726056,7.953922341,18.6859115,20.43077581,21.1310956,29.34648465,31.5693758,27.34560016,26.82945995,23.37158088,11.49255358,0.549714598,-5.554272506,-3.49885599,6.181956389,6.911861024,10.46079563,16.5408636,18.1379072,15.90613878,12.15019647,8.236396586,0.819447945,-8.045863857,3.471549103,5.336136085,12.04269,14.11078131,11.60404986,22.31551044,25.49087379,16.3970467,19.97750122,17.35768296,6.311267982,2.404649841,0.580958788,0.781812178,1.499300876,1.516115758,1.020123729,2.122167211,1.784306871,0.434404826,1.117153282,1.319181478,0.768633774,0.550800016
1949,224.6473657,155.957406,78.62624212,49.07853612,46.89423249,73.47288179,82.87577939,105.7974833,68.23755986,69.77095176,155.8941174,88.15930052,60.30914407,-4.567838614,-4.390320977,-1.152655527,2.928890691,10.87793763,16.89299899,20.1376004,17.3482982,9.463866241,8.75578984,2.810038289,-3.106871486,3.807589643,5.757478703,10.72315198,17.53398549,25.95736419,30.13379831,32.47464785,30.51938549,24.19625488,21.1392841,12.86219594,6.898811474,-5.064426841,-4.605358995,-1.183828909,4.083430323,11.34596862,17.212965,20.13750378,16.74372321,9.703303795,8.673922724,2.175075159,-3.446608573,2.36048428,3.286132162,6.554709865,11.70992233,18.45984068,21.03262979,22.68689916,22.17629894,16.65204625,11.69832365,5.929606986,4.323806283,0.303042226,0.419193852,0.558110488,1.092006069,1.485548167,1.255925367,0.906401771,0.594520661,0.925720724,0.697672719,0.43609438,0.289678045
1942,209.6525961,31.29025488,89.36795485,65.10405696,61.52400364,106.7990589,180.1249436,151.8707783,43.69456513,75.59768965,66.89306889,90.15152084,28.8649886,-7.166346184,-5.088969595,-0.00609373,5.171195148,10.37195796,16.35198087,18.23478326,17.0796314,12.55963611,5.982092216,0.949640971,-0.865229553,3.899464935,2.565023036,12.88100834,20.49095287,23.45559836,28.00794658,30.77924134,29.24952888,25.67788212,20.75664067,12.06777997,7.506933804,-6.698911793,-5.107266206,1.525196232,7.414591648,11.73161284,17.31138984,19.2310124,17.3410384,12.94114328,7.367035353,1.605981301,-0.435161899,3.843333661,2.54455683,7.777362425,14.11197118,15.09670534,17.91469616,22.04529511,19.90206231,17.16254796,14.14471616,6.713239764,3.993112614,0.702311158,0.648600786,1.149221797,1.840882707,1.639378967,1.573466161,1.816035709,1.086686955,1.052199201,1.353323944,0.89940572,0.810843497
1940,205.1680487,31.73449437,25.94018512,56.01736377,88.04551929,94.16402531,71.60386151,31.96506086,116.2726532,8.873586138,49.85937085,37.5777368,30.5621671,-14.12738037,-4.57266421,-2.058722869,3.233676524,8.174756266,15.28212571,16.46428809,17.76611597,10.69417014,7.116480885,-0.57845968,-2.560283431,-5.11718372,2.782453217,9.31526196,17.09876917,22.45857645,29.61063253,32.43452947,30.75699877,27.64454699,23.97897783,11.4538937,7.43619006,-14.20516853,-3.801454446,-0.869777321,4.60911652,9.347893792,16.65166937,17.44900289,17.92312687,11.21007539,8.393433596,-0.226325102,-3.301807894,1.604584089,2.510681102,5.692704388,10.7910824,15.15106252,22.81887948,28.67608791,22.82388418,22.82715737,18.41620522,6.848878838,4.58664997,0.559523798,0.826202161,0.991376164,1.313256104,1.431108629,1.886289541,1.610888056,0.909448838,1.011340812,1.340311423,0.891327116,0.5792671
1985,197.1796148,39.87746156,106.7887596,115.036605,87.79639309,59.85186237,136.9689038,53.73471417,146.321116,18.71336777,47.23846825,101.5272842,74.381788,-10.78209675,-8.254408001,1.074689291,6.615113591,10.7056587,13.9852507,17.30239945,16.92456652,13.09938851,7.481928026,-0.072309212,-1.000425365,-1.974787679,0.639904711,13.32598902,19.90746807,25.14987789,26.8107296,30.03238051,27.47496015,26.55669017,20.65199244,11.10213888,8.015917879,-11.60630503,-8.846041268,1.607728917,7.739710336,11.83531306,15.14838112,17.22422356,16.11705599,13.24837057,8.171035767,0.161384786,-2.232391018,1.669472623,2.159481277,7.566340451,12.75753707,17.57381281,17.58431681,20.16532061,14.93237711,18.04974433,11.63143381,5.547016407,3.385954586,0.233287295,0.235161214,0.563137651,1.309461321,1.78881156,1.48357406,1.592682365,0.925909346,1.696491247,1.056836537,0.586433643,0.298213113
1947,272.5659751,56.02952801,2.776021225,61.43873326,152.1098612,108.279382,224.6619847,23.28158,32.29295583,105.6037462,83.07204905,157.1339707,53.36966258,-4.358054047,-9.280750547,-3.744844384,4.68524946,8.720189263,15.19172563,15.79935009,19.60438615,13.5413999,10.55964902,2.16454974,-2.184446946,5.487221211,1.411191974,6.468843013,17.48939617,22.37662705,26.71975171,29.67326705,35.26464141,27.68854028,24.51891636,12.98458,8.263271644,-4.143745906,-8.270538241,-3.157022518,5.686661937,9.72628902,15.85789228,16.26105943,21.29737411,13.79150122,10.92816941,2.470971356,-2.177829327,3.752190312,3.109527646,4.253234174,10.08642418,14.1638426,16.17428438,22.12905616,32.56904581,20.10870912,16.70804577,6.571122107,4.824639991,0.613364006,0.75330145,0.743637163,1.083187363,1.379911022,1.318264985,1.32537553,2.743660963,1.080940641,0.995829465,0.690297917,0.610380465
1996,220.9842822,59.44003085,30.05743204,61.63336766,125.2621444,199.4750798,84.30249574,65.29156012,57.12489856,50.34903479,45.2451695,56.34503312,48.75458163,-7.038149616,-5.881887182,-4.89290542,2.09040029,11.77283598,16.5063014,16.25118659,17.53023017,12.17048578,6.913888126,-2.66280632,-6.088958938,0.532791533,5.406124362,7.496383421,16.14040934,23.16556905,28.07402987,29.36205548,29.9197703,25.31837336,20.55442166,8.206211103,2.720965454,-8.937427351,-6.047128261,-3.858894066,3.346717209,12.09532044,16.92765401,16.69704698,17.46235526,11.44717176,6.380995918,-2.832202955,-7.060821368,1.671168262,4.767425126,5.652292706,10.43911876,12.78378355,18.01924457,20.84238668,20.73754546,17.16421591,12.69097975,4.700013551,3.295625219,0.082044177,0.46939947,0.569552032,1.142837601,1.058184979,1.241814071,1.265260513,0.830645182,0.332951152,0.603406437,0.417160977,0.210000293
1995,240.2293869,93.46009197,19.52100068,78.52969165,91.40071787,212.2888217,90.20550668,68.3874074,82.34829244,13.81177692,70.91253989,141.7830704,36.19036617,-5.998374341,-6.464937025,-0.163125633,3.65724281,10.56978465,15.85911969,18.21503864,20.78924417,10.2658171,5.738993982,3.352195614,-0.979701516,0.986786456,4.702076887,12.56509167,17.71071698,21.54408522,28.85928129,31.32501459,32.50135342,25.37908477,21.36502768,14.22742733,7.282570009,-6.667816594,-6.49865425,0.95900768,4.365726983,10.7133944,16.43940294,18.63782329,20.36992369,10.693422,5.974992955,3.492577154,-1.60311748,1.798028257,4.395555717,9.014718493,10.75014781,11.2545623,20.22509492,24.09034311,22.51013573,19.06587543,16.23591763,7.064997276,3.72391073,0.205500557,0.307607218,0.748456029,0.660877734,0.797250503,1.263190426,1.13555466,0.256163324,0.752294121,0.559674226,0.485815415,0.292913166
2015,221.933863,30.0916257,32.97589224,62.61056536,73.8075411,145.3848775,215.5588678,79.69420521,60.02838782,71.87728496,27.96628744,56.52019502,48.77893587,-7.328096463,-11.09795637,-2.139857378,4.16712027,11.26350217,17.38439892,18.63445531,16.42235884,14.19260641,5.441206776,-3.055775045,-1.335140604,1.369566996,-1.305003442,8.742036396,18.71704192,24.38547078,26.90856996,28.4027068,28.12540306,28.49531683,20.56686971,6.26681659,4.521078047,-7.325101462,-12.16413625,-2.677268141,6.206433357,13.1842211,17.56938788,18.32694761,16.27105378,14.72418538,6.687087633,-3.78148123,-1.675207897,2.555208244,2.342782262,5.814778649,12.68576506,16.57210169,14.06234356,15.12084353,18.33797241,22.84478896,14.68455235,4.526644008,2.223156311,0.35908246,0.341620791,0.462346787,1.206877679,1.490734087,0.766598158,0.684074016,0.653062056,0.964686715,1.052148789,0.478928507,0.333636753
2009,217.3177818,22.01701529,52.55007374,72.49828669,156.0836418,167.2286772,117.712567,78.28560523,67.07652208,59.73452766,256.9335899,27.75059421,124.2184416,-10.01064425,-4.504599855,0.219268976,4.492634386,10.61708347,16.60037279,15.88232226,16.75666483,13.1454438,5.817707014,-0.472722144,-5.699625747,-0.816302748,6.24361921,13.22049502,16.99694505,23.47157436,28.79250557,27.10746716,27.56987619,25.30563587,15.66776317,10.68014896,3.448385842,-10.17708762,-5.003377857,0.907687069,5.763820731,12.2085331,17.80474294,16.56877737,16.41402546,13.09226952,5.887114215,0.405674012,-6.702443426,2.390160176,4.372447193,8.950010142,11.00205142,15.72624928,20.42753965,17.31820753,16.63879678,16.43077629,7.801169112,7.080673889,2.569592126,0.318204436,0.500365955,0.938106374,1.327426765,1.226015477,1.295014488,0.730981784,0.661173523,0.60673477,0.549027295,0.69393444,0.363361066
1955,338.9678205,60.34220255,70.6739745,76.50529855,112.0135176,96.68695641,96.59289597,103.9868535,33.25030817,133.5275842,110.0770295,22.184572,70.0717833,-5.455799526,-3.681631864,-0.073079491,7.755909032,11.32778026,13.3290155,20.68826522,17.89125363,12.13709475,7.003981376,1.162032294,-3.068392711,3.62343983,5.890361314,12.35203285,22.00351429,25.6503165,26.50550579,33.55301917,33.08462479,30.27404283,20.18517878,12.18304046,5.128250885,-6.010083297,-4.862167406,-0.556986759,8.649167999,11.72408727,13.80459455,20.75975269,17.97856389,13.18682434,6.956873948,0.795708718,-2.893931248,3.140215859,3.735415651,7.346118693,15.13257188,18.77635353,19.47875424,26.37184244,29.61048017,28.2337409,12.63743543,7.048299778,3.121604921,0.328652288,0.328814761,0.546237819,1.325134324,1.262660286,1.271041424,1.107298071,1.017783608,1.824124742,0.807277374,0.213933863,0.340775791
1980,291.2822189,28.96414696,36.95178348,115.4190096,68.94105848,57.74230295,125.0286819,91.7654742,111.370903,109.9213369,56.80245282,110.2284908,48.78456467,-5.737603045,-8.073086272,-1.725935699,3.814401713,10.25769275,14.77794959,20.02764012,19.84523898,14.64894759,4.184293827,1.036330596,-3.36358169,2.976364788,0.680751905,7.796249504,16.72833194,24.63524223,28.89801073,32.95965045,32.08663111,27.8256711,19.25781403,11.60664723,7.302566716,-5.511738649,-9.748035404,-2.050223399,4.518713322,11.34353086,15.34528143,19.68044384,19.04954151,14.05902066,4.626739802,0.64718462,-3.112030524,2.656742481,2.22659128,4.148716843,10.45776525,16.85198776,20.84512351,25.06944875,22.26289091,18.9940805,13.60244017,6.270077569,4.392843833,0.532077158,0.320266869,0.463734308,1.157300404,1.739749307,2.162160997,1.782120071,1.033599406,1.172928653,1.15858932,0.694220199,0.71854199
1926,74.96101238,56.44327237,81.17717862,76.09324892,93.4880062,56.20533836,59.00350788,70.1886541,115.8910972,245.8859633,110.511168,107.760341,34.87501053,-6.029550418,-2.35281071,-3.502913346,1.033305505,9.442107159,12.88772114,17.00644198,18.60499452,15.25557403,7.701366928,-0.645592769,-6.166603886,4.012274396,6.9002974,8.16358619,15.22581049,26.77332791,28.21935128,33.75817946,31.41327939,27.06104528,19.51296213,10.79173016,4.184206202,-5.48962763,-1.865009313,-2.943100955,2.350451113,11.13934255,13.53830703,18.29229759,18.97704412,15.70138615,7.825898605,-0.463699378,-6.068936617,3.604958509,4.126430266,5.358944636,9.724782957,22.01321717,22.18336869,31.99401377,23.35492109,17.2590336,11.1200122,6.295824663,3.737232289,0.753908722,0.80892533,0.771070593,1.20448619,1.735144183,1.160842223,1.932341014,1.049266175,1.024191926,0.760974809,0.812224305,0.664924506
1967,175.2046329,42.57157209,41.45871166,101.4721294,100.0883674,136.5401475,72.77127376,86.60181366,77.32857238,48.69787513,111.8672154,116.9661053,135.7825767,-4.974922073,-8.045948401,0.999461261,6.351647942,8.290283896,16.15340406,16.59450981,15.26720771,11.06230691,6.066952509,1.902083518,-4.105389901,5.475812764,4.767516215,13.20811281,20.69610894,22.0359492,29.2734915,29.7448383,28.04146812,25.38956344,19.30093009,13.05489401,5.224022743,-4.729294939,-7.413301383,1.181180914,7.03945096,9.083498361,16.32249666,16.09311823,14.32579238,10.95209827,6.502531503,1.454941985,-3.434296303,4.06125669,4.523688164,7.765373025,13.69579654,14.3863798,21.27509721,22.30060437,19.42530021,18.02679926,12.07220962,7.066730554,3.633500087,0.669195716,0.728329543,0.722382356,1.033632856,1.168902439,1.048754226,0.872628694,0.180334875,0.8749383,0.993853936,0.487564538,0.732241159
1943,332.7808787,22.41134426,24.95180722,76.30558514,73.68508259,305.6233368,75.71411916,79.02235218,16.18001622,74.70277849,56.48948829,143.5671193,51.97904665,-6.284355243,-4.715084302,-3.363109586,2.947441345,11.11851818,17.90103517,17.77433829,17.51825942,10.76982162,4.985944948,2.246404794,-5.454772386,4.61969924,9.360432447,10.00494321,17.96527245,23.44159164,30.88057069,32.7040908,33.02485054,25.39434752,20.44924081,13.4887714,2.959262202,-5.43134632,-4.239065531,-2.575245959,4.568295631,12.2415369,19.14188718,18.98213442,18.50503595,11.09009483,6.060622738,2.802319,-5.854698894,3.700730029,6.384123958,6.576556263,11.9043785,13.60178643,22.64752196,27.36786431,28.46384262,18.19129889,14.46757644,7.13568581,2.664647233,0.699906138,0.685737908,0.803747368,1.26256347,1.412190148,2.015543678,2.007918721,1.921471583,1.059967888,1.205567577,0.787794813,0.337942888
1958,396.4418869,41.86315786,16.90606646,49.01573698,66.49167162,97.43878994,156.6800237,244.2385537,75.55057117,102.5962493,35.48662522,98.06867102,185.1421476,-6.099335024,-9.450021709,-1.557112516,4.960510076,9.17319761,14.59745788,18.88963812,18.08535218,13.78754688,6.142476036,1.257835487,-1.473719447,3.095039712,1.522632996,6.969269872,18.61752605,24.56368618,27.16298205,29.23792353,30.39172129,26.62965113,20.80218351,11.20059065,8.178069676,-5.193562705,-9.613259675,-1.029748437,5.842959812,10.05918614,14.14671517,18.2268272,17.22233881,13.59920598,6.179399559,0.544441464,-1.754453728,3.275384281,3.553085858,4.28761605,12.43555909,18.9546377,18.42781528,17.90039342,21.87457703,18.7553949,14.98185742,5.601037149,4.578345791,0.489908495,0.381057651,0.406199878,1.167648248,1.433497118,1.057135538,0.712184912,0.695332339,1.014438239,0.902588906,0.359922318,0.489231293
1933,251.4724036,71.73932895,52.91147209,142.2100874,109.7045086,234.0133103,25.45691889,45.23847771,80.88048171,102.2439377,69.31602095,74.30321639,107.3804487,-0.965784223,-5.749779947,-0.435097417,4.515395847,12.96964497,15.70329272,17.46424185,16.20609851,15.27992367,5.405694946,-1.891942819,-4.633734805,9.471429388,5.946115034,11.23607623,18.37822193,24.99961324,34.12982078,34.18799211,31.370228,31.27366968,20.10900266,9.351536393,5.573757856,-0.523295848,-5.370036006,0.472186139,5.969824636,13.90131962,18.10342333,18.91186859,16.36574513,16.6598109,6.31083737,-1.970002988,-4.573252997,5.393119675,4.627188104,6.566117177,11.58404583,15.54514051,34.71893181,32.67342872,26.23766546,26.98610777,13.43086119,5.658939629,4.07049729,0.791378747,0.698529189,0.945306095,1.344752014,1.36703041,3.043342465,2.155827943,0.902821471,1.911991921,1.104628306,0.672786286,0.649906203
1988,372.1634541,52.70843191,119.0927239,114.4286678,52.57714498,41.94461059,15.82980242,118.4362757,34.20558875,38.81259292,68.28738614,82.61167043,140.897502,-8.677867243,-6.846709185,-1.067835659,2.787069213,7.970309837,11.66933428,16.84771925,18.37191043,12.72828721,2.400007827,1.661610627,-1.690302655,1.096431291,2.818667036,11.58631197,19.00272247,26.90088797,32.3233837,32.75964728,32.94657301,27.75738647,16.4289952,14.50233594,5.854533191,-8.462334819,-7.281556413,-0.092951462,4.880536706,10.71686901,15.71373381,18.94333309,19.32517554,13.1912042,3.547327644,3.381501622,-1.360372231,2.699169998,3.05826127,7.644380786,12.89197268,23.7745852,34.33677629,29.52474459,28.06824053,20.93165572,10.80862988,9.020876578,3.018251416,0.411486365,0.334720391,0.772116373,1.455696196,2.539401661,4.777186729,2.669068721,1.951376824,1.439889214,0.828086351,1.070302856,0.370518898
2004,203.9369693,101.0072669,14.78843711,127.9691886,34.86616848,150.0841205,74.31369307,155.1825007,100.6567388,17.41948068,151.197369,106.4159158,66.03580297,-7.165795394,-5.230716608,1.443940557,4.179619699,13.87631192,15.014357,17.70795072,15.31412117,12.44170107,7.253759393,4.149535693,-2.667661756,1.752792844,4.710753579,13.61413645,19.48451686,25.7358331,27.97239748,28.81036675,27.65462471,27.87486091,19.51875062,13.98253029,5.926011897,-7.263914539,-5.449186923,2.424538617,6.654507364,14.5811864,15.94302688,17.645281,14.66328571,12.93532566,7.120931551,3.304839809,-2.335630933,2.737523256,3.966409718,7.996466514,14.35166938,16.5839264,19.65659033,17.15676886,17.64524193,22.25250493,11.79129997,7.054284472,3.591771958,0.322860195,0.361144227,0.653446312,1.45585302,1.234000687,1.116294577,0.581324842,0.517673262,0.785073671,0.469727738,0.426816876,0.384160893
2018,256.0520285,37.93991224,128.93018,145.2890535,113.7926398,115.6637885,220.4134726,121.9950512,133.8910279,153.2971218,71.81184979,89.13555846,25.79769643,-8.033758785,-1.609660018,-1.35222964,1.151019387,14.79838085,19.11894511,19.60967743,19.33775428,16.71678566,7.894410876,1.34780245,-5.521681788,0.982320661,7.656108435,9.917671016,14.43093467,29.10369836,30.31255138,30.50519262,29.56616151,28.04399677,20.04538276,12.437372,4.882837772,-9.603350824,-3.588380119,-0.879679952,1.934541188,16.165378,18.811619,18.41235421,18.82796822,16.35407267,7.503237297,0.83627937,-4.991050619,2.902337112,4.299352149,6.340372347,9.388138283,24.11082441,20.52725434,22.0968912,17.64122755,14.43448193,9.998683526,6.50089281,4.756207321,0.304825605,0.312385543,0.487120646,1.012297814,1.765508402,0.626310853,0,0,0,0,0.638634585,0.581803367
1951,391.1475282,81.23831801,119.4580915,86.37087345,70.0305066,50.11049375,151.0597151,84.91555132,73.87446297,98.87815118,86.13504772,143.6080631,55.80343655,-4.628592657,-3.831155966,-0.399378375,4.003093163,10.18343048,16.07610035,18.59831815,17.04390985,12.27027723,8.536186748,-2.181817908,-7.982395094,5.644862432,6.120291832,10.96776461,17.06329348,26.57925194,28.57561271,30.90858582,30.9187242,25.77479225,22.42536551,10.37701822,2.290581779,-3.953972734,-3.365383904,0.173330604,4.709565193,11.21406044,16.54775596,19.03447166,17.04992393,12.05063838,8.553534101,-1.466309175,-8.269523159,3.835329313,3.973502838,6.020902686,10.99882763,22.1091546,19.17542861,20.89680688,23.3825638,17.54654532,15.0210694,6.785997574,2.834293848,0.498328118,0.557698852,0.652663077,1.012663467,1.480594356,1.178452164,1.252135763,1.102939545,0.715716163,0.808511454,0.769482539,0.406710004
1978,367.4851806,43.7013725,16.76162096,130.3322478,83.81302715,122.4385543,53.75575734,101.155007,96.61449904,35.03196813,69.81250785,67.49080416,110.5159275,-10.55110126,-10.62643549,-2.142319865,5.782112369,10.83334722,15.15846231,18.82361979,17.60014847,15.24068322,5.582490968,2.992378156,-5.209524066,-2.160473332,-2.078964823,6.880007519,19.6194478,22.54920355,29.5829433,31.62343509,30.40191099,28.98705138,19.47195777,12.35928691,3.84810805,-11.40490914,-12.05012846,-2.650542192,7.270276193,10.71189935,16.24966112,19.08521,17.23316121,14.25457642,5.638202035,3.393748199,-5.487025333,1.683545687,1.990444832,4.46656843,13.13136923,13.52308713,22.89707516,23.2746851,21.64267244,21.09148271,12.59912137,5.725811137,2.896709288,0.276806951,0.323386689,0.526378078,1.853514,1.373619198,2.754731748,2.536921239,1.899208428,1.142888381,1.112883285,0.929950152,0.478466124
1952,451.2561078,45.2770577,49.6541191,145.1778416,101.4108669,69.50051262,101.0458749,69.31415552,41.33934327,71.1686116,13.42494766,121.0114491,90.26741907,-2.511573559,-1.665641634,-1.167627955,4.698873909,10.41010186,17.72443969,17.93003034,16.32729916,11.55073379,-0.459704972,-2.645912844,-4.098021378,7.77810195,9.876185358,11.55704845,19.08472606,24.46879122,33.26746745,33.32045255,31.78564007,28.6494068,20.7366027,8.340275558,5.865927981,-2.04038953,-1.060215033,0.456159436,5.973006247,11.72912743,19.39609645,19.21035615,17.13550705,11.6537337,3.038980801,-1.767752449,-3.533690026,4.356229297,5.877120556,7.355082374,13.36385833,17.68527028,29.46021884,29.41860087,26.90494388,24.71561288,18.36684735,4.990988975,4.082376067,0.571275333,0.494594412,0.864606748,1.188751642,1.653944038,3.103229762,2.48011529,1.726458254,0.996878024,1.673775919,0.564380734,0.619619051
1967,309.2361124,37.38985416,42.01464345,99.17993754,98.70731165,126.0320699,102.5840985,126.7367323,76.08444992,74.92650298,123.1577872,101.8783788,127.8150192,-4.427578844,-7.469311048,1.699521306,7.101038443,8.885401224,16.44326291,16.88955685,15.28210229,11.68314276,6.538257107,2.213112352,-3.734378754,6.751096674,5.923117561,14.50056203,21.26988582,22.75074214,29.1429114,29.64531079,28.20258584,25.42798113,20.28622051,14.08426034,6.103595656,-3.416611961,-6.013706973,2.914949726,8.414253546,10.39173634,17.08588419,16.85008188,14.72679043,11.71610365,7.239402525,2.480632326,-2.449913143,4.696913394,5.10707894,8.776177547,14.11240097,15.19845129,20.68278572,21.95446037,19.87871167,17.56983396,13.25138334,7.823017537,4.051800902,0.825013876,0.863104251,1.109795861,1.494737502,1.681733898,1.547224131,1.156745017,0.41701533,0.988266934,1.148187002,0.773009501,0.890809652
1998,415.0444955,81.37210564,63.30590412,97.75005944,150.0595279,155.6107201,202.310295,146.1001474,102.6490154,66.68108309,92.93810028,63.32749444,66.53545946,-1.183875778,0.674306801,0.756221892,5.77782601,14.63158582,17.26367021,19.42225047,18.57391599,15.34550687,8.541849857,0.657661693,-2.189012382,5.771924838,9.864484706,10.68298864,18.41077964,25.97052075,28.78748545,30.25574855,29.9610392,29.57705905,22.01542807,9.400835507,5.210520182,-1.396725596,0.768493678,1.588717549,6.822712696,14.71767319,18.03475019,19.86566041,18.55377418,15.90581035,8.52229481,0.8337068,-2.184806081,2.859336148,5.380569866,6.470604295,11.25592508,15.97599053,18.37745485,19.5738632,19.36216216,23.13250345,14.06335957,5.054635247,3.150494031,0.24657255,0.248797217,0.86734858,0.782294859,0.60613495,1.416898876,0.932431386,0.694046983,1.020640911,0.752324896,0.368998114,0.167295566
2000,365.3130818,42.54532238,114.3184243,72.17622324,63.77455559,109.8178275,210.9548291,148.8207085,160.0596259,105.4354372,60.73700994,8.273039102,84.19005222,-5.277709343,-0.650673158,1.932486837,4.158883535,13.0436953,16.26107891,18.56795666,19.23904575,13.48407928,8.168201812,3.042900098,-2.47177916,4.507621377,9.819136827,14.8108344,18.42127436,24.99838885,28.36860215,29.22885091,29.86421312,26.52092309,22.30829309,17.88788371,7.414440424,-5.603294306,-0.813592756,1.606509591,4.620361282,13.27978771,16.94550215,18.10492561,18.54896607,12.86044192,8.746264714,3.943385389,-2.707326192,3.88601056,6.084235564,9.486390324,11.92208798,14.93469622,19.13148933,17.20537525,17.10300098,17.23092029,14.99506341,11.96763348,4.402185153,0.364922924,0.511350355,0.493318193,0.718072897,0.86311645,1.096107371,0.413258874,0.366098554,0.395441268,0.795037118,0.87167065,0.390398096
2010,387.19754,45.95403266,39.17722441,77.33954261,98.50762735,111.42211,162.5467116,167.182865,50.13364279,62.0111505,27.24982262,42.49961047,156.4646562,-7.37915826,-6.329508169,1.803517685,7.084391189,12.93394874,19.60064037,20.77496571,19.45717649,12.78737437,3.754465457,3.596277949,-4.072995241,0.222540582,2.077722066,12.69978265,22.91444757,24.68270855,31.21674871,32.12461696,32.79897872,28.10973036,23.42988978,15.39022642,4.100755564,-7.642987176,-6.677712484,1.929122519,8.974622364,13.65582391,19.96510485,20.84281392,19.22940626,13.37309127,6.198245551,3.762828909,-3.647844908,1.873980802,2.808310352,7.568039709,18.0943456,15.70272991,21.80471834,21.95792499,26.63780318,24.2441019,22.18036763,8.845906249,3.02649405,0.253985023,0.267009253,0.39992046,1.440271167,1.091581061,1.227477958,0.754136847,0.592274895,0.85924497,1.265817956,0.506742051,0.290148606
1973,345.7049807,51.56344803,29.94980974,180.2117003,124.882937,119.4938305,179.7036521,77.55166646,61.50279748,96.44890749,75.42736524,206.9801937,109.0026364,-5.286373668,-3.903198329,5.393237466,6.314295672,10.17777906,17.43047126,19.05352918,18.56185624,16.57076564,10.87847131,1.40920368,-4.254865627,4.559484625,6.28220939,15.36912773,16.60082441,22.40164077,29.26631408,31.37135828,30.95054703,26.66291565,23.02613698,8.419041479,3.50092585,-4.562348835,-3.861559293,5.426729419,7.114620273,10.61476278,17.60703558,19.79138809,18.57091543,16.3680906,10.17854977,1.524618301,-4.347194143,3.472582013,4.127644765,7.213464363,8.793903947,13.28018196,19.11237551,21.85094933,21.60172393,14.06599492,13.57180516,3.63067651,2.72089085,0.64828756,0.526785263,0.718201896,1.240251282,1.288043536,2.187503024,2.460293025,2.04982083,1.3696853,0.908268906,0.652305004,0.538199474
1983,375.1613586,19.13349005,24.38704649,87.40549541,140.897235,137.1860588,134.3303984,24.67522876,42.73813667,32.75496894,205.8924876,88.72713783,222.8730077,-5.106606421,-3.121859287,0.528602581,2.904084213,9.882363087,15.53161982,19.04645055,19.03332972,12.76074342,7.75133504,2.01369023,1.025857462,3.560037664,8.094993844,11.82816409,14.33172709,22.44030642,28.91906445,33.64377785,34.68029552,28.56142657,20.60723559,12.93511796,9.59830798,-3.879026058,-2.511855242,1.841397391,4.433668589,10.73001508,16.49428803,20.71367273,20.35551329,13.78495229,8.454468578,2.616627084,1.061995828,3.039276384,5.187558649,6.920533003,7.88387236,13.18817418,20.98580904,28.38242818,30.78263208,23.18235667,12.38961577,6.150891134,3.708637515,0.56323047,0.59012653,0.826046629,1.103203293,1.5456206,2.032775124,3.214947374,2.73197962,1.972353794,1.265558095,0.876101659,0.50140021
1976,354.4867333,24.85395449,30.56780861,97.75208301,34.61666527,73.83947168,57.99515432,85.62318567,42.59511737,61.21698012,113.4304384,62.64479056,67.90912095,-7.585422396,-0.459829001,3.927206407,5.730018261,7.937559522,14.94754034,17.50267464,15.40837189,11.03894146,3.051632372,3.81997451,-2.204264164,2.879143487,11.78600715,16.51330461,20.19942156,22.67865716,28.49867449,32.35539294,29.65959765,26.67199901,17.21794026,14.87675618,6.235373133,-7.373383476,-0.492684036,3.923514994,7.037244032,9.314525942,16.43140392,18.49330003,16.03825332,11.76293351,3.958068871,3.856168333,-2.284321578,3.324511862,7.569433598,8.879101946,13.40043896,15.584847,20.43586691,27.90535545,23.31205943,20.60799591,12.5674826,7.965375701,3.387235456,0.670305182,0.80149066,0.911320019,1.634659382,1.942915014,2.816709249,3.261623427,2.403663829,1.892889707,1.198211034,0.882315085,0.57247278
1951,336.3102146,69.24739006,134.6132543,79.08760948,68.1094892,48.41030805,178.2851538,100.5537719,73.36085787,102.0588434,89.50017349,100.8163466,28.59305959,-4.881065698,-3.591374914,-0.391763526,3.918038798,10.31225546,16.28729515,18.93665427,17.39973703,12.34612212,8.490400856,-2.444380687,-7.700769264,5.537325985,6.339144902,10.26263927,16.32654475,26.40128058,27.57526743,30.44949886,30.1381418,25.08516383,21.81551018,9.676535937,2.849973226,-4.442336927,-3.58086878,-0.248873171,4.695357277,11.86428032,16.91668561,19.26283217,18.2650599,12.65781092,8.582254032,-1.540252152,-7.362485771,4.049036479,4.092876879,5.469103829,10.1341781,21.61283768,16.57146877,19.49463859,21.19132509,16.10091605,14.16054539,6.53655483,3.11962583,0.436939137,0.409491874,0.551453758,1.028763305,1.801699658,1.226274067,1.181734541,1.627321884,0.963595831,0.842230262,0.800441157,0.41902887
1977,329.5374474,40.21602065,67.63223136,183.1910386,34.93004967,57.92721686,123.7207023,82.18085154,160.1894782,77.30248312,92.91801951,11.04826481,15.6631933,-14.14569107,-5.161296124,1.741340242,6.910912214,13.76755915,15.59760458,19.97184757,18.46619032,16.34569754,7.032198802,-4.917251592,-7.521485677,-4.671980148,5.916327634,15.68197242,22.32099302,27.92631236,29.30236851,32.41031538,29.6351727,27.52885767,18.92739015,9.193566608,4.539771862,-15.65329425,-5.791835388,3.936810678,9.107858175,14.57510178,16.99984219,20.45959321,18.36652533,15.50745383,6.309709497,-3.359506903,-8.027602862,1.50721537,4.476235864,10.12116385,16.57630928,20.66858924,20.95162223,23.15735211,18.0990153,16.45491689,10.03992731,6.895038916,4.113665774,0.175736701,0.594110344,1.639616271,2.338948485,2.365020997,2.959523131,2.837170758,2.062509566,1.260383336,0.761106487,0.996429184,0.493796371
1965,335.3978218,67.83663746,49.59622859,50.20362898,93.29011997,59.58498574,132.348233,61.76570974,104.4649469,171.6139757,43.71050268,66.16975054,48.39402423,-5.233925063,-6.480993526,-4.021489418,6.674633267,12.99217315,15.84099095,17.91895805,16.66916798,15.30197838,6.126811073,2.077903441,-4.202060744,6.173573744,6.428213497,7.419481006,20.88428186,27.46549165,29.41176412,30.3786263,30.47405739,26.15695712,20.32485667,15.85180333,4.729005696,-5.21383782,-6.170735387,-3.285923222,7.606697788,14.3729713,16.96923783,17.84863646,16.74726045,14.58969329,6.385183147,2.677982994,-4.45253227,4.34058448,4.976125438,4.990724582,13.89705558,20.35969104,21.14956121,21.12120261,23.02387918,14.76619657,13.18252231,10.66216719,3.13399034,0.627911978,0.680211818,0.830889271,1.187922832,2.064123931,1.993446982,1.242343008,1.270258491,0.725582191,0.922064039,1.014183872,0.493834026
1929,341.9994447,88.29003482,35.67056057,88.34168317,144.856076,232.3381319,139.7708933,88.9185559,66.12850008,60.83691474,97.12337652,58.0312791,60.91964833,-8.860714151,-8.770059891,2.187370631,7.017450063,10.05857905,14.70276111,18.31793806,16.37060261,13.21968926,7.216406484,1.576057708,-2.915384327,3.621703149,2.805932668,16.59433243,20.43828954,22.66230882,28.23391626,31.80469119,30.86083474,26.74321283,20.26209133,12.41374441,7.97485771,-8.342530165,-8.043950082,3.905758162,8.290418674,10.78121546,15.54461058,19.51060459,16.76595336,13.50342941,7.711751978,2.504705795,-2.487624713,4.070160719,3.650664038,10.54506774,12.76015002,13.93437568,20.20470555,24.75027447,24.50169128,18.63657055,12.42122138,6.644586269,4.99136405,0.732637696,0.766818433,1.307201915,1.279796969,1.113401066,1.325178832,1.788213406,1.058388741,0.941443335,0.953625947,1.018683953,0.821467105
1963,331.5246119,13.70681364,7.518476441,162.5993827,48.33703994,117.9129947,69.09940179,113.4914388,46.26420289,17.68097681,21.33103132,27.21622625,48.43717709,-11.86436713,-9.887321257,1.144035015,5.276119286,10.69794012,15.85292437,17.83695499,16.80707494,12.74741076,7.553858067,0.176076577,-6.923651614,0.138086868,3.860337664,15.30991094,21.46101853,23.6345616,30.81715317,30.62724308,30.40322606,28.61640062,27.58243631,12.43367405,5.590815901,-10.6287446,-8.895934097,2.145321839,7.710941868,11.44361352,16.92037212,18.28359729,17.28129706,12.78531612,10.46718465,1.050582316,-6.187249101,3.082794257,4.81258927,10.44480326,16.06120505,15.09946277,25.46713324,22.17166764,23.79390009,23.84429355,26.13911166,7.862058816,5.246214179,0.434186069,0.659932073,1.076108266,1.966288401,1.637258743,2.472795824,1.924924311,2.100406173,1.30706116,2.281695215,0.847976901,0.646010666
2010,334.3953532,33.32154705,44.59160335,63.47017505,69.2636793,143.9916513,140.9551536,143.1673592,89.40321114,70.04011844,18.36059343,50.38081815,127.2006499,-8.199615654,-7.065566411,1.316114439,7.113870179,12.78701059,19.6481753,20.21134245,19.19639505,13.32391257,3.85999555,3.278475471,-4.935737125,0.043826069,2.183396024,13.00952304,22.57141444,24.57551389,30.79772431,31.53650659,32.11216809,26.6994089,22.73747514,15.51626996,4.120852219,-7.906913023,-6.79294714,2.184913275,9.651443782,14.03496635,20.41372714,21.16934027,19.91748378,14.14229548,6.613139511,4.5456866,-3.966173544,2.02111703,3.087413548,8.016916061,17.09070634,15.47084022,20.31409392,20.8562092,24.46525085,19.2528331,20.21195164,9.149159969,3.345625227,0.325052674,0.419397407,0.791107406,2.161330524,2.040521485,2.472354774,1.528781756,1.456217507,1.091158565,1.399832394,1.242444437,0.490350514
1948,200.9319446,45.30687631,61.18946107,146.8960777,56.49834874,97.35831953,130.0961777,116.9411392,36.23334459,70.64629665,74.38266303,45.96829867,39.10882551,-10.43243318,-4.967694235,-0.073187952,6.792293312,9.258283844,14.61195134,18.27842579,16.40554607,13.28345105,4.970043052,-0.48469536,-3.747843708,0.710612757,5.021984168,11.00364884,20.09156065,23.03771611,29.36995447,30.34813342,30.8989473,27.43357561,18.42294579,7.689894442,5.729553584,-9.738573099,-5.609750749,0.096836774,8.002455811,9.685109215,15.97352155,18.43112997,16.8810508,14.14139083,5.692571468,-0.480002033,-3.143524217,2.941832516,3.509924239,6.200886486,12.05112619,14.60299127,22.0550143,19.5823741,24.81366824,20.24890516,11.4150137,3.861728657,3.670282855,0.403380255,0.311316569,0.579076882,1.567847376,1.301655853,1.892903247,1.123429137,1.422292687,1.299552235,0.76233856,0.431608075,0.666320427
1959,291.192179,78.14389503,80.54549827,73.32850235,83.24617521,78.10917347,30.27330767,71.57439821,94.8034498,84.23971807,76.9951135,132.8491814,7.483481556,-8.263184578,-4.896756877,-1.524493251,4.104808342,13.27718319,15.01957598,16.90953739,19.91113128,13.67304025,7.246608883,1.679073872,-8.186026605,0.876750067,4.840437965,11.42739919,18.28007932,25.50424326,30.35977384,31.45367585,31.51121039,27.94681432,19.19588974,13.77505736,1.540950517,-9.18965045,-5.38175172,-0.868439892,5.389507865,13.48208795,16.0853435,17.33162104,19.67497017,14.12045877,6.43134582,2.253440974,-8.980570242,2.135362055,3.649291889,7.568019024,12.36960365,16.56875761,25.94782595,26.474365,22.1208241,21.29658614,11.30321944,8.148701563,3.009502183,0.322316695,0.366057978,0.698668713,1.338474609,1.312149512,2.035158879,1.554340092,0.998412445,1.286608815,0.639934551,0.762441759,0.351586096
1950,301.0917784,242.447587,120.1032633,64.00926848,101.7921708,62.90687458,149.0039046,118.8895209,80.68537074,140.9064405,40.25912767,22.54746384,113.8808597,-2.037929066,-4.524695342,-2.84379126,1.796157414,10.84348124,15.23849764,16.02131688,15.54875306,13.47274351,8.817665315,0.088866094,-3.082743487,7.882177107,4.54832918,8.800660063,14.48147012,24.61756892,27.37307031,29.10479936,27.62717705,24.0434264,22.57426657,12.48227509,7.914380424,-2.259689201,-4.490894601,-1.444606506,2.845461381,11.6594019,15.60104771,16.29048921,15.19498841,13.48411065,9.036427171,1.244348568,-2.461859375,3.042097373,2.802072198,5.258757885,8.253333112,15.93703006,16.16873819,20.35438565,16.63521894,12.05885836,14.41248827,7.42733931,4.453677936,0.405065366,0.359088339,0.767046356,0.939017953,1.464929766,1.374688663,1.079437323,0.739864666,0.588630118,0.909845153,0.889071358,0.526260947
1943,246.0297152,19.66651386,23.12285326,75.27940088,72.90486121,280.309401,83.55156571,72.75997763,19.34299519,65.94733906,59.17421238,148.0563867,55.1353905,-6.925090464,-5.08838537,-3.691188475,2.801452899,10.80732667,17.69531803,17.65380278,17.54069769,10.6496604,5.069350961,2.057615384,-5.797078752,3.771201925,8.857011675,9.483769154,17.7011882,22.6730703,30.05784194,32.25379309,32.42205659,25.14994565,19.99637724,13.06337327,2.35477945,-5.8676931,-4.479341961,-2.878910152,4.257704169,11.71936056,18.83152099,18.83828341,18.58663828,10.97197372,6.284984244,2.552555199,-6.409009437,3.514623168,6.195280843,6.338508163,11.68369304,12.87095458,20.95846251,26.35966646,26.90692887,17.94152785,13.79381066,6.916354274,2.532976833,0.753809064,0.720666138,0.81845086,1.213314021,1.268534939,1.916455747,1.981012797,1.962343199,1.050929301,1.258769092,0.798157957,0.336220006
1931,208.8865795,10.44264223,39.96597103,67.33920163,72.45008225,94.03242005,73.37870676,60.53657819,110.2769551,153.256347,108.445957,53.7113657,13.64598914,-4.269255525,-1.951360488,-1.796946757,4.054249361,8.169193667,15.81504526,18.06488943,16.81167599,15.55121674,9.399990835,0.587344881,-4.142077901,5.850890453,8.775905828,7.79549504,19.11588543,22.2076485,31.08494013,33.96138647,30.68511476,29.61335143,21.59762777,12.20011265,4.312074953,-3.653054639,-1.550690569,-1.578987973,5.686882415,9.276846597,17.30408557,19.21712947,17.21797665,16.26196563,9.647068455,1.178055575,-3.794808988,4.128377775,5.262770174,4.52250314,12.83529468,14.77973454,25.99954973,31.32979198,23.78940892,22.63727861,12.93535568,7.003184866,3.208110042,0.841472053,0.877687441,0.850053043,1.43990961,1.333461419,2.077067416,1.895272416,1.074851954,1.318673052,0.85678337,0.870664967,0.778602817
1980,300.1489261,23.68291745,38.09306898,101.1138684,58.73974898,61.42963811,107.8655361,82.74001754,111.5952808,111.7951839,49.79072578,88.19010886,44.46920449,-6.002182535,-8.196322843,-2.171206655,3.786354065,9.904359568,14.45658719,19.68696067,19.56426836,14.4364667,4.080490786,0.754564508,-3.35225315,2.240259207,-0.141117109,7.165197103,16.35852129,24.15373472,28.42241187,32.75873119,31.72768748,27.33820301,18.5394615,10.94757451,7.003676393,-5.869665363,-9.543552865,-2.225977412,4.412785544,11.50109584,15.33320504,19.73040002,19.34115248,14.1437508,4.880570572,0.925895907,-3.126991188,2.405248973,1.980413498,4.039964959,10.12248276,16.5266429,19.84190216,24.81303303,21.7305695,17.97366075,12.8277155,6.201074438,4.243243575,0.473649781,0.317571994,0.533289552,1.200228516,2.188115845,2.408803671,2.30153444,1.61478894,1.328281721,1.232188002,0.866026372,0.663780639
1975,207.8502655,123.6322973,92.49155586,87.20305498,94.35870613,127.2089888,112.165113,119.8219696,124.2579943,66.22721682,54.46097616,69.38160654,58.04906837,-3.879264859,-4.668471516,-2.509884181,2.664548826,12.0376584,16.32279194,17.31279142,19.36229792,11.8672155,7.243182155,2.058912057,-2.112714631,4.364982125,3.083311375,8.061671332,16.40210619,25.31670028,28.53387601,29.55082635,29.87921964,23.39974244,21.29568448,11.2997477,4.44119313,-3.96697155,-4.364525798,-1.545107514,3.892998345,13.03635818,17.14257471,17.3186983,18.91309554,11.67778948,7.679061584,2.29226238,-2.321953902,2.736268963,2.501158685,5.151776274,10.01094305,16.62417596,19.11753212,19.21177321,17.26288835,13.55400495,14.27291577,5.527257438,2.334232007,0.516876574,0.542367493,0.766258945,1.323205456,2.027088586,2.387702917,1.736779043,1.12781558,1.060990204,1.31427899,0.659593951,0.409359505
1930,308.4292361,161.6312652,49.66515056,36.20843526,67.91514746,31.71605838,83.57424072,23.59116369,55.08081359,91.68211076,47.70135557,49.58247118,102.6052586,-9.264886229,-0.655034633,-2.304446158,4.793531399,10.75517787,13.70538149,16.76105905,16.25140921,13.65786676,5.785886553,-1.116309772,-4.458954658,-0.177210211,10.32123412,10.94912419,20.66786343,24.95446663,29.61375893,34.36133237,32.70040411,28.15567937,18.63357838,8.681891601,3.947402816,-9.826924777,-0.043667401,-1.408683251,6.561313586,11.54712872,14.64594168,18.56940162,17.17375933,14.42011517,6.067566679,-1.180364574,-5.160758508,2.450904349,5.9285389,7.049133971,14.55770364,17.41486959,24.68434469,34.36238033,29.86329625,21.26026861,11.21700173,4.895841625,3.098196476,0.514646793,0.874775162,0.909393899,1.483527775,1.204199321,1.415798049,2.488114689,1.524618573,1.285124209,0.860152905,0.71188117,0.520000722
1991,285.6893673,42.62209402,18.87616808,94.3217115,59.64258379,69.89635392,37.57368756,59.95357851,76.72460347,47.85298334,144.9740788,89.69508795,201.6643772,-6.672935839,-3.33293378,1.057483846,7.180199302,15.71292262,16.89255993,17.6222099,16.93490228,12.12429158,6.932037679,3.683609972,-3.379097892,-0.404885209,6.042322503,12.33692637,19.58449146,26.31915347,30.33288155,31.0922523,30.57308125,26.86182457,20.81250975,15.17391938,5.256475064,-7.33363779,-3.176535264,1.768125827,8.412416243,15.54678582,18.36114692,18.98442089,17.85027363,13.56909353,8.583997032,3.62742957,-4.695769299,1.516437081,3.646054464,7.059792275,11.30295336,13.93577159,22.51074769,23.59438736,23.68172946,21.09065291,13.45026892,8.175744326,3.137750297,0.247818456,0.453893368,0.916194754,1.380761471,0.784399007,2.053330367,2.18012862,1.728408759,1.660362841,1.414808352,0.815830796,0.285264806
1997,270.3593541,79.20159356,102.74045,109.6418498,40.35776575,93.35032344,104.1077912,50.48959446,97.5484808,47.48493697,47.01562902,114.348507,52.19892315,-8.665608405,-2.505349948,0.480466352,0.868018187,6.30460891,15.81440428,17.97202615,16.70401513,13.24201412,6.282317105,-2.428811903,-3.072748262,-0.211043206,5.656616232,12.39679748,15.71253548,20.85828886,26.81065643,30.69728491,27.54257768,26.43801284,19.66976757,6.607421284,4.905391563,-9.439093848,-1.966756996,1.073371047,2.83285759,8.823123112,16.87685168,18.69504743,16.80532629,13.50617329,7.205257277,-1.653604077,-3.31873431,2.111132048,3.496706867,7.468079069,11.0871862,14.28062542,16.85688756,22.18823561,16.38142572,18.38226699,13.50318267,4.032232522,2.917159278,0.29344475,0.441296799,0.731942168,1.002790446,1.524497087,1.283708553,1.389815695,0.877687739,1.044635098,1.197184659,0.467422213,0.381522673
2017,230.602683,66.27186842,7.613225076,54.77677843,193.3040237,167.7857011,69.88448102,118.7337297,26.08575371,12.39999431,158.0641989,72.44746406,32.80662584,-2.649128034,-0.525856671,0.203306301,8.071362434,11.04137532,14.78557066,19.88846133,16.78211301,13.76283602,9.588775415,3.52523731,-5.656371561,4.953078063,11.34978569,11.98744592,20.31479797,22.41241283,29.02804587,30.36433554,28.04820775,28.18526687,20.2893219,14.43945148,2.666860023,-3.570801573,-0.880835675,1.052819551,8.150472568,11.87019918,16.57484565,19.01175957,15.71563245,13.40104391,9.495612239,3.467205782,-5.012320351,2.374819661,6.687903273,6.95432472,12.58343691,13.58574658,23.43407477,18.59376577,18.0766122,23.05609285,11.6935453,7.824377164,2.624405938,0.334248455,0.563931284,0.692336641,1.169616013,0.914770254,1.822256964,0.604157819,0.55638506,0.60985905,0.758513475,0.797460658,0.513541062
2008,255.1314267,44.64232711,131.5143622,130.7290871,95.65810458,129.4321773,254.9169387,215.5645019,22.98878152,137.6160273,64.00698155,53.74976606,84.05736397,-7.123003187,-6.427099592,-1.010429764,4.624351157,8.107721116,15.38599731,17.35132392,16.00828445,13.70400359,5.431846385,-0.436369232,-3.018262007,2.91401561,1.42977975,9.169787652,16.5846783,20.58708475,28.93858739,29.0620824,28.31062644,26.26090218,19.38146864,12.05406576,4.075934856,-7.570908414,-6.906936039,-0.872326975,5.688793105,9.500675194,17.70274843,18.10570771,15.84054211,14.15255952,6.59108968,0.615793639,-3.309386324,3.080294491,2.299908152,5.394244364,10.17161061,12.95484774,21.78819835,18.98144229,18.69630548,17.72619559,13.44580726,7.496697007,2.344570372,0.474897973,0.276647875,0.581432337,1.108907661,1.569447962,2.446391318,1.092744128,1.024969112,1.256661309,1.17667192,0.879802936,0.362031401
2015,251.3401085,37.64076962,27.45853485,79.17704744,88.07635851,101.9580966,239.2560518,80.04632067,49.63166004,86.29981425,36.05205173,49.53380669,58.574238,-7.458554152,-11.33219393,-2.42673846,4.240816017,11.10197476,17.12113767,18.37728486,15.84809304,13.78317976,5.654906427,-3.07110726,-1.189780063,1.44518274,-1.047048472,8.414882966,18.80548337,24.82646591,27.08563277,28.65609186,28.59793984,27.94506388,20.51901764,6.219133806,4.641701904,-7.443241769,-12.02486501,-2.711184365,6.434647244,13.42657175,17.76315951,18.32837946,16.46340229,14.68608168,7.352899429,-3.347787987,-1.648461462,2.62282638,2.466339693,5.528019663,12.52905812,18.16702368,15.05840652,15.98264924,20.43350415,21.68468733,14.41324025,4.408364278,2.236231578,0.366702175,0.43242652,0.570783618,1.352485688,1.904616699,1.248088733,1.046427642,1.590617696,1.466065629,1.347107532,0.661062352,0.365371918
2018,200.5041064,31.0421907,118.5572166,125.0862635,120.5826314,79.11142585,257.1187366,136.9912415,99.3422333,122.3941575,54.24863453,69.13485274,16.61887263,-8.09864414,-2.251497511,-1.745018095,0.823149971,14.92510458,19.14486626,19.82385317,19.25089806,16.2146192,7.645247849,1.3915225,-5.693765349,0.3231655,6.448942366,9.345035812,13.85968042,28.34437655,29.56876386,29.31381442,29.03425971,27.64345342,19.27047399,11.91132436,4.448123464,-9.807756448,-4.346811259,-1.406947175,1.258640535,16.05662156,18.75285629,18.43531897,18.81280613,16.1243038,7.317530109,0.547648866,-5.239248269,2.543670097,3.54171063,5.965820443,8.880948788,20.68713187,17.47469697,19.99552845,17.37970038,14.64061417,9.264844511,5.776252739,4.529254494,0.273302093,0.28816586,0.448712465,0.992715598,1.675808875,0.850137621,0,0,0.00022727,0.011012023,0.530372963,0.547309792
1981,323.4551063,10.09006957,71.54764219,40.4297092,115.4868254,223.4725252,61.82649441,96.71467716,156.0044786,78.97147163,74.0304014,42.22120407,20.2769146,-8.462030239,-4.267372341,-2.098217986,7.544546947,9.355487804,16.65497926,19.18160375,17.60464969,12.61552744,5.404095043,-0.050874058,-3.432647951,2.054690212,7.170634841,11.98106457,22.01784713,21.31698093,29.48486667,30.59916222,28.6413419,25.24915992,19.3471782,11.62794225,5.945502166,-7.654760978,-4.666911467,-0.225665604,9.210176309,9.895193844,18.18838906,19.61195912,17.25790139,12.84367095,6.281387782,0.767809439,-3.508452374,3.231924802,4.898947904,8.386398548,14.16585571,12.00826185,20.23980047,19.50700197,16.10700834,15.11836195,11.79868125,7.4925281,3.60127565,0.545743666,0.465658435,1.079348479,1.918092246,1.381623813,2.88432943,1.891872862,1.142886269,1.243076187,1.320223187,0.916495334,0.602541763
1956,348.3828338,31.23822315,110.4248037,52.3706335,106.90139,132.3214355,61.42026451,117.6261719,55.31631137,52.13818625,20.56315668,115.1143076,12.7598784,-5.988105562,-1.447552728,-0.907970396,2.81569143,11.51851378,16.09843426,18.24438266,17.8380671,10.40297514,7.93971331,-0.862520307,-5.423450139,3.67367961,6.891857009,12.88002096,17.87605585,25.14477789,30.39013901,30.62626801,30.91205395,27.62634097,25.12625383,11.35957891,5.018548524,-6.679712769,-1.907016168,0.226466918,4.586826978,11.79622748,16.47593645,17.87226597,17.12177823,10.61215096,8.332105448,-1.187474348,-5.556564616,3.52018092,3.546418853,8.710842009,12.54449062,16.7833298,24.41764662,22.27245289,23.07366097,24.11668382,20.58700548,6.736544769,3.933515365,0.30801916,0.309188171,0.898689931,1.435954415,1.604799611,1.444070253,1.09658948,0.930020666,1.381009244,1.140734476,0.522476527,0.397322289
1949,384.0201996,228.3165554,78.0647721,121.6505376,40.42774309,78.7121831,122.9663196,88.407338,83.63727869,79.16458349,167.8552813,124.0840256,88.46081834,-2.31221241,-2.602419007,-0.228129193,3.617475528,11.22109134,17.21940608,20.61185134,17.77431339,10.05451093,9.477983861,3.740845429,-2.065565884,6.596429354,8.041172383,11.74613685,18.15938398,26.12379336,30.21760536,32.48318756,30.65773487,24.5052849,22.17017246,13.87767695,7.961362738,-2.06892918,-2.423795195,0.395411529,5.651651227,11.99171625,18.17823122,21.22867472,17.66837917,10.19763754,9.586282264,3.229443579,-1.786024314,2.938525536,4.065875114,7.126574142,12.10872827,18.67379249,21.0847377,22.41503316,21.61186624,16.82242173,13.00373313,6.393188319,4.366795618,0.410100044,0.507211192,0.719084697,1.361521647,1.665192378,1.57736383,1.261924044,0.809614483,0.950365725,0.772634508,0.472231493,0.447979513
1933,386.1054035,85.14830454,49.32927316,151.8615532,117.4562815,254.6796196,24.31401074,56.08939295,67.20345221,98.1053719,70.43662455,75.37894066,119.0692177,-0.467773828,-5.15136455,-0.075634689,4.835690517,13.41493435,15.84284068,17.68354947,16.50769606,15.53738602,5.749143528,-1.607166269,-4.151845586,10.00688161,6.392564196,11.84332024,18.5911412,25.26224815,34.17609871,34.01666386,31.6487653,31.80405138,20.64290026,10.06454293,6.068982248,-0.018382162,-4.60828321,0.802758888,6.584674593,14.43629291,18.32667569,19.10850645,16.70356427,17.04616084,6.572290383,-1.299994626,-4.136839953,5.597212025,4.724325846,6.929368135,11.67052501,15.60783676,34.6951151,31.85534357,26.58239021,28.12945623,13.97717344,6.08915693,4.214146985,0.80266838,0.746709348,0.945597321,1.494474508,1.452319699,3.150519212,2.142246297,0.937394372,2.050852093,1.083782863,0.759063476,0.642013312
1941,342.9529547,35.17505814,18.37353744,18.52326132,87.41022921,63.29558519,130.2056339,68.0531307,62.30971763,73.39770228,185.9726985,95.56352552,66.84530012,-3.80066143,-6.298819758,-3.599955623,6.965525985,11.3923584,15.9425631,17.52774139,16.90468599,13.82712259,10.45612058,-0.149899398,-1.005026532,4.934365797,4.209262076,9.699256219,21.61169975,27.40625502,30.66603023,33.02897763,32.66480998,29.71284303,22.41548256,11.77083824,8.69110055,-3.403306393,-5.937960617,-2.47118585,8.463778749,12.46189698,17.2492988,18.70521792,17.6270236,14.83431982,10.50539673,0.462689673,-0.719973801,3.354100614,3.775571541,6.478002817,14.51475024,21.83506969,24.8211918,29.16142792,28.92954498,24.69473539,13.1685162,6.918775512,4.734865122,0.735398144,0.755274472,0.915583901,1.457798982,1.447305394,1.853702445,1.892750792,1.35211932,1.523765255,0.695662234,0.864116743,0.713676747
1953,422.9622807,72.08289119,34.78920759,145.0742748,88.87071847,100.3558787,63.3547873,61.63608579,16.21659812,22.01747336,45.06540358,73.6669311,59.28574455,-1.98814443,-2.873177216,1.108842263,3.37956944,12.5660464,16.93033062,17.70947428,15.66567899,9.528800599,5.590093205,0.16489091,-1.72352117,5.927032472,10.10911378,12.99429988,16.80359344,25.53533316,33.68643446,33.2433752,33.23586844,31.01874653,24.61239885,14.05163052,6.391385352,-1.861774443,-1.98289823,1.56907874,4.654215665,12.62927441,19.07747,18.3123014,16.6394755,12.08837275,7.047907107,1.424732535,-1.411054208,2.953720493,6.223246291,7.416965971,10.47444846,16.72605849,31.55867549,29.40957778,31.65078137,32.30200509,22.23149161,9.116534174,3.363272748,0.466008712,0.620875567,0.581568104,1.067378878,1.21247204,3.277757184,1.246169954,1.555665891,2.663373272,1.447920577,0.895260958,0.336222281
1945,394.9686839,31.76456254,84.11264519,269.397078,149.5968111,115.881331,234.4942754,74.78155448,112.987914,190.5603013,45.98632804,53.3816098,40.25216371,-7.166379929,-3.489038976,5.175614483,6.46367087,8.71713303,14.88896895,16.15958772,16.61190375,14.54139472,5.477761397,2.708457547,-6.468986358,1.892624788,6.915448518,17.99969389,18.97932082,21.77232412,26.82022268,30.43676002,30.14884207,26.82341375,19.77244079,12.13332351,2.209698107,-6.734679519,-3.476929576,6.044991211,7.570243697,9.875388604,15.93574484,17.09661337,16.85031489,15.19659888,5.725041098,3.458258508,-6.474450299,2.62048291,4.187664815,10.38626773,10.79026602,13.04949947,16.61314254,23.77717352,22.35640273,17.62358541,12.69583551,6.215176686,2.640673566,0.556670102,0.512179408,1.092900127,1.268589591,1.379636514,1.561906497,1.717089404,1.354598087,1.311723572,0.907330119,0.887378197,0.561790709
1998,358.4726494,80.33466752,51.42037061,85.64360943,179.5579872,152.0402349,172.665688,112.9678107,108.1413698,36.21752891,117.664129,60.0294957,59.71974186,-1.188658616,0.678538428,0.93966211,5.887542815,14.57206668,17.38850394,19.16877085,18.54748671,14.77696624,8.193171515,0.418414817,-2.182058935,6.293630729,9.812794898,10.9816552,18.48559726,26.26543835,28.83417508,30.08573387,30.21326506,29.50720796,21.93289369,9.400118242,5.435835627,-1.331010505,0.53431692,1.075562344,6.755496444,14.52633603,17.97821415,19.37925973,18.52952296,15.00563751,7.722503384,0.379618516,-2.192577817,3.18768066,5.36645026,6.537557381,11.26995687,16.67623238,18.33529637,19.39946061,20.20429943,23.439339,14.36421074,5.154653567,3.204813748,0.253041057,0.124252268,0.473111481,0.589457824,0.306041158,1.167388308,0.589570045,0.636772918,0.68179271,0.475300014,0.29158758,0.167634985
1960,352.7635358,90.27817103,46.01853058,41.16923888,115.4535517,121.0209435,101.7672209,92.38957998,92.1121826,59.13272827,75.62927002,58.41520755,63.85294666,-7.229587212,-7.78155575,-8.839584777,3.706209029,7.682141152,12.28238712,15.5396713,17.00328896,13.82305694,5.140774304,-4.86442276,-2.649924653,-0.336586879,-1.375135773,-0.014015415,16.89916488,19.82815374,25.33910511,28.30449419,28.37634127,25.66901565,17.75842048,4.228598412,4.345614055,-7.949796285,-8.460021729,-10.66791353,4.565517031,8.226034464,13.56882137,15.18099702,15.90990899,13.69634023,4.499814324,-5.559698128,-3.131397074,1.588927868,1.525348173,2.228580421,11.16349591,11.72437428,16.90312677,19.56861237,17.73779204,17.36136864,11.12378285,3.490036711,2.683937604,0.295355382,0.290310869,0.241357345,0.984824161,1.154274216,1.94379327,1.213978986,0.830929833,0.981596038,0.558779287,0.389752185,0.277534541
1936,388.4562687,33.63101163,38.35281107,10.72996434,42.41771227,58.87418316,55.2311433,19.69286583,179.0075911,235.633014,75.61182132,120.7470159,27.68196994,-13.47524863,-15.72503827,-2.895648202,-1.266752103,9.263007092,10.32673977,16.90288254,16.62419566,13.66117799,4.350420646,-1.497853935,-9.339380194,-5.45424256,-6.704795626,9.097589979,13.02296144,25.0443907,27.43436365,35.01449579,31.71857664,24.55014847,16.37796384,6.823606829,-1.664459914,-14.29637546,-17.46791676,-1.803910251,0.385144721,10.94378901,11.71148638,17.24912569,16.69305871,13.03016955,4.332457507,-1.519395978,-9.423546556,1.400601593,1.397932782,5.950633233,8.610570252,18.98184097,22.8834425,35.63684782,26.63583488,14.27650642,9.512710286,3.81907417,1.844893566,0.472853082,0.234956908,0.909220081,1.166730239,1.735626074,1.481585472,0.995009329,0.469912643,0.249740116,0.65384759,0.668268345,0.644954366
1941,131.2109885,67.69192041,26.52616234,55.5070236,68.23936605,103.0370835,83.8674401,78.71117509,66.3959899,200.0397439,205.3158763,50.17808427,37.52327989,-7.221660049,-9.708592473,-5.785333815,3.938185625,8.91034092,13.60380255,15.75428722,15.359667,12.55104134,7.478570471,-3.01362259,-4.934096456,0.216716838,-0.593157885,4.348808007,18.07689796,24.79564908,27.21055467,30.20741265,29.19866343,26.08301336,17.74046192,7.370507156,2.594945485,-7.327322325,-9.798907821,-5.254259625,5.488165801,10.44715925,14.6444857,15.95248763,15.19562746,12.41544495,6.704803967,-3.267963817,-4.735140709,2.117251289,2.370405135,3.785462242,11.72778776,18.76098692,19.39807731,23.79753839,21.90138734,18.16234802,9.184035114,4.741960738,2.588493909,0.642941411,0.635909208,0.752522836,1.360916921,1.589149215,1.448884542,0.784764658,0.346640211,0.573464751,0.248658363,0.658969466,0.667490552
1988,445.9463766,50.85387964,24.32848151,51.93706402,75.47545863,43.82139323,12.92203916,47.16410437,98.27343481,34.31187507,77.29838785,93.61119901,98.37254971,-12.38749836,-10.80848997,-3.62006495,-0.388947645,5.504731423,9.855252369,15.0097853,16.73035047,10.30123721,0.411790469,0.58816927,-4.176350074,-4.037743828,-1.521206692,7.811158041,14.85455673,24.33173263,29.90686669,31.51117735,30.64513925,25.4692253,13.60249636,10.20321064,1.85275064,-14.00947799,-11.62291258,-3.074054903,1.923491962,8.199919466,14.16698024,16.97408632,18.11708227,10.82916653,0.955172009,0.847584902,-4.191594763,1.304618134,2.060855401,5.418303441,10.17084736,20.08749374,29.05618627,27.95913291,24.72259998,18.51259654,8.67818791,4.895997571,1.798352473,0.142579479,0.300473403,0.575728587,1.254835954,2.399209316,4.511853193,2.202347159,1.922035852,1.186762721,0.501900371,0.47567262,0.283937839
1948,221.8440737,18.50309456,43.47492235,122.0969585,40.42378996,107.8455293,81.37246314,82.68450881,60.84362416,65.29907213,29.91232014,68.00273236,38.77635325,-13.09797236,-8.815068914,-3.42355997,3.998977988,5.84148764,12.42402955,16.52787136,15.38419909,12.24365996,3.226260756,-3.200160217,-6.538494967,-3.418193881,0.873571835,6.931518382,18.09443096,20.16572159,26.79137711,29.96817271,28.98944526,25.90454654,16.81204565,4.34772692,2.242036775,-13.52258248,-9.597793978,-3.622843793,5.331207129,6.417386372,13.09963725,16.41003059,15.24875967,12.15074232,3.103703587,-4.04018142,-6.185602038,1.690416932,2.523650321,4.636301455,11.2911514,13.21429342,19.0753292,21.6699342,21.76407914,18.25470291,10.59370543,2.931015074,2.569394688,0.264944819,0.29763397,0.484010883,1.422945905,1.164412097,1.280632951,0.839089034,0.90807119,0.685868457,0.49978694,0.19771124,0.539774727
1931,273.1967149,17.17438938,11.57546385,58.31231427,46.64347868,107.879899,108.3782709,67.08311292,77.40282822,116.5686171,118.588164,41.73883262,11.35171533,-6.363125428,-4.327992999,-3.746989926,0.935305031,5.070370454,14.30424576,16.74800352,15.33230258,14.26085717,7.819682124,-1.549018791,-6.893288904,2.498177934,5.540782399,5.095729941,16.87695751,19.8082808,29.23739784,31.52082897,29.20768302,26.96211724,18.68630345,10.08846923,0.84730875,-6.138670462,-3.734767395,-3.145309505,2.384571478,6.497385168,15.69776707,16.98395541,14.67793486,14.24625844,7.870647385,-1.648396368,-7.03542035,2.948320013,4.005898901,3.542701378,11.74600956,13.35838097,23.12539585,25.51080599,21.90013033,18.24484295,10.16743527,6.200015759,2.289959454,0.695352664,0.787758884,0.873303885,1.234393164,1.393480708,1.856755859,0.933561843,0.084251935,0.611235232,0.689373315,0.656856198,0.661397041
1981,167.1827553,1.151591274,47.87459926,14.28509416,130.0335426,95.06070139,156.6386373,53.03278877,174.0686013,91.83170838,48.42072899,21.75999219,59.42015015,-11.91736892,-7.999619192,-4.710904223,3.684251337,5.315803764,14.12804292,17.02966559,16.61893709,10.91155591,3.307048401,-2.907371198,-7.748220141,-0.492852561,2.207108691,9.160559954,17.97418235,19.90389345,27.0786697,27.51217676,26.98249845,22.94829047,15.96248778,8.950393887,0.796733439,-10.70244751,-8.680015974,-3.134104637,4.658881511,6.697911664,15.14615108,16.31928514,15.52089469,10.23826353,3.228828834,-1.463503841,-7.528381019,2.876434555,3.21892308,6.977310519,10.7378149,13.17981316,17.89098334,15.3182791,14.04627436,13.18978324,9.220547377,6.259128839,2.278509384,0.551413382,0.352311801,0.731216061,1.291499628,1.609404244,2.26012008,1.351897812,0.97289463,1.013005038,0.878737571,0.930153038,0.500600927
1985,144.2952323,46.34943499,59.22332331,103.1163603,39.90829645,63.28101939,65.54480487,86.01862497,84.75591434,46.76443406,139.6671327,86.66138251,64.48429658,-13.76286176,-11.16066695,-1.530089455,3.899727438,7.530126694,10.27165,15.56433371,14.83023989,11.97167669,4.826979286,-2.232470101,-4.641884985,-4.915449773,-2.497365085,9.519411041,18.27633633,24.36144056,25.53615252,28.69960442,26.09711812,24.3008501,17.42423884,8.981386681,3.871638822,-15.45656668,-11.84694494,-1.061105541,5.641872155,9.399972122,12.32739778,15.59501622,13.91153541,11.44994426,4.908045256,-2.213588914,-6.198221207,1.274817397,1.609462105,5.503833714,12.73823875,19.37041214,19.16469499,19.19566926,15.21594283,14.78761346,9.803082279,4.941451957,2.490995028,0.164097638,0.295776894,0.503067632,1.651885515,2.186442368,2.247292329,1.679556248,0.748937612,1.177512151,0.875674803,0.621269139,0.334875571
1989,231.9467386,20.00418091,21.51068245,43.86204791,28.98087767,51.29826192,88.07045493,145.3797994,107.8592862,133.4321277,28.71337804,114.582634,35.54974612,-5.301904676,-12.05364348,-3.257007392,0.65633149,5.451743339,13.0573356,16.53590252,15.84445403,9.838840697,4.286295047,-0.038744228,-8.015324834,2.433510592,-3.814713659,6.120601717,13.81175194,20.44385662,25.95643981,28.70655083,26.67314875,22.16578666,18.24762493,8.383124434,1.647674131,-5.940100625,-13.9134777,-3.834255935,1.736042513,7.311167598,14.15721049,16.96499131,15.12890098,9.280890235,3.965594561,-0.438885087,-8.428117109,2.232333492,1.629720042,4.069962951,8.823363302,14.27638353,16.7361341,18.29173067,14.24716106,12.71737269,12.44789105,3.723047243,2.91881331,0.302064327,0.147883698,0.353673798,0.926189,1.512027718,1.580319441,1.405014571,0.70394082,0.612503095,0.711710839,0.434849506,0.39133494
1929,231.4895679,86.05785017,16.09038626,67.7370723,140.9588383,66.7048903,133.2505353,88.84010872,52.63738154,86.80210506,83.35581892,128.0169197,55.41674589,-14.43942828,-12.84905652,-1.548857777,3.407556548,5.502859799,11.19302474,16.05690445,14.35645918,10.76876233,4.433724162,-0.02199023,-5.547209636,-4.172684991,-2.897851024,10.8770514,15.92768942,20.12520372,25.39409688,29.33440198,27.59489224,23.7813241,15.91178765,8.363414056,2.664671654,-16.38856243,-13.75328063,-0.455597352,4.470654003,7.050614955,12.0980802,15.90895079,13.61848751,10.3403341,4.301942274,0.345979759,-5.67202707,1.958899087,2.126304822,6.889146108,9.473642541,13.57384532,18.03340983,21.37527941,19.42178801,15.50203521,8.935786519,4.271636678,2.78730616,0.231588225,0.470282126,0.942313948,1.159250782,1.432660945,1.250618505,0.445156189,0.063433246,0.427962195,0.618065424,0.826991032,0.66630411
1963,249.662702,17.84993947,17.89915876,68.44542815,107.1023639,65.8245653,73.44443844,126.2085872,60.67769424,58.02234885,19.75934865,21.72010321,9.284829679,-15.76709864,-12.99786654,-1.699448509,2.033669811,5.827602949,13.17816853,15.84368199,14.98294012,11.83178204,7.864320417,-1.3617358,-9.426641216,-7.65412002,-3.106697457,9.056353008,17.64154958,20.80879836,29.13386123,29.34554218,27.17361568,24.33449569,23.8231414,9.117270689,0.208087295,-16.67422462,-14.31060095,-1.685805468,3.645638017,7.627467797,14.14147124,15.99919383,14.00488252,10.65847473,9.010892377,-1.534479018,-10.19058731,1.180697246,1.845525459,6.093437524,12.5108534,14.12209528,24.21830829,21.45368039,17.44897575,14.88400343,17.88895886,5.612651749,2.89578128,0.185568383,0.283406584,0.639539488,1.242853477,2.000861591,2.17770075,1.442540706,0.85339696,0.795410963,1.494024576,0.424097493,0.30947592
1927,292.5487512,26.96362288,34.88312761,59.35143217,160.923074,139.9847293,79.18120267,31.3501906,52.34358499,146.2649329,108.0967782,109.1787854,21.43932899,-10.10613204,-4.583885043,-1.267287732,2.761417714,7.129245037,11.09201185,14.87569414,13.01979275,13.04817882,6.019689038,-3.405157134,-8.694628359,-1.735615508,4.524525382,9.945851406,14.30634051,19.1174574,24.75788486,29.42294553,26.62869116,26.30075089,19.70197669,5.416638729,-0.560575135,-10.59343778,-4.05624784,-0.645798957,3.43168625,8.094239986,11.83467501,14.82681256,11.80382364,13.21034785,6.693505553,-3.623079773,-8.811519097,2.001501883,3.503789231,5.974553199,8.079100347,11.20641378,16.96777304,22.89523661,18.77218163,18.1540857,12.69887087,3.634769197,2.147124034,0.596798132,0.742847194,0.872940883,0.985507735,1.158331998,1.134632551,0.482482925,0.009420425,0.802815381,0.965665602,0.653864327,0.627320031
2014,236.3695214,48.82960636,55.8436874,29.32574086,75.60771947,79.34544571,184.2294533,104.5010751,122.4208277,73.94427426,67.20196376,68.28027487,34.44583631,-14.04914797,-14.54790438,-6.809200068,1.089425871,7.907806141,14.56404226,14.31940136,16.78692908,11.2547461,5.108627221,-2.536349777,-9.323127092,-6.047346532,-6.074713176,2.440107267,14.96661437,21.10256513,26.71371048,25.39065632,26.88772705,22.95620693,15.8156922,6.783122928,-1.79173099,-16.55090585,-16.18678256,-7.618247988,1.943389223,9.194131807,15.49513008,14.18540192,16.09880137,10.05215516,4.265998334,-3.05229852,-11.34827812,1.195731623,1.454299388,3.224194971,10.70374022,15.26024498,17.47287141,15.18646023,14.78638442,13.97054334,8.687765327,3.711367688,1.643119151,0.221689833,0.2998017,0.470902368,0.951635374,1.27752657,1.630849488,1.075121073,0.70592835,0.541457166,0.544438685,0.451386599,0.2268481
1964,193.1071013,32.84622885,33.8324473,94.13538386,214.5777728,23.71062582,123.1912331,72.01660276,65.42208252,71.170547,3.726406799,57.43635575,19.83280272,-6.680841529,-6.133540021,-2.343317682,4.629146588,11.13184149,15.10954192,18.19234803,14.87949053,11.59900692,2.194233453,1.752731465,-12.03805527,4.457771268,3.307818665,9.120549424,17.98262733,26.41686063,29.69583868,30.43839569,29.84412485,26.52603633,19.42391846,13.45404345,-2.587174513,-6.76366868,-6.223772028,-1.762053752,6.066126458,12.78122863,16.34185533,18.34080235,15.67359627,12.77003426,3.597132896,1.850163697,-12.23188308,3.951156005,3.229326739,5.431809373,10.88342477,20.64832553,23.16559786,20.76382844,24.13159566,20.55458401,14.95927937,7.291301506,2.254739872,0.613437197,0.387055836,0.664997432,1.558198036,2.604522007,2.562165467,1.61932298,2.242419817,1.889389979,1.227868751,0.673887681,0.313963651
1933,359.6573493,71.74805615,32.32298918,102.9896653,93.63238856,197.3616821,22.82684127,25.60288613,64.28885864,113.2500657,100.7950119,36.81195491,86.37007871,-1.844374508,-7.348643391,-1.456561328,3.393167474,11.77573227,15.42566038,17.1813449,15.87427475,14.58412833,4.608915625,-3.043075841,-5.922579996,8.09435683,3.736639551,9.819447071,16.57146482,23.08172563,33.43495414,33.1361942,30.12328398,30.030827,17.74700768,7.251945668,3.366228592,-1.949900563,-7.886692453,-0.621389634,4.996608505,12.28269225,17.66964046,18.35883164,16.03171381,15.43071201,5.422480879,-3.247936966,-6.534282288,4.760156046,3.821873054,5.856912145,10.08831847,13.35218151,32.92618804,29.88007036,23.53307573,24.66110547,10.85987289,4.620042209,3.253466831,0.641317374,0.508024034,0.905303282,1.397730429,1.057341882,2.899309098,1.896498217,0.866274256,1.415220291,1.052695411,0.675224487,0.53729371
1976,175.8380724,27.64972628,77.5961351,129.3691133,41.29448733,71.73261215,86.33570615,83.91949478,55.63541627,64.07139054,69.05667715,63.86075988,61.22990498,-8.822200204,-1.744993554,2.190592182,4.284691944,6.382148478,13.43317237,16.84248789,15.00344459,9.914555814,2.363589273,3.658365504,-2.961723246,-0.012607597,8.929566484,14.30309471,19.83175056,22.1512267,28.85268718,30.51115934,28.05491842,25.6794346,16.02621141,13.32849474,4.539700475,-9.949478353,-2.096082845,1.792574474,5.568541664,8.330890864,15.4995249,17.36770973,14.80992107,10.84976483,3.363441518,3.148887215,-3.501565355,2.022552318,5.587491107,7.175993583,13.62506888,15.91470705,22.97653378,23.02667931,19.08705369,19.75569259,11.54837254,6.514789697,2.571066867,0.295311785,0.64095593,0.730755104,1.479354149,2.084996026,3.203788065,2.305093876,1.57135096,1.637835913,1.003226663,0.584485046,0.413435251
1981,216.9065702,10.44679849,62.37258345,28.8154256,136.2152245,169.0678068,136.5606932,224.0349864,206.3403951,55.20659865,58.76350979,25.83606817,47.01946181,-9.31487425,-5.709996809,-3.203755432,6.346247797,7.641150329,15.66520579,18.85667542,17.26412355,12.01425783,4.70292585,-1.065818308,-4.694629766,1.011876393,4.865714539,11.10663457,20.59148529,20.42130986,28.6401437,28.86009477,27.33858378,24.63643181,18.21850751,11.23545048,3.960665856,-8.966107341,-6.529961815,-1.560704617,7.932224692,8.785709799,17.00162943,18.54520073,16.7100162,12.34574003,5.938088982,0.090874424,-4.766376779,2.928724687,3.908118785,8.018397962,12.39137601,12.10615339,19.42419202,14.98989525,13.28800701,14.33171402,10.36332543,7.660330786,2.72485745,0.42524209,0.335779166,0.841681523,1.667039089,1.537496613,2.257051039,0.950653902,0.83315306,1.214512803,1.166423108,0.876525764,0.477318737
1967,181.4572265,63.17017077,26.04370023,56.47865975,95.82005951,126.8434054,76.80543107,97.61670305,56.18570311,54.49509776,143.4030455,110.8422595,108.6455729,-6.248748089,-9.134308757,-0.027913967,5.548633151,6.616903882,15.69924858,16.00846741,14.80783451,10.71563406,5.4859188,1.06169312,-4.977467836,4.457058446,1.838588077,10.62155429,18.84012252,21.01778831,28.56337405,28.84684104,27.26381779,24.75120188,18.37929585,12.20284598,3.698467224,-6.085837839,-8.764098078,-0.144751714,6.825502471,8.150956981,16.56426581,15.94696323,14.43235452,10.91513041,6.549849603,1.391917133,-4.58156357,3.875858987,3.285941073,5.950365776,11.62926044,14.10919125,20.09924503,20.584448,18.2887704,17.33615521,11.21291903,6.716869989,3.093551143,0.658546255,0.670883882,0.607936539,1.346925154,1.543186881,1.626856358,1.03589257,0.472686058,0.97439164,1.220236875,0.762360915,0.694875137
1962,190.5328016,76.2835977,42.38676365,77.13717637,35.31595313,130.7694822,86.65452321,149.0391824,49.32452958,53.98567565,69.23101699,76.2324391,53.23726146,-10.67910427,-5.086981456,-2.829297666,1.493972946,13.42681141,15.25303954,17.31865622,15.97077502,11.0051193,8.243545565,1.14817092,-6.074479276,-2.158450449,3.172372915,6.560817238,16.98671892,27.51689918,29.23692497,29.07021209,29.68874442,24.93904357,20.8395923,10.41060533,2.030598395,-11.28305582,-5.577135936,-2.541398993,3.926822309,14.83982932,15.89283141,17.07386658,16.02105379,11.57582633,8.508245228,0.95568955,-6.652998935,1.753471527,2.491617694,4.521250255,12.84996767,19.927802,21.81605854,18.16581662,22.11533742,17.30624732,12.42243209,4.930964705,2.538007961,0.338900867,0.433614132,0.588379285,1.768518927,2.494147521,2.050013775,1.364324374,1.786751179,1.30402854,0.990895517,0.444736928,0.368005038
1968,233.0931617,45.81087988,46.58971343,39.02178487,78.14436077,159.204905,122.5612707,94.63966929,64.62865332,71.89904525,27.64221572,51.96198414,179.8883911,-8.931833188,-10.54511612,-2.070317317,3.363059917,7.726078374,14.94207752,16.87598584,17.56353512,12.32920585,5.782505554,-1.670181037,-2.77904052,-0.257797699,2.158742482,12.66626967,17.92751481,21.2407907,29.30525929,29.78223892,29.57213073,25.58268541,19.34331015,8.297991576,3.758838869,-9.76235751,-8.575460607,-0.712105667,5.071226961,9.393071568,16.38798676,17.75925007,17.91974769,12.55880737,6.449305241,-1.001051935,-3.481738374,2.293114153,3.789553353,8.680519358,11.75002666,13.66467369,22.61548478,21.43632772,20.01882973,17.23616084,12.26169779,4.865644564,2.453918429,0.528339855,0.9500768,1.150935404,1.539673109,1.697907424,2.288480309,1.830028217,1.307507975,0.9727967,1.046169274,0.92152034,0.507447553
1945,238.4506205,17.63501497,39.07100258,125.9076806,118.9697364,125.6502587,154.6708015,43.77333751,79.13915551,186.3004454,43.01227971,32.67721605,33.46799921,-9.234288775,-5.115329347,3.246154319,4.945891309,7.092046735,13.85768881,15.39913958,16.19620849,13.54437211,4.230035885,2.373160841,-8.115799745,-1.045332929,4.556523304,16.797379,17.34636347,19.98237445,25.24610091,29.543447,29.67278834,25.01151153,18.71003292,10.39072023,-0.089443385,-9.311277012,-4.132768141,4.282850429,6.191446092,8.325353853,14.60404051,16.29899033,16.86596435,14.0975799,5.272750068,3.073506507,-8.544663855,1.997582294,3.490627971,10.14812013,10.04036867,12.01408721,14.92130576,22.47817573,21.8602755,15.24737277,12.04057298,4.795886628,2.177010161,0.486931892,0.717369422,1.120001887,1.30597479,1.351781188,1.326345869,1.621298813,1.473579638,1.179983074,1.161546398,0.958671186,0.521921874
1947,297.9322714,53.96636687,4.620282146,60.85253525,154.594464,108.4622394,197.6999374,33.23813698,47.2694109,93.20119657,87.40669958,112.8055136,54.69419304,-5.178154459,-9.882908497,-4.325732534,3.877846351,7.681829629,14.46074553,15.48954426,19.30363722,13.04430767,10.01974112,1.57663275,-2.969021229,4.206835627,0.058326951,5.796109269,16.56144535,21.10521961,26.24991481,29.21262915,34.40102655,26.81096146,23.88411926,12.43783187,7.14438842,-5.086558877,-9.114950885,-3.728515534,5.02986339,9.030744701,15.18397082,16.02184086,21.03543879,13.84996194,10.95197995,1.961326642,-3.009750071,3.316914534,2.649104473,4.037905577,9.557895239,13.09222592,16.0281063,21.47572439,30.53539783,18.9602139,16.17490102,6.427118166,4.388524601,0.570601758,0.711854321,0.750290323,1.144623129,1.449450115,1.337490544,1.358510312,2.756295185,1.426112265,1.295958412,0.707772584,0.592275894
1958,229.9183,39.49227737,14.30273381,24.97889103,65.02503197,55.14899136,209.3588739,230.4834456,84.6968976,59.11426367,22.00565115,72.62326031,105.0334381,-6.792530211,-10.65488551,-2.69144582,3.538619475,7.334461455,13.6330384,17.94889288,17.87832455,12.95038102,5.482610817,0.275190726,-2.658733007,1.502862242,-0.030357956,6.158352125,17.94076644,24.35173226,25.61036664,27.95739266,29.61556789,25.97473594,20.71095889,10.09565044,6.935011469,-6.363810355,-10.51096024,-1.610608598,5.226504301,9.704952835,13.50290406,17.8065419,17.54321435,13.27774942,6.705349999,0.340225,-2.704716778,2.62777583,3.088119166,4.243685902,12.31995635,19.99957673,16.11376339,16.24167838,19.89408488,18.23077059,15.36523351,5.118654319,4.284611862,0.412348725,0.401024222,0.501108381,1.307383858,2.208273987,1.252875048,1.100360015,1.018673493,1.175644312,1.303274258,0.485511067,0.508178998
1994,184.5296366,46.2836059,26.55616845,33.04616582,194.0080292,76.25844533,75.45573523,49.94553618,75.98260643,60.40579151,60.62703801,98.61849539,36.81969968,-9.957016294,-7.782544568,-2.342386429,3.080030155,7.022936586,16.04174584,17.23176125,15.92388956,12.02501329,6.575885105,-0.563054465,-4.372622981,-2.494739591,1.973264778,10.58988768,18.00327758,22.95372797,30.05760353,29.56518143,27.84173633,25.15346293,19.96410796,8.88580829,2.92093672,-11.0348676,-8.726581163,-1.715570608,4.541534757,8.520852469,16.78888623,16.74809485,14.69347807,11.57455732,7.192132,-0.65199294,-4.210163381,1.494123043,3.217049794,7.224923416,12.02800942,17.33764074,22.47691311,19.73983906,16.99784611,17.77055168,12.86816746,4.776773502,2.494322726,0.267428381,0.415274599,0.607568166,1.495994062,1.688744753,1.332724239,0.636704325,0.402533659,0.386713573,0.912082953,0.518674287,0.387571866
2009,214.2137073,16.97554533,55.06020295,85.13023828,145.5648836,142.398649,141.6947805,104.4547623,105.3191802,47.66167429,248.7740068,23.61606125,121.976153,-11.30038461,-5.047380142,-0.947957973,3.58950697,9.431426675,15.6792832,15.14239098,16.27469016,12.88070053,5.546862495,-1.156209466,-6.642011051,-2.726765698,4.732755383,11.99981515,15.92720017,22.8475677,28.14804225,25.93100527,26.7369768,24.24899135,14.38758123,9.630205346,1.765830783,-12.04431594,-6.374495122,-0.825878075,4.499510983,11.03037632,16.70280567,15.79740441,15.68539295,12.36837339,5.397832253,-0.789941498,-8.710231119,1.852497363,3.593208163,8.255489759,10.16885668,15.66841133,19.72201286,15.48866211,15.39874978,14.52366925,6.517383899,6.415950967,1.912633286,0.287385831,0.344386051,0.697199136,0.96810526,1.278095036,1.424623343,1.067503263,0.761029417,0.565931097,0.514971258,0.543689475,0.254438873
2016,204.8233904,24.63513207,25.00286638,96.50212375,66.78004432,126.810244,85.55749595,198.3544718,162.3402347,92.32025739,48.58296281,115.674925,191.7894333,-6.541760966,-3.992815853,2.97642225,4.588532818,9.423383317,16.111015,19.34010271,19.71348898,15.42527223,9.865610162,2.989057819,2.184820155,0.938711866,5.419210955,13.81003182,17.74482975,22.37345777,29.96830395,28.81044171,29.09017214,27.8444639,21.58618054,13.48809711,8.775337657,-7.879567329,-4.361524733,2.589843223,5.048458172,10.89202827,17.42554579,18.73390498,19.06675958,15.78012817,9.384166141,2.068180465,0.874497579,2.271502965,4.511019624,7.71415178,12.35047983,15.24488417,23.75837451,15.0590941,14.86116543,19.38762272,12.61531424,7.537348778,3.295276097,0.361740099,0.454419193,0.673403687,1.028805718,1.129625157,2.04562429,0.400766801,0.42017359,0.842811039,0.742958746,0.568625891,0.284242985
1983,374.9101848,15.40010932,25.89052914,77.74903199,105.2513945,136.0059233,128.9643858,46.03087371,57.74156036,26.34677553,168.6628246,112.2440839,125.2349511,-5.498120699,-3.319992573,0.291424448,2.686449417,8.368380774,14.64615784,18.73801429,18.53135667,12.08435809,7.043930684,1.698072247,0.579224516,1.693021527,5.969882684,10.15713807,13.92062656,20.99440196,28.81426338,32.71471726,32.64313102,27.70903434,19.58952039,11.00365598,7.961436032,-4.842931326,-3.178537998,0.300946463,3.643184494,9.618524803,16.11199849,19.52967366,19.28008038,12.75497148,7.625017128,1.560139927,0.242026803,2.114730405,3.847976526,5.748563458,7.750269142,11.6381602,21.02345004,24.69537913,23.97287841,21.86311277,11.78550065,4.729433912,2.616067022,0.397166713,0.457357766,0.344101531,0.804944173,1.446810792,2.241886559,2.382576021,2.038214231,1.75796461,1.067682193,0.617583588,0.349636568
1935,248.0414268,49.58751821,24.50926316,85.04173798,55.44985191,202.8435039,117.0307053,86.21861598,48.94880051,88.24851303,43.44164123,134.4821337,50.76387474,-6.091526448,-3.748349159,2.048074481,3.569182695,8.558735279,14.05507648,18.86357785,17.82022068,11.64109831,6.037825003,2.996945716,-5.458263667,3.886174335,5.449915661,14.47807279,15.36506375,19.93457734,26.24793737,32.24303836,30.45559045,26.55064881,19.57445531,13.15996703,2.004513086,-5.41661418,-3.166201187,3.465446503,4.462815317,9.024875203,14.54791596,19.64626247,18.02056628,12.12198401,7.13661186,3.002439446,-5.333169632,3.568932885,3.734757281,8.495065395,8.652438913,11.16059582,16.92972395,25.22061507,21.9443191,19.85170787,12.3651469,6.762102971,2.429930687,0.766342623,0.815108822,1.216582917,1.087847399,0.970037559,1.109742542,1.5027494,0.874104153,1.071168883,1.208972875,0.841497327,0.652682101
1984,269.7158483,15.74351934,65.4408982,77.59890792,137.9047634,119.6518583,15.88282275,87.41299035,32.75811519,118.1906826,81.42497976,119.9375156,120.9363737,-8.930845934,-2.453229978,-3.747082346,4.423615934,8.230261304,15.68681934,16.0152182,17.41198631,11.82109265,9.875311473,3.316134255,-10.23159258,-1.296508137,7.196892235,4.336623373,15.21334865,21.83636374,31.15872784,29.72907689,30.9205246,25.05558084,20.79988946,12.29362304,-3.788016599,-9.814020273,-2.404491593,-3.569788823,5.065967547,9.138399656,18.04292892,16.43970184,16.91505651,11.8704329,9.83851991,2.581908487,-11.17049881,1.603896035,4.185337335,2.810261942,7.910254539,12.96491933,24.60111311,20.97376121,21.28507217,15.77313105,9.669829103,4.777266673,1.005723021,0.204454729,0.518379978,0.401481098,0.960617459,1.439049638,3.617057391,1.353382779,0.655956152,1.087749996,0.727846733,0.263668262,0.122422768
1963,139.1016671,16.09229183,17.9708432,160.3225461,74.20667848,48.16065629,55.3738378,120.3751005,103.3070579,10.19762672,21.99263224,41.64852762,19.51470604,-12.50232361,-10.49433518,0.613827702,4.117826677,8.860948715,14.74942105,17.17960134,16.40471563,12.19055042,7.326687026,0.348846396,-7.302520965,-2.763557664,0.487965875,12.8496327,20.79020358,23.38692629,30.66506366,30.0960513,28.01926748,27.14882119,26.13125314,11.06348323,2.849049254,-11.92182411,-11.47490872,1.122460297,6.346962689,9.717972021,15.13902177,17.18860068,15.39992556,11.9318608,9.514249958,0.673068058,-8.079974624,2.070959431,2.976438937,8.056279073,15.4226395,15.90679368,26.73576884,21.48508521,17.40172693,20.06056803,22.85011958,6.273661235,3.750492825,0.410665216,0.363603751,0.891765383,1.822724336,1.712758957,2.085901784,1.556064095,1.105254223,1.190849835,2.066583478,0.586742369,0.369105753
1946,208.5523221,38.29717877,62.92207019,59.86101053,45.88921773,183.3797691,125.9860408,95.68959147,95.7218414,39.69842309,84.3561282,78.1099572,58.60121188,-5.677202032,-4.621108681,3.897465151,4.733144796,9.396462552,14.7397447,16.82352219,15.58010718,11.43181727,6.878036708,0.922138122,-7.809530095,4.014971608,6.982673492,18.07202836,19.84978448,20.95308221,28.99080131,31.21948746,27.52760845,26.84578995,23.57884437,11.04943689,0.110742101,-6.045365224,-3.808059544,5.738550935,6.485608628,10.31125407,16.31288122,17.4266511,15.06325399,11.73800266,8.086899422,0.866887947,-8.191530189,3.27159315,4.803853168,11.40443285,13.60503218,11.69659265,21.72784746,25.10333315,17.71634717,20.45008982,17.86095543,5.759327024,2.170014777,0.480692235,0.728334017,1.383048259,1.515026253,1.164723398,2.13221046,1.461851386,0.427733965,1.196846457,1.391952364,0.651395147,0.476142969
1953,271.5540354,47.76529283,43.90261567,152.5156008,60.21870054,85.27403265,84.53131971,99.70890833,20.67935625,23.82575973,44.32362974,76.19697172,46.85350105,-3.323720719,-3.917331381,0.130925583,2.353668844,11.20393872,16.40501008,17.28740148,15.2408774,9.022473525,5.194743847,-0.389565254,-2.404865033,4.265909914,8.381412631,11.16527419,15.64820302,24.48911432,32.42862573,31.39285236,31.5339732,29.72175203,23.57676613,12.21043269,4.988282183,-3.290530643,-3.187942605,0.286648583,3.533996318,11.29607489,18.27463482,18.24066013,16.29821278,11.62476895,7.153306084,0.791068464,-2.326996223,2.506612118,5.276992491,6.402173617,9.726412265,15.94940775,28.35754661,24.70315288,27.76058623,29.86937137,20.48466831,7.754802188,2.767149619,0.415744626,0.558656091,0.480992992,0.967941615,1.18877949,3.077959174,1.659576987,1.697060523,2.658756091,1.754729899,0.852366758,0.266339654
1949,252.524045,180.9754985,79.1882423,61.68171915,49.09858966,98.19302425,93.57608965,107.9696601,70.56057272,63.73064351,183.6326099,95.91030434,78.05402527,-4.04158419,-4.126858611,-1.112139496,2.727531293,10.37020984,16.67326409,20.08990018,17.27138551,9.274095255,8.693878803,3.123357457,-3.035494556,4.28143521,5.754041671,10.76155341,17.5845924,25.5670922,29.66556637,31.98108532,29.54902799,23.80122164,21.10946625,12.79123824,6.409103591,-4.083596168,-3.918794101,-0.444571789,4.33569477,11.43372539,17.82153626,20.69425689,17.15764261,9.943701069,9.2818293,2.803392944,-3.001869319,2.382970974,3.205808437,6.648104663,11.9328573,18.23153308,20.24064282,21.54967916,19.21968734,16.14472726,11.73964447,5.730201815,3.860898148,0.365500501,0.48970479,0.696475676,1.193100439,1.836153377,1.679657484,1.27081989,0.821076684,1.062707849,0.939618921,0.48909181,0.379905017
1973,199.0820454,31.3752492,14.70804123,161.387555,128.4085022,71.92856014,207.0402722,172.732582,56.38389403,66.79758496,67.46953916,132.0083144,117.3570257,-5.885746947,-4.852158218,4.145369975,5.028491987,8.330198302,16.33021824,18.12802537,18.21606495,14.90707712,9.531388053,1.134835721,-4.663526894,3.656926157,5.263276521,14.48080609,16.26508795,21.65530345,29.14791911,30.63154161,29.70939471,26.54848315,22.35343348,7.002203112,2.139354074,-5.140076948,-4.392283067,4.556505018,5.856931234,9.287843016,16.80309018,18.87612273,18.02326339,15.13808582,9.831022059,0.912342893,-5.146048594,3.180219627,3.86957594,7.142315556,8.877210304,13.03139824,19.86878149,20.39510448,18.67477925,16.11834681,13.56377572,2.783389608,2.190652452,0.642583621,0.637637389,0.921421893,1.312870691,1.480645129,1.934917635,2.135903743,1.485154516,1.268533729,1.033388246,0.579978034,0.449708104
1937,194.7602561,137.964828,39.53344388,21.96448373,133.28535,70.29076474,157.6320693,97.58886908,65.07723449,84.76914506,121.8805466,82.04777378,76.40642228,-5.374682298,-5.944446597,-3.123492828,4.114048878,10.27284351,15.43860201,16.79494918,18.01709662,10.96190033,5.515662473,-1.633132424,-2.763847837,3.691432872,3.196788868,8.712463646,16.81823488,24.05005425,27.86958731,30.45625901,31.60893856,26.00655858,17.12615284,9.474750564,6.341568471,-6.06079594,-5.655217152,-1.912965572,4.873357894,11.18219146,15.98907398,17.01107018,18.28152047,11.48808318,5.769513832,-1.6262687,-3.056707431,3.263586968,3.155724628,5.632686647,9.971514923,16.23240503,18.78874782,23.13666148,24.62295036,19.34498624,9.559305228,5.665515296,3.938465233,0.487863631,0.663961867,0.970625082,1.049455822,1.290700168,1.151187389,0.810185174,0.902000374,1.043625715,0.847366577,0.870871362,0.661234383
2009,244.1370079,22.5850661,79.80023819,55.58845395,173.2961977,167.0467213,181.5013878,104.7145429,105.6213822,20.64406806,194.9707736,36.64495629,137.4352721,-10.53069757,-4.624048986,-0.502174446,4.111621369,10.05406857,16.05433662,15.34978647,16.39792056,12.94020943,5.605773113,-0.90358853,-5.769068251,-2.018789919,5.336423208,12.70367344,16.38509122,22.94985492,28.49257102,26.26226541,27.29364034,24.79686104,15.15755068,9.754163418,2.500982545,-11.00442179,-5.660347386,0.258602062,5.381910986,11.5893801,17.50796046,16.36657028,16.03538586,12.97085198,5.580353636,-0.11137633,-7.302344946,1.885815269,3.67435752,8.717533348,10.41646241,14.92039995,20.06254765,15.81899038,16.34141057,15.33345044,7.313425584,6.436551805,2.029911199,0.31311598,0.402509303,0.961330556,1.315761105,1.347037078,1.81320424,1.478009663,0.894145913,0.818289203,0.56079678,0.705890587,0.298248755
1983,309.5839431,17.02340504,23.24732162,72.81719769,109.2464865,118.6293405,106.6818438,59.06936609,65.13267797,29.00083515,158.037397,93.22821431,144.0846341,-5.49798413,-3.442327867,0.032894456,2.521726587,8.38453414,14.46186161,18.64249011,18.45631285,11.6783289,6.684561963,1.942746759,0.609177857,2.03398126,6.391734269,10.7911679,13.83867265,21.09625308,28.67926545,32.56341169,32.51961083,27.29415885,19.46784251,11.49945803,8.498444038,-4.663628804,-3.182616438,0.596965624,3.864433911,9.750928888,16.1408062,19.82613459,19.53281874,13.07816688,7.927962083,2.103028032,0.525322497,2.498224657,4.417054737,6.750232345,7.873248545,11.81720366,21.16227121,24.3486821,23.67684445,21.42277501,11.84754816,5.404789109,3.378531836,0.549446803,0.57158032,0.699509227,1.118795758,1.572426048,2.380802373,2.700469841,2.358007125,2.183262895,1.477652068,0.929922947,0.662618472
1945,285.749019,18.36345759,54.40811906,194.310623,116.6952633,121.8283985,200.2611364,57.42272589,100.3360898,163.9281743,63.68251061,49.40435275,36.53151935,-8.379398121,-4.407138711,4.380841941,5.742984899,7.825194068,14.25218346,15.70072128,16.22953881,13.96611585,4.842226056,2.522194375,-7.245563743,0.131014874,5.804615525,17.38647219,17.71313926,20.56644237,26.07608835,30.00924655,29.78643423,25.71756026,19.0645762,10.86802769,0.723578566,-8.266982998,-3.910457855,5.042452802,6.529499375,8.805721806,15.08907253,16.47142473,16.74791835,14.6837255,5.334659572,2.944001514,-7.941628892,2.201259589,3.808643928,10.10201208,9.893946174,12.13928021,15.84637646,23.05377737,21.91238036,16.22028111,12.12418531,5.278206092,2.229144519,0.477436024,0.571795502,0.982354427,1.139328938,1.283387439,1.40689223,1.55149001,1.466411529,1.323567374,0.980324274,0.762604503,0.398049074
1972,232.4927393,27.12129673,22.81539671,47.48471672,173.0037379,56.77201159,70.83885516,60.61233279,112.6018265,155.0062292,58.45125149,27.11968047,157.4002015,-8.280840406,-6.846949887,-1.729196192,4.161806219,10.48716381,12.70124514,17.58162719,18.00607593,15.20456539,5.610702131,0.736651589,-0.186309898,2.485905575,3.916137895,11.45462353,17.07907854,25.56396647,27.38721561,29.7911294,29.25282836,26.49673775,16.63820412,12.61182392,7.963634506,-8.112736648,-7.001706567,-0.639379337,4.944305475,11.62435796,13.61786261,17.99041838,17.32120997,15.19728053,6.049668445,1.344527827,-0.31294627,3.357827701,3.732077698,7.289780417,10.20926378,19.06513884,20.318001,20.54141894,18.36496179,15.91643402,8.92396452,7.449911591,3.871430887,0.666749644,0.55301765,1.005112569,1.103617001,1.700392657,1.730513228,1.340318732,0.602856594,0.917851002,0.894805356,0.910804322,0.570354743
1954,302.9138509,57.06855896,48.25971258,51.02609678,78.34161569,66.31137592,57.07957584,72.22976752,105.6432466,32.24078337,132.1330298,23.45308356,33.04636313,-5.526045195,-1.611654196,-2.896153642,6.816726983,6.568541233,16.05333669,16.25587893,17.69058919,12.24550502,8.195326972,-0.527681791,-4.393487267,4.493551148,10.05703547,9.439604753,20.78266159,21.78664604,31.81558134,34.16307149,30.50781789,29.77111356,20.00747004,13.39050866,6.063381739,-5.522579694,-0.838428368,-2.09771106,7.246498405,8.302598584,18.05270756,18.70983679,18.16265946,13.95262796,8.269144763,1.017667375,-4.237427482,3.132025079,5.886828605,6.192944196,12.76210906,15.18181227,28.11527415,34.06542151,21.93883871,27.57075408,11.11804978,9.355254403,4.086573191,0.442513427,0.649086349,0.565258393,0.974779559,1.465694693,3.050321366,3.239228867,0.980298215,2.14160719,0.694868157,0.973309728,0.440149619
1938,266.9296319,33.41044683,64.91976727,197.2102497,77.03545243,137.3611539,132.1107542,152.0831129,115.7228312,60.10524959,36.15815717,41.90128932,62.30608506,-5.898261069,-0.886655321,2.726297934,5.370957441,10.34944384,14.77764338,17.79275667,18.06808875,13.39113654,6.305146888,-1.632287431,-5.255442628,3.055851021,8.591774141,14.9294706,18.7060611,23.47011646,27.69516314,31.06666351,31.2442587,27.42814873,23.75030365,9.549873108,1.929506937,-6.251441542,-0.149642902,3.580727813,6.564669124,10.7818276,15.53754062,18.57840869,18.75222313,14.58454106,7.429180411,-1.789571845,-5.142596308,3.079402903,4.666373475,8.574467313,11.59565424,15.13661129,19.12032357,23.52534283,23.64301522,19.94263467,18.6351467,5.740797249,2.321761409,0.664756596,0.818962297,0.907902982,1.230014333,0.931444115,1.293293701,1.406355253,1.25204881,1.577417951,1.235122055,0.63026884,0.661341294
1961,260.4083581,19.22446124,50.53735586,125.5943606,110.2604907,150.5897348,91.34794047,86.45442469,78.40400208,97.49937913,68.92751277,63.41161347,53.75453492,-8.644776417,-2.249010589,1.759584883,2.46983779,7.256408383,13.74293862,17.66068785,17.64496897,14.71334345,7.131826115,1.552665736,-7.641817358,1.318283496,7.302358059,11.87681251,13.89411472,21.00733018,27.76271737,30.36337888,29.1429452,28.76942916,20.4203881,12.46102256,1.48367766,-8.828447825,-3.47790047,2.023750998,3.222278011,7.991927777,14.62488754,17.89921425,17.05613043,15.01993543,8.031099208,1.059086088,-7.951333959,3.060264457,4.318864762,6.150713009,7.879193552,13.48715332,20.45186886,21.17964291,18.98300006,21.10494494,13.12175314,6.537923935,2.941760217,0.356571093,0.364498657,0.549386668,0.789395959,1.40881871,2.032318222,1.330345874,0.913358775,1.475012258,1.306523553,0.564718681,0.456811297
1932,232.2659858,92.60389545,38.94061603,43.86320334,48.36376029,40.41668948,110.8268897,70.36476462,107.517066,120.603164,87.83425874,103.9808145,83.36179603,-1.264864722,-1.855133682,-4.113698022,3.385679647,9.484806471,15.49900456,17.40297221,16.72943816,11.8650457,5.841507922,5.682309885,0.698383998,7.736785315,9.396734043,7.171584333,18.48018294,24.58504038,30.02211753,32.60713468,30.84117478,26.12462789,19.4199783,15.91122955,8.736920381,-1.093434536,-0.748482214,-3.733167596,5.33182684,10.82742373,16.52148081,18.34553839,16.92328267,12.50850282,6.479140376,5.935240617,0.621998374,4.284512804,5.687979123,4.898251906,12.36483799,17.87223857,23.69150515,28.13552457,24.34787348,18.77231417,12.18727105,8.04345313,4.177424713,0.74715169,0.960644683,0.701164924,1.517021916,1.496316635,1.592160951,1.606655196,0.882382235,1.152787192,0.990272981,0.852563061,0.719377706
1989,244.5146217,41.83293383,33.11735118,74.71407061,157.0013682,129.9847356,49.85163845,181.8250921,144.5000781,201.095007,25.43377315,169.0231652,70.37494977,-2.589160103,-7.838460238,-0.107070517,4.375052326,8.477411551,15.37631283,18.16172664,17.15657265,12.09776045,6.364593149,1.880439091,-5.420872376,6.664721246,0.683994706,11.42766866,16.88181544,21.01327242,28.37318787,29.67379203,28.70469833,23.94948388,20.43692992,11.68769584,5.376337911,-2.465385975,-7.85360853,-0.484451054,4.935715481,9.174803558,16.48553177,18.78689435,17.31970195,12.12190702,7.360858188,1.148450301,-5.385223263,3.762623612,2.54575582,6.73541529,9.877045208,13.12947348,19.30918621,19.31507354,17.52914449,13.50748336,13.82973926,5.330246682,4.340125499,0.472686697,0.343679808,0.506046367,0.875743476,1.318242503,1.610478704,1.551789461,1.376044044,1.002826766,1.234636896,0.613634427,0.518728159
1965,226.6252747,91.97386572,67.64024871,46.60864194,121.8157975,77.2919409,96.82253318,122.6919339,98.59016622,138.120361,40.80428924,96.0045744,49.42137121,-6.161510288,-7.039471052,-3.707487614,5.471786859,12.20091365,14.56835944,16.8815091,16.08803787,14.46097839,5.807853791,2.146525968,-3.929113,3.839902386,4.400888877,5.672838799,18.81448319,26.99838908,28.34029463,29.41595893,28.78604899,25.84200268,19.30126909,14.7688335,3.571894422,-6.694623454,-7.100754688,-3.930866543,6.171336177,13.59944722,15.7615208,16.867266,15.7786596,14.26944543,6.333758924,1.993864654,-4.968087358,3.410726273,3.99087564,3.824813616,11.59533614,20.19452199,20.59565496,20.44148004,20.03357636,15.39837405,12.06422613,9.411663548,2.255958143,0.484454058,0.603595806,0.534298016,1.003056814,1.905814705,1.873801561,0.867905886,0.607844844,0.744091399,0.920479769,0.807702649,0.359372256
1960,283.0606257,47.50955668,74.60069606,38.5019212,53.39821885,108.6393416,151.6917498,62.46317329,34.89725745,32.34166292,44.05591782,79.41554975,69.11443022,-4.275973598,-5.311137631,-7.097993022,5.553950665,9.606042538,14.71683769,17.01892652,18.37714758,14.82917327,7.058968922,-2.073769227,-0.658967949,3.445913051,2.024511651,1.696452879,19.6757776,20.9668031,27.43212699,29.47770496,30.74076787,29.24599901,20.53423522,7.722961298,6.679823928,-4.737510689,-5.806655782,-8.992156374,6.624628518,9.623250169,15.21965635,16.91923368,17.60997005,15.26895078,6.667028483,-2.596522009,-1.049189316,2.618709325,2.370621822,2.994413971,13.7050289,12.00774134,18.44540193,20.84530201,21.99193459,23.48298116,13.43365925,4.744768665,3.303976332,0.270885656,0.307848595,0.223086359,1.377184625,1.150121904,1.774703276,1.2922098,0.904088379,1.355610199,0.742462421,0.529908026,0.354800285
1963,222.7818387,15.2172417,17.13761848,167.9741354,80.42202254,54.36027291,63.37706512,121.5275818,111.5475714,8.322884229,15.89929904,42.03310785,27.46115771,-12.06000406,-10.26234113,0.823380884,4.34811615,8.878089778,14.73662813,17.11523012,16.35672491,12.07721672,7.149568581,0.647397828,-7.208022155,-2.04101156,0.820617174,12.89748515,20.45888619,23.07626016,30.06806488,29.76487565,27.88177584,26.98087046,25.9112952,11.05757502,3.024648715,-11.60635211,-11.32445407,1.180971415,6.459966467,9.744550931,15.25138637,17.2333704,15.49677932,11.86165076,9.378365582,0.719888315,-8.02580426,2.243663567,3.093210188,8.028528626,14.76218462,15.430751,25.09602328,20.63937757,17.15952073,19.78693864,22.47809896,6.09521433,3.835247599,0.409226022,0.362307315,0.850835689,1.788493669,1.739526077,2.132991911,1.546518754,1.171381314,1.204741642,2.090038725,0.518975594,0.359249045
1935,250.3710668,62.34815846,19.01386269,94.5022112,50.40290712,213.874875,120.6084799,82.64310253,58.79200047,81.22080014,46.22486348,130.9343696,51.71942008,-5.828970032,-3.72216809,2.273125944,3.705189882,8.591393403,14.09822413,18.77908676,17.88358892,11.65154124,6.132251575,3.108549869,-5.319449635,4.248775213,5.837559959,14.85779581,15.21437948,19.911169,26.04600478,31.96049126,30.28122089,26.53413496,19.59920172,13.37658351,2.220182201,-5.106876302,-3.112749985,3.668033965,4.594815431,9.021389925,14.7505797,19.94995903,18.27106137,12.37177911,7.363698185,3.04080996,-5.184050896,3.681979034,3.951373379,8.763522923,8.418743237,11.09689015,16.48058419,24.60344214,21.43473993,19.80662774,12.33419119,6.897850629,2.486535694,0.775620398,0.819315589,1.211338345,1.070398741,0.944761303,1.217720082,1.933468921,1.057086351,1.216846717,1.265435521,0.819385028,0.64775569
2003,252.0677952,28.35984613,54.42600738,38.69111755,58.90078657,145.7370041,71.39087625,206.6031573,48.53281412,225.1920371,46.31876866,52.30613792,52.96713434,-10.77730469,-6.939161444,0.589607109,4.495247143,11.04059776,13.00097783,17.71146476,18.03565164,11.4266936,5.512188457,-0.135115433,-5.069340073,-1.190760184,1.055666794,12.34196104,18.37796435,22.28039036,25.98823754,29.32940344,29.78055858,24.5142271,19.12180489,9.222298003,4.409025775,-10.97127237,-7.876415177,-0.470925926,5.646014083,11.04032809,14.38733525,17.81049454,17.73858761,11.19818526,5.779810006,-0.251514914,-4.258836895,2.431156331,2.224418083,7.59177142,12.57211864,12.11563366,18.23923552,18.78605164,19.58150333,16.77188518,13.42477797,5.18190011,3.618814043,0.369854447,0.175726953,0.275617359,1.0396996,0.57791139,1.159314647,0.833771775,0.809229516,0.564928619,0.66622561,0.347976485,0.433485103
1999,259.0165677,130.1470173,114.4783887,33.34625188,109.9033279,65.69062608,122.4902114,50.60777027,63.95162177,36.9956227,56.10669381,75.33780682,32.7193108,-5.99899784,-1.786463617,-3.637633883,7.463190284,10.48398144,16.54716527,19.95698014,16.09117817,9.442578864,4.66087556,2.380420272,-1.636959296,1.890845909,7.435158447,9.099181981,17.57262338,24.85877527,27.86616093,31.72250727,29.09911625,28.01885987,19.81277366,12.88768948,7.272681531,-8.152353508,-1.694228699,-2.140446765,7.256159925,12.01325842,17.46493106,20.32257972,16.00048142,11.10981609,5.852685317,2.335064171,-2.313834256,2.221056692,4.301069552,6.865517614,8.431002598,17.90023022,16.92575725,21.50161666,19.80897812,26.324332,13.84860793,6.610382963,4.049094233,0.150525781,0.37636779,0.669072172,0.528383806,1.303842684,1.14042681,1.199752462,0.709709675,1.545955764,1.117048212,0.565075145,0.303267
1927,333.6344658,121.9590199,27.68588405,153.4773764,225.1994228,236.6689493,94.22882138,107.3415963,109.2402411,112.4662526,57.96736862,79.60198379,54.06979319,-4.656831086,0.058431387,2.496906871,7.481565218,11.87972157,14.97299932,17.14821991,15.57220496,14.8808861,8.074386402,-1.005885187,-3.693800487,4.478275791,12.11253012,13.8452928,20.33825249,24.42120888,27.60072598,31.92648631,28.53875596,30.54848276,24.54403659,10.82114972,5.218387828,-4.327296892,0.948842138,3.475564796,8.923562779,12.64626958,15.68514822,17.95048823,15.0792392,15.98279781,8.378042633,-0.272512877,-3.470576343,3.452313447,7.122774429,7.6069514,12.39005616,15.48378198,18.6736691,26.64408951,20.067893,25.73408781,18.80906397,6.448875329,3.558783066,0.743409736,0.962105801,1.123074702,1.438468533,1.213853281,1.281940406,1.381079531,0.392371543,1.617429012,0.897154112,0.914729536,0.737015189
1949,374.0363168,277.0994727,81.58853425,158.0320464,50.04290322,67.71732052,122.4578853,77.69255176,88.80503455,102.1314044,167.9049458,164.9504533,93.13580633,-1.510219621,-2.010682935,0.31672373,4.238861432,11.88028593,17.70509594,20.87254646,18.14909456,10.73238345,9.965633702,3.994087951,-1.513821961,7.921277883,9.071047741,12.5943543,18.84801836,26.71777263,30.14459594,32.58257378,31.1569383,24.97219708,22.62339628,14.66059306,9.048024877,-1.220530695,-1.906290204,1.068228853,6.31791641,12.41887551,18.57637739,21.56557073,18.35956727,10.878864,10.29338799,3.754698327,-0.577950768,3.373416124,4.578090476,7.600967626,12.61986206,19.57251397,20.11809053,21.86273134,22.5627511,17.34775795,13.53683662,7.011538278,4.932942169,0.437586312,0.502272936,0.742265706,1.421286501,1.479623417,1.50162386,1.263949157,0.875598541,0.928488537,0.866188991,0.484909802,0.597270924
1928,381.3485133,44.58436468,78.73571772,38.67687662,130.8791806,89.71742439,226.4513832,53.30990616,83.78220329,23.29382675,146.6298192,121.8172239,110.2010937,-4.792340094,-2.892326938,-0.477029487,3.309442753,10.09782705,15.07411423,18.56700129,18.50443711,10.90374545,9.481401553,3.694805239,-4.433462192,5.947092833,6.958045857,13.00643362,17.20188729,25.61368943,26.44034776,32.55176146,32.4234838,27.13644118,23.02094432,15.56228328,6.555030525,-4.165951628,-2.09546078,1.038675522,4.893118559,11.36032413,15.1779995,19.87044819,19.26697143,11.13197683,9.89177643,4.101927386,-4.228415098,4.333841996,4.352277368,8.139114427,10.80070855,19.1739224,16.13814694,26.44808917,26.12942126,21.61017992,15.07947082,8.738010591,4.597381049,0.807685984,0.884104736,1.161837367,1.395085608,1.484965475,0.807732327,2.018681803,1.454586756,0.886593093,0.952508995,0.858494775,0.692939801
1934,352.7516627,37.59139857,30.63360737,80.50078953,54.34652877,50.16713616,94.24510853,134.393711,124.264468,171.0360344,27.50208411,21.63066278,62.71568518,-2.063324688,-7.015516924,-2.016741123,4.773146549,11.32585312,17.20760412,19.26323229,18.26417624,13.74524428,7.609573041,-0.002712534,-0.991478259,8.343549518,5.162947085,12.32320405,21.11203434,28.5669651,34.52474765,35.23625047,31.58169114,26.97360888,24.22486231,13.76035607,10.44644255,-1.543687066,-6.369292357,-0.54317011,6.73714572,12.63794862,19.3099675,21.16550695,19.26707184,14.05457496,8.507520508,1.002007616,-0.406194048,4.987755546,4.504017393,8.104933526,15.21277647,24.31359037,34.14411861,33.62389343,24.2709437,18.67163991,18.53674457,8.662424149,6.151367351,0.858967736,0.776179037,1.084287568,1.60446411,1.548922006,2.840135365,2.821700346,1.688733256,0.985450345,1.171937704,0.998632267,0.824438168
1985,365.9021373,46.55650621,103.088608,189.5646608,56.50464863,128.9607152,172.3004948,37.50331729,209.1849475,35.29701886,158.430953,160.997915,130.8842775,-9.266550563,-6.871664755,2.156314098,7.311231773,11.80294411,15.16692641,17.618021,17.68797132,13.17742425,8.990196722,0.338155691,1.158282769,0.023987702,2.827375098,14.74214943,21.19766671,25.24054007,27.99224881,31.39488218,29.0591441,27.7403104,22.26230469,12.85065925,10.8558057,-9.037644197,-7.009231363,3.694769111,9.308816873,12.77529805,16.79312966,18.69925503,17.78159067,13.94330413,9.912318117,1.231304356,0.663557283,2.216268601,3.016952317,8.467205117,13.69097263,16.62956299,18.8602506,23.79549385,17.55388094,20.14525552,13.10881141,7.209371727,4.599460419,0.411236615,0.469099261,1.134174402,1.919195789,1.923438679,2.290953318,2.323298788,1.449725691,1.941973395,1.130224662,0.857440879,0.598035801
1939,391.1725102,125.8806993,111.6626292,101.7663693,181.4894381,54.44284335,150.2937605,88.64331921,80.39807046,17.58058071,42.07696848,92.03412411,42.54049048,-1.34928396,-3.30251815,1.132907284,4.448645014,11.78016443,17.85910949,18.37419885,17.10658263,13.7927006,7.341437241,1.411197081,-3.203755142,8.658407288,7.762618998,15.65860253,17.75589381,26.97613106,30.10188546,32.50890839,31.49971978,32.92263046,24.51597382,15.64276142,7.70402586,-0.784676414,-3.450949405,2.545150918,5.964083727,12.75750959,18.29935498,19.30460238,17.53378467,15.69173547,8.130300561,2.064638049,-2.748291052,4.962141881,5.026522538,10.08134944,10.86455742,20.18856373,20.80573174,26.50317312,25.43952496,33.64112374,19.29916542,9.975886755,4.896110733,0.811490284,0.663091157,1.127674907,1.338289735,1.385047043,1.052400809,1.522802625,1.070611945,2.286774725,1.100099883,0.925994179,0.74622784
1987,349.0780262,24.96306372,38.76024072,71.34654831,62.93102994,59.65591747,121.7384115,178.2609453,18.48648006,46.46277304,40.05598267,60.87050909,45.28616846,-5.191641198,-2.184942741,0.821986381,4.433154002,13.76806026,17.46588838,19.94049296,18.19095018,12.93564793,2.164643891,2.032060716,-2.183326124,3.524976591,8.182621172,15.3816472,19.41202371,29.17963026,31.06011739,31.8720746,32.32094274,29.52814566,17.68835652,11.23944689,5.516980396,-4.229268775,-2.052513512,2.909598201,5.275523976,14.54095985,18.18589499,19.34982412,18.8043619,13.6703078,3.444635171,1.245537141,-2.454775496,2.989805402,4.89526434,10.35374132,13.73511298,22.85043716,23.00196635,21.40813406,25.81828413,25.31930121,12.5259195,5.221562794,2.931860943,0.554681357,0.406605432,1.200105594,0.995914245,1.346890977,1.597557637,0.666410942,1.890187567,1.146633691,0.907966679,0.089205104,0.2916645
1961,356.383025,25.49995967,79.30676776,131.1322647,118.31635,296.2928924,116.0734821,113.6500867,91.00699811,26.21020882,47.26897487,98.96213669,66.96631823,-7.177926882,-0.896833876,3.055517176,3.31938614,8.632687034,14.85450245,18.43946147,18.36195348,15.60370207,7.422984159,1.840718863,-6.380690811,4.362069355,9.430774035,13.69967575,16.22613016,22.49129459,29.04656749,31.38220594,30.08880664,29.7996398,22.96011669,14.27787206,3.990179027,-6.776341563,-1.588652048,3.603361152,4.634680476,9.227865534,15.38031796,18.49007574,17.73268902,15.5503621,8.375569055,2.017198919,-5.461932405,4.238980943,5.452361119,7.27350838,10.00243686,14.84396422,22.1770698,22.53345329,20.32657923,21.7334303,16.92243393,8.264569276,3.887063834,0.465865239,0.515145692,0.722454721,1.224639554,1.405860663,1.690282038,1.362350262,0.820168314,1.309366339,1.342272668,0.805310494,0.711156057
1958,380.8035096,63.96342945,28.00294877,93.29829159,108.704327,82.73811439,146.9487852,266.4435837,93.97012358,83.41958422,39.21494395,166.099958,182.7058623,-5.334543583,-8.823806542,-0.902709391,5.782622636,10.59813842,15.46129487,19.63908955,18.7441763,14.64117806,6.790355385,1.872730464,-0.614067387,4.115495563,2.278942303,7.821018176,19.73754603,25.65264827,28.4093098,29.94183255,30.69807911,27.18562798,21.72343345,12.56179329,10.22405191,-3.882083993,-8.475820809,-0.193525467,7.044076548,11.54594302,15.46813288,19.24686759,18.12834555,14.44234746,7.088189831,1.742013688,0.110196728,3.618285178,3.767534247,4.510316861,13.32062063,19.93277195,20.22666649,18.46951322,21.83294507,18.98228389,16.04337495,6.625311063,5.620252465,0.61075223,0.487350201,0.459848553,1.301656618,1.494846742,1.524658112,0.996843941,0.913353592,1.062149965,1.022929098,0.493720968,0.722920399
1998,381.5775922,84.7480368,60.89460154,81.32995422,212.8384747,133.6550074,145.9431693,95.32023988,108.1103608,49.87550941,114.9540964,75.61107467,74.24800849,-0.650260636,0.88288308,1.092385695,6.160926202,14.89270414,17.85756029,19.81102982,18.82437991,15.4099546,8.67517395,0.669707753,-1.953308297,6.470763563,9.834124559,11.59069143,18.85339881,26.51030908,29.30043071,30.44144452,30.46157597,29.90832892,22.59122449,9.433039634,5.633719398,-0.859532152,0.900073167,1.725100629,7.232167376,15.25933369,18.42194367,20.08614162,18.97020311,16.31482843,8.762999039,1.003949618,-2.222884159,3.090972424,5.249388131,7.170929007,11.63709394,16.91250734,18.79065932,19.41747482,20.54481615,23.89023512,15.09382267,5.073778305,3.279121537,0.233143503,0.215411549,0.804204627,0.78875045,0.770374832,1.250126804,0.67372097,0.83894558,1.298555267,0.786999904,0.420117279,0.072708913
2010,376.4568645,36.44491093,43.54618982,107.1921582,76.45577695,123.9447763,99.45774987,142.1578815,62.94442482,19.76107061,22.41939938,34.55130781,127.8561804,-7.094000711,-6.34483992,1.812365108,7.066190282,13.32404528,19.6656434,20.1545011,18.91722116,12.49224768,3.816524729,3.430778173,-3.86878413,1.035711398,2.475100445,13.20741377,23.18842738,25.51934832,31.79785413,32.19187874,33.27139947,29.31203292,23.99061138,15.94591711,5.062118547,-7.037365535,-6.214537554,2.394285521,9.396208175,14.43062372,20.38011603,20.80765148,19.46466643,13.81635619,6.701619319,4.093961402,-3.025727811,2.205758818,3.126599604,8.04883345,18.97598366,17.14020202,23.47595536,23.09323356,28.88982304,27.53542183,22.86503335,9.68332605,3.513113313,0.348821599,0.399684871,0.661637789,1.752108505,1.483809628,1.710480243,1.337840991,1.339810505,1.414891443,1.512867279,0.85648704,0.460405267
2017,367.5778804,62.04930014,14.66898578,76.41765483,138.0678941,143.6489758,82.60159847,106.0383717,49.18825129,20.5954214,136.6043375,68.71909047,48.59707078,-0.659403728,0.622861526,1.562493482,9.380314432,12.1548191,15.95696075,20.67012629,17.57379093,14.45384037,9.735541297,3.898022982,-3.986334136,7.28549561,12.70763864,13.99593917,21.68127759,24.43820429,30.10185955,31.79503516,28.97241542,28.76669979,21.46927411,16.12514899,5.035217688,-1.549539675,0.191705967,2.502863527,9.416693297,13.48456981,17.05837458,19.93503745,16.57989739,14.34167714,9.707822611,3.123196155,-3.9083211,3.13799234,7.548238662,8.501438511,13.93100695,16.5941587,25.06334447,22.47469689,19.83963534,24.25880625,13.98811083,9.87169377,3.32329307,0.36224961,0.527408126,0.694562331,0.997820597,1.119758473,1.080613254,0.596096738,0.448506612,0.715898367,0.918944408,0.435303454,0.355866223
1942,347.0406112,36.45347335,83.6254158,91.44334445,67.54043245,103.8438195,232.8865568,128.3888666,65.23388862,44.66048491,62.56086322,100.6160833,37.23905099,-6.865089231,-4.828289885,0.412336816,5.642034831,10.64306579,16.54024683,18.28648835,17.21353897,12.53463174,6.432455391,1.236615705,-0.647966896,4.601450017,3.398938062,13.31914274,20.55209652,23.59682586,28.39430804,30.91440142,29.2821291,25.88774953,21.3476322,12.75265589,8.158565508,-6.579152845,-4.580067867,1.66060445,7.264419305,11.50843221,17.32782319,19.24292166,17.16929027,12.74863359,7.248698681,1.645175725,-0.621658827,4.138803633,2.84049066,7.986233132,13.92331622,15.09160686,18.34912074,22.19116641,19.76503071,17.58208098,14.80393062,7.128026683,4.340580618,0.639461675,0.632102849,0.997767553,1.521448389,1.344252855,1.371377921,1.786915954,0.886312893,0.944923743,1.083532556,0.769039836,0.749132162
1984,380.6359643,19.01926409,75.39999818,87.55022712,160.968988,126.3626164,24.22735134,42.84629278,40.97761241,155.6448898,103.458575,153.3378135,116.8270178,-8.393895049,-2.033401654,-2.756993178,4.934135166,8.839835167,16.17848033,16.16621451,17.28193832,11.94499131,10.30579826,3.211881939,-10.05344979,-0.092847383,7.788002675,5.587422876,15.5170988,21.74635156,30.61803829,30.20745995,31.03425324,24.91706746,20.52633681,13.16661017,-2.924112734,-8.838964034,-2.360374645,-2.528586045,5.896101434,9.763815338,18.41915589,16.76259373,17.43330778,12.46612483,10.41370576,3.145401357,-10.30002466,1.997606799,4.466793669,3.151910769,8.099292494,12.70295129,23.31242443,22.21016986,21.95164579,15.78424527,9.349270863,5.62812297,1.254489573,0.292305244,0.386248934,0.414143123,1.103815771,1.529703445,3.500982196,1.758001702,1.371162571,1.518724985,0.842551289,0.590564854,0.220215326
1938,305.0338713,39.26006094,68.74195888,224.4327123,70.24421009,131.1676388,98.2994603,144.1143828,93.94354515,64.93813362,31.59192281,41.47433842,71.87785685,-5.116847147,-0.211949504,3.530424644,6.077493022,11.18994892,15.2564381,18.1789478,18.42129472,13.71305324,6.822453757,-1.561825216,-4.815405614,4.213743153,9.763706473,15.75179594,19.32992662,23.81193159,28.13776406,31.90617792,31.88522509,28.28249067,24.33249783,10.81008532,2.528153313,-4.949455483,0.809715382,4.382369946,7.312031884,11.57407503,15.96804324,18.82620015,19.44409013,14.57353902,7.775928912,-0.871885111,-4.38413045,3.47842787,5.190458977,9.01278765,11.99977989,14.96525688,19.52893062,25.15331438,24.78502831,21.41167906,19.38359353,6.683752516,2.48968423,0.708630976,0.909604595,0.863393124,1.227020894,0.863820229,1.24734188,1.305428307,1.669681784,1.307530932,1.187886445,0.860686873,0.7257943
1953,337.6655523,52.61778971,41.20506019,134.3011265,79.63135666,97.41761304,78.98681142,63.02725851,17.79588455,26.10584789,49.86099563,80.00645752,51.64270436,-2.568052746,-3.253685547,0.789326163,3.124766569,11.83576851,16.92950649,17.38895679,15.25646751,9.189655085,5.681588574,-0.28707172,-2.113410833,5.311730549,9.916265463,12.33442145,16.43065617,24.61291451,32.58218618,32.37309163,32.39520163,30.63267384,24.32030601,13.53983086,5.898611207,-2.484620805,-2.298282958,1.169335407,4.077377812,11.80724318,18.78082802,18.11588153,16.32095882,11.90141143,7.319673656,1.235582947,-1.912248466,2.862435036,6.190175452,7.031963196,10.28981991,15.76974907,28.06410268,27.2545294,30.05404222,31.77587686,21.53719932,8.943011522,3.224986813,0.442682036,0.62709058,0.55346065,0.947182023,1.202847886,3.161664747,1.46161631,1.733537159,2.733193794,1.614995909,0.946032021,0.308664973
1927,238.6896799,85.78461102,28.03695446,147.8401581,186.1888643,233.7132584,97.15917662,103.9465627,117.8746917,111.8247474,95.90671885,81.01862344,44.08992221,-6.089591228,-1.026894597,1.786315973,6.752200968,11.04698739,14.25049728,16.71088693,14.98513557,14.43963921,7.667338256,-1.379959526,-4.845498885,2.891836394,10.77356149,13.03634083,18.89272624,23.15092707,26.83045528,31.40935031,27.97594402,29.39447817,23.48825176,9.660053668,3.902453798,-6.193491273,-0.409592069,2.24946834,7.647186444,11.30265001,14.27255085,17.21979349,14.0080264,15.34486153,7.515223023,-0.909599918,-4.811562992,3.047545839,6.452046938,7.194380884,10.90290333,14.01550781,17.87079018,25.7155989,19.44984567,23.28815136,17.19444485,5.704216994,3.206893731,0.661750669,0.862781828,0.961175299,1.107511569,0.871440049,0.745643437,1.076474287,0.106202956,1.452120786,0.680527703,0.870221192,0.705471781
1975,280.4728289,119.5390787,99.06050603,111.6335967,101.6564226,110.6553721,96.15940514,105.9953256,101.383757,65.41226915,48.32603597,78.41039217,56.487803,-3.297915336,-4.053758845,-1.890945775,3.560556541,12.67634901,16.45254316,17.37336086,19.31930151,12.09818041,7.505373041,2.308326454,-1.780267296,5.08334178,3.657973002,8.324215049,16.97062206,25.19995641,28.5805998,29.86798246,30.01337804,23.31109019,21.37981842,12.07467339,5.058020094,-3.777017705,-4.089127408,-1.656599069,4.05450512,12.9487309,16.88763973,17.05721791,18.67656619,10.99091475,6.910438593,2.514340833,-2.349419871,2.950814229,2.591975289,5.137263868,10.3307911,16.2210206,19.27541367,20.26294629,17.94350143,13.31029332,14.19665073,6.097722372,2.527308231,0.438361768,0.459515414,0.639540804,1.025471099,1.731638295,2.133248222,1.691452009,1.145366693,0.778360105,1.014113235,0.681567849,0.31899902
1946,301.1059265,47.5201176,83.38005748,53.21670128,55.38542035,235.9678725,88.74689462,88.24920629,162.4127657,49.29648683,74.90918788,83.42016475,51.06463951,-4.897973711,-3.753065512,4.644947285,5.866786235,10.25837023,15.18313071,17.14324055,15.97567386,11.98667947,7.240532549,1.366420535,-7.361411534,5.093288567,8.672672389,19.02533798,20.73305035,21.05316537,29.30765052,31.38436351,27.40800961,26.76648056,23.57693092,12.13290082,1.586052013,-5.499725797,-3.064683528,6.302259146,6.692739699,10.34775914,16.25482317,17.64740874,15.36758013,11.6024985,7.410655758,1.517361695,-7.550252925,3.585189281,5.60530475,12.14378994,14.18060643,11.18803145,21.9791093,25.16537225,16.77153848,19.79412579,17.66978914,6.484837039,2.705930139,0.441154305,0.744944236,1.311345069,1.111069314,0.656438992,1.795768832,1.393063108,0.365997143,0.874894512,0.967235738,0.723089722,0.521266289
1930,370.3079639,184.8322279,61.57855295,35.44935399,55.2150649,40.91715331,80.14281776,20.41648099,45.97365344,111.8367834,49.74298382,54.05326473,102.6436795,-8.760291141,-0.184207764,-1.872787494,5.426343064,11.14986951,13.95569464,17.03221939,16.44591755,13.94056536,6.064430615,-0.943163635,-4.059932191,0.412514457,10.78727768,11.91368716,20.99617405,25.42693562,30.02126472,35.16623351,33.4585218,28.37395288,19.0437994,9.882267255,4.833626168,-9.483340281,-0.111846293,-0.950180572,6.984500855,11.70607058,14.67551741,18.77874746,17.27535656,14.81986134,6.276029035,-0.388339122,-4.616266613,2.58592455,6.10136425,7.696783308,14.66016927,17.91437435,25.4168785,36.67424126,31.86384951,21.45965421,11.57980393,5.703902361,3.464531813,0.481147654,0.738955264,0.908686594,1.394212487,1.05075617,1.205726689,2.415573627,1.441974672,1.390048405,0.829053118,0.852364408,0.533388937
2002,370.9010133,47.53274296,71.44002943,133.4608771,151.5685518,262.0180168,129.4341021,41.85301192,59.05185465,64.70940674,89.2813346,66.53271967,88.9097814,-3.661106892,-3.375188735,-0.962947113,7.008413879,10.0248025,16.6473518,18.997436,18.49594471,14.14612078,6.820046913,3.086375161,-0.871993919,6.565820688,7.22427432,9.315410579,19.24001188,21.85508709,29.8904882,32.43166064,31.17234053,29.23948691,18.44319273,17.1075919,7.598525419,-3.463241405,-2.784784632,-0.920083037,7.437796689,10.05286895,18.18026788,20.19948848,19.13393991,14.38254157,6.44921325,3.536880292,-0.920083425,4.657123274,5.006543123,5.321163605,11.42937124,12.71032687,23.46206016,26.43240244,23.33295722,24.41004056,11.97889585,11.07817533,3.874291538,0.478696572,0.555196929,0.480254039,0.973316594,0.787043815,1.396171481,1.551333759,1.061397729,0.587288195,0.221388174,0.841891732,0.413022243
1945,274.7641622,17.05470252,36.87119831,111.702754,114.0527291,139.1277456,136.2933856,37.56691154,81.20192741,171.2276288,44.90503732,27.49934689,31.29852706,-9.911121874,-5.796896792,2.85515375,4.162850474,6.409401198,13.25605911,15.14753557,15.91407516,13.03059085,3.843804974,1.924871123,-8.59099001,-1.799790882,3.734231442,16.4173889,16.83225559,19.34380691,25.31369344,29.2590611,29.01821619,24.55096283,17.90628628,10.34260556,-0.276979072,-10.38677193,-4.778293471,3.959432196,5.405583241,7.859123012,14.1493889,16.14591942,16.46201653,13.45235618,4.957755432,2.812321129,-9.119743788,1.857790744,3.200896298,9.953904273,9.883537282,11.62532519,15.5703164,22.07942374,20.68083908,14.92978074,11.30952751,5.036444528,2.178262354,0.400431982,0.688447439,1.129370368,1.268144796,1.416062485,1.378686605,1.677063817,1.38631184,1.08962658,1.167763878,0.959709636,0.467670305
1941,224.5437451,49.64184671,21.66867907,32.2298355,98.68771698,85.59251288,127.7847425,73.49736194,79.96102869,82.92015435,234.2463571,62.3067665,44.22642362,-5.710686265,-8.171834463,-4.807046375,5.188433991,9.864432089,14.8315986,16.46473659,16.08718422,12.98506702,8.681732444,-1.716695659,-3.131539968,1.90401633,1.208654416,6.959015334,19.50927958,25.6724703,28.31532831,30.60575192,30.12782274,27.70786232,19.24660856,8.888042449,5.152638887,-5.386914825,-7.787782209,-3.537303344,6.696624591,11.79932434,16.24603947,17.43511365,16.75249724,14.2165748,8.804917676,-1.585582792,-2.392468434,2.438160558,2.78045931,4.983714416,12.76546562,19.5937879,20.48099074,24.0260469,23.30394856,21.02906315,10.14720975,5.303184653,3.322639396,0.698689111,0.699994317,0.91158609,1.412161626,1.960035967,1.894205603,1.650928029,1.247481248,1.647566902,0.689447224,0.74696262,0.776755011
1927,243.0670209,40.95087722,51.83769248,86.96401369,175.9124635,168.2923318,102.1104251,84.46366228,74.14602297,142.4138515,91.92890237,92.01031202,31.08251274,-8.308859834,-2.905425247,0.163901417,4.285073046,8.807144657,12.54522747,15.77416896,13.93355394,13.61639087,6.610687449,-2.223489148,-6.843674764,0.307644555,7.226450083,11.14844938,15.76943909,20.90060757,25.34192613,29.79615496,26.54261899,28.02981278,21.71053976,7.406628833,1.493307103,-9.041533253,-2.421000328,0.869491799,4.947170462,9.63216664,13.13601491,16.28714186,12.84870158,14.34395289,7.288706345,-2.048758035,-6.651007994,2.418566879,4.564399172,6.302969992,8.738661779,12.36632828,16.68844734,22.81211785,17.65971052,21.10028912,15.06550055,4.449161593,2.571754856,0.588278817,0.76500159,0.96877451,0.9651968,1.157700121,1.114673187,1.081125713,0.051036696,1.283019843,1.015867554,0.764622495,0.672087223
1937,228.7951015,99.35087974,37.11485307,22.23583287,132.6896455,76.3656618,140.8458734,68.44700642,63.53452342,65.83774223,80.62644615,58.04506228,73.3943661,-7.028251365,-7.222999884,-4.021715434,2.875597887,8.962365012,14.55865389,16.37510356,17.63489163,10.38064244,4.690622241,-2.345000157,-3.871209308,2.396861189,2.376337246,7.392707203,15.43141953,23.47905835,27.20448425,30.40311562,31.34082886,25.71186957,16.51588922,8.863169323,5.678346507,-7.432153909,-6.837669476,-2.496060058,4.105814188,10.48126655,15.17484198,17.09919624,18.25016925,11.29434115,5.27971195,-1.826985292,-3.898493881,3.071867852,3.098044333,5.036959796,9.116513166,16.26813123,18.3613332,23.4880298,24.37188778,19.28719482,9.358696453,5.493351085,3.914724691,0.524619316,0.656926351,1.016409973,1.202828655,1.613318238,1.169488796,1.347346057,1.265917953,1.276674117,0.929293116,0.879938193,0.654767162
1952,286.744367,42.47587657,31.71250492,76.07085804,116.7551448,116.5765854,175.2774215,44.95753188,96.50726166,35.81175465,21.86808316,66.06872577,47.9069111,-5.803622698,-3.81964037,-3.006194695,2.764737331,8.227180396,16.82117638,17.72172055,15.61712509,10.51983008,-1.893380043,-4.263622538,-7.031867252,3.605643151,5.33769225,7.362882402,17.62785844,21.93508477,30.48830726,31.41078254,28.34910422,26.40991789,17.48803578,5.354657466,2.419178683,-6.224973072,-3.433626553,-2.719515939,4.107156854,9.857652948,18.07463194,18.84091762,15.55178374,11.24319759,2.298072357,-3.857936732,-7.346982583,2.568906873,3.528726093,4.553155876,12.70605134,15.17254359,21.76379596,23.36413332,19.16691536,20.46452649,14.7439504,3.565846222,3.205162631,0.367652234,0.392137252,0.397845023,1.073874015,1.658600429,2.577447402,2.273432737,1.054051648,1.418784779,1.766530088,0.413686644,0.456220319
1984,274.2688349,20.91508871,55.31373392,98.6454868,81.73336148,162.4461315,54.20804978,75.35034871,25.2871653,55.93315804,63.34357952,101.82742,102.2377396,-10.34346443,-3.268811561,-5.096099483,2.806797466,6.880418466,15.08996781,15.42346924,16.92019287,10.95247457,8.639274145,2.418794168,-11.94513679,-3.05783423,5.815311284,2.463860097,13.82147256,20.73388021,29.8960541,28.45714591,30.11130833,24.98445874,19.66180344,11.30543971,-5.162528195,-11.72202148,-3.328149792,-4.858976995,3.765627667,8.377832587,17.34106086,15.79459571,15.90827489,10.84644091,8.080384861,1.513573424,-13.31129346,1.390866203,3.652087749,2.516759335,7.614138595,12.74788943,23.0509861,19.75825292,20.7406278,16.53050243,9.433933462,4.601269524,1.010974895,0.172426348,0.506484968,0.431961213,1.065858704,1.724187683,3.473904745,1.422416791,0.452276598,1.190481105,0.56135622,0.339584175,0.107021682
1992,244.6277219,18.38567249,39.63172401,62.15998275,60.35287082,25.07559938,82.58197715,215.9896775,64.42722333,107.1039602,30.74237947,82.20046797,51.73521745,-4.765838314,-2.455367878,-0.558588765,3.140960768,6.736562161,11.44501705,17.34837968,14.38274618,11.66768719,4.270642194,-1.553582575,-3.584169915,2.26697893,5.914966047,10.05144663,14.8811362,22.75653405,26.62967377,27.06185976,25.79525638,24.20177836,18.52828767,6.657993118,4.328185854,-5.469561065,-2.498093761,-0.393014072,3.203039696,8.360022264,13.1669673,16.75557645,13.10369393,10.91304674,4.288148408,-2.669526087,-4.287938744,1.872751124,3.348094425,5.973384722,8.040143215,17.19838479,20.72823958,13.94584718,15.27479059,15.22061222,12.66101941,3.263981866,2.487763924,0.229142183,0.347309263,0.462765484,0.643018476,1.693731223,2.003982319,0.293366507,0.362727769,0.695521318,0.621091593,0.234311657,0.311610414
2006,259.243275,56.865858,22.87568991,91.40289344,148.2268516,79.76883492,47.0606007,146.8379455,87.27312684,93.04355005,97.39148962,101.5499035,31.22272658,-1.049771403,-7.703288418,-1.198489387,4.437734565,8.916985301,13.24188975,18.76662666,17.90651887,11.35377353,3.33793046,-0.031520261,-7.491879955,6.584462907,4.579231558,9.342279134,19.53698662,21.52035728,27.50070604,29.59894203,27.81208103,23.35015626,16.25765231,11.68334066,-1.274700679,-1.656496702,-7.848688136,-1.664262652,5.531698907,9.91180192,14.90747587,18.72294726,17.081579,10.8862685,4.284686452,0.173220209,-8.926789827,3.149301232,4.83439513,5.440934685,14.15545485,14.8045801,21.09874493,16.93505107,15.0346853,14.88488425,11.6177311,6.990963937,1.364663001,0.233705335,0.328564566,0.284648076,0.919763319,0.688722026,1.259974068,0.758330694,0.44217128,0.524515853,0.786687224,0.702033623,0.11389233
1967,322.5770575,33.79151614,55.05735952,73.50745973,90.33145881,103.9946167,108.0399791,110.4304434,69.9952537,77.54362341,147.0122754,81.47971032,130.2396048,-3.937378336,-6.912807814,2.493933069,7.828731959,9.883125271,17.12558817,17.62594189,15.94399881,12.38818951,6.991771057,2.36162862,-3.376514205,8.327521162,7.191208919,16.17439667,22.19755065,23.59049118,29.15817896,29.52030947,28.65205016,25.42156012,20.90931801,14.92208008,7.19004791,-2.585283164,-5.159445061,4.065077364,9.654177319,11.46322392,17.4015999,17.49876322,15.30898349,12.47682125,7.706645249,3.142806148,-1.981129132,5.557425873,5.748068774,10.12895183,15.03313935,15.85401799,19.95210034,20.51465491,20.20167952,16.9861288,13.89687776,8.488327544,4.60723496,0.907620895,0.918715802,1.282637084,1.911058985,1.78644315,1.336947122,1.202857524,0.382067591,1.058084009,1.205218459,0.962808499,0.913720823
1964,422.378973,44.58561161,58.25964008,230.4369325,113.3563003,68.19184526,61.65484106,73.16980173,60.83136188,84.41681439,2.430408839,82.51671738,29.6765029,-5.393787202,-4.938649987,-0.256529586,7.102809229,12.77688998,16.63626143,19.17604242,16.40155645,12.95142351,3.829993886,2.216956455,-10.13987874,7.964447375,7.33606261,13.90951386,21.43500726,27.24053881,30.75510662,32.25206879,32.06105023,28.18872554,21.07282187,15.96914398,1.864789857,-3.98165452,-3.785020291,1.391092881,9.655345447,13.87301466,17.98717809,19.00602637,17.55161123,13.81089522,4.58089628,3.125816858,-8.97535661,6.105980557,5.803346955,8.640673934,14.38398046,20.47363242,24.9539024,25.22377825,29.21545177,23.2163968,16.2580328,9.76456994,4.264569601,0.913503499,0.644933351,1.028933778,2.257463992,2.215556867,2.733807536,1.06741582,2.458898867,1.62633865,1.047039156,1.011755731,0.590138629
1950,401.2072773,327.6176019,151.0266624,102.8508714,160.050559,117.1626488,86.01461733,71.83246083,181.4465127,116.9633186,32.6238238,14.13406179,121.2351814,0.262747127,-2.488777183,-1.491675111,3.423410776,12.91185109,16.61893089,16.96253829,16.62739079,14.60492524,9.985338235,0.547701783,-1.999524335,10.74100148,8.459401687,12.14951472,17.65225691,25.42181533,29.25007719,30.06531872,28.11085162,24.8576466,24.43562798,15.06847496,10.54456237,-0.368937013,-1.587009783,0.256194838,5.286630933,13.8721326,17.45546455,17.37783082,16.66631563,14.48106947,10.45144749,1.639810338,-0.855982745,4.276776392,4.42648947,7.735355791,11.23991171,15.94248766,19.47890548,21.88129289,16.51997528,12.47692913,16.88286725,9.907284559,6.189134017,0.421885555,0.513758994,0.878042673,1.350628162,1.442049715,1.665584432,1.181852269,0.772782776,0.54454067,1.031050429,0.902804737,0.552097746
1928,387.7152718,43.31274673,73.00095095,42.06410007,112.015647,74.34891367,304.9466971,55.71048395,101.4991178,16.26104748,152.1501793,131.0181432,110.5577212,-4.59217423,-2.695675557,-0.277992365,3.468121349,10.59666001,15.42276899,18.84559068,18.61911009,11.17558042,9.647412226,3.431995077,-4.776099815,6.372858809,7.730625055,13.75886748,17.52160633,25.58442142,26.20204986,32.50726272,31.67400686,27.0106411,23.06624776,15.88280968,7.156864581,-4.155077811,-1.915072056,1.069072858,4.956835772,11.6262053,15.30177183,19.76857151,19.12583031,10.76283163,9.712951098,3.988144515,-4.666216469,4.550301956,4.811845571,8.77425549,11.10376848,18.72763048,15.30981265,25.96661793,23.94708916,21.07699401,14.99400687,9.226710887,5.114594376,0.789627726,0.875099967,1.10080851,1.337667493,1.314289333,0.685166283,1.563511932,1.194120023,0.567121892,0.786358254,0.92444949,0.683765426
1980,486.8149959,34.11536107,38.4123948,120.5959113,59.25255204,82.09934878,74.8813064,111.5538881,67.07197506,95.27986848,75.04457659,144.641219,57.10952345,-3.575426668,-6.418254823,-0.66975527,4.788492477,11.17955459,15.50877891,20.21271558,19.36783977,15.38650096,5.284773384,1.52414777,-2.667876987,4.765701338,2.541991381,9.606826193,18.13856062,24.91979179,30.2216869,34.47276183,34.44234914,29.45027621,20.2843021,12.94260258,7.879053716,-3.994532981,-7.507585805,-0.923137624,6.043897248,12.03878135,16.40064461,20.83619824,20.42345386,14.97206112,5.206369976,1.360240302,-2.53261244,3.069987628,2.791182209,5.110837006,12.17222009,16.85296747,24.0310536,30.08429969,31.72670295,23.16677493,14.64953381,7.213778825,4.585097897,0.415282186,0.327390382,0.503798822,1.467739702,1.879258342,2.60501766,2.950927284,2.988757745,1.26835947,1.043765866,0.716097796,0.655983349
1960,382.9015013,56.19970591,50.89925239,66.6044752,62.73955861,111.1897158,119.289025,61.78977122,66.4012643,18.57997998,55.35820398,53.31905361,112.2271038,-2.292315137,-3.990680142,-5.702320729,6.357003767,10.55331091,16.02548565,18.33232475,19.16814236,15.61731701,8.840954156,-1.386702095,0.215336533,6.207430947,4.788594224,4.586764449,22.26073642,23.73715961,29.58573703,30.80368881,32.05286509,30.76098453,22.07210363,10.88117092,9.127742999,-1.908195324,-3.545036281,-5.663768055,7.942749196,10.61209701,16.49984053,18.03205144,18.72887371,15.57852213,8.342428216,-1.104843006,0.426664407,3.849239882,3.725331754,4.854679015,17.17867523,16.61853563,23.24662935,23.03134673,25.27177812,26.82473773,14.39061874,7.053896302,4.426948803,0.419107011,0.478167233,0.508644349,1.750015596,1.395190351,1.928587327,1.245307029,1.224516552,1.195783654,0.711119328,0.743179839,0.487232931
1989,359.9016558,82.94552762,143.5708832,193.1148462,51.33194568,94.47579345,141.8907356,73.63620534,74.0659901,54.01257432,40.54706988,164.1867167,59.76109721,-1.107161546,-6.290402944,1.522338868,5.352074014,9.680281149,16.67808212,19.35518398,18.17611794,13.63438175,7.529795105,2.409510713,-4.335076627,9.225674055,3.487825385,12.98376628,19.59620596,22.93066688,28.07872697,30.17796096,30.64656831,25.29665037,22.10095632,13.86409991,8.222431505,-1.536071183,-5.736565294,1.385867718,6.621538893,10.09520707,16.62237306,19.16495921,17.8265088,13.07414192,7.371884686,1.494823698,-4.09102514,4.818373306,3.468572694,7.256512825,13.65955828,15.07945966,17.61440386,19.15544225,20.75344007,14.77096528,15.43340891,7.345571699,5.959910067,0.362999048,0.457911359,0.577516654,1.287822694,1.382888893,0.974489154,0.873752893,1.256250063,0.878437987,0.850421227,0.563181378,0.534463459
1955,447.2251932,22.04258883,81.6752588,118.7331016,92.39647491,124.3987683,110.9029443,83.27646081,35.56646483,53.25760967,100.8710114,30.5537603,143.8166979,-3.870367177,-2.696764734,1.178200421,8.913038034,12.87170639,14.16584447,21.37410992,18.50959932,13.36005602,7.779495721,1.324164332,-2.3544325,6.503535326,8.188374375,14.45678228,23.13659644,25.82986815,27.17086439,33.2539869,33.03427769,31.19760882,21.44840592,14.04624693,7.094445598,-3.679962932,-2.398693487,2.359537156,10.16408643,13.51620374,14.5885643,21.43743492,18.97236967,14.31393366,7.864359111,1.745368141,-1.509626733,4.266355599,4.947246373,8.772670519,16.24787888,17.44475933,20.03991838,24.29645538,28.69279043,29.51156225,13.86752557,8.828506375,4.022166843,0.480609205,0.633484377,1.066811201,1.582969633,1.473764256,1.39967902,1.109598872,1.447152015,1.888675392,0.972234799,0.449380863,0.491025817
1973,421.547208,71.49240387,31.74791616,180.1802766,167.2741768,147.1889903,135.2603483,72.8629954,65.26288793,59.64262433,88.83684318,172.4712449,105.9284445,-4.433976418,-3.623958474,5.877384746,6.739619303,10.48011656,17.90324081,19.68586535,18.76609335,17.01814858,11.05843243,1.781613094,-3.286711457,5.230788713,7.073194235,16.2774467,17.18414101,22.72772698,29.90235831,32.18507264,31.47560932,27.59948749,23.56596008,9.391443678,4.804665391,-4.059997971,-3.699697527,5.737841016,7.492905146,10.65900326,17.50241439,19.60639077,18.18533669,16.25554183,9.96004862,1.949538683,-3.634895966,3.686562692,4.553558458,8.008723372,8.985393754,13.63274113,20.05402955,23.37645961,23.17771676,15.95850736,14.72959167,4.207201225,3.065018798,0.571416873,0.533985345,0.694431849,1.160150816,1.104018134,1.5823735,1.909323512,1.432910138,1.105468926,0.753587785,0.693219519,0.493644729
1945,402.6202311,41.36101965,151.5971795,293.7221171,199.7066679,97.93534698,216.8790628,44.74327629,173.7864975,195.9250181,60.69849803,50.47310039,58.74285337,-5.82550425,-3.034952529,5.68283938,7.289993722,9.578996077,15.64975978,16.73954601,17.22984438,15.33411437,6.367648557,3.088021013,-6.082235403,3.740018821,8.241873003,18.37779187,19.91129587,22.64514101,27.51449824,31.37386333,31.30735215,27.63406503,20.53584757,13.57232366,3.549146125,-5.284016673,-2.369389464,6.794430054,8.4433483,10.88824027,16.4489818,17.68358354,17.93721206,15.91561607,6.825002181,4.262463346,-5.234645634,3.100140045,4.914073777,10.50637237,11.42918448,13.55321591,17.09852367,25.57182673,24.35253478,18.38085662,13.02584963,7.339785981,3.123529479,0.568708597,0.627406114,1.175644564,1.273568634,1.470595993,1.441910767,1.777755455,1.579494062,1.276331071,0.955115256,1.078687687,0.621039372
1981,370.486532,9.704608371,57.15880985,42.86895014,60.71518007,275.9043944,145.0068093,177.3301251,59.57845943,41.96874106,58.85353476,60.13431964,21.57338928,-7.573444014,-3.81149863,-1.311070306,8.713282895,10.22957214,17.66893181,20.24053473,18.05804706,12.949423,6.30153827,0.468158025,-2.964620476,4.504072317,9.072906924,13.31348134,23.36692124,21.82553293,29.74153041,31.37449204,29.84123598,26.07178779,19.42118106,12.74785641,7.600425188,-6.634244916,-3.796811884,0.655366151,10.46651401,10.48927247,18.61723003,20.23230225,17.89225399,12.83093569,6.688319555,1.186629061,-2.703231538,4.47069042,6.549286747,9.252864134,15.36562806,11.99597038,19.49880456,19.59333137,18.81364583,16.73311711,11.42646508,8.635022478,4.492368235,0.557072524,0.585980423,1.125145791,2.006624797,1.166034545,2.200682521,1.402306681,1.211490403,1.270172924,1.069106958,0.87360294,0.702957066
2000,381.6096665,54.94978659,107.6606206,82.60854313,65.64612818,107.3004673,221.3965669,117.2389881,107.4252929,76.32021717,17.00343342,10.01950802,115.529845,-4.514930245,-0.145750156,2.608424171,4.952258987,14.10960794,17.20855355,19.42827796,20.24127332,14.12096956,8.428120012,3.464957832,-2.151628256,5.906098821,10.97437295,15.7306942,19.13323536,25.66988143,28.52790103,29.40729087,30.66032051,26.27997758,22.61354729,18.09837861,8.2728077,-4.373362,0.11795719,2.895722057,5.778068657,14.19464798,17.24491898,18.51814572,19.53137519,13.20046817,8.413245415,4.283443367,-1.987294492,4.488760146,6.746069271,10.10804905,12.33061035,15.01756766,17.74951883,16.20349834,17.35248008,15.37562416,15.3678203,11.92912646,4.854207921,0.449426966,0.648461002,0.737011297,0.919356749,0.860939227,0.730731918,0.166605196,0.25333031,0.27395481,0.613795231,0.875306579,0.458882945
2017,395.092461,54.81237683,16.77832456,85.40530077,280.0226971,116.4959422,87.80786638,84.05272186,56.8489627,15.56824441,105.4161089,74.65465123,29.55435178,-0.489791205,0.812601892,2.083360202,9.83939745,12.46212303,16.70095773,21.03395227,17.92483584,14.92934911,9.861138266,4.217819531,-3.949417304,7.683355135,13.29957525,14.47176569,21.27693818,24.16927021,29.36594257,31.74944629,28.62883909,28.35339425,21.73305763,16.47414237,5.849277052,-1.082224803,0.909987983,3.201248296,9.983691864,13.2037436,17.28658056,20.7175269,16.77875818,14.27920104,9.529694143,3.703671704,-3.855763454,3.412037249,8.151324941,8.627428946,12.69655006,15.72039571,21.83030549,21.59803167,18.50752226,22.24182387,13.93116683,9.921388092,3.858167218,0.425846405,0.659948358,0.754562027,1.01060921,0.594097936,0.640783479,0.757377992,0.487976429,0.454008944,0.819703152,0.538209935,0.383052482
2018,401.1631811,53.85093504,171.0754473,169.5119393,99.18097239,98.73433313,162.1471222,71.74623188,87.55498857,191.2497447,33.21043839,83.2758266,54.35970046,-6.981066271,-0.089465393,1.202584751,2.706483334,16.29928052,20.11028456,21.19783528,20.32178504,18.27529534,9.441649408,2.783305521,-3.981746298,2.654176404,8.973977746,10.77837848,15.53073827,28.47311945,30.94260085,31.10910712,29.43064585,27.88193182,20.0135661,13.75079415,6.651998805,-8.082404845,-2.139396027,1.514272753,3.458775729,16.67122632,20.11018497,19.94638333,19.13731341,17.26709536,8.466667087,1.797970346,-3.759710413,3.611007498,4.708307612,5.645249302,9.693087853,19.43042621,20.30917361,21.7938341,17.45968122,13.43225626,8.983048994,6.994727137,5.38834343,0.313670621,0.266496044,0.456925515,0.978721489,0.809342231,0.877757673,0,0,0,0,0.489310483,0.484870292
1971,237.3546943,28.63849435,51.55542733,28.8549174,20.98694478,69.44806713,48.962076,118.0783961,37.82410552,95.32736708,64.63284331,35.98822579,36.2911882,-12.13076965,-7.863747761,-4.551802916,-0.198979797,6.493048142,16.94141399,15.97271287,15.56451446,13.97953823,10.10023504,-0.600102242,-5.332197294,-0.575255406,2.445310159,8.249453367,20.1163781,22.15060985,32.06908229,28.95795223,29.2408855,27.45724161,22.95373551,9.267789901,4.82601359,-11.4881358,-6.7852266,-2.88080355,4.572688697,8.303764204,18.01470744,16.16461671,15.10000074,14.02192772,10.30371755,-0.37129373,-4.509935218,2.854462141,3.268242568,5.80704214,16.4545124,15.71539765,27.16898062,20.68552912,21.65102027,19.63978175,14.53077363,5.056234691,3.928665361,0.640990106,0.777586515,1.02391609,2.797678005,1.748167374,2.106218895,1.069443178,0.532062235,0.842098103,0.821743368,0.654345983,0.784243199
1941,244.5436895,73.94774546,17.20159715,32.41591931,112.6470928,101.4936494,116.2692731,64.10821965,70.13060357,156.9216666,284.7342662,55.09812703,39.38117188,-5.653962911,-8.238282409,-4.747035285,5.637377193,10.8334075,15.50578799,16.85097834,16.8552367,13.70343966,9.123994266,-2.335105856,-3.428844466,1.878520299,1.715293626,7.70869723,19.34136582,25.9898707,28.60584775,31.49293608,30.91718638,27.06748529,19.37636672,9.086598845,5.03774601,-5.538816776,-7.736111351,-3.372806578,7.443857366,12.76390562,16.58949979,17.97278591,17.86577304,14.32202767,9.160634118,-1.948285072,-2.961382675,2.438969381,3.055373196,5.470598219,12.25303512,19.28696908,20.29677535,25.69928696,24.19537485,18.91033087,9.958901961,5.678051079,3.403167495,0.689794718,0.726185886,0.969995727,1.618412506,2.058038333,1.654691824,1.838347253,1.642387635,1.210513404,0.657111576,0.796225044,0.748517003
1938,254.7409089,93.94043877,50.84299415,108.424825,99.10466452,130.2448705,128.3003816,99.60714993,72.89752297,60.13375054,33.74674839,34.44884755,45.25447998,-7.33391215,-2.457613909,1.42840618,4.467126693,9.942221114,14.63043698,17.77193936,18.34033048,13.31811454,6.773548548,-3.11025265,-6.858358524,1.769260128,6.601430838,15.06158677,17.59924095,22.69689783,27.1969105,31.75628,31.67600418,26.97602404,23.40198634,8.625635895,0.357306318,-7.384865552,-1.422989739,3.191761288,6.141677979,11.15611405,15.36423886,18.74862759,19.14031132,13.97545905,8.384923404,-2.710533484,-6.186071728,2.867938475,4.000651996,9.318403453,10.73897956,14.2000792,18.21136457,25.20701504,24.30922713,19.09662363,17.66542255,5.616668003,2.106232495,0.63487686,0.897339291,1.32329642,1.482167248,1.44851021,1.284282778,1.686021089,1.489286328,1.208902724,1.576689518,0.78181925,0.756267724
1959,267.9799881,49.67903701,52.62048562,77.0619725,72.34679099,107.2283941,34.02374274,92.66941097,102.8717831,97.8683385,124.6361202,65.22296365,6.400191812,-10.84090476,-7.110607961,-2.62198171,2.058520022,11.96333317,14.35031412,16.21575693,19.7712148,12.95064564,5.872032666,0.060015151,-9.821772229,-1.472721123,2.700129476,10.27705898,17.70361042,25.82044272,30.2523138,30.73438199,31.44435793,26.88549448,16.95774836,13.35942442,1.315470039,-12.08955297,-7.317026258,-1.614298516,4.506268213,13.022003,16.7867323,17.25731211,19.75906479,14.01384299,6.293882532,1.530740191,-9.521932638,1.856926281,3.140321489,7.086940817,12.73341906,18.78559152,26.35051659,25.50195263,22.10762415,20.08410554,8.925199033,8.562864627,3.335236819,0.28422916,0.372016857,0.696446261,1.67055981,1.729297328,3.017370779,1.912631973,1.171971347,1.477855647,0.844010465,0.886789842,0.489862326
1960,297.000448,50.19451039,56.28484877,75.53520357,95.04599789,150.6325472,175.8770661,93.44189399,101.3964369,52.36299103,45.00103989,24.80602939,53.14030363,-6.363983282,-7.101809788,-8.385900454,4.847422743,8.937294993,14.51685732,16.80053386,18.07864407,14.5136174,6.193739075,-4.164894221,-1.949675845,1.76413067,0.328446271,1.19929797,18.96585485,21.39584808,26.7661325,29.59897717,29.66226881,27.90809423,20.02870624,6.613292771,6.049839248,-6.646156284,-7.396455046,-9.746684947,6.235855882,9.56791381,15.30316546,16.9889596,17.55665896,14.7481237,6.161223213,-4.053852618,-1.63736695,2.333384197,2.062098934,3.144293825,12.72353157,12.86823614,17.04239112,21.46598491,19.22071565,20.9085057,13.49489252,4.809169988,3.419208355,0.366366349,0.354506057,0.274132905,1.434441701,1.407383873,1.887850913,1.591068859,1.218865989,1.242615441,0.737421981,0.590866364,0.44344596
1975,235.2805789,61.14490249,73.30879897,55.43520771,92.9920873,122.0555612,96.22744984,91.2265056,115.9077035,96.4168,54.50832888,94.38224021,53.71383885,-5.899590827,-6.745470564,-4.211634802,1.761130592,11.1090546,16.00458449,16.87962646,18.3203667,10.72192285,5.614803309,0.770265807,-3.752092154,2.764236962,1.119002084,6.559832803,15.40487193,25.35274047,28.51224686,30.1857428,29.7991782,23.0926084,21.14559996,9.785959741,2.713189692,-6.176050494,-6.575528463,-3.6806932,2.985846442,12.05189374,16.39336141,17.11211089,18.3014531,10.85918496,6.424362571,0.822414401,-4.249139659,2.455643359,2.218020104,4.78125853,9.63635489,17.58056589,19.69737379,22.06212094,19.03977726,14.17488733,15.0182913,4.971056955,2.012423548,0.452978669,0.459163883,0.672592351,1.275278419,1.967418734,2.019315118,2.196646392,1.53497942,1.290365953,1.476057439,0.511375003,0.325704455
1981,247.0806227,7.694907139,47.63346009,28.0370758,149.9598599,143.3235497,183.9102433,204.2298713,104.9806226,73.52561629,57.59661467,16.74583759,72.56690372,-10.06939443,-6.63605418,-3.741493389,5.870774987,7.466520154,15.81580481,19.00388462,17.39036173,11.99698371,4.581136732,-1.64215053,-5.821617762,1.697234571,4.626858543,11.58732779,20.65924228,20.66127359,28.48589671,29.09687103,27.88486552,25.15304077,18.16508589,11.12305056,3.489452311,-8.953338791,-7.408434644,-1.517554519,7.588127046,8.794802337,16.74512526,18.70217418,16.3718952,11.78352286,5.300484422,-0.407872281,-5.713584953,3.527963325,4.264716282,8.64494312,12.81783936,12.61586873,18.74779659,15.55045275,14.64598852,15.59902928,10.81760655,7.764106892,2.831063242,0.509444544,0.327100037,0.967541775,1.735246507,1.598416171,2.120339286,1.34961911,0.873133097,1.088567681,1.076689842,0.922283798,0.49298207
1970,296.9876471,10.45619569,11.75240429,52.018501,144.7968924,185.8385553,136.4835559,66.897366,154.4376447,262.6012341,91.09820871,18.23944326,27.92742587,-12.99511143,-8.249891775,-3.821034365,3.920892448,11.31481258,15.44842875,16.79138566,17.38268757,13.95542709,6.643397726,-1.305166535,-6.318866808,-3.385744897,4.159496384,7.861346512,18.19475521,25.157138,27.31358934,31.19532105,29.10947416,26.15911017,18.99685949,10.0051466,1.579645964,-13.06015494,-7.888195734,-2.675758241,5.472184129,12.49348059,15.9349055,17.74296911,17.3867514,13.64330987,7.315487795,-1.418871894,-6.619830304,2.051096971,4.280686342,5.376216176,11.92856475,17.32692515,17.2986686,25.00300273,19.17414984,16.18793062,11.03640344,5.972823063,2.55916015,0.523214065,0.653085765,0.834471756,1.368820903,1.712289141,1.366587938,1.964932337,0.92668254,0.664205128,1.040786642,0.57038187,0.503929267
1987,268.5994316,35.9183793,1.176921183,74.45575012,47.52320438,36.40830263,76.72697793,51.23074238,124.6056445,76.72253623,19.59292952,37.01721403,55.7205248,-7.536617008,-4.37197018,-0.920223236,2.301252167,10.4778648,15.6302156,19.35654691,17.45649185,12.02680326,0.813560083,-1.922600139,-4.20117034,0.575648588,7.519955941,12.63639217,19.20358131,27.69800031,30.54478389,32.14417807,29.6989955,26.12296212,16.3483028,7.295883156,3.342326366,-7.992651678,-3.817218262,0.782833501,4.671469019,12.40191139,17.17886608,19.77531954,17.23008728,12.11084162,1.947390747,-2.368133344,-4.110015026,2.143928868,5.269276024,8.45726056,14.76418408,22.88624928,24.52289123,24.08324845,20.47320442,18.86190387,11.59840496,4.105466794,2.490565099,0.27011463,0.47598424,0.885944447,1.633675557,2.15500299,2.29905607,1.769928515,0.672903276,0.92922016,0.897807578,0.293516444,0.260053291
1999,252.5301077,77.76247148,38.42547838,38.98984809,130.8006034,119.9667715,134.6437479,111.8307984,87.85532884,71.30098319,20.73420675,63.09388595,39.26709096,-8.623181443,-2.653005972,-4.415141608,5.93074915,9.581283355,15.76702606,19.5179056,16.16627073,9.52007142,3.630850277,1.156959131,-3.840377687,-1.184868097,7.050744804,8.995861726,17.77687091,23.71476895,27.86275293,31.8949027,28.11681624,25.45301031,19.90591355,12.43621423,6.438100921,-10.69455558,-2.735780576,-3.319370453,6.158831551,11.35298833,16.27566818,19.16459808,15.23870032,10.27411228,3.99308502,1.656497898,-4.395875533,1.716628299,4.392611015,7.261428925,10.07337203,16.91765964,18.55555219,23.19892805,17.96254413,20.69752915,14.80753541,6.842598246,4.374732473,0.144102628,0.29764472,0.643440056,0.593811016,1.436512346,0.917365737,0.355378784,0.251573073,1.173612152,0.716919505,0.747490616,0.25878195
1998,265.2427299,68.78537287,74.74343998,110.7152128,109.7029117,197.3817683,190.5685341,48.92833411,75.38116053,58.7536653,87.51684715,77.93277854,46.52401537,-4.588405185,0.078361416,-1.407886537,4.033575321,13.01825625,15.71816073,18.41927817,18.73323652,14.88971338,7.646257442,-1.136234026,-3.80948784,2.426519643,7.780236939,8.303820894,16.82364927,25.14800541,26.91937055,30.03925438,29.67076308,27.90134733,19.34660793,7.860812033,2.696439905,-5.852779174,-0.076858663,-0.700317378,5.421920796,13.67067393,16.30034894,18.45952585,18.00569424,14.7014605,6.6777358,-1.26703652,-3.93173938,2.151549861,3.874887773,5.75375914,10.46762806,15.96502963,16.29132189,20.16798142,18.51696088,19.67320215,10.78896955,4.505655852,2.317906113,0.033984673,0.124567626,0.618141896,0.913895812,1.144700408,1.027611233,0.8150082,0.076674834,0.605449911,0.177742982,0.308917182,0.181544883
1992,241.2648374,24.14927564,36.1179033,49.76633395,77.59640607,21.35672799,35.78846807,227.8416539,15.15663043,135.6104312,41.32788431,79.44829638,56.71907719,-4.796485416,-2.29200026,-0.563453264,3.05726105,6.619282826,11.6855121,17.66212843,14.52533534,11.98201967,4.368405729,-2.177896084,-4.009664826,3.457233165,6.545431489,11.55913786,16.10791758,23.60945527,27.4924166,27.96167209,26.43829409,24.22464369,18.95237961,6.881538024,5.168587401,-4.920828374,-2.34752672,0.095039144,3.912749304,9.602876282,13.85824162,17.49920675,13.96459426,11.39169784,4.978753999,-2.761035302,-4.465992282,2.488618459,3.796828227,7.321961738,9.535491024,18.81883126,22.48515859,15.13050794,16.31947022,14.83015569,13.33135873,3.568964412,3.258047963,0.309490801,0.29346165,0.55818352,0.890722228,2.239331188,2.228635567,0.630463654,0.647769401,0.657027121,0.807656649,0.295609229,0.32990055
2008,240.6498022,70.11623946,105.9968287,53.22088927,95.07608254,73.55580389,155.10142,109.2203408,65.51611457,253.7479935,56.60692135,33.42233332,90.60610615,-8.799756455,-8.750938333,-3.039461337,3.555221357,6.671793054,14.98732019,17.16588555,16.09486974,14.02728364,5.027580481,-2.363724134,-5.456428524,2.129386476,-0.171229382,9.026730133,16.22473297,21.22130513,28.44888118,29.21027308,28.31451013,24.89071697,18.18477895,11.57073533,1.916681374,-9.293886205,-9.637212916,-2.709698727,4.719602596,8.13610969,16.82647932,17.57969267,15.4326492,12.99201837,5.466088915,-0.743027059,-6.433706354,3.323941002,2.240328911,6.734501747,10.79925893,15.33820532,21.74056244,19.92172233,19.33632406,14.72451154,12.07738896,8.586914276,2.155917256,0.433519035,0.276361068,0.465280591,1.031830142,1.179418521,1.694816053,1.000669103,0.526058449,0.368324331,0.700499137,1.02502207,0.253749949
2018,244.0257325,33.65725287,106.9137576,106.5860341,44.64210573,73.15741809,106.9566608,72.36439697,198.4451745,119.914596,151.4361708,53.28895995,15.70170528,-9.080283485,-5.786913421,-2.675790908,-1.434828783,13.64395309,18.20362375,19.07678624,19.03862136,15.35320172,6.784056185,-0.74531948,-7.595339387,0.553283243,3.507592076,8.673731584,12.71432917,28.27988635,29.30836376,29.29250773,29.04658114,26.92272152,17.52912505,10.02371398,3.392930544,-10.51219614,-7.430566033,-2.149583036,-0.122684525,14.9599854,18.21825165,17.70976983,17.97940943,14.29374745,5.588771137,-1.532651613,-7.109401135,3.147472381,3.456943686,6.236776598,10.1071989,22.81340108,18.84770348,20.99747545,19.50436761,15.04080065,7.892846569,5.899425262,4.800973154,0.326168435,0.354543345,0.453896658,1.196394771,1.746612013,1.209772903,0,0,0,0,0.541102521,0.561717371
2017,254.8962426,36.85774114,19.97166203,88.24170906,165.1352711,119.5953904,34.88595214,153.7852859,62.71373175,14.62730946,121.1102121,50.56433373,26.90194868,-4.68984944,-2.069677463,-1.221637926,6.298414321,9.475584815,14.06137819,19.14580067,16.15903558,13.17133374,8.448689629,3.125491211,-6.978874985,2.408381351,10.47829545,11.02003515,18.84495598,22.11079918,28.98156849,30.42571147,26.95989076,27.40687041,19.66474317,14.57821795,1.293665333,-5.546197073,-2.365056396,-0.117493876,6.884196877,10.11488359,16.16035845,18.0239626,14.84868746,12.60294508,8.634204059,2.583671871,-6.236781154,1.94657299,7.2220984,7.089769018,12.45210739,14.78577534,24.29132612,19.94876095,16.3545317,21.58145567,12.10705871,8.418219473,2.510235941,0.229011422,0.554006776,0.698549812,1.090738384,0.884276624,1.897463982,0.476318955,0.282295632,0.745694228,0.788506513,0.576872626,0.450157273
1970,437.7910731,23.69663898,68.19513426,142.1550645,167.7655433,109.3810472,164.4571346,68.60199779,81.36414867,94.25968079,123.4864746,94.31518768,93.21430084,-8.504616969,-4.352935049,-0.07981984,7.155831817,12.89749772,16.74676774,17.69172322,18.7590086,16.81447381,8.536325958,0.529208123,-3.997310827,2.443933368,6.608325103,10.64257563,21.55140582,27.56150558,28.5634322,31.11122188,31.04705314,30.27403625,20.92165513,12.18975145,5.073009212,-8.526024332,-4.103738748,1.08742464,8.777244639,14.03066759,17.37337525,18.33535808,19.06471941,17.70009618,8.992920317,0.948284429,-3.549713692,3.456735166,4.597922529,5.8764927,14.03449452,20.81412697,18.05566089,23.71629464,21.51920489,21.84302323,12.43614441,7.004622484,3.662530202,0.612694285,0.665554938,0.905657267,1.556032458,1.891937974,1.581674308,1.859804561,1.46132496,1.890840614,1.080617519,0.82234347,0.721987564
1967,210.2622687,30.42534784,61.83661292,77.08957672,78.37784654,127.7099231,102.1612027,126.7947569,61.78174405,61.79930028,125.2123658,67.19826956,135.3399826,-3.056230121,-6.186675449,2.848007366,7.615457914,10.10702705,16.9514283,17.54394885,16.10758534,12.28736839,6.935480519,2.629394452,-2.871686917,8.451276869,7.134467756,16.29717562,22.72750297,23.71299035,29.26648759,29.32458446,28.59752918,25.65971506,21.382347,15.12922093,7.450119068,-2.159535904,-5.159021803,4.052578349,9.641116977,11.39263562,17.39943486,17.47616613,15.41043363,12.60261029,7.773848858,3.36735628,-1.630535818,5.402242298,5.541642797,10.12556822,16.03193061,15.93123352,20.33951342,19.88343731,19.72372273,17.45487482,14.59031898,8.68541926,4.651910875,0.851591043,0.847827465,1.181666361,2.029324593,1.615144499,1.368546693,0.999582691,0.273112926,1.087083425,1.203819987,0.987346735,0.938501881
1988,328.4092924,57.85171659,99.74293677,87.92365736,51.0761523,51.76483921,27.79556076,138.1140851,61.5076779,91.72148643,75.9734638,97.65216512,156.9187499,-6.889214434,-5.046506695,-0.241200682,3.838117485,8.767652855,12.40544055,18.04830047,19.27991853,14.50494297,3.707394276,1.761731177,-0.795188707,3.326652596,6.618793931,14.26657698,21.01484309,26.77612444,32.22719653,32.14958457,32.95962671,27.34442507,18.23409121,16.85118001,8.606530608,-6.067378588,-4.068703603,1.669518468,6.250597432,10.95744252,15.27291803,19.27998089,19.86527874,13.92136887,4.258276464,4.845224542,-0.265605059,3.398200273,4.757699949,10.15194072,15.29630089,23.16308553,33.74013474,26.06606179,26.3269505,17.90702865,12.17640055,11.66040342,4.456677265,0.565667432,0.652345986,1.090967,1.629253033,1.908042402,3.40558928,1.767813068,1.395942741,0.951209684,0.728799941,1.443029047,0.532604121
1953,327.9151848,90.96890098,34.76976814,139.8020982,113.0558451,110.3456587,47.71581437,62.08627237,20.28232325,20.11091663,41.63166137,65.33968563,85.03503103,-0.449534181,-1.730399007,2.366862619,4.273516638,13.53915542,17.83872562,18.02708341,15.97895743,9.97079782,6.365379814,0.397651459,-1.049337247,8.206974053,12.03666429,15.7384071,18.18133387,25.87714281,33.64074438,33.59307458,33.60063649,31.85809799,25.25303936,15.30380818,8.015429393,-0.193271432,-0.477622951,3.109304118,5.861175305,13.81423966,19.89798795,19.68752195,17.51857194,13.13413021,7.652851858,2.685526637,-0.090246215,3.74399563,7.404757428,9.080763753,11.57373759,16.65377569,30.0304277,29.96741429,32.35125986,33.8310231,22.73698201,10.15006636,4.150273902,0.522292971,0.697273599,0.683727995,1.241049583,1.459967684,3.310979598,2.319184624,2.203485143,3.081010958,1.377106899,1.262031851,0.575536085
1999,349.1230647,162.4263935,52.15669129,77.15692692,126.1478708,85.10540291,120.3866206,55.44030393,17.34742071,11.70006059,74.67448697,51.75283323,80.95559801,-2.5561153,-0.160249753,-2.2518471,8.602259422,11.51332152,17.63601976,20.58861793,16.47524093,10.25130941,6.092207872,3.504491069,0.01353154,6.444836116,11.24759733,11.10544848,20.49532691,25.47801717,29.20702812,32.67092495,31.66664993,30.08059245,22.55295006,15.90811888,9.427695131,-3.695728939,0.273440839,0.051524073,9.601635482,12.11624993,18.4519553,20.70739241,16.93036432,11.96243646,6.279731678,3.495311421,-0.785423695,3.623106078,6.520699819,7.997096997,11.87721061,18.06161574,18.88688973,23.83966556,27.24856252,30.72389415,17.34795505,9.127362914,5.093920328,0.247825316,0.564944606,0.88531674,1.121621303,0.762620603,1.047132273,0.879307134,0.967912658,1.498059286,0.646715666,0.655060093,0.325909791
2003,334.9970086,54.59182581,178.0830693,58.39158656,88.11976479,135.9601175,98.68469608,52.43460363,96.87867636,98.99841763,57.03374358,78.53342685,123.4175122,-7.793399025,-4.163181299,2.010891493,6.293657982,12.68598855,14.71750813,18.90995593,19.19633553,13.38734078,7.619411699,1.154580932,-2.355984688,2.295277953,3.967209715,14.51442838,20.35179504,23.3126583,26.50382989,31.37578229,31.37112737,25.8562859,21.10996337,11.72061811,6.599318273,-6.888641677,-3.83359014,1.965662546,8.265413288,13.01510527,15.25432569,19.84474288,19.33451641,13.17809252,7.614935238,1.765948136,-1.416917618,3.277126187,2.913416581,8.899863995,13.50774673,12.25115806,17.57181144,23.15513256,22.61435799,16.78963114,14.64899241,6.41645016,3.967731546,0.475209049,0.4607334,0.677181628,1.714460745,1.019664899,0.79400917,1.734274955,1.057893303,0.791738249,0.772129519,0.490754071,0.643945957
1966,284.3975459,18.11235054,71.94796887,31.26443115,158.2037879,119.4123999,56.73187994,31.79641862,92.63686158,125.7970527,53.18113871,13.66557208,65.99274751,-10.65793353,-6.577593362,-0.788495549,3.157924739,7.555411474,13.72649351,18.27418203,15.9431808,11.79769645,3.458466525,1.78589692,-1.22121381,0.963181848,4.723399494,13.85533966,16.00233682,22.24289861,28.89471552,34.1154591,28.7285718,24.0520244,19.00607642,15.0225956,9.78489474,-9.298078356,-5.971478884,0.367275687,4.653213313,9.227130067,14.86179788,19.62218393,15.38945254,11.55808241,4.20414097,2.217166264,-0.633205975,3.274543723,4.171224433,9.285848142,9.626065349,15.39348797,23.04844044,31.56978895,20.23383701,15.34688928,13.1235891,9.193926243,5.766112286,0.750153936,0.665479343,1.000108517,1.216492655,1.721126482,1.836170399,2.444728142,0.491661996,0.537233656,1.028338238,0.823172972,0.770276919
1967,270.9401665,59.00158993,25.869216,68.84659013,99.40452191,113.0986648,101.0015315,164.4020378,48.88780012,81.4156282,121.3413388,69.05050642,84.88708271,-5.938189262,-8.645154491,0.735182319,6.362354224,7.723794277,16.5657943,16.7535262,15.22436069,11.55333963,6.104056727,1.359213987,-4.655922752,6.253026982,4.328447836,13.30234574,20.2785497,21.59985461,28.29133741,29.01141054,27.99814611,24.61974003,19.56585746,13.51067913,5.117755597,-5.711857919,-7.601559969,1.469383733,7.456363211,9.01990608,16.63600005,16.11151557,14.43356416,11.22021978,6.706177439,1.683145255,-4.340644114,4.9186889,4.552776212,8.251368428,13.18121705,14.43115107,18.60330897,20.23159815,19.55523672,16.40364909,12.59937336,7.782611148,3.843817522,0.638027374,0.772667574,0.877707784,1.261339685,1.426205836,1.096870023,0.924344339,0.236658478,0.848867792,1.135111072,0.729717604,0.647284695
1971,280.388479,28.05302199,64.98775737,27.43055039,28.93170106,105.448014,67.93986061,117.5119342,26.99556175,99.24567101,41.64192714,24.73887009,38.27835365,-10.02500954,-6.438417371,-3.460971205,1.526849885,8.045201729,17.78574672,16.95781828,16.20323833,14.79504676,10.56189809,0.06780633,-3.721319626,1.826067753,4.891191396,10.70183194,20.335103,22.28354194,31.35337005,29.17481426,29.87506916,27.88187529,23.95317071,10.53706241,7.140567874,-9.550875384,-5.929432241,-2.031578667,5.25381549,8.904257102,18.29797813,16.55622311,15.48735023,14.60038047,10.43085729,-0.026999535,-3.256142663,3.456275162,4.2193175,7.355368411,15.99513046,14.97135791,24.34902174,20.17232079,22.58377428,19.66680055,15.96582502,5.814296744,4.860433621,0.637263165,0.729602395,1.023799,2.375569348,1.211250465,1.526156194,0.678317268,0.534033075,0.713855515,0.645062671,0.559498395,0.67897289
1987,277.1243548,39.97756804,8.006540045,62.8207002,87.64261715,37.8813919,56.94743586,95.841672,107.8468082,49.20655868,34.26927891,44.58628696,38.53990382,-6.813696815,-3.473303542,0.209265516,3.183471199,12.08583117,16.43830068,19.73356555,17.82770552,12.24475527,1.523537235,-0.600528657,-3.279516112,1.369826628,8.028946042,13.61668484,19.01205217,27.71010232,30.86864448,31.61751589,30.91794995,27.04981588,17.33233056,8.454368476,4.489970222,-8.067245328,-3.592582989,1.222392219,4.75067811,13.28736607,17.35711255,19.17655431,17.47321499,11.8640293,1.963214298,-1.419596299,-4.060615457,2.330722723,5.30571107,8.862671942,13.88522734,21.2615447,24.11440082,21.01142957,23.13477472,20.83615806,12.37359142,4.420530119,2.79237478,0.163162894,0.394193215,0.871286979,1.41152497,1.723127094,1.817062041,1.132214771,0.960465202,0.685759082,0.746333792,0.183495627,0.239915961
1981,278.1235866,7.081791622,46.35373619,51.19032911,121.684912,184.7316734,156.9903871,283.3026805,71.54851858,38.59315104,60.01959189,22.31640225,30.30378879,-8.886507518,-5.452560176,-2.54061419,7.211885752,8.634384421,16.65701672,19.76364904,17.69410249,12.43415044,5.285051383,-0.721489231,-4.285924263,3.490147911,7.315905184,12.68124664,22.63577161,21.12828487,29.04885893,30.08675175,28.69842309,25.93398517,19.35031509,12.19249725,5.746701245,-7.917295844,-5.888572556,-0.289775595,9.343016642,9.053332911,17.49637837,19.49838051,16.71748065,12.16940904,6.06871274,-0.131713017,-4.770246281,4.221173109,5.99190418,9.258528813,15.27008672,12.35872291,19.23645555,16.9356302,16.36765365,16.98521528,11.81886102,8.65841747,3.661573308,0.486041011,0.420261211,1.02562201,1.997952784,1.114331681,1.934430438,1.345603245,0.749368838,1.251489616,1.094358687,0.717212299,0.409526171
1952,266.1538512,37.80049501,14.73298228,86.19166183,92.95114348,90.06844493,174.9646654,80.01175248,97.67936417,36.95561946,17.34236548,71.62183113,53.96542598,-6.826098681,-4.469407196,-3.683659676,2.005771506,7.273800497,15.94618902,17.19709891,15.05383864,10.16637671,-2.534783612,-4.932330413,-8.0473195,2.527821028,4.816722541,6.436711983,17.87109256,21.99538216,29.70585905,30.74252245,27.96437232,25.68664888,16.86891382,5.172601502,1.707323573,-7.834281776,-4.022818837,-3.525795704,3.586776673,8.961810804,17.23983229,18.29557921,15.09047999,10.42022057,0.911112902,-4.687394743,-8.973599037,2.25972106,3.460491326,4.171098609,13.27518294,15.94752508,20.81314859,22.33116073,19.00002615,19.48578513,14.28817601,3.645030561,3.108394166,0.262149292,0.401733115,0.383579063,1.157986206,1.635538744,2.520726439,2.137672712,1.065566632,1.164498683,1.465156059,0.391002237,0.351163616
1953,281.3648278,38.56260767,34.49242739,83.19934297,61.05119009,81.17529353,85.59336723,163.3851013,23.66914685,57.97278994,29.83724696,60.28975721,51.13530368,-5.322997983,-5.77694136,-1.891099369,0.113803381,8.634437317,14.74249946,16.23257192,14.64947664,8.48712501,4.552423345,-1.634110847,-3.979972832,1.810741063,5.438826972,9.092041371,13.93234144,23.1816993,30.27636836,30.06362403,29.9585171,27.21446698,22.48336637,12.14513457,3.005643108,-6.068261918,-5.319458335,-1.647007308,2.310327132,9.575354957,16.08776131,17.34202688,15.30389211,11.04214572,6.509000466,-0.450310264,-4.020148318,1.922292956,3.974887635,5.650561722,8.91721576,15.09681281,23.9241731,22.50468057,24.47192689,25.19873079,18.82489399,8.323033776,2.198799817,0.261494323,0.484461226,0.485201428,1.095326589,1.573190801,2.448668388,1.745834523,1.371785912,2.567118233,1.734110432,0.810618095,0.253828237
1983,345.3847846,9.509608081,41.83935813,81.20072844,169.1268133,134.6665625,88.99429834,30.95959656,118.0372021,92.08280502,59.29459008,148.8344667,176.5223329,-6.972712509,-4.234960227,-1.562512092,0.337474784,6.428677366,12.98437956,17.94341954,17.76938921,10.81680198,4.905172874,0.074073341,-1.442956925,0.729976371,4.136839537,8.865222199,12.39220184,19.42244231,28.25600487,32.13682985,31.32143697,24.92013909,18.07662426,9.19039573,6.534461996,-6.344672323,-4.684327426,-1.117393967,2.372928898,7.890726425,15.39801652,18.55336098,18.09082877,10.90254549,5.959778551,0.348248421,-1.601755176,2.19864226,2.92003996,5.557042286,7.730423303,11.31779324,21.80007077,24.50634907,23.01078143,17.92302757,11.57770331,4.146925064,2.745735917,0.484472664,0.396409657,0.494063381,1.13563813,1.460936397,3.116937951,2.475602531,2.361021531,1.859998465,1.462042906,0.704196367,0.453121047
1951,283.2017503,42.09096213,64.17691362,70.65001203,101.4311589,112.2030274,97.00018526,140.1216411,94.15582383,105.9770911,73.01207672,41.48107922,37.63848643,-8.530232699,-7.002968315,-3.734137444,1.841389918,8.913429226,13.23552011,16.0249004,15.50549503,9.998083756,6.787859748,-3.851178586,-11.09181647,0.162335335,1.537853404,6.938096258,13.68294473,24.30482718,25.68747399,28.29390863,26.53565849,23.53175244,19.50025215,7.091770664,-2.325110786,-8.668930698,-7.419334279,-3.053438662,2.694943525,10.07607511,13.68722565,15.80213021,14.83381499,10.65875494,6.741769941,-3.491914988,-12.87552766,2.119025698,2.176204983,4.26545709,7.775456778,18.09880703,16.10169537,18.22943675,14.89513804,15.64299489,11.28343824,5.090282485,1.464792583,0.317604155,0.332389196,0.543180257,0.799166878,1.46024548,1.172617707,0.840012967,0.59659029,0.963164654,0.705735623,0.653231371,0.258391681
1927,244.5572104,35.35336065,52.00006131,65.93097205,176.2449876,134.9497062,99.04442642,61.07677568,64.13276191,137.1949766,92.02968139,109.2558362,23.84772149,-9.127273142,-3.644709928,-0.586563825,3.365357165,7.70577673,11.39765918,15.01785973,13.19405531,13.2325997,6.191581512,-2.821210648,-7.749825114,-0.564318579,6.070894037,10.844945,15.14139761,20.36112251,25.28906987,29.93233058,26.92439231,27.46942724,21.19544389,6.735879178,0.793892295,-9.902046836,-2.979195243,0.225780836,4.395579363,9.043491152,12.46732078,15.90812927,12.51349056,13.72812499,6.862161535,-2.490039856,-7.434657625,2.24277032,4.097389582,6.389271523,8.589195256,12.40439951,17.69321222,23.94097185,19.20314857,20.30749212,14.59644301,4.23191492,2.489785199,0.583018747,0.779694831,0.955222536,1.105737841,1.382757352,1.392767213,1.399430954,0.182353827,1.08446115,0.976205281,0.753495419,0.663773166
1986,217.6704035,4.190273654,53.98832396,28.42852795,29.38901096,93.92227555,106.7226467,81.0553182,62.47243367,138.3442419,152.7132683,197.5624714,44.3656178,-8.524764475,-6.899688372,-1.894355823,2.543884828,9.624112761,14.27624139,18.78226194,13.51967964,12.83706431,6.283674549,0.728661008,-11.34253444,0.840657102,-0.239441326,10.73973561,19.67265396,22.70743852,27.52297554,29.7979086,26.83178549,25.76447012,17.59595851,7.952933329,-2.556417817,-9.725845155,-8.849874328,-1.492300741,5.153478216,10.25014665,14.49493618,18.82846809,13.27997717,13.16105856,6.382333987,-0.132439431,-12.9998796,2.764432187,1.556162776,7.721216036,15.7041691,13.92961581,18.01777047,18.38873317,17.79372698,16.28563026,8.565729863,3.1585955,1.583274497,0.336381398,0.135783557,0.703980004,1.900447788,1.191177843,1.630116958,1.347177379,1.190347928,1.324255904,0.885165461,0.470674963,0.276103621
1936,317.6428046,34.2166782,34.39731524,26.88135462,52.24860874,68.25985759,23.51198519,25.48990719,102.6606339,209.3133796,68.39586793,121.4468084,29.09795364,-12.43515674,-14.47819171,-2.160907704,-0.709784505,9.557433466,10.50833267,16.93125575,16.77198295,13.87800625,4.77777796,-0.806938404,-8.756231563,-3.705802068,-4.340938585,10.67441857,14.31954164,25.68821775,29.26445088,36.01936072,32.59192902,25.90816565,17.80277276,8.343948212,-0.730759401,-12.48622174,-15.75292259,-0.826927128,1.134476579,11.71582438,12.22718968,18.19431264,17.69744809,13.903617,5.490600754,-0.343136342,-8.735390852,1.769259818,1.907750651,6.862544487,9.572300507,19.88925077,26.86746391,39.3519759,28.91635632,16.53603321,10.8576634,4.558253566,2.079167008,0.569727212,0.303977971,1.005105601,1.262104786,2.096985493,1.773106395,1.97117399,1.438913854,0.728500842,0.959164261,0.778385499,0.652909461
1939,198.0914132,62.53484982,60.2507705,63.16231902,95.07041667,70.36953509,126.1265048,98.24894816,68.09580522,14.51436368,78.92317337,35.63157518,29.37368649,-4.825028114,-8.128287599,-2.701871904,0.723498666,8.594180211,15.0128273,16.38118185,15.27090787,11.56660146,4.630926036,-0.529283991,-6.125837243,3.627319876,2.371741537,10.04834081,13.68066002,25.28397107,28.12836103,29.62959749,28.23420172,28.94439975,20.20410282,12.09099022,2.878732387,-4.507685467,-8.105705872,-1.825255418,2.129076446,10.96070175,16.40852343,17.14450273,15.60915321,13.50184691,5.731060489,0.594830895,-6.369011618,3.062711206,3.331528311,6.5786782,8.383987373,19.73078434,19.76721471,21.6621315,19.87779272,25.1491521,14.21694211,7.461467343,3.037245096,0.683314362,0.57124015,0.839542831,1.171285289,2.107287959,1.854113192,1.351725297,0.870237868,2.136383399,1.141522929,0.970582282,0.647365777
1960,257.515792,62.36884122,61.1679451,39.43122761,81.66968333,95.99172285,126.2527837,66.62032501,94.35410123,56.30809786,39.15342657,54.25089156,55.9631663,-6.242207267,-6.862548098,-8.243633834,4.04739732,7.995033277,12.77471283,15.68631585,17.32616768,14.1052685,5.482576657,-3.986819179,-2.051620392,0.953757629,-0.240626241,0.503529099,17.89864341,20.53746134,25.93113757,29.11139684,28.90376349,27.02736888,19.1763253,6.018665398,5.738919153,-6.782855726,-7.11710498,-9.811811982,5.29378371,8.810487563,14.10020659,16.11209335,16.61515352,14.55893349,5.153885956,-3.974186919,-2.100817997,1.885255469,1.761267339,2.459809119,12.18557031,12.57518649,17.59527095,22.08355823,18.72365362,19.68532365,12.84125554,4.294361403,3.287432772,0.307245922,0.342683693,0.267753275,1.308244772,1.358272427,2.087343171,1.651146811,1.014156802,1.297468819,0.686358791,0.550076247,0.346098368
1987,257.6759641,37.57895366,1.026644885,38.76794829,55.40044311,85.90810217,84.78597576,82.93091516,186.2312737,45.89285402,33.4681504,53.9589782,25.90188617,-7.587690238,-5.050129674,-2.219668146,1.748032557,9.086306974,14.24377059,18.22660654,16.25577919,11.22922726,0.175800382,-3.08557615,-4.469662849,-0.126029011,5.903209719,11.50068084,17.90396174,25.47626327,29.34751496,30.43518139,28.09197039,24.8382005,14.79964737,6.862630437,2.664253458,-8.227640769,-4.815077187,-0.322743408,3.698134352,11.72400611,16.2361691,18.74961013,16.48318382,11.35623372,1.210606261,-2.719687933,-4.698114115,1.774212761,4.308489185,8.138868921,12.97324367,18.99637151,22.88151736,20.05053955,18.239002,16.2650652,9.930430159,4.316404755,2.228385417,0.266337102,0.392707724,0.898545582,1.342044333,2.758542149,2.705737066,1.994783677,1.413578063,1.18063556,0.992499834,0.566192022,0.216101479
1969,208.7667705,54.92820094,3.096727902,41.5630685,90.12761732,86.73197304,138.5491192,166.3949211,35.22454815,49.50610922,133.2028769,92.17917496,68.37805201,-10.56393695,-6.267667195,-5.805763035,3.489369465,8.00955008,12.00636729,17.98991674,16.01375763,11.73182283,4.274325449,0.268760793,-6.566952673,-2.244698634,2.062110461,7.214296216,17.26606322,23.01766242,25.70786761,29.17772135,29.13335094,24.8152352,17.51954256,9.174382703,1.790362603,-11.15864399,-5.499896744,-5.128181796,3.977964949,9.086040178,12.81840196,17.86315211,15.78599191,11.95514597,4.705350383,0.375222771,-6.410958509,1.841012073,2.71767364,5.660606151,10.84915397,16.34025192,17.98704055,18.58118084,20.96037217,16.47304375,10.89595963,4.817214342,2.599368568,0.477462447,0.743483771,0.755833996,0.906554953,1.408023257,1.503914342,0.76295933,0.710034493,0.940875329,0.868210231,0.750301492,0.652238326
2000,252.823531,36.36214871,21.60484533,34.57287119,90.54529765,105.2006769,184.0631049,139.1177427,44.54671585,80.07484918,58.016254,10.25457428,63.03157063,-8.04182969,-3.362593161,0.28503015,0.978861401,10.22671039,13.48058951,16.13634835,16.97260998,11.0763815,5.988955442,0.464930389,-5.05172772,0.061789155,5.103381628,13.49503748,15.84271456,23.46318456,25.76808776,27.3419523,28.09167014,25.51528215,20.22778212,14.55771851,2.888603972,-9.788098868,-4.819851909,0.385602579,2.795307038,11.51601888,14.84641523,16.52378805,16.50156145,11.68821672,6.992900629,0.797074054,-6.439744326,2.275007887,3.609436289,8.999315763,10.88792769,14.8744235,16.02038463,15.86037384,16.37628246,18.77961337,13.40985737,9.588849539,2.648337224,0.186248598,0.299838227,0.571656945,0.897707129,1.404429244,1.716924506,1.068806906,0.732695495,0.95379514,1.01416182,0.799124512,0.26739996
1996,271.3644044,27.19783016,22.80569172,25.6525313,88.38735577,152.5123142,104.1037614,193.9267029,13.89912977,59.52678982,60.55831326,74.50236606,7.35995948,-8.616187138,-7.765675423,-6.997869281,0.004913461,7.983688196,15.05570796,14.93657178,16.71017589,11.38412955,5.56633278,-4.106446005,-8.21030481,-1.087002192,2.075352599,4.882910995,13.795088,18.83234415,25.77480611,27.00295974,27.38737837,23.0232396,17.91006533,4.66907845,0.853217927,-10.70830488,-8.984048469,-6.58336014,0.99466054,8.256502349,14.95958738,15.14798414,15.91392985,10.63785386,5.026614103,-5.031049809,-9.016861804,1.442784931,3.353251396,4.856546645,9.526628747,9.79506849,14.77078838,16.87064422,15.1564623,13.65980205,10.36532513,3.330297319,2.84682448,0.133578536,0.298146738,0.507738056,0.850540209,0.69274655,1.098440044,0.956210694,0.651201383,0.348926268,0.55469424,0.334389182,0.263788115
1994,183.2093273,38.88814273,42.41170854,21.42365675,64.56412326,42.1544127,87.36924154,133.6308752,81.24584971,56.35679028,32.05254775,61.6865911,45.84413044,-11.92870049,-9.577544983,-3.053150865,0.885069163,5.600681452,14.06250407,16.55672867,15.36379175,11.96236626,5.580808128,-1.446033363,-5.582244191,-4.575769472,-0.516252225,8.851388705,17.21047631,22.3023485,28.99858124,28.16386235,26.19716102,24.337972,18.97248003,8.052649255,1.392719877,-13.24425511,-10.59985694,-2.572383118,3.725123402,7.638784965,15.2890902,16.45921385,14.03291624,11.81730295,6.451382483,-1.097196262,-5.592766018,1.149818462,2.336608831,6.107323067,12.63251887,17.7885021,22.83344137,16.25209274,13.7774377,15.72539944,12.05751867,4.499547439,2.169788742,0.179987879,0.362099877,0.501362969,1.706109535,1.839970339,1.709291284,0.962127288,0.379080934,0.627998772,1.004481485,0.49621566,0.318272273
1971,345.4707635,72.20497847,115.6655352,34.87217012,68.74397871,122.641349,88.26707498,90.45445459,66.99865048,54.31155184,34.74216645,50.39800543,55.24932803,-7.207933817,-4.748755032,-2.112356016,3.261523547,9.407755703,18.66683807,17.86326783,16.98594873,15.90755525,11.391651,0.916278616,-1.843861392,3.548233595,6.723975699,12.07573288,20.63706618,22.95434284,31.60842431,30.19660576,30.12496624,28.75156842,25.13898886,12.36601736,9.221740543,-6.148534437,-3.819072802,-0.346270479,5.877791672,9.762822429,18.63130301,17.73337544,16.40100986,15.46113535,11.05570083,1.858712502,-1.101010827,3.52810118,4.751689332,7.965934844,15.61428186,15.02223282,23.62281407,21.30922294,22.09905113,20.21821311,17.1586864,6.904495059,5.483799504,0.778562002,0.837483211,1.138271587,2.03218711,1.166668142,1.256505876,0.987722748,0.798317273,0.756036831,0.680243916,0.972471558,0.819744399
1932,221.4413583,164.8837326,41.36106355,85.19435503,85.24879877,30.93756972,52.1321575,72.76904008,160.1523136,181.1726511,124.2161832,142.3521143,114.8276755,0.412745123,0.159177531,-2.654419769,5.333729199,10.95950772,16.708346,18.45522791,17.68352855,13.26177741,6.607080537,6.319575162,1.998050821,10.21217829,12.99685043,10.50286176,21.01817864,25.87185166,31.54564723,34.19503554,31.53464138,27.0692456,20.55213381,17.85629121,11.86933954,0.08280314,0.988384686,-1.460598863,7.552066179,11.70930172,17.83926474,19.51104305,18.2552222,13.96061834,6.951787949,6.862505374,2.230639789,5.393125986,7.872841423,6.8053888,14.75892602,19.017361,26.18018728,31.41411268,24.94180609,19.38833194,13.30131789,9.873433919,6.044981126,0.701601447,0.92999962,0.963446538,1.757093896,1.121569692,1.718107682,1.699949162,1.254487938,1.243866298,0.895880609,0.957944465,0.779896985
1925,254.7657557,30.52628412,68.0513327,56.76150258,61.40423967,51.31086756,126.0686522,48.59041023,20.08724984,154.1610857,143.7347241,39.03637254,84.56566937,-5.317642717,-0.992098474,0.399086915,7.569453603,7.670753091,17.02083846,17.77584865,16.36787274,16.86485308,5.572164233,1.068654528,-5.954461803,6.064718311,12.31430876,17.18899118,24.43084473,24.4009908,32.09584778,32.89771488,33.84752552,31.96794172,15.57071131,14.79632739,5.856637874,-4.522564266,-0.138843847,2.17696752,9.572618901,9.012242538,18.71735023,19.15597834,16.74516054,18.36015654,5.997664139,1.927938975,-5.734624881,4.586080137,7.730039605,12.1669071,18.88707936,18.77797837,27.29144625,28.6010316,33.18638105,27.21864896,7.707870118,9.236440674,4.637903963,0.818587011,0.920111997,1.271216455,1.776866504,1.400144266,2.344593206,2.045700688,1.068632747,2.113462955,0.843852734,1.000512157,0.695963282
1959,368.3266884,119.2387281,68.55997441,70.0501408,45.54295747,150.9644847,45.18584531,64.70759607,199.468946,136.9772813,77.72569032,123.5109158,20.79607291,-6.005074653,-3.18108682,-0.674064897,5.375985579,14.23787776,16.03624843,17.82303961,20.27962153,14.87309382,8.386533075,2.328107523,-6.77715806,4.886921713,8.253271659,14.48100844,20.76878233,26.81870612,29.95117635,31.91228392,31.82845551,28.31350165,21.17734612,16.24630117,4.178419812,-6.263386964,-2.65709617,1.077000995,7.551770024,14.95510619,16.75223617,18.14730462,19.95849081,15.03107884,7.844285186,2.781873749,-6.256642875,3.530315513,5.323273966,10.13200687,15.0417283,18.09144378,23.51634672,26.86713346,22.31499072,20.5786638,13.64145234,10.59898323,4.02494948,0.447827315,0.651890338,0.988426978,1.93532273,1.737011888,1.900780889,1.584247102,1.046320845,1.253067331,0.735000807,0.756991846,0.5221635
1943,388.751423,11.52314783,32.59672349,134.6130995,92.17935838,193.8762777,117.3364183,64.5364576,30.59942208,108.2147327,50.08637696,137.9840843,59.01499388,-4.8537351,-3.595386896,-2.445263477,4.208645563,12.28291505,18.60737676,18.37177854,18.00442914,11.69506172,5.625361475,3.004423399,-4.209297353,7.893529804,11.69702564,11.45294294,19.59622377,24.68795305,31.16408742,33.21485792,33.86371868,26.05404409,21.15174141,15.0014454,5.254812724,-3.724705902,-2.729477457,-1.395551222,6.354331204,13.4263862,18.90893956,19.16834609,19.00681336,11.99935852,6.591144372,4.140357171,-3.657886575,5.26665058,7.930053116,7.423501737,13.31747903,14.95890114,22.55000289,28.06974854,30.21497706,18.80371389,15.04297237,8.19946855,3.478801273,0.810864645,0.826108083,0.920464438,1.6163336,1.509990723,1.195619247,1.629875853,2.028263584,1.093031431,1.166047959,1.012499553,0.631170344
1981,314.5595633,11.15145896,64.83384609,46.53974899,65.29180587,283.5051245,83.03773962,145.4768212,65.64209739,29.482674,68.43022044,63.32084803,23.55747285,-7.650934552,-3.862427511,-1.515504524,8.449137402,10.03058769,17.52085745,19.92257494,17.86296223,12.73313978,5.954943466,0.348160645,-3.073129377,4.018355516,8.914991747,13.08067194,23.21689812,21.85250143,29.79646967,31.36854604,29.75796284,26.20338454,19.68677619,12.54212381,7.316556606,-6.601965222,-3.790855556,0.461562842,10.14129676,10.36090134,18.66840233,19.80800667,17.57299687,12.74010299,6.377023676,1.182347331,-2.903452785,4.199649692,6.383824537,9.136091926,15.34248403,12.26564247,19.82664409,20.00260501,18.81044837,17.2165186,12.02552044,8.461764445,4.384785392,0.58927707,0.613109527,1.124179292,1.990339342,1.195970116,2.490346587,1.326343267,1.125093684,1.309086341,1.102774274,0.923452707,0.676890069
1999,373.1462786,211.2270158,88.0699839,87.76724304,150.2406273,80.9896746,103.7668564,92.86001067,27.92601318,18.58657295,84.28921122,45.0166045,76.4612089,-3.447385096,-0.466193571,-2.357436762,8.643027754,11.52177591,17.64368715,20.72912529,16.68031643,10.29480335,5.826257906,3.192341176,-0.726544644,5.241882877,10.36424247,10.47304177,19.64779742,24.92606374,29.02019299,32.60191023,30.90224716,29.70665845,22.10303872,15.50965525,8.586093552,-4.929526394,-0.538129328,-0.629809653,9.190022101,11.73259046,17.72005807,20.36156375,16.38222137,11.34688255,5.680813899,3.040761847,-1.697677321,3.234305655,5.929423434,7.490467131,10.67240261,16.80803482,18.36185115,23.2544322,24.7514328,30.10953526,16.93706114,8.835300552,4.759430323,0.180455559,0.343801272,0.708885152,0.836588113,0.541564778,0.469155144,0.511403891,0.512923866,1.094917893,0.444124002,0.589656675,0.268727186
1998,383.7967771,89.82511936,68.84805047,101.2605874,208.3515701,148.6680888,167.616321,92.28436,66.61395081,50.33963928,105.7417612,66.44667925,71.69313838,-0.571234672,0.905634262,1.054544504,6.06497902,14.9826964,17.82899492,19.96796923,18.95893633,15.82895432,8.84079078,0.674803494,-1.955831566,6.60030107,10.30129723,11.69186878,18.71267867,26.21941682,29.22738864,30.4110539,30.55777921,30.12226217,22.71710758,9.99066323,5.821957626,-0.978974536,0.940306304,1.84466229,7.054896959,14.78242932,18.27780253,20.31225755,18.45573579,15.68851193,8.403768262,0.744595261,-2.327060101,3.160323384,5.660748298,7.292201197,11.47166585,16.14242471,18.61494704,18.98362338,20.69242819,24.07381415,15.09015119,5.626253087,3.421481466,0.180620107,0.223997735,0.836574543,0.785521229,0.468700592,1.167158551,0.896876798,0.369980287,0.505738609,0.540964325,0.347437965,0.062278261
2010,362.6515171,44.09845727,42.92340793,97.82501465,83.45507984,122.2308105,112.987899,61.47342929,59.41845195,18.52035492,22.28179801,30.19556059,122.0588062,-7.189303661,-6.571359509,1.513024282,6.942321718,13.24454713,19.48562366,19.88619225,18.59287305,12.65684036,3.738089648,3.307801506,-4.114270142,1.293223404,2.659336962,13.03010802,22.81597429,24.83075216,31.06739647,31.75564207,32.84031002,28.50866446,23.523489,15.87554994,4.951549716,-7.075404948,-6.012678614,2.415140724,9.213772911,14.27432084,20.44349891,20.89779483,19.3563114,14.00335017,6.645454171,4.253164064,-2.916321482,2.388054429,3.337677175,8.012398616,18.16019773,15.59110833,21.53945916,22.03332366,28.14927139,24.88837255,21.95241737,9.649746074,3.577205514,0.36736512,0.453059338,0.757140155,1.681973165,1.385296895,1.984036619,1.621170374,1.490855373,1.515537183,1.512478143,0.98868467,0.545733529
2013,309.7511196,137.612874,70.44938779,104.6319701,94.05303208,165.2547157,126.6350726,152.691759,44.04730069,28.38753837,90.18842311,34.83462283,84.33633702,-3.432548891,-3.591132916,-2.086554711,5.316147338,12.66381508,17.35002206,18.22014936,18.34327029,15.24565527,8.280852687,0.219850249,1.058447971,5.641446858,6.52638262,7.727164532,18.37461317,24.48116645,28.66127965,28.65648442,29.38686492,28.25226642,20.11672459,12.57843309,10.09929241,-3.93338805,-3.218542655,-1.240933719,6.331924553,13.43149089,18.04243601,18.64368738,18.15374718,14.66793237,7.843113387,0.355012325,0.313600272,3.473524766,4.734752622,5.074845341,11.44702548,15.69793006,19.31757959,18.145997,18.92273581,20.5136695,11.67944856,8.231383301,4.95571944,0.318235127,0.378644106,0.46396972,1.131063845,1.474345014,0.960629966,0.769807794,0.542420013,0.718074398,0.535689275,0.576894218,0.367986707
1934,549.0383758,21.02030523,21.45890227,44.41666303,57.58443166,33.52765533,88.96254784,40.84512965,53.82523712,204.6052401,50.8035654,7.965149278,39.04121805,-4.744808995,-8.7647395,-4.419926211,2.274337783,10.26282925,16.33144485,18.58199765,16.39676488,12.26471899,6.512212859,-2.062298847,-4.859823294,5.896838317,3.412782595,8.679953585,19.03291918,28.46235789,34.73510232,36.76871733,32.62191668,24.02988594,21.61506892,12.28837772,6.312933,-4.269611649,-8.335664909,-3.229511414,5.33638852,13.54052096,19.67206595,21.70592091,18.2560984,12.46482721,8.327516975,-1.054552202,-4.186728958,4.395129332,4.066416607,6.095214936,13.65980352,24.87842253,35.55177863,39.43113519,29.17140924,14.50880799,14.92037578,8.177070272,4.690897379,0.757059014,0.6890885,0.932965881,2.05857021,3.220703006,4.429793258,4.705203683,2.648156949,0.871304225,1.663508032,0.928293449,0.766857249
1939,210.3334752,32.45734267,38.55408125,106.4946174,130.8094998,84.88159795,144.1005156,71.83692667,167.1730555,6.676731054,49.97512033,99.35213193,38.65829539,-4.094184825,-8.38554398,-1.798874381,2.308625751,10.61446211,16.82787894,17.72887256,16.10713407,12.68560515,5.228879224,-0.302417809,-5.399785792,6.261747271,4.20680847,12.10878506,15.79742548,25.68480192,28.78225109,31.40898768,29.19669048,29.60173476,21.77268371,12.53112939,4.001265763,-3.742902318,-8.31804709,-0.457419045,4.205069465,13.07109925,17.81569564,19.35179045,16.57352059,14.80541117,7.074075302,0.537209202,-5.276191137,4.429401107,4.410135264,7.90469393,9.771125614,18.79720374,18.98214146,24.16319865,20.84845886,25.34370357,15.94948244,7.702919857,3.475899545,0.725755735,0.608758832,1.028450992,1.453278363,2.439538228,1.65092571,2.529542155,1.090920786,2.524611526,1.591522256,0.938745756,0.682088217
1956,259.4584647,6.862273349,30.98654942,15.28459091,57.49965804,44.56184891,65.95602407,109.6203843,139.5387217,11.82159612,20.81769224,13.8132925,5.571825906,-8.972537267,-5.990705796,-3.708604992,-0.530316439,9.663191859,15.70440125,17.02234857,17.19549707,8.890785264,5.9370664,-3.98041391,-8.947649398,1.896825219,3.4775566,11.52982111,17.40910024,25.63924611,30.63377495,30.38193281,30.44773924,27.58441638,24.41029485,8.831291087,2.644684122,-8.940430137,-6.076360736,-2.065341921,2.606496501,11.99497603,17.3945091,18.30096249,18.29012742,12.06493952,9.103594881,-3.316747673,-7.741664289,3.555920379,3.191250163,8.865291867,13.82136206,20.12010114,25.61897583,23.70138004,22.50718431,25.23206443,20.67861826,6.154129416,3.765104823,0.409710464,0.387019137,0.955196821,1.676842418,2.684799425,2.612008381,2.137301689,2.150514758,2.846675979,2.173721812,0.744329513,0.646946468
1940,200.0797223,29.56147847,24.89709643,52.40602899,88.45871395,49.36128516,69.60995539,50.2975646,138.1055097,3.857889428,73.83323961,37.52494159,21.7304736,-15.51425597,-6.046235104,-3.458894356,2.342155051,7.429471451,15.42857939,16.7279273,17.58730861,10.94368722,6.4082727,-1.142959061,-3.323844291,-6.238733766,2.062645139,7.242794802,16.3903698,22.13448613,29.3508105,32.57279019,28.85846194,27.02868809,22.6957906,10.97397221,7.508162787,-16.32356933,-5.628157935,-2.263640333,4.2669141,9.24803467,16.93938844,18.38720492,17.60910253,12.01201238,8.46918739,0.077694574,-3.475869559,1.570861187,2.644475102,4.796854357,10.41943372,15.05788426,21.80005788,28.53066976,18.35893114,21.12482062,16.64620402,6.683287164,4.989342114,0.541076775,0.704052932,0.946816798,1.485359013,1.738539831,2.043154604,2.399019887,0.73939551,1.384584515,1.784954766,1.000917125,0.65687432
1985,191.3908894,37.58309085,76.06363212,168.5580639,18.52995663,117.2387312,54.31894297,117.1594139,108.3296245,76.49426828,112.7745927,89.58139005,73.17433758,-12.8269798,-10.0483114,-0.498680606,5.497005728,9.840810976,13.16408898,16.69258133,16.49421948,13.16019628,6.523098567,-1.388028739,-3.17910277,-2.546943607,0.232558191,12.96925221,20.33324268,24.84916732,26.88663989,30.70674987,27.07498658,25.6850315,18.62472364,11.35782802,6.591339761,-13.81484564,-10.05204661,0.953492809,7.37538184,12.11389042,14.50003202,17.53579701,15.73189609,14.02820822,7.525890409,-0.178459615,-4.54033242,1.886108172,2.375307286,8.103754567,13.98307148,18.08156138,19.07671793,23.54539365,14.97792529,16.25907888,10.07680416,6.501815799,3.273265568,0.22912386,0.349101073,0.889700634,1.874573567,2.595707484,1.739864262,2.050360733,0.742613194,1.687329323,0.978269053,0.919136492,0.244715227
1950,240.9833955,80.26985014,45.48114152,29.62293753,115.4118987,57.6217942,166.3649441,117.0773858,76.63083632,35.37721601,10.38805633,13.75917211,87.05393327,-6.21533331,-6.651910853,-4.169796078,0.258250241,9.58206483,14.69250521,15.15912816,15.0990894,12.72428815,7.273848562,-0.802533404,-5.136257178,4.933568889,3.108680908,7.33751683,14.02568637,23.82381782,27.59107946,28.53667297,26.99739714,24.63200154,23.44890365,12.91837282,6.564891616,-7.254221907,-6.867853097,-3.309286424,1.747909236,11.62142797,15.52245147,16.25446535,15.22004158,12.81059873,8.639273637,0.741143261,-4.823213646,2.707515427,2.732145549,4.969702029,8.711747751,15.9314939,17.76614951,20.1983384,15.98531455,13.81086532,17.43555126,8.370634766,4.442240735,0.314816804,0.319169292,0.593446408,0.987286055,2.042928342,1.743537689,1.655820772,0.890695609,0.674265907,1.34775322,0.9562629,0.502167999
1961,218.0528033,10.21724175,37.84755907,114.4633061,78.77020529,67.48081801,54.34087279,240.3834574,75.58294501,293.8992583,87.12445983,42.87103017,18.43566857,-10.11949789,-4.010765002,-0.130315522,1.179256447,6.331063308,13.63030589,17.35826316,17.50448251,13.61406072,6.93409054,0.11275837,-8.706602885,1.378745726,5.689470734,10.41722828,13.9932139,21.25711642,28.76691236,29.67874897,29.88705756,25.66992598,19.77889971,12.78192634,2.565886579,-10.03758282,-5.231038795,0.326420903,2.626018085,8.249038661,15.19178921,17.96468116,17.48165054,13.46917422,7.81609501,0.590248956,-7.691325544,3.517116762,3.843664784,5.888532973,8.663893378,14.73997079,22.87848045,20.40628925,21.24994242,15.86625379,12.17669188,7.333821975,3.805898808,0.401487017,0.314661287,0.510409237,0.971101572,1.913856936,2.603890888,1.640760461,1.389410201,1.168295521,1.25346943,0.743548075,0.677100968
1982,186.0190159,62.83461551,19.23585737,124.7525828,100.0152827,119.1575143,103.6677685,172.9776808,93.71103343,81.48883862,56.96921705,84.65800158,27.72199911,-14.87218199,-9.332384506,-2.782342937,0.178807322,12.08148913,13.43091014,18.91511311,16.57098329,12.80539793,5.85227219,1.214204972,-7.407853986,-3.572488156,1.083707456,8.610461367,14.83695522,25.52807075,25.4986158,30.18807001,28.07271794,24.28670269,20.2393888,12.59896235,1.917414204,-14.63058823,-9.112331301,-2.501932751,2.557311747,13.52875988,13.64643495,18.73389578,16.79159046,12.83625008,6.710000387,1.916975707,-7.379482772,1.871740532,2.879743818,5.321083538,10.25285233,17.1314984,15.12650711,18.24713715,16.79572661,13.34059577,13.25271076,6.533066798,2.838892784,0.372368126,0.424264586,0.483330911,1.429497255,2.049424489,1.17638835,1.242694605,1.639230686,1.115323362,1.298423701,0.79889052,0.410744937
1928,177.2210336,9.826588127,45.09789464,34.6294284,79.25976385,62.11804526,158.8828731,97.8004093,84.11081273,115.8643843,120.3150818,74.92022446,55.12133948,-7.446158185,-4.885854281,-2.219626883,0.779199662,8.467973715,13.46135725,17.7004262,17.34589422,9.695450898,7.749662076,0.631116381,-8.571205613,3.001151184,5.69071893,11.91643395,15.40093914,25.06658668,24.97149756,30.75790519,30.20494747,23.94616674,20.60092116,12.01345468,2.72382697,-6.673746594,-3.923339702,-0.221864887,3.117016949,10.96624838,13.95442257,18.94906344,18.22529098,10.42625261,8.765953752,1.461770978,-8.29087553,3.539542639,4.302310842,7.903176765,10.05549603,19.34362342,15.0229499,22.70710728,21.8005262,16.51871208,12.65352045,6.852670779,3.682368603,0.7698915,0.829404396,1.267568132,1.563388601,2.297410501,1.067045208,2.051317856,1.592555033,1.165679372,1.219209042,0.927124654,0.657338667
1999,271.002415,78.29170242,30.92501034,32.98980092,151.955571,76.00172346,78.70860135,76.86174104,51.72280974,120.0230353,24.91058691,95.18348853,51.74849132,-8.585358336,-2.880008333,-4.089896607,6.105042141,9.832202891,16.07555013,19.50727437,16.04142122,9.467377391,3.484590603,1.260428018,-4.111129277,-1.011240127,7.45996473,9.153659995,17.77920342,23.18394144,28.04761397,32.52421882,28.96518957,25.78197083,20.09722533,12.25823053,6.549369559,-10.14441605,-2.263488343,-2.321558063,6.817891154,11.68554232,16.61046438,20.26799912,16.01318491,11.01247401,5.532113792,2.093726028,-4.180758781,1.841074049,4.796331532,7.368572547,10.09948144,15.5865974,18.70991149,25.77290094,20.92390238,21.75558332,15.45508052,6.660468735,4.684186228,0.168246803,0.579241847,0.839369295,0.886049687,1.774956022,1.324163649,2.140159397,0.959714993,1.873978585,1.687893661,0.863940282,0.379967971
1961,245.0436402,10.07795959,31.89221068,106.1783284,57.48469523,44.36167944,53.43034309,209.657994,63.43506931,274.5347324,91.63534937,41.89047089,13.56477453,-10.65065077,-4.399079455,-0.523154357,0.790541503,5.835313733,13.19847934,17.21209662,17.56343468,13.50746926,6.978198567,-0.073624417,-9.073965395,0.842928299,5.172909566,9.819273455,13.43222726,21.1273976,28.8580819,29.24953004,29.62318994,25.45911088,19.46009505,12.3115825,2.225767392,-10.46103804,-5.468787043,-0.261980571,2.071035031,7.639636604,14.73656301,17.26105042,16.97832016,13.21829562,7.616097623,0.507778661,-8.388598408,3.390229363,3.581192657,5.536226629,8.288063536,14.89742062,23.58463365,19.65193482,20.24787827,15.56287589,11.66980196,6.914013887,3.770598262,0.411442217,0.352476307,0.414235079,0.887364868,1.825442471,2.590098837,1.210706966,0.994521107,1.040161639,1.054882715,0.753932486,0.622621429
1978,198.1553449,17.85315554,15.81159666,31.79920254,112.3936306,143.4069776,101.4272218,107.1517615,70.46481369,83.98246976,51.51228802,85.17225728,34.70578638,-14.56361123,-13.6585734,-5.517056925,2.847520861,8.661173283,14.14177536,18.31588211,16.67982217,14.36582974,4.160432353,-0.389873646,-9.28867478,-4.874616858,-3.688599063,4.870378221,17.30876229,21.33200535,28.15152534,29.31124008,28.96826062,28.28782625,17.74219102,9.791048688,-0.031130918,-14.84268553,-14.64158973,-5.024852017,5.362624859,10.2403013,15.51245252,18.31657567,16.21082986,14.16512315,5.346285014,0.279192376,-9.296835065,1.516106238,2.038491925,4.498870927,12.04642212,13.36402109,20.0949871,17.12155492,18.93743708,19.91477118,11.05717601,5.045623477,2.413749163,0.328682251,0.409568906,0.867231157,2.285794005,2.410983819,3.182911699,2.386382742,2.001977304,1.871915168,1.379815208,0.90228586,0.546193978
1957,279.8796363,42.66274293,29.91823352,54.26210578,125.3960961,107.6017764,108.3418841,78.6593501,53.53421792,59.39431832,99.24812126,36.17720588,37.09697574,-11.80989075,-4.077980691,-3.733062865,4.534764894,9.21263003,15.45218612,18.96277536,17.24758332,11.05497452,3.919489195,-1.425704888,-4.092236774,-1.770342634,5.04662681,8.931463381,15.86066047,22.20428559,27.17857667,31.46038078,30.09681262,24.26884378,17.42735421,10.76527336,3.880286103,-12.45527612,-3.343207729,-2.298315075,5.696438827,10.4847751,16.12670924,19.67218653,17.51542165,11.49702342,4.91822147,-0.372075599,-5.142942135,2.254619213,3.507972118,6.602838657,9.311713039,13.87327218,16.98686395,22.94914201,21.44758009,16.29376389,11.76206037,7.197682131,2.979887806,0.338145381,0.487090236,0.834158649,0.843555487,1.661620218,1.584938664,2.094397918,1.2650897,0.980170359,0.949047508,0.82498647,0.301389667
1946,227.5544395,68.27911642,9.992729405,102.0518316,44.89011532,113.3985699,192.7108175,46.15447271,126.0151847,66.01524741,63.52616087,43.37235436,57.66073566,-7.453856173,-6.415230935,1.921059513,3.684752587,7.8864995,14.29803967,16.69770955,15.89382556,10.90636138,6.379090156,-1.447330159,-10.13485258,2.7124567,5.853337329,16.63806117,18.87814206,20.20668017,27.72929879,30.46528858,26.0446773,25.45085174,21.54453379,9.879987191,-1.538985178,-7.21135923,-5.398340852,4.087449048,6.570705704,9.385026085,15.69052411,18.14064833,15.59971929,11.96023287,8.276206099,-0.60709866,-9.938591512,3.264803859,4.73680981,10.78482978,12.85538673,11.80315557,19.46051354,23.16001687,14.32530185,18.13267854,14.94050784,5.891772707,2.144059767,0.625523456,0.784492357,1.503784174,2.084605491,1.509493173,1.970050877,2.305954594,0.465332727,1.53335409,1.764247487,0.866896175,0.565798352
1983,317.2681788,8.494333728,29.73387794,58.14498276,122.3655879,76.93910214,77.76985497,24.07336559,57.21183274,143.0461374,90.32035812,89.54137163,143.2278782,-7.322679067,-4.433964157,-1.389461827,0.63202287,7.240420144,14.37911722,18.68085928,18.73273085,12.01468193,6.498075667,-0.122020179,-2.039044147,1.60427101,4.781607108,9.054415644,12.30358967,21.0389531,28.72084199,33.24130006,33.89326276,26.37672917,18.7467921,9.895410692,6.405260612,-5.881535708,-4.188800903,0.035284196,2.863734669,9.217444888,16.31179839,19.71147222,19.77259369,12.76685797,7.658622163,0.500365466,-2.108068382,2.637683792,3.488572313,5.681747556,7.596258591,12.93391016,21.65637037,27.25985493,28.74545317,19.31728235,11.24934463,4.813782706,2.879362773,0.59142463,0.50543711,0.870411012,1.210224284,1.660975269,2.706166766,2.646429822,2.41337708,1.800220693,1.267006294,0.880457921,0.509856141
1968,265.2028613,17.08980829,15.63604561,30.84927112,79.9461942,56.86149854,124.912076,65.35828455,51.12199721,158.1257555,30.38591213,46.17279885,42.72478285,-9.862654997,-12.17399211,-3.006770072,2.639435784,6.794242935,15.01208982,16.52171789,16.98477066,12.05777844,5.795350031,-2.005555782,-3.707474922,-0.122418556,1.985991796,12.6835796,17.89168719,21.28610019,29.07685165,29.62045761,29.39621283,24.69439049,19.12677426,8.282010685,3.594495034,-10.56056932,-9.463147016,-0.622883488,4.925521603,8.684286259,16.41869141,17.48515565,17.57366162,11.99982686,6.555557641,-1.331970803,-4.461615899,2.635395218,4.067922611,9.0037774,12.01140626,14.46689007,21.80723004,21.34953628,20.1888772,15.87601641,11.88395504,5.010085976,2.746166149,0.4835244,1.026387669,1.372585873,1.737970949,1.805088486,2.286338849,2.036188482,1.532695078,0.817036751,1.065833867,0.807254017,0.384612369
1931,199.3221377,13.50441088,15.49780934,67.83566637,80.99237147,106.7261119,98.66678866,75.74917141,85.91522658,154.2496413,84.00108899,59.31780873,21.97834105,-5.484215392,-3.081053072,-3.047120218,3.014506159,6.885486873,16.32623294,18.184381,16.34133837,16.00339982,9.991736335,-0.660519079,-5.228132353,4.638516758,7.846152512,6.874073082,16.90016955,20.67779696,29.64665315,32.555968,29.35947504,28.33432664,20.2326303,12.03262236,2.407133289,-5.018821786,-2.198171799,-2.136861227,5.137404315,8.787214275,17.94138313,19.57838361,16.635004,16.89185505,10.26299094,0.145238012,-4.9410657,3.854922085,5.059926853,4.416822422,10.67220303,13.30246114,21.44677224,26.37656172,20.75680466,18.97653117,10.4564397,7.390609022,2.618158545,0.745058447,0.874070229,0.96688177,1.65366915,1.751622872,2.323111913,2.425959127,0.974465273,1.595468464,0.848967284,0.883704523,0.695783495
1986,177.6096381,2.618460863,51.17013422,21.71504915,36.84507639,154.5757822,112.2492692,155.4878921,77.60475008,202.8660729,151.561569,173.0052982,59.14500391,-8.810935367,-7.295403459,-1.661092255,3.742516721,10.98576654,16.12948222,19.69953612,14.56394734,14.42920913,7.397771606,-0.770492103,-12.03976475,2.316254081,-0.215872567,11.34169166,20.32719845,23.16711782,28.82484626,30.60832853,26.3943507,25.76478686,18.10361986,6.948961764,-2.699276715,-8.091107225,-8.308508947,-0.215208953,6.432205658,11.95933622,17.20087968,19.9372473,14.76854464,14.97411806,7.516336621,-1.373015139,-13.83964281,3.428574935,1.649238033,8.175022259,15.39701855,13.29342983,19.5246615,19.09223895,16.07818861,14.77600671,8.683716655,3.246245808,1.606882179,0.512364575,0.18570138,1.02895317,1.925538048,1.323312755,2.203622246,1.668139667,1.309653305,1.234576847,0.71415213,0.381631183,0.209927334
1996,229.391293,58.3553517,17.16911593,32.51881876,69.78538578,267.8508165,70.45901518,110.8071298,57.70678832,54.72493629,43.53393167,69.19368475,10.06711552,-9.514657208,-8.312824141,-7.15649565,-0.236348753,9.527237478,15.82121505,15.54792546,17.15028771,11.31886227,5.848065568,-4.47803622,-7.913870972,-0.629311096,2.326812868,5.973860495,15.41885373,20.03837524,26.88197301,28.4181766,28.26674274,23.59889247,19.03857608,6.341748739,2.006462476,-10.68045363,-8.39617132,-5.640796525,2.342079805,10.23476674,16.43909589,16.9302607,17.25752558,11.62955729,6.213955264,-4.014959941,-7.231319611,1.925643622,3.88862457,5.546225212,11.4875901,10.11832139,16.74541054,19.54896716,17.2299236,14.89398264,11.40389322,4.234546352,3.52388758,0.204115017,0.461790477,0.730190842,1.536479656,1.092432664,1.594993602,1.907953451,1.053841132,0.752896495,0.918295771,0.499523041,0.466283793
2002,231.7095323,39.55807422,30.95990616,46.04732169,118.5684912,164.4242514,152.004585,103.0395638,158.9216219,17.75212608,82.51945201,37.23308041,36.62899502,-6.382231476,-4.978064087,-4.371988129,3.848683061,8.063442476,16.49970395,19.1275356,18.1470116,13.21070079,4.701285191,3.172147989,-3.179446178,5.057414773,5.206408822,7.819068079,16.4814557,20.32844211,28.782764,31.047708,28.8205851,27.13375036,15.87496529,16.23337345,5.960964257,-5.201179381,-5.00192476,-4.489185861,4.547461812,8.554187444,17.30871531,19.40653158,17.75056906,12.99872304,4.69750613,3.895986862,-3.191125248,5.049850654,4.260517268,5.704607664,11.05245156,11.83294782,19.83266454,20.72317885,16.42299542,19.45401733,9.379933453,10.22954297,3.823083882,0.700009098,0.47691538,0.411535254,0.968626156,0.876879394,1.495285787,1.350850939,0.933739844,0.909083555,0.541065458,1.020432134,0.555262118
2001,235.6000132,59.83506766,93.04993645,42.2314221,112.9467677,201.687113,106.1782232,73.12056702,89.59007941,107.9636127,106.9990081,42.90439154,49.47093779,-8.219090211,-7.535759472,-4.536994939,5.2131588,10.84702672,14.51915716,18.33643153,18.15188344,11.67329316,4.902325653,-2.724765392,-12.94568559,-0.533344628,1.28012963,6.53676859,20.10484994,22.95669905,25.55063369,30.00703333,29.12454162,23.72667292,17.52197817,7.529009999,-5.041960977,-9.57709671,-8.516908399,-4.031918144,6.694890508,12.08601513,15.11516833,19.02601019,17.67062492,11.26806785,5.521777462,-2.245624509,-14.67207051,1.762250334,2.118861167,4.796240946,13.90723929,14.16989942,15.44648925,19.25402877,17.3001642,14.37120813,10.96913775,5.048587745,1.303740304,0.24432232,0.253739353,0.46446391,1.454859044,1.228806947,1.213923532,1.637986541,0.953621544,0.758494878,0.892736068,0.476439292,0.141837154
1973,206.4259009,45.67924045,39.55214491,117.4895283,188.7954199,169.1420919,139.4246334,98.72312935,50.43495638,132.4927525,90.60606883,60.03486945,52.8058528,-8.343712027,-6.427664483,1.839003857,3.081165728,7.116024146,14.84184929,17.14477107,17.24588686,13.77371205,8.314647993,-1.394316371,-8.785338606,1.305860885,2.219325662,12.1248946,14.72100903,19.76907865,28.27429003,29.78233003,29.11366799,24.15105651,20.62428422,5.469295757,-0.883603016,-7.28495878,-6.07612275,2.441723484,4.844713161,9.091831001,16.70868112,18.52024947,17.77397375,14.01077118,8.859658402,-0.286448085,-9.217795418,2.690879573,3.104050036,6.397682272,8.759166631,12.20398482,20.28979831,20.47249457,19.09972744,13.22944484,12.11744937,2.922036098,2.047072157,0.671045935,0.543253018,0.864090866,1.493106251,1.553010358,2.76896682,2.916069571,2.180890373,1.402793853,1.193259591,0.874518526,0.443326456
1989,333.0680076,22.58011654,28.92704511,36.76186669,68.23575773,45.38560917,107.3796584,58.81638922,112.0350204,196.6850884,30.2732832,88.38847006,31.60057579,-5.341864876,-12.32993088,-3.23900381,1.498206422,5.973815423,13.19694512,16.93199748,16.13506298,10.33088476,4.349420946,-0.696439546,-8.100664643,3.990685435,-3.121227975,7.57459399,15.52926975,21.01199139,26.59820913,29.97599397,28.24775091,22.70248289,19.3556496,9.512217309,3.124911354,-5.202631066,-13.04172135,-3.117796381,3.406069711,8.444757103,14.84485233,18.29788337,16.42125558,10.42504126,5.523814085,-0.521623126,-7.702580335,3.1283953,1.989395179,5.381699169,10.00375314,14.78529099,18.40994391,21.72267923,17.68204433,13.03664738,13.58739432,4.887573915,3.694879759,0.440593171,0.2638922,0.500732097,1.188855128,1.89325606,1.769588976,1.994319257,1.162588486,0.738461477,1.117302469,0.556510549,0.512467285
1962,201.5935372,49.24845643,36.80261763,47.85682706,52.03948596,153.1459091,45.44054638,123.659008,44.30744818,45.90223584,108.9531201,87.330282,37.41477913,-13.77494916,-8.166176783,-4.700601284,0.181377195,12.00009757,14.29373782,16.71370185,15.68037889,10.29725954,7.625016043,-0.320245217,-8.332807554,-4.085715382,0.213207622,4.545905267,16.35267015,26.19150203,27.95578447,28.02938694,29.28195416,24.25029666,19.45598151,9.152052245,0.034403355,-13.57530981,-8.634675604,-4.687634587,3.41234496,14.14402029,15.15119945,16.67720317,16.54060221,10.7422379,8.29944756,-0.102840382,-8.982735726,1.724308491,2.030047142,3.905702356,12.81594312,18.98980813,20.12500259,16.92431812,21.48780737,16.7102698,11.09074084,4.695707641,2.203952582,0.3737738,0.417068025,0.525579957,1.905114459,2.643315353,2.074294755,1.186539046,1.984698851,1.074185587,0.979411951,0.494452301,0.370632473
1956,225.5837747,7.123030434,37.50889695,15.96070261,63.42770917,88.26325839,40.96693763,117.5640394,146.3803493,12.83417597,13.31139903,13.99618065,11.16779489,-9.668721433,-7.199584938,-4.785422526,-1.751818023,8.154890703,14.53709686,16.1990317,16.66961458,8.672272174,5.41430007,-4.432071849,-9.925488894,0.993578301,2.213512044,8.852519692,16.79067769,24.210482,29.66180078,29.058194,29.00072573,25.7010627,23.18721979,7.428446624,0.709714027,-9.371907557,-7.18198364,-3.463190751,1.907983852,10.13741588,16.29184274,17.04048864,17.1194504,10.79423482,7.658225908,-4.060023707,-9.267944038,3.121176811,2.820317032,6.796315383,13.5789476,17.91310469,24.35148597,21.19112139,19.52118515,21.41515461,18.6905496,5.110975871,2.915382003,0.427447319,0.383798328,0.783632092,1.62601745,2.2177797,2.439217459,1.683102895,1.455570117,2.019397919,1.670742423,0.629671801,0.509021763
1960,298.9487938,81.2391065,48.30145544,45.43358001,109.0710141,129.417321,129.3330632,59.29535028,107.1331468,63.8800587,81.91199058,36.14845277,60.74822178,-7.516630976,-8.264790065,-9.358906073,4.219274845,8.198319073,13.428337,15.99911275,17.44310537,14.0609633,5.50385789,-5.189067162,-2.821859771,0.405361961,-0.817075615,-0.013713751,17.82685406,20.81931757,25.84605672,29.3201698,29.0553487,26.82315377,19.0059187,5.027780634,5.150422497,-7.737836675,-8.881862117,-10.89116225,5.739845094,9.345350509,14.71181423,16.70438383,17.22266661,14.50330079,5.870724601,-5.121664562,-2.390110683,1.976337916,1.829660154,2.473914933,11.91795523,12.58842841,16.49885306,22.05287622,18.6685727,19.39755627,12.55993466,4.123758246,3.204846475,0.353798992,0.30126148,0.270076133,1.359013031,1.466563627,1.990328145,1.744301602,1.36582722,1.328478469,0.746935517,0.54706022,0.447470528
1932,144.9226215,40.33626062,25.94775223,61.606497,33.5908887,93.85263588,107.7629401,90.68060888,158.001344,35.07161764,91.24145769,118.191779,54.49497048,-4.913305432,-5.594366112,-6.45942929,0.944131328,7.809525169,14.74747322,16.8845746,16.49588997,10.3312874,3.988041579,3.317645547,-1.821996547,3.026029364,6.440543123,3.473554914,16.30924441,24.41790664,29.02746874,31.18609699,28.98726917,24.72523473,17.17400591,13.70332217,5.833468624,-4.199712127,-4.573070794,-5.993453423,3.260509975,10.17535855,16.36195254,18.07184124,17.02279711,10.68685204,5.115788134,4.020184557,-1.217706091,2.816567977,4.956682078,3.480498128,11.10461742,18.83071498,22.17523025,24.9886158,20.10288706,17.53880405,10.5798622,7.202683493,3.330159309,0.742288561,0.817785832,0.680432043,1.518080427,2.069801467,2.09314382,1.817777709,1.099061866,0.869294571,1.112002941,0.909134415,0.781432253
1967,164.5124792,40.94541853,18.59776349,38.31711817,170.1245348,47.91422657,133.0677255,102.7409042,100.4920881,73.0698903,144.322187,56.17441283,59.88134766,-8.581433866,-11.79172167,-2.208444609,4.450601779,5.011547907,15.20817963,15.65330793,14.30390543,10.32991861,4.452222605,-0.617439649,-7.195476473,2.659001896,-0.593382393,8.722189523,16.73302315,20.47903714,27.6651094,28.28692098,26.14224289,23.352037,17.09917622,10.95542207,1.975745469,-8.120845384,-11.77471082,-1.484706826,5.142314025,7.495984576,16.19369391,16.02941252,13.97062864,10.54026299,5.654294549,0.166134323,-6.237913681,3.592438931,2.798243611,5.413594687,9.753397775,14.50219697,18.79173487,19.7187415,16.54811929,15.22823789,10.31046035,6.456407775,2.897685572,0.640086481,0.556615845,0.787089887,0.901195503,1.921377414,1.56936548,1.043539913,0.375147392,0.869488422,1.195073801,0.831075474,0.728479269
1938,222.5982977,84.13169317,48.09018368,90.59584034,88.64024286,150.4662876,134.9019236,144.2757622,72.40504753,113.8347202,31.28733176,28.7527975,31.28679654,-8.766495057,-3.839248268,0.032293314,3.48872121,8.969733734,13.75363412,17.30488389,17.77513074,12.80045032,6.514648965,-4.167002292,-8.275196133,-0.348493671,4.908782087,13.52021509,16.5251566,21.90059218,26.52262566,30.92119831,30.56898107,25.65299968,21.99743125,7.950466382,-0.850137914,-8.647924476,-2.542957243,2.03335679,5.519819074,10.5897223,14.94332567,18.56035308,18.80147025,13.67032159,8.178429894,-3.325199121,-7.517247535,2.265223017,3.477996372,8.527925435,10.10128089,13.79909535,17.86316399,23.78371157,22.31885029,17.12804699,15.7106615,5.533600159,1.948140168,0.612287105,0.899527663,1.311083062,1.543119397,1.613069684,1.587959178,1.889417541,1.63117316,1.285309781,1.523259173,0.839515423,0.717096857
1940,224.7810524,31.78606484,24.85638619,40.44340554,79.44400161,57.45273552,69.47978672,47.30540699,113.9623047,27.29152502,65.78496162,17.27946717,7.29035189,-16.38997918,-7.16721994,-4.821285359,1.011420455,6.31710803,14.35623024,16.19229555,17.11088275,10.5951883,6.337040041,-2.093042849,-4.301843158,-6.512741386,1.175684988,5.260395485,15.59866751,21.22463202,28.79254786,32.05897163,28.21229566,25.79638686,21.2506313,10.26197236,5.994929278,-15.62450157,-6.255033249,-3.597191425,3.368826939,8.437977404,16.47060488,18.12157675,17.37638509,11.76367496,7.918884462,-0.678330384,-3.601818366,1.561221346,2.526167456,3.993161987,10.26452376,14.58499755,21.98964622,28.06579867,17.72427625,19.3292196,14.68772399,6.531621322,4.288981017,0.567609208,0.751691287,0.88863901,1.531935493,1.774606641,2.505230301,2.522476194,0.883332797,1.396644706,1.438426141,1.004968622,0.736382267
1977,194.6169469,15.51678729,19.77465266,120.3554724,42.1562738,58.36219052,63.46963389,130.1722319,202.1988753,130.2667636,115.4628789,11.77233183,7.74258325,-19.05932122,-9.228417477,-0.573897426,3.842169629,11.35694707,12.62480981,17.65801099,16.28959598,13.60924751,4.432442521,-7.837607465,-12.70348769,-8.622681493,1.636752897,11.03496945,19.97180267,27.18943148,27.27194302,31.02968332,26.27934924,24.26817291,15.90241674,5.305514202,-1.549721613,-18.82419237,-8.797445753,0.562430965,6.470098336,13.35070756,14.35489676,18.59644168,15.4279895,13.09974827,4.757318042,-6.120445647,-13.15482989,1.203541576,3.86707924,8.023226985,15.63564273,21.48131854,20.48557325,22.81586035,13.66338433,13.00771911,8.639576015,5.534839347,2.462374156,0.295722253,0.76632872,1.00955994,2.172707373,2.680118066,2.987160735,3.099201587,1.163600549,1.022837413,1.101600861,0.793413921,0.46903622
2002,218.227695,33.44767899,38.53010414,46.04139945,120.409071,132.9098012,134.3078598,85.14442324,115.7819625,13.62662537,75.49893375,38.15642271,31.23667497,-6.671814583,-5.383445828,-5.191749323,2.971020744,6.719303837,15.32810054,18.43943845,17.40606615,12.39216815,3.798237565,2.700539074,-3.677846408,4.226532781,4.478796938,7.308237547,15.49046556,19.89525197,28.05794402,30.82682298,28.3846904,26.79431806,15.30191212,15.64343139,4.860234796,-5.508890686,-5.292933585,-4.62280504,4.32246487,8.036596317,16.72189378,19.04973567,16.90712345,12.40182695,4.434333159,3.451647282,-3.920991015,4.630406389,3.864780524,5.607918362,10.98613479,12.74879153,19.84627912,21.56915913,16.81325585,20.09759645,9.3441663,9.7256847,3.395471319,0.705096808,0.545631541,0.558403257,1.11491337,1.20504412,1.744767977,1.590896498,0.763788992,0.968363219,0.650679714,1.026955542,0.441163822
1999,269.9155423,69.63581796,23.77663634,29.19488269,158.8134583,109.3599497,128.9544971,78.5776895,87.53728616,108.3872418,22.41649463,72.16365998,33.26642547,-10.34766964,-3.878068487,-5.371759418,4.742952322,8.888170013,14.91825839,19.0798552,15.75042329,9.179999757,2.994054256,0.41210381,-4.662791246,-3.034742818,5.56873725,7.730007999,16.73888002,23.16385173,27.3034645,31.19182401,27.02942999,24.37789418,18.75710049,11.01246983,5.762092546,-11.24127358,-3.231341147,-3.856401493,5.698096414,11.45299449,16.19403951,19.63856543,15.67789372,9.813723803,4.434070584,1.415523412,-4.274416764,1.434695665,3.912509732,6.649307551,9.471640612,16.66199107,18.08054572,21.4789015,15.94757529,18.86120635,13.56602139,5.996988756,4.128321317,0.208009183,0.445933723,0.733206711,0.85271775,2.178410736,1.739044482,1.632837665,0.877990621,1.135987181,1.315886766,0.852610552,0.500753317
2011,258.0207484,27.96430658,72.88010261,39.98915511,129.4193441,183.2478181,119.170318,53.99715674,67.01330227,71.95403142,18.70824466,37.93926438,49.45891573,-10.69711712,-7.736459755,-2.6952246,2.688957922,8.473642606,15.07786199,19.35225623,16.26404899,9.514658641,3.428254268,-1.377263521,-9.814022481,-3.302376547,0.782646386,8.43615761,14.65151953,21.83148266,26.65487045,31.58116959,29.31024461,22.22083553,19.00763209,10.77566198,-2.842496039,-11.43989706,-8.476849946,-2.008518742,3.691222328,9.757851035,16.27592619,20.56011381,16.89872913,10.41796734,5.081969972,-0.626844864,-11.18179241,1.526998709,2.502743798,5.746887798,9.048308163,14.99731666,17.13557612,22.87597464,21.40548024,15.38280558,15.03877162,7.178537041,1.330845548,0.287007597,0.364605234,0.564363644,0.82780112,1.318891312,1.61084213,2.162165268,1.347410208,1.074322169,1.128229266,0.848747901,0.23402017
2004,186.0937193,20.68842293,19.09895971,97.38040569,40.76329555,192.1771354,67.61235384,55.43368596,118.6097642,25.63013908,113.3862342,92.43044284,84.90835429,-11.14303873,-7.828883676,-0.371795744,1.668247882,11.20869181,13.66504613,16.41797627,13.85721064,11.6375187,5.713308013,-0.421579744,-5.497697361,-2.051930176,1.341873431,10.91793286,17.94626129,23.27544848,25.76754963,27.33115766,25.0428554,26.41415967,17.63018042,9.906937917,3.678363252,-10.80953531,-8.36291437,0.489325069,4.610122535,11.23227747,15.37744856,16.62799009,13.99220802,11.93079908,5.837945583,-0.301082353,-4.784447993,2.127504442,2.756953259,6.383753997,13.79957456,13.79837062,16.35157485,15.80188296,14.1917458,19.88128714,10.36395119,5.094400618,3.411699013,0.368460486,0.404119816,0.627547395,1.677363486,1.133527208,1.836893649,0.938991564,0.885266002,0.941199476,0.580624387,0.647263894,0.55786254
2006,236.1156131,71.49942262,18.56693544,87.08534318,111.5097916,59.50708504,49.14822432,81.51545286,144.4253754,63.4031388,62.23566138,47.77652337,20.80716186,-2.666464296,-9.386334046,-2.702569805,3.418938214,8.453960526,12.93828467,18.25580975,17.42034974,10.72423652,2.44711723,-1.003363308,-9.096428113,5.007054305,3.055286931,8.622960833,19.61924416,21.95380763,26.9758142,30.63339747,28.0761823,22.78585665,15.49283128,10.99900913,-2.309043797,-2.514876026,-8.573217431,-1.933340027,5.488245747,10.5057216,14.92160869,19.28577423,17.85111282,10.89649887,3.69061151,-0.137489188,-9.483430365,3.084552432,4.60757813,5.667976642,15.04714189,15.79359881,20.57862282,21.68451943,16.64738217,14.30918913,11.09331751,7.035167225,1.462303836,0.410516407,0.478391501,0.579106663,1.329465129,1.635634865,1.865538203,1.89683156,1.41590173,0.786505118,0.95551783,0.921591763,0.254864142
1965,267.8666894,138.0790239,39.36561673,50.91026357,138.7864285,104.2418549,58.85072355,89.66616828,142.336454,174.6541375,60.15776267,56.1383402,37.33886553,-7.776197481,-8.528290879,-4.964996472,3.58167316,10.63787077,13.24890817,16.02225704,15.84031317,13.54111804,5.330514783,1.294639419,-5.745700043,2.088173181,3.083607543,4.052382604,16.25386383,26.03059248,28.33986818,28.88993696,27.49555836,24.81399227,18.66402901,13.58632907,1.719338176,-7.533680548,-7.470403105,-4.979727645,4.726339637,12.91097241,14.68556002,16.10916468,15.02130542,13.24543146,6.172892162,0.995349206,-6.620259707,2.990247803,3.676382726,3.288849629,9.56647961,19.60605349,21.90893562,20.186966,17.44073363,14.37805242,11.50789558,8.579033724,1.924154556,0.571082516,0.723129571,0.561380272,1.105049976,2.536555722,1.982999429,0.924391154,0.271248275,0.665291747,1.048984211,0.722412893,0.350183935
1930,261.6501463,104.1795265,37.41781991,44.32775248,107.4165855,50.49117672,72.60920397,49.62235378,48.61171157,69.6747356,43.18645077,42.40358121,68.98484463,-10.88738282,-2.339399826,-3.50601295,2.523517879,8.824840841,12.54708024,15.80321063,15.65529647,12.32644486,4.684489501,-2.348564098,-6.13675407,-1.750929227,8.70816503,9.178966078,18.81178314,24.12387748,29.1687751,32.97494467,30.94538187,27.35678325,17.77196433,7.131506516,1.834198876,-11.22969362,-1.336413209,-2.783810574,4.294397945,10.34104636,13.96718322,16.62148998,15.86872012,12.49014174,4.67491263,-2.478176576,-6.611342144,2.169517633,5.374172509,6.122098371,13.28817383,17.44332659,24.76081558,31.21522975,25.82488748,20.85728901,10.81085489,4.309605708,2.525985247,0.53739909,0.903228556,0.805504824,1.362250577,1.598808206,1.771161433,1.401228691,0.790538452,0.775172662,0.699363889,0.687866616,0.561876576
1955,262.1041331,56.78033658,41.75769457,64.6164072,90.82031122,114.0402661,80.1918238,103.2471481,81.37240092,64.42604947,121.5194104,25.94305085,48.18987725,-7.522985314,-5.833630481,-2.44304235,5.791755995,8.927992917,12.20042915,19.86789066,17.30619316,10.82606461,6.23838921,0.475272278,-4.525427133,0.887279121,3.06102465,9.939019019,20.62713626,24.47240227,25.50779991,32.4722546,31.38623534,26.6465259,19.2629382,10.5023236,2.95637419,-7.87765335,-6.63224561,-2.411154507,6.983077676,10.38707479,13.15251071,19.92110373,17.46391982,11.9125642,6.287805808,0.106128577,-4.247572026,2.412677237,2.819637633,6.326925867,14.35858175,18.75432707,18.60899932,24.44614483,26.18037686,21.96605581,11.99890144,5.83119932,2.420690623,0.364205347,0.393232687,0.587220166,1.316970848,1.958591932,1.602175929,1.155125296,1.192374832,1.805166139,0.829214076,0.227025497,0.332211007
1989,265.9814821,26.41401768,28.85852447,38.0879881,84.8023986,105.3627653,51.23247105,98.15841919,68.39615682,184.0201241,33.88921088,126.1935051,67.4317391,-3.970483196,-9.835206848,-1.832000353,2.305284868,6.701503625,14.1918687,17.35638331,16.5382367,10.93990797,5.249878375,0.881278762,-6.676569957,4.687764139,-1.910783114,9.090038754,15.93265928,20.57441794,27.51728048,29.42997281,28.03387135,23.26885756,19.58695168,10.14145051,3.642195142,-3.937041904,-11.2760336,-2.127313265,2.932307152,8.105560272,14.97486087,17.72402407,15.40927877,10.05090468,5.120499998,0.42711625,-7.051075235,3.074228684,1.919212634,5.587496061,9.979668861,13.51675653,18.91211562,19.4759435,16.53642916,13.15491364,13.41654583,4.582593448,3.66552822,0.438906494,0.173133401,0.470462218,0.845231084,1.488676287,1.45616825,1.339286575,0.83103343,0.670448467,0.788493332,0.579779324,0.456417262
1971,268.5372917,18.68144971,62.5146748,41.66948851,19.60857962,73.40510738,71.83632047,182.2516672,51.56995125,118.1224071,26.07889681,41.67821377,23.5148073,-11.50050514,-7.378576766,-4.22964375,0.010996649,5.823277047,16.28413104,15.69073569,15.50871379,14.19520207,10.30093651,-0.003644421,-4.888954619,-1.08195291,2.287134847,6.715192441,18.03483434,22.32759489,31.64174808,27.78985492,28.11061671,26.56550123,23.07196804,8.827699876,4.607091129,-11.16098487,-6.246372268,-2.697344816,2.575139242,7.434246243,17.02299148,15.83075252,14.52560252,14.37707341,9.770231351,0.093373738,-4.406395429,2.505551112,3.018116388,4.661371407,13.66437111,16.25788866,26.7071535,18.45876586,19.31199952,17.51678049,14.64824135,4.473305114,3.596178708,0.606844714,0.771076201,0.996951479,1.638125674,1.564877358,1.552918504,0.947546249,0.106009914,0.925795245,0.423288962,0.634423761,0.708509506
1956,265.9869093,16.99766363,58.22168819,39.93980807,95.42065133,130.5026698,60.38240578,99.10735629,81.20272826,22.39319803,12.31761429,43.61540788,12.57743164,-7.590993991,-4.848329002,-3.029736161,0.168841372,8.742672376,14.65808608,16.62079924,16.94276065,9.151773477,6.395925416,-2.337817309,-7.988790659,1.677552537,2.690973374,10.0854052,16.74593162,23.6707999,29.34526805,28.49935709,28.95220825,26.80434336,23.96795404,8.392776219,1.642741437,-7.179199627,-5.945619789,-2.106323369,2.222511329,10.10209653,16.0646736,16.52879911,16.24292618,10.19505489,7.257332738,-3.260537729,-8.181644188,2.923856751,2.423941545,7.065205578,12.55229463,16.59674148,23.6351054,19.55787401,19.70661107,23.71174573,19.6805718,4.863899254,2.879664739,0.453120094,0.251318311,0.729515137,1.2936224,2.050589906,2.248394666,1.202411282,0.792678649,1.655371401,1.362844481,0.310505291,0.388952665
1972,267.7394354,29.48152212,17.01263447,67.58174916,127.1175947,65.71625457,137.1708575,103.2663425,137.574431,186.2836177,75.13910052,31.67979934,151.8554941,-10.15553611,-8.550474943,-3.328673358,2.183168856,9.060193114,11.72413664,17.02016802,17.7212386,14.30010951,4.707253731,-0.200764439,-1.768892353,0.014932114,1.790503299,9.003243495,15.13828629,24.9398213,26.54034397,28.88898811,28.39283526,25.13360352,15.88215766,11.28878954,5.948518119,-9.749020296,-8.526129221,-2.312431403,2.860084165,10.49761789,12.66696597,16.80768657,16.40390317,13.72665495,5.22495112,0.08966367,-1.95171066,2.697732184,3.119622576,5.903332839,9.180978401,19.06781606,19.58505658,19.19642485,17.01355047,14.2280765,8.606801219,6.67884539,3.230207787,0.660261891,0.566863518,0.925204014,0.958589953,1.706758819,1.588292869,0.655665885,0.20358253,0.612336688,0.868163379,0.750471259,0.535080975
1986,264.4511365,1.931941466,51.40421073,26.78857652,41.40493345,143.763573,131.9619914,96.10795513,36.08518018,122.360185,113.8214486,203.9340365,52.40647051,-8.206276376,-6.116118365,-1.732433013,3.152539252,10.07807861,15.03630205,19.11411026,14.03416233,13.60592053,7.222053902,1.985067363,-10.39760908,2.170050672,0.94091095,11.32975608,20.11613558,23.17273078,28.45232294,30.51301217,27.53994178,26.96206437,18.08350437,9.53680936,-1.74548609,-8.242937723,-8.159705716,-0.795458996,4.640851794,10.78261963,15.25755861,18.93193542,13.13617499,13.06378266,6.477380348,1.184692631,-11.9911498,3.108614425,1.738620146,8.080036032,15.73004295,14.26522697,19.4573385,19.87207167,19.19547918,17.8230587,8.682988076,3.37934832,1.583081708,0.385835919,0.082064892,0.971290185,1.368426464,1.213868564,1.584080757,1.254959509,0.949173814,0.729736397,0.339101872,0.406524944,0.212910052
2000,264.25915,29.90142731,37.20297071,39.64706103,87.17504562,99.70674525,123.7929713,134.6096521,38.86718844,81.33994761,57.08173114,12.52635266,64.39369719,-7.850660353,-2.984498567,0.334808012,1.578736698,10.74790704,14.13582141,16.65934715,17.4296492,11.64676318,6.733543552,1.293339254,-4.561528514,0.418991936,5.616325168,13.44237681,16.50882713,23.68281099,26.47975682,27.6438908,28.80411363,26.16765957,20.69403804,15.1469772,3.539582774,-9.596788065,-4.428961325,0.005874208,2.711099693,11.43112865,15.22428332,15.93374516,15.82429842,10.80973898,6.975133257,1.219362692,-5.595242054,2.393839162,3.865509693,8.846910955,11.15446536,14.67858033,16.65307626,15.76767422,17.41416715,19.46459063,13.75055579,9.712519101,2.847976868,0.241466514,0.292412257,0.479987114,0.754787275,0.961646019,1.408950385,0.110851865,0.02309855,0.308584116,0.671680378,0.606840622,0.293783342
1999,265.8748842,92.80924693,58.55997898,31.98544642,132.9911424,63.41234046,123.4311754,82.891523,81.2958484,43.10677403,39.20324847,31.53734182,37.44902514,-8.218428841,-3.18795108,-4.667729231,5.662343656,9.278565483,15.47763031,19.34214721,15.80226472,9.335313755,3.952106442,1.375435215,-2.842850808,-0.956865436,6.091932832,7.755411492,16.83098773,24.09925353,27.6290082,30.92136511,27.57631311,26.8869427,18.66286321,12.02396486,6.587863169,-10.74157257,-3.415687202,-3.902112542,5.335525522,11.17576393,16.35770496,19.27975927,14.47110129,9.384896651,4.154036145,1.442399225,-3.669313783,1.700483239,4.015303257,6.229847739,8.808761665,17.39913964,18.24928649,20.02793195,16.93060504,23.51663274,12.63437016,6.365967822,4.04402568,0.165017881,0.286150901,0.51792674,0.41262469,1.513223903,1.115024786,0.908757771,0.08429949,0.69943155,0.738679212,0.567172468,0.256972235
1996,264.2681212,34.1485338,14.96418128,28.16612234,72.28724916,168.5272919,123.3125815,159.7536839,30.421083,64.23030033,55.40675691,65.10869615,14.57310223,-8.197431757,-7.191489313,-6.373621683,0.577450347,8.848905353,15.4261125,15.22240991,17.06831018,11.75327552,6.04886894,-3.474748718,-7.648524083,-0.313489717,3.358131552,6.120069747,14.94365551,20.30854347,26.96765252,28.29974445,28.01440748,23.88290521,19.13742873,6.0665997,1.688756871,-9.79094889,-7.559548159,-5.571028382,1.517532589,9.473916204,15.6294558,15.75140838,16.19089913,10.85697201,5.454863766,-3.92432237,-8.225178417,1.659296329,3.837566528,5.303428787,10.12392925,11.16495426,17.00026135,19.79153844,16.54651759,15.07541555,11.56007056,3.759912532,3.150487674,0.194579538,0.371641473,0.571028702,0.859000915,1.018353386,1.154603611,1.147143668,0.380026274,0.265488402,0.568808896,0.320803876,0.309691829
2001,265.3512182,29.51507668,91.90633062,19.0763289,83.9275724,78.68036429,110.360665,98.55895859,140.2869426,61.9535934,194.2915519,75.58548954,49.2160147,-7.105159671,-5.455907312,-4.485976626,4.578478243,9.434345996,14.07332163,17.21409112,18.12772693,11.1130551,5.317928708,-1.407742895,-11.35854911,-0.678529235,3.103003873,6.990131592,19.97488591,24.41637932,25.9235278,29.47865809,28.98855996,24.09868676,17.38130076,7.760839353,-4.422579568,-8.921984599,-6.474332489,-3.870040202,5.96193747,10.99233441,14.48260834,16.97375528,16.44943606,9.998128351,5.550968212,-1.439316499,-13.78343893,1.371260973,2.482346483,5.293754456,13.92806691,18.57009045,17.20419237,19.37569794,17.67707375,16.13282533,10.56926634,4.890776192,1.440201546,0.12906743,0.269026318,0.33502257,1.175024267,1.400649652,0.916396883,0.666791433,0.02661091,0.307707677,0.571121533,0.278983198,0.182555649
2004,267.0346618,32.65284691,12.80430738,97.40405196,34.90868526,150.2672299,153.091507,106.8938753,203.9537386,18.79067238,76.73279441,101.2176869,65.99157173,-9.030177353,-6.174159837,0.541464835,2.539485074,11.81933559,13.81331361,16.62382884,14.69047982,12.085659,6.141382583,2.672483202,-3.532380491,-1.160198361,2.075495157,11.47584851,18.08807848,24.21260677,26.00751829,27.47419763,25.39193129,26.93163213,18.31019572,11.66903101,3.818857633,-9.675268172,-7.667554252,0.628403748,4.256086839,11.99044717,14.56043482,16.25588826,13.43189145,11.69366924,5.336028596,1.299306694,-4.107198103,1.978872888,2.569325323,6.346661604,13.76203853,15.94860381,16.63081571,15.53296383,13.71637076,20.8428152,11.25457557,5.128527002,2.496304646,0.213354966,0.214650608,0.369504525,1.108621494,1.100313531,0.806456535,0.492453555,0.293644421,0.340795092,0.300854106,0.281511561,0.254514433
2010,262.1672683,29.77412057,34.94647504,82.83373516,64.32560479,131.7764749,239.8225944,51.34819682,60.4737089,71.12644021,33.17367845,59.96483871,75.51929582,-9.58155378,-7.848046676,-0.253901421,4.266294847,10.02648926,17.22541548,18.50314562,17.72319472,10.98923986,3.308753822,2.143419365,-6.013887183,-3.34564929,-0.48825451,10.9187288,21.06190121,23.21150016,28.52429903,30.70072268,30.76179603,26.56480871,21.0895671,12.67859693,1.482445341,-10.97596341,-9.151218071,-0.491554873,5.871934288,11.08983772,17.3138852,18.62595698,17.30047143,11.79110792,4.487828705,1.953263718,-6.451202656,1.010421112,1.901217978,6.947036258,16.76807111,16.56373713,17.91548465,22.52268049,24.05443061,22.6032116,18.32767063,6.955730912,2.312652052,0.132313937,0.201435022,0.304361218,1.260070705,1.16569388,0.924213525,0.957764729,0.553955777,0.976764628,0.734305793,0.468924775,0.225590545
2014,265.2279848,49.30437874,73.35049113,41.75690652,76.45894097,120.4691212,204.8450958,104.658655,138.3841355,107.44803,110.4594911,47.66382416,44.93158069,-12.05805212,-12.34819446,-5.329670049,2.242754768,9.048368122,16.02746259,15.27948323,17.85374435,12.28335971,6.596747453,-1.761953222,-7.203736947,-3.454524606,-3.620129507,5.0809104,16.83122831,22.81907384,27.92998029,26.06934202,27.69746348,24.26251795,17.18806939,8.435613659,0.935991053,-14.07269206,-14.10342167,-6.09630741,3.441684956,10.54425654,16.57932246,14.70240512,16.39010699,10.55006159,5.314727666,-1.775769918,-8.678028618,1.720263137,1.801402517,4.314528561,12.24365695,17.90667889,18.67740207,15.48132087,14.80421274,16.07771367,9.970406629,4.661438846,2.216724441,0.282264148,0.305828398,0.45237689,1.100661068,1.443070518,1.182049843,0.750593913,0.28635167,0.339015511,0.426054006,0.557468942,0.264437478
2012,256.9612311,58.04175205,28.84515248,33.22473805,70.64107116,108.5350788,82.34224449,30.87957996,125.3556077,76.21714586,126.750051,87.65937764,79.39121004,-5.49103067,-3.768109621,4.373839291,1.423343412,8.884725946,11.68809963,17.80135291,14.01856295,10.46739395,4.617282122,2.031188162,-1.983581206,3.773709468,5.300325035,19.04328219,18.46732317,26.28793016,28.51004618,33.52656147,29.43584859,24.83714359,16.58999859,12.01516653,5.500267279,-6.454472257,-4.595366017,5.178000224,4.185778108,12.03903238,14.9024108,19.24211954,14.16817392,10.4115951,4.658393906,1.866253589,-2.879813836,3.226564996,3.723892354,14.31566545,14.11115913,23.10076575,25.8694408,31.82037915,26.04720684,18.6647352,9.898179412,6.188566132,2.852837438,0.261890601,0.208080127,1.033768965,1.329830464,2.481847978,2.771482874,1.621571292,0.436106521,0.466595578,0.593866345,0.498394134,0.204261845
1975,342.4086898,103.1247706,108.3434428,174.2809579,123.8748859,107.6778332,79.74384591,96.21277546,167.4812543,84.36873928,43.81389047,108.9026734,63.89563927,-1.86287523,-2.284233612,-0.364762457,5.629182078,14.37014908,17.32218488,18.34317769,20.13171427,13.54333275,8.997277804,2.976478149,-1.120764612,7.784636129,6.471934407,10.11737298,18.85202836,26.3280794,29.58581444,31.21685109,30.32628529,24.14872306,22.89582352,13.88281225,6.822255775,-2.81950569,-2.634833473,-0.490824191,6.539023209,14.07378765,17.72436321,18.57093272,19.21285948,12.29145749,7.953797609,3.046335435,-2.050759233,4.194838585,3.390275122,5.836924487,11.50863962,16.70780752,21.02178686,23.56599223,17.68700186,13.53613484,15.03988073,7.483215038,3.280614207,0.366977028,0.411999438,0.532636351,1.342689637,1.358861803,2.132355386,1.975590769,0.842052344,0.648414093,0.87066948,0.688299827,0.241559941
1980,465.6135912,33.90165456,40.60628628,122.4477023,53.0306541,74.2147259,87.14669437,102.0246037,63.04418722,98.80000248,78.71721036,144.958389,67.31408153,-3.344238172,-6.150414366,-0.548584671,5.004003416,11.28392696,15.75749608,20.25259418,19.38400156,15.49338692,5.423606107,1.553217554,-2.613873404,5.219993108,3.228093437,10.13729786,18.58029228,25.20229405,30.5281165,34.83085987,34.82323306,29.65147494,20.7653557,13.07958978,8.194712255,-3.755815708,-7.070534341,-0.862980467,6.03647536,11.77909416,16.63960625,20.91755041,20.37530297,14.89012944,5.051519054,0.930030961,-2.565395557,3.281231316,3.13887,5.43930107,12.74914654,17.30367434,24.73628635,31.27395505,33.16535359,23.77724818,15.26767788,7.306378195,4.792338894,0.392990441,0.322426366,0.460679933,1.349148672,1.652064475,2.561727354,2.898712313,2.848679227,1.025809865,0.868210272,0.586162293,0.614106408
1930,450.9796156,187.6366978,73.72209169,49.95349785,31.03660964,45.74549046,57.53780701,23.40209218,22.78299596,130.9830828,49.18122779,65.48860243,109.7972768,-7.507219607,0.874147243,-1.057886553,6.570698532,12.27894784,14.86332585,18.0130842,17.29401033,15.06803511,6.964155709,-0.470754016,-3.136276493,2.714151818,13.28914737,14.07350754,22.20158747,26.04057867,31.22572578,36.34584376,34.58945871,29.24864284,20.6215515,11.70094859,8.465669639,-7.501202338,1.777330675,0.559163387,9.048185902,12.58991366,15.77327945,19.97391537,17.76326931,16.01655447,7.216904538,0.545219309,-1.717264318,3.363709285,7.853956619,9.395421273,15.77070962,18.08392885,27.41796118,39.55827451,34.26810202,22.23899372,13.11244224,6.946056377,5.481374198,0.634449864,0.993597704,1.151850765,1.999200539,0.831184711,1.337322844,2.69834575,1.092795761,1.463022154,0.853201605,0.993041221,1.005186844
1928,352.6919188,45.29996305,73.92265532,45.2625219,116.0150724,73.19654823,351.0584744,55.54882649,119.2983502,10.37976855,152.0740568,139.9407051,112.5805592,-4.458518263,-2.536861781,-0.235022712,3.552708965,10.77809276,15.6301397,18.94078772,18.76415073,11.30167733,9.739795681,3.380678587,-4.844733691,6.866326653,8.205244628,14.19649255,17.77821645,25.68179796,26.30232913,32.44378807,31.58826443,27.16536851,23.43922374,16.0737041,7.482627986,-3.773668124,-1.530261756,1.303793335,5.222022381,11.79017466,15.49751699,19.84262301,19.3161175,10.91223967,9.98165907,4.28732786,-4.422520706,4.830238884,5.095723167,9.189940246,11.38124743,18.77278604,15.2748854,25.71515359,23.53925394,21.28133026,15.52092469,9.467875072,5.360191018,0.834530367,0.928738272,1.167454345,1.399778794,1.299260664,0.68639395,1.543630686,1.253117211,0.601789449,0.882094647,1.045939677,0.752316321
1961,321.5905896,30.6634575,91.85827882,144.4853679,106.6104953,234.4416203,109.9498551,148.6507396,64.96880567,46.27791675,23.00344609,103.9634146,80.51296295,-7.020232039,-0.825673294,3.032743065,3.630108758,9.166854263,15.12909738,18.59116773,18.41865019,15.47169559,7.477535943,1.754594681,-6.075066299,5.654774502,10.68709522,14.60578391,16.95817909,22.81625571,28.92947202,31.32277563,30.16857407,29.33327575,23.28290076,14.73929237,4.783156278,-6.799880786,-1.318043399,4.17181215,5.389133421,9.710331911,15.67588152,18.79989322,17.50725827,15.08279853,8.35733927,1.520407558,-4.994219419,5.159711136,6.740189782,8.682615014,11.05873527,15.37705606,21.53144192,23.19055088,20.85221858,21.68374245,17.96316262,9.060668698,4.447541762,0.44064411,0.557956999,0.908788241,1.424443646,1.509006304,1.823506842,1.540399941,0.646841534,1.105491367,1.334947115,0.733632515,0.720327737
1941,369.8758245,71.46869235,19.57230455,27.92929669,84.91602827,51.57114115,56.97785555,76.76045948,83.54450372,71.69393511,204.0286102,111.1404688,81.21715731,-2.669383835,-5.571093524,-2.934178053,7.980233951,12.42819941,16.49592219,18.23165279,17.76090276,14.95248169,11.59330518,-0.018679641,-0.545321718,6.991388244,5.715288861,11.02077878,22.28863821,28.0212894,31.6262852,34.15936553,34.01961565,30.24847393,23.50371423,13.21361015,10.84948082,-1.653699222,-3.862983265,-0.953502652,9.694940676,13.66290662,17.93746224,20.18950534,19.61162642,15.78036764,11.8647707,0.931620915,0.667411524,4.118531296,4.438204668,7.265741687,14.69604224,21.97160458,26.68824454,31.05621116,31.20649613,24.49792785,13.60515407,8.14360016,6.103527664,0.752602576,0.883047391,1.110426126,1.587969086,1.564291071,1.981935351,2.867363515,2.608965544,1.408975399,0.800831772,0.896560563,0.901030179
1933,331.2705013,88.41003225,53.14606678,124.3668375,122.3578872,239.0191362,7.442250882,93.96785845,64.23859553,109.9016797,76.95401649,56.50249728,151.335149,0.394004952,-4.636612679,0.599585431,5.690983541,14.23189222,16.46286751,18.60829837,17.24946628,16.40936811,6.669234402,-1.674757197,-3.892623831,12.02001368,7.695322107,13.53396495,19.45287452,25.58930804,33.73787429,32.80520504,32.00107341,31.44433575,21.63674754,11.55122427,7.075276631,0.840949505,-3.5083098,1.951118334,7.716841275,14.95380428,18.18914573,20.0677202,17.64699134,18.05821832,7.65322179,-0.287435092,-3.204594005,6.893766258,5.441194039,8.180190774,12.30288154,15.37749701,32.70244311,27.14959688,26.64686676,26.27914659,14.84768539,7.343445264,4.789123824,0.836086582,0.901162414,1.117297915,1.652938955,1.238646339,2.247825876,2.213862061,1.122494598,2.222080682,1.174021866,1.061232058,0.807285037
1959,373.8797378,98.35773184,62.10852704,78.21291761,56.13443302,118.0830557,63.473991,55.59996905,178.4350755,129.9740509,85.26655024,147.2745549,17.92416555,-5.989338011,-3.089467097,-0.462900373,5.725441767,14.60725108,16.40166918,18.05209069,20.52021332,15.2421791,8.664383416,2.364799256,-6.492874238,5.314135723,8.588432443,15.00624091,21.02404203,27.39337017,29.78776411,31.67283465,32.0760957,28.6820914,21.61561673,16.94342167,5.417944308,-5.87326896,-2.464639852,1.612762603,7.871737299,15.29870116,17.07759919,18.25278997,20.10410506,14.88058684,7.8028878,3.514730307,-5.36130228,3.758747954,5.543956173,10.61038961,15.24576356,18.91553637,22.56764572,25.80678311,22.59049897,20.92565441,14.09099985,11.47893747,4.696596611,0.517827392,0.652255533,1.070533748,1.906613087,1.6884401,1.862570895,1.48035435,0.932409779,1.019408037,0.622486283,0.913862262,0.618876939
2003,362.5955517,24.24133869,116.5382531,60.41575892,123.7424603,153.4850443,134.1403914,59.6289157,68.90283701,56.84322723,50.21793871,57.67437201,153.2898475,-8.226167536,-4.296824964,2.102417555,7.038771413,12.99061737,14.99623094,19.41144392,19.42423641,13.34066526,7.560440819,0.894224381,-2.68924045,2.78958705,4.384751047,14.18865445,20.2005586,23.48471337,26.5044072,31.04039586,31.84698906,26.05024641,21.68893604,11.77258337,6.805899646,-7.494401317,-4.077441638,1.629510302,7.571176807,12.69707018,14.83969157,19.33965881,19.10251022,12.54752507,6.823213512,1.387965804,-2.927633299,3.695344279,3.223673701,8.511198656,12.63924144,12.15056861,17.38992779,21.43359018,24.23387298,17.35777816,15.76168894,6.720237814,4.20287468,0.413517528,0.35114758,0.490636531,1.045742312,0.600666506,0.40305806,0.797138797,0.469994326,0.415734719,0.433706497,0.465322967,0.298468265
1998,392.2865792,79.05109246,82.76052899,109.3390788,167.6172402,96.93755611,223.7154733,92.22563523,59.33801586,30.00651758,81.6118147,62.29796599,55.90329868,-0.41089173,1.195573618,1.3503308,6.889215391,15.68309018,18.41599294,20.82365754,19.60782434,16.46655001,9.422185578,1.11151347,-1.659984809,7.175874631,10.73657242,11.54379608,19.01953041,26.86388533,29.78177272,30.40675375,30.91021998,30.42350036,23.03842839,10.18448999,6.210112773,-0.751354557,1.381383177,2.289265874,7.624384725,15.5684272,19.05729893,21.08954216,19.07499405,16.17123715,8.664515882,1.606675879,-1.628504923,3.456530247,5.886906698,6.839372788,11.27854677,16.63466846,18.84430665,16.94243738,20.60988126,23.65326903,14.85359197,5.47846779,3.474738299,0.214263773,0.326148099,0.910605852,0.634541875,0.509050908,1.285107018,0.703577431,0.349632164,0.510285639,0.337847474,0.520713791,0.19185544
1993,362.7338834,145.1383373,75.97462847,67.94437675,121.0815061,115.4247155,140.7961539,114.2913729,84.35465668,245.9930256,80.01527438,165.8941934,41.29569565,-3.658202186,-5.298681629,-0.192130827,5.413272332,12.25938273,17.06992531,21.02350046,19.67555062,13.28382814,6.621532013,2.308815669,-2.217667058,5.36879804,5.834140278,10.4479125,17.11107061,24.09649072,28.53332022,32.66889337,31.23827315,24.66409587,19.32692895,11.82970416,6.502344185,-3.734525646,-5.386451331,0.39626861,5.72042296,12.69156709,17.17465129,22.02695575,19.41089949,13.20118367,6.264650012,3.663717252,-2.723180872,3.375250796,4.892210778,6.11056338,9.438509293,14.92721094,17.93022485,22.60093893,21.12803988,14.26745887,11.74042599,5.844534971,3.5350806,0.34948039,0.278324799,0.511666848,0.747380365,1.18815023,1.375719088,2.223600311,0.817330225,0.966339495,0.583623487,0.818877098,0.271409973
2010,398.74251,53.5556811,46.0029931,108.4173247,76.53988949,129.8215053,103.5360828,51.46397663,80.11451622,62.30735746,18.63444283,35.01223171,129.1759647,-6.921448591,-6.331927702,1.790162011,7.617046489,13.84759705,19.94657005,20.36814257,19.24854705,13.54107371,4.266179337,3.800043838,-4.098217935,2.37821265,3.951542608,13.71073272,23.10394373,25.48820373,31.83852948,32.43634137,33.32571999,28.06474973,23.73166191,16.5843599,5.634143571,-6.487244935,-5.20043815,2.717171594,9.830809221,14.66038238,21.15334559,21.60610049,19.81334563,14.33622881,6.563399992,4.690631679,-2.630905952,2.870553585,4.116051294,8.421407877,18.02095901,15.89541749,22.85849189,23.5495546,28.48377987,22.18111934,21.61849799,10.20923891,3.960676139,0.431358657,0.562037443,0.722901052,1.783287528,1.22632273,2.341280454,1.929437344,1.30309493,1.133889454,1.240736044,0.953963432,0.621926429
2004,343.7885387,68.18963428,35.28257623,140.4149681,86.55644575,187.0499295,85.13294015,116.8921865,98.30987885,6.056102918,100.881957,136.467532,50.22686806,-5.07338893,-4.345037571,2.669795249,5.380294963,15.86662419,16.86958177,19.34621441,16.70424876,13.97519065,9.53208767,4.648458583,-1.950780171,5.107370762,7.075944485,16.44164756,20.43200674,26.51232734,28.73276348,30.13715088,28.91006448,28.37949133,22.04164529,15.18920377,8.149684504,-4.864257728,-4.340250418,4.318320018,7.69741785,15.73978757,17.08055076,19.24960478,16.31685112,13.15362962,9.686712991,4.718132922,-1.027840215,4.013470012,5.428506612,10.71707105,14.4451845,14.530522,18.95935304,18.36116023,20.43388993,21.76282784,13.66504548,8.03693337,4.845784307,0.404158232,0.389997757,0.980056668,1.36961142,1.226802873,1.17884933,0.825319336,0.890130197,0.426643685,0.722209533,0.693277097,0.547689686
1950,363.1016016,279.8189497,146.7028719,88.15098232,114.8033036,80.28900305,132.7055723,76.7851478,100.1985719,130.2257026,27.11883033,24.61305854,117.6622305,-0.983124697,-3.779784719,-2.287085601,2.331512166,11.59059508,15.78749092,16.44109661,15.87863054,13.83485644,9.235743668,0.306262671,-2.615558054,8.900651872,5.725367062,10.21356284,15.98501617,25.36677368,28.48793013,29.69832093,28.37346867,24.88531837,23.57674305,13.72239674,8.950675969,-1.399503105,-3.001560064,-0.714409369,3.408624904,12.1839387,15.93760848,16.37852412,15.12109987,13.41985026,8.437564611,1.555609836,-1.772139846,3.296872759,3.167303916,6.130589378,9.571008048,16.23284416,18.16588359,21.37243431,18.02108457,12.87936122,15.6124615,8.498745292,5.012334965,0.40862922,0.513241017,0.84839702,1.022946505,1.415347571,1.310976,0.98576582,0.680291589,0.480932878,0.633865215,0.952647616,0.578561438
1932,221.6999822,126.2410976,33.07240661,50.87757376,57.29624488,42.54080454,108.9753826,68.93299155,134.1854546,142.266267,96.12186464,128.9128032,109.4836064,-0.557035957,-0.909684798,-3.367062829,4.507569607,10.23811162,16.12039916,17.94313742,17.1636746,12.49729919,6.275781965,6.046438743,1.330655407,8.779381008,10.92815221,8.957614013,19.90306931,25.2505951,30.65161449,33.60279579,31.50040634,27.12597516,20.41215747,16.91680908,10.26668767,-0.180205006,0.241626785,-2.466202407,6.748898179,11.26330716,17.05405223,18.88952167,17.56840408,13.37573169,7.05600211,6.70221485,1.508897172,4.721478139,6.518879159,5.881013919,13.62725209,18.47031055,24.56207604,30.30404699,25.5116439,20.18179026,13.27995715,8.925527875,5.035550347,0.784101667,1.005425254,0.860499491,1.733064753,1.309848455,1.551233761,1.617061009,1.089021705,1.343940181,1.068983935,1.010347956,0.780085679
1937,330.1217837,234.1940633,45.1136171,44.08092136,133.9445845,88.61815516,130.0946862,86.02372061,59.07182371,68.21852241,143.3731985,95.70573581,76.73178804,-3.738157743,-4.934455957,-2.471723136,4.958651401,11.12354897,16.15825117,17.03902307,18.27282048,11.59293911,6.193140791,-1.193971442,-2.224199775,5.964073807,5.107469617,10.25494545,18.15796069,24.68972398,29.12008349,31.39496144,32.81185324,26.97780312,18.41814325,10.96556277,7.787003247,-3.780656362,-4.041050659,-1.137825147,5.895031187,11.81551549,16.9808817,17.37041809,18.85268003,12.0965346,6.721954577,-0.673811404,-2.172577684,4.023064168,3.893882278,6.546379043,11.08474362,16.6515996,20.74473078,25.28865404,27.60339492,20.710163,10.69446777,6.645129765,4.669954242,0.61484424,0.831867671,1.020029776,1.112661494,1.162230299,1.416809245,0.901552854,1.239363962,1.041801863,0.960396161,0.915303892,0.70950612
1981,318.1556971,8.380856765,69.38837873,31.49194572,100.8422066,192.3371952,74.93887028,137.9897982,165.2972785,85.24675405,72.15873233,44.42124081,18.59139817,-8.421347863,-4.452416871,-2.092807446,7.748163825,9.248453115,16.69800705,19.29135674,17.53532025,12.5887781,5.507332278,-0.066685846,-3.582844766,2.203744337,6.871599336,11.62293471,21.98509862,20.90226663,29.13087883,30.59970727,28.5081327,24.95012545,18.9217401,11.56148014,5.679345765,-7.924337648,-5.080067284,-0.36068624,8.834376221,9.454142643,17.95416555,19.39560204,17.0501354,12.59762318,6.226864174,0.552850663,-3.74000611,3.307742571,4.808003126,8.075786455,13.83041925,11.41638654,19.26082018,19.17967498,15.87377324,14.59518211,11.1610297,7.451741213,3.444828862,0.49722374,0.4083638,1.026133415,1.625101401,1.190556332,2.504633388,1.5937074,1.065669617,1.161308052,1.211277344,0.861172282,0.55804313
1930,392.2149708,192.9960295,64.52993538,32.81992039,52.60644196,35.86858576,77.78039442,18.29718587,59.78921782,127.0908956,45.51293611,54.57170417,102.2083165,-8.206498909,0.030261577,-1.730368041,5.494841574,11.26234625,13.98384796,17.06826925,16.38272581,14.08890016,6.110614613,-0.626679876,-3.849927512,1.2338525,10.9515848,12.09450607,21.03578779,25.56156749,30.13144008,35.58964224,33.61025029,28.50961622,19.40234928,10.18854286,5.270560936,-8.426629361,0.628146457,-0.507933429,7.339180814,11.87742531,15.11390493,19.07332999,17.45300717,15.00036196,6.486364009,-0.02863321,-3.973766667,2.807666339,6.144562717,7.795639935,14.67711146,18.09138832,25.6803097,38.10625196,32.3956832,21.60463079,12.00893109,5.805836535,3.642516433,0.573537466,0.885775072,1.008386297,1.565049272,1.097353695,1.579487673,2.718086793,1.67799133,1.418616563,0.896948037,0.856742774,0.619653712
1988,407.6380892,57.0481551,116.0504796,127.2257834,43.95325074,39.48579267,22.29729294,112.72778,39.03956321,34.95455912,80.25743808,90.80578963,142.3042107,-8.321917341,-6.576972508,-0.823553104,3.07704755,8.080105296,11.81450255,16.99397304,18.45788024,12.9764058,2.68853603,1.704587031,-1.593599122,1.225119657,3.161323096,11.87223074,19.28573489,26.81917063,32.09801584,32.61182071,33.05230952,27.92063739,16.79686815,14.98635684,6.161873627,-8.347770967,-6.989340198,0.087417944,4.97026204,10.37373552,15.24508321,18.55807636,18.86953673,12.70953299,3.424875101,3.318256452,-1.344254516,2.629893429,3.195870797,7.83829145,13.16024808,23.53791824,33.55376543,28.91987499,28.32310086,21.14880269,11.07457919,9.572453505,3.20059122,0.370882513,0.341139279,0.748701836,1.41558901,2.079638598,4.179104062,2.202878006,1.622544263,1.16944313,0.788683433,1.034670593,0.34516739
1973,328.0516955,51.22933966,23.72379394,191.6991708,119.540122,90.87161332,193.3386121,105.4275223,55.50191041,60.74255978,69.56626787,169.5492836,97.80265192,-5.110116198,-4.09985324,5.141269207,6.057853498,9.434345125,17.18589678,18.91177091,18.59011796,15.86573705,10.33957364,1.608203591,-3.826736636,4.0972317,5.619051684,15.0640321,16.56937968,21.76375713,28.96679209,31.08876226,30.33246355,27.04364747,22.80580936,8.206948251,3.52205358,-4.502467525,-4.060291585,5.259359313,6.903225058,9.87656365,17.25795936,19.25807508,18.23144567,15.7080861,9.854644181,1.75148267,-4.319154493,3.189122667,3.963288159,7.293023015,8.802980807,12.96540832,18.4986621,21.21740169,20.21364471,16.44631916,14.04725078,3.378198466,2.589284982,0.641777297,0.605513565,0.851495645,1.328774074,1.312895227,1.767234639,2.146792633,1.574578018,1.316859808,0.904402238,0.684327029,0.447202039
1931,250.2739713,15.71843044,45.47719911,79.86567079,70.46465229,84.94638264,58.08307591,70.24486336,140.5474583,141.4001534,93.0916991,51.54414952,25.573659,-3.693790771,-1.434184393,-1.306267101,4.616282756,8.70366061,16.0176222,18.25194072,17.05805492,15.7691626,9.630206458,0.948162736,-3.738223865,6.599659227,9.470461245,8.863092757,19.58414259,22.73781347,31.7781928,34.39780233,30.84198381,30.19383907,22.57897294,12.89234403,5.162014602,-2.940107341,-0.915829611,-0.786382419,6.219635344,9.812047286,17.55026292,19.41632326,17.74828238,16.61265556,9.798492221,1.962194136,-3.032022045,4.397646494,5.573988187,5.077259838,13.1365262,15.22113814,27.60294737,32.47387223,23.87102499,23.7736771,14.26745015,7.44966907,3.556787581,0.870074929,0.90417827,0.863349044,1.436108295,1.348671105,2.128300643,1.895416816,1.352832847,1.432673139,0.81475476,1.006249092,0.83909792
1978,309.8332994,44.73969762,12.94862209,127.0574563,80.51209541,132.5353736,55.06955885,144.0939933,98.32870513,26.49588499,70.11479192,64.19745696,107.0592507,-10.86164846,-11.00084814,-2.379986606,5.571958031,10.61485788,15.05311032,18.62961142,17.70971341,15.10611339,5.466939003,2.805751781,-5.463192946,-2.824569009,-2.477949888,6.004704944,19.00669917,21.80016577,29.3683023,31.01267143,29.4582562,28.59651444,18.89150595,11.78025452,2.707443079,-12.28967274,-12.88356363,-3.211668459,6.778677611,10.2696039,16.45078182,18.94180101,17.01772907,13.99175761,5.170983096,3.053727148,-6.316648351,1.523840596,2.023668137,4.055185068,12.60084382,12.65052399,22.59044303,22.2892544,19.49594121,20.36275429,12.04255188,5.539493604,2.452159196,0.218775275,0.283317668,0.450224439,1.755691116,1.279162823,3.090808798,2.574380599,1.64332977,1.063334113,0.993146092,0.943485757,0.410272118
1954,520.5700457,54.53069069,50.2472845,40.09329751,63.12743337,74.3837094,48.70959334,47.53119878,101.5450798,69.77763263,119.7935256,19.45449757,32.04622051,-4.860132102,-1.076896743,-2.247315179,7.603246644,7.411281564,16.44905693,16.70147222,17.98423258,12.38752399,8.666459484,-0.467400605,-4.056299514,5.866375477,11.95712874,11.80227616,23.04984365,23.10666479,33.12226012,35.69689637,32.19633023,30.38278105,20.94187522,14.63642502,7.23704975,-4.336967152,0.108853973,-0.769111846,8.604820862,9.136872729,18.31823156,19.72048585,19.13472351,14.34153474,8.67199622,1.226941141,-3.599638162,3.667928397,7.219045689,7.841693882,15.60688521,16.52982957,31.49556704,38.29289495,26.60390963,29.10548148,12.41376918,10.45815417,4.754416049,0.513065374,0.807650829,0.747114633,1.341424756,1.467663972,2.953500358,4.054826885,1.61699274,2.363223641,0.660761517,1.027514156,0.50448608
1984,349.944708,18.35418214,63.94504789,95.17565451,185.3459584,133.736742,17.42514295,57.46703574,55.85960754,152.983305,109.2740427,145.7531086,101.8009352,-8.398928075,-1.940524139,-2.689164049,4.964564699,8.881239467,16.19995546,16.22134755,17.421598,12.01620615,10.56354742,3.135070169,-9.607309814,-0.029116375,7.836927808,5.715373813,15.61287064,21.62733796,30.97274742,30.14257707,30.64254161,25.08540168,20.91524473,13.17473383,-2.437164719,-8.57992084,-2.225344081,-2.169333467,5.923889385,9.961683919,18.65109775,16.73093961,17.3586125,12.39775346,10.6549069,3.150380831,-9.611815436,2.043126282,4.499463218,3.224060365,8.2854954,12.61472702,24.49154113,21.9959637,20.82730559,15.97383612,9.594220073,5.712434778,1.333013571,0.361379508,0.393158029,0.538736345,1.197302556,1.644636673,3.776590515,1.646887318,1.104779033,1.355927065,0.839698033,0.648923616,0.266221364
2017,330.1061539,85.38357711,14.17295324,75.96562678,204.4626548,189.6257771,67.10354148,118.0095205,37.03536379,34.22246839,126.7111142,75.77387607,38.36977046,-1.4688886,0.18947001,1.079403981,8.747906294,11.62078428,15.3295058,20.20602643,16.93506977,13.74021093,9.500494431,3.908280035,-4.636397444,6.167389331,12.03739532,12.9069665,20.7397823,22.96378316,29.31295443,30.88329694,28.38567273,28.27802496,20.85818799,15.25595098,3.606444313,-2.519530141,-0.486794898,1.86186021,8.598921381,12.66509612,16.53233892,19.38131953,15.94621969,13.78536857,9.727659033,3.278251961,-4.55455594,2.697603292,7.088959207,7.534042676,12.87668894,14.42646082,23.69766098,19.99283181,18.96036018,23.61997625,13.07309979,8.661080639,2.757112878,0.32261533,0.46027905,0.721789422,0.956357091,0.921184604,1.033843225,0.669333602,0.613563264,0.89351101,1.024371145,0.500014741,0.327562936
2008,328.677001,63.57950099,111.787553,229.1168032,91.30576727,166.2048606,288.6308239,114.9514293,26.79495746,114.628675,81.57249419,46.07007853,116.0186754,-6.467535483,-5.241818746,-0.256246513,4.96179219,8.709176059,15.90246423,17.51655218,16.34881283,14.09901887,5.794090741,-0.055264231,-2.324553377,4.270324482,3.054395685,10.79631656,17.95899,21.53883156,29.82344358,30.21073464,29.03665961,26.99587327,20.43942739,13.2337656,5.610254892,-6.493347686,-5.093026339,0.036847774,6.173078283,9.897021917,18.05655046,18.35268959,16.53652969,14.4743111,6.695078773,0.985765725,-2.476512417,3.728980253,2.734928247,6.58895611,11.89084468,14.19753875,24.20995994,22.86689305,20.3256285,19.17593534,15.17647455,8.573470711,2.979394278,0.620735569,0.464316036,0.66433227,1.219724926,1.460418618,2.133602126,1.173106414,1.174100846,1.27580883,0.990331383,0.796117069,0.414660725
1934,548.2036352,42.04110076,30.81056151,87.0333346,75.82329873,44.32275848,83.18611791,108.0794677,109.3484369,171.5449819,47.14933015,24.47966066,54.54584651,-2.689999904,-7.278760473,-2.408947457,4.516098882,11.20461375,16.91022795,19.11707297,17.8961623,13.40853118,7.560893559,-0.329408438,-1.744026284,8.244751488,5.407679917,12.03880311,20.45889755,28.05881758,34.40762086,36.02007461,31.53299052,25.77366127,23.40488051,13.85150983,10.17084108,-2.035561337,-6.460727162,-0.739198566,6.701120585,12.35765729,19.10205449,21.2295629,19.08185058,13.4190853,8.308192055,1.018466854,-0.717632114,5.151447923,4.723437251,7.987432002,14.37638633,23.38520685,34.13807428,36.449284,24.52869786,16.56339152,17.13557304,8.882480835,6.230733982,0.873016141,0.800475188,1.117328918,1.663757931,1.358891339,2.889635431,3.09983039,1.864468751,0.840382377,1.086922312,1.092844599,0.927365688
1990,505.6123068,82.69903612,119.5161631,64.05667246,105.9317759,282.4829712,86.17219607,61.86801931,47.94510482,99.0120912,109.0038603,38.29869939,30.11653478,-1.55288141,-0.703417513,2.257172827,5.011837,10.64639478,16.79048141,18.2458367,17.72378647,14.75742787,5.804051942,-0.077439659,-11.15722214,9.861920843,9.780867893,14.07215717,17.2760419,21.36872632,29.04698782,30.86577659,29.46010606,27.57649486,19.75820307,13.16902209,-0.569513182,-1.286917922,-0.860370229,2.987206645,5.083594642,10.97352193,16.80670586,18.48351982,16.65828139,14.35038591,5.163543009,0.553833585,-12.09179503,5.464457541,5.171087638,7.799009042,10.18896434,10.89935825,19.71479335,23.04602948,19.23316956,19.80257302,12.77194989,7.856761019,3.054582738,0.506489165,0.414078508,0.602915875,0.772121881,1.155705172,1.387641409,1.604391658,0.597399523,0.966718936,0.700518933,0.879826803,0.268710765
1951,436.6206479,92.8641961,126.6393697,86.03959109,66.13737671,45.96412912,156.6314364,99.61108591,70.70136601,122.6345812,97.8197429,118.0534118,48.66361579,-4.424493619,-3.422101459,-0.151098258,4.073565125,10.24052374,16.52025602,19.03883623,17.40310928,12.5647405,8.722443045,-2.201626393,-7.491603218,5.957681072,6.963995262,11.20428046,17.01072296,26.4426609,28.27186625,30.65941343,30.53918688,25.4865642,22.33076183,9.941039419,3.492443465,-3.826831838,-3.099352255,0.583551208,5.096929403,11.66091557,16.95911925,19.18937479,17.9150202,12.61337337,8.917903447,-1.315490267,-7.023953802,4.043171021,4.443683667,6.109323978,10.80550761,21.71702847,17.78746661,19.7194297,21.93439518,16.61298413,14.71880169,6.560100905,3.420751129,0.484847205,0.468229852,0.705499567,1.162685451,1.747285952,1.164267788,1.053412334,1.426188649,0.816124817,0.878408351,0.792235771,0.446542817
1974,467.4615857,84.68338251,56.12618671,100.1313418,117.5337638,146.982068,103.8573283,24.63679572,134.5824591,113.0207576,40.33773032,179.8060048,110.6506377,-3.405467882,-3.268714824,3.458804305,6.25593743,12.92565383,14.61936629,18.44146705,17.9012309,12.31506845,6.059228468,4.211197323,-3.23426229,5.091509015,8.43760109,15.0644174,19.87772443,23.9637596,26.76678917,33.00330438,29.49927768,22.96673518,20.41644909,14.4369261,5.267850738,-3.894261888,-3.101568842,2.9779073,7.347745066,12.70925329,14.75641214,19.57654177,17.61017847,11.76788761,5.968143965,4.352288803,-3.265085527,3.264935054,5.26881667,8.00695658,12.38370739,13.13008632,16.96574729,27.83130203,18.93197979,11.55459713,13.14527841,6.762000934,3.559364753,0.403422694,0.655461202,0.768470775,1.591012345,1.289696204,1.640720583,2.756080955,1.370068538,1.033380475,1.100916754,1.057991951,0.649831277
1979,339.8344174,95.37791416,96.51511106,147.0362375,160.4681918,73.65959717,66.94866362,148.2574566,98.80668246,23.30603681,43.30621551,122.6390782,106.4798684,-10.69652426,-8.888876869,1.932723043,5.73880668,10.21822228,15.38936107,18.48271851,18.49348773,13.35912161,6.537731007,3.561302123,-3.490902057,-3.01833553,0.267041172,11.57431515,17.56473805,23.66499677,29.9401436,30.69545479,29.29867471,26.80621129,21.48066628,14.86266162,6.467798746,-12.02214332,-11.17968933,1.3178974,6.636956243,10.393413,16.3411562,19.08579183,18.19152947,13.12137202,7.061736867,3.63979886,-3.623155667,1.252613712,1.991892078,5.265695872,9.385040068,15.78402422,24.01969097,20.86774769,17.20805119,18.40838284,14.63718951,8.467958411,3.801150427,0.219367839,0.200664288,0.608813976,1.312814027,1.535286502,2.510744973,2.14522985,1.36497502,1.309471516,1.47828488,0.941708878,0.516186996
1967,315.0125635,34.51033464,49.076279,84.90794629,101.344945,107.3891859,100.7128956,136.6499077,73.59465531,80.54787694,131.3670222,89.87798924,120.6883156,-4.539974068,-7.524398109,1.88862086,7.346811253,9.382761799,16.80156108,17.22712063,15.49443475,11.99209151,6.764154133,1.972665314,-3.858527994,7.686295663,6.681903995,15.61109988,21.70394705,23.00333711,29.12097067,29.4964366,28.36946194,25.22818937,20.60385689,14.41642358,6.678612056,-2.981658311,-5.566328826,3.605394249,9.083999036,11.13909808,17.23105309,17.17635734,15.07703112,12.25041837,7.446559644,2.837441133,-2.372117224,5.305071981,5.572897435,9.825155333,14.58656547,15.28235396,20.29546765,21.17285058,20.091117,16.99697182,13.60182119,8.168039007,4.41895211,0.930400485,0.934577695,1.30253012,1.817828376,1.872182074,1.483967683,1.275229141,0.590183882,1.152284883,1.202231864,0.975481319,0.913459624
1975,407.7351293,109.7035561,98.9143923,147.6848854,136.9111163,86.59056047,68.04102199,95.92876015,131.4587979,70.68013706,47.79581759,96.97385615,63.59064756,-2.640181692,-3.211671776,-1.124221954,4.578907814,13.70795747,16.78715651,17.75179278,19.56198535,12.87820777,8.301153661,2.465436681,-1.585143242,6.679464445,5.263335461,9.225839922,18.02888149,25.94271608,29.6930411,31.36975741,30.72957829,23.78946203,22.09818536,13.04792552,5.977665456,-3.28245998,-3.112080366,-0.812174083,5.670491366,13.87041902,17.53628192,18.33558351,19.40088869,12.35131777,7.870726828,2.908941405,-2.210678205,3.732171316,3.095056142,5.521921206,11.11790287,16.61055174,22.26190246,25.15012515,20.23597156,13.55381949,14.44716058,6.964987492,2.942670167,0.463596439,0.548947339,0.692386926,1.408551915,1.729016451,2.5696652,2.505620363,1.553877055,1.094231215,1.116118291,0.812802181,0.335310746
1939,456.9307012,125.912005,113.9484402,89.52039462,170.9547902,60.43408311,128.0549424,89.22195718,103.05713,25.37435744,41.32288138,72.23581189,45.66640302,-1.794002321,-4.212183086,0.737897787,4.245298004,11.82708475,17.74664581,18.52083086,16.9209706,13.5819856,7.03163991,1.028051518,-3.531896142,8.650128394,7.492171937,15.71545208,17.41362264,26.79925981,30.00624831,32.70516974,31.52387578,32.87829401,24.60632599,15.59611882,7.726393731,-1.341745132,-4.32439721,2.104957507,5.552037949,12.8846265,18.05091763,19.47707617,17.48658756,15.79864484,8.062106007,1.314731908,-3.163204738,5.179411786,5.204193994,10.23244642,10.5758085,19.68116337,20.42041946,26.50848924,25.43613687,33.83098715,19.67753027,10.08677131,4.971075889,0.784486488,0.652905677,1.035230275,1.165520292,1.36227585,0.822856701,1.509210065,1.144681526,2.586105653,1.196825783,0.856060585,0.646234615
1928,339.2917809,43.68465449,78.27234322,41.84394286,95.59972746,74.53248533,250.8557776,62.57837357,101.8570856,29.23731161,150.8080117,131.9580008,100.6798625,-5.177558717,-3.187668141,-0.803133041,2.982611285,10.23293119,15.04345458,18.48870187,18.20029119,10.72678426,9.300742574,2.968420994,-5.377526945,5.775974023,7.215773617,13.28944861,17.02084396,25.09930858,25.8098357,32.04733875,31.03277843,26.16852092,22.21501643,15.58059454,6.345333758,-4.515976373,-2.453387288,0.598963292,4.658550087,11.26755022,14.8388719,19.37362254,18.75867926,10.46894526,9.402860159,3.536559914,-5.191620891,4.357310189,4.632239757,8.534218512,10.74723071,18.15473371,14.96689325,25.19329123,22.85479135,19.80840131,13.92218732,9.120830602,4.766588052,0.814228908,0.85213961,1.099599294,1.379778829,1.290164734,0.636565297,1.486826865,1.231337554,0.657126212,0.79120277,0.923713042,0.692399769
1968,378.7487038,58.5814648,27.49109629,108.8217645,131.2878475,132.5255005,61.22066419,59.17321494,79.60665173,67.51831291,23.0331243,62.42325692,178.6259103,-6.881279412,-9.101492329,-0.608172812,5.056628325,9.837099695,16.35727875,17.97634679,18.39214123,13.14984924,6.957252204,-0.737764526,-1.470990779,3.214882618,4.365996423,14.06519112,19.89427562,23.16810621,30.41267934,31.53844326,31.08260908,27.13313468,21.19573492,10.86990549,7.402500897,-6.825563092,-6.321195026,1.02478084,7.122139324,10.87524073,17.2539078,18.96262665,18.99051766,13.27582992,6.87488024,0.613244158,-1.95792103,3.415363519,4.69785706,9.509096763,13.44039207,15.15541047,23.8881513,24.79628772,22.71902426,19.62687342,14.1494617,6.537002922,4.132772791,0.648677169,1.06684684,1.227966522,1.79587954,1.525579422,2.068166107,2.181357832,1.731044468,1.104623119,0.975875239,1.060819329,0.586965536
1956,442.0138213,32.45907652,128.9359384,47.70128019,94.23224783,94.13902235,74.20355517,124.4914733,74.49591373,64.51359463,31.43240286,87.30593316,9.190492202,-6.136979525,-1.458808083,-0.97571546,2.949570468,12.33831252,16.44919276,18.63013653,17.97957919,10.46932759,8.024180231,-1.196562531,-5.519169238,4.660098624,8.196177729,14.03357749,18.63148005,25.59447084,30.06735893,30.87238103,31.18323894,27.72232171,24.82520892,12.61687515,5.884897878,-6.053121054,-0.791125912,0.952849873,5.414051866,12.9806158,16.46888234,18.7636645,18.26355895,11.97771058,8.645263563,-0.249712886,-4.494293889,4.196301954,4.327575212,9.912171505,13.31049474,16.95527077,23.10902125,22.14938095,23.62336259,24.16720567,19.8651574,8.170906598,4.508830964,0.509599,0.488959939,1.195871551,1.779725718,1.835501073,1.277248427,1.284179953,1.686598347,2.110051085,1.160286463,0.952296586,0.672307613
1941,563.934824,64.61728234,24.43245952,24.26012805,97.65708734,52.66821428,95.06660168,76.14541394,64.7802905,71.44441892,204.628556,102.0313432,76.15749939,-3.37612182,-6.226111628,-3.439625641,7.422229681,11.93994934,16.03663653,17.75982979,17.16131197,14.36926497,11.0907328,-0.401354384,-1.085517204,6.089671776,4.8844967,10.55362151,21.89475047,28.10541311,31.68592712,34.13799057,34.35367158,30.39617305,23.12905178,12.39703066,9.698071926,-2.420086724,-4.685442839,-1.543818626,8.948386504,13.11025889,17.1634127,19.44233489,19.02441908,15.40297461,11.37658238,0.747893523,-0.214054919,3.780144991,4.125019372,7.044647522,14.44552599,22.54386546,27.31026379,31.49988688,32.7116287,25.45294231,13.41355784,7.552336759,5.400220644,0.741696507,0.851152783,1.06849479,1.431016809,1.492312077,1.638348895,2.48517977,2.556448062,1.54743447,0.79573025,0.931698191,0.799390474
2000,382.228922,39.43170492,103.0114573,77.11250411,68.47712586,102.7642613,231.2585311,137.190711,93.70258504,75.52680343,24.31295424,13.87245498,94.04729395,-4.990807651,-0.451291814,2.279687135,4.68091878,13.97467269,17.25522887,19.61082451,20.42361567,13.61012182,7.931346561,3.338937655,-2.364465663,5.057733713,10.30200843,15.02054191,18.52491571,24.90823579,28.1064055,29.01117265,30.00602377,26.07933983,22.00273506,17.82010379,7.815425799,-5.22319873,-0.379739994,2.216486954,5.193175455,13.80874693,17.06593077,18.4802185,19.27191665,13.0224358,8.571797194,3.697168308,-2.617915064,4.171240997,6.444314607,9.514049371,11.77228695,13.6052227,16.30779618,14.72893555,15.03240711,15.74962587,14.88066897,11.71292041,4.717878144,0.394653368,0.593036011,0.654831584,0.742085589,0.51300297,0.442732621,0.075664125,0.049932636,0.4130137,0.810954406,0.689359202,0.365828745
2018,408.9531603,51.04968873,170.256877,144.9294156,70.06920408,61.14700006,155.7148692,51.31022679,139.4449593,238.0667649,31.44270186,89.26882347,37.93783812,-7.168728635,-0.677934683,0.547039039,2.257097478,15.90564845,19.84931799,20.7407727,20.16047749,18.02418836,9.202746095,2.40729155,-4.40465234,2.348695349,8.433218886,10.31379349,15.18051961,28.51762262,30.72359736,30.74986508,29.34357195,27.79666006,19.95060836,13.43095276,6.209334654,-8.438507462,-2.812806499,0.907373301,2.812435428,16.5501643,19.7080831,19.56442045,18.9764707,17.0581191,8.292481396,1.359001761,-4.258348117,3.498640368,4.497967645,5.568673615,9.489302089,20.04879266,20.08198154,21.62735515,17.48145088,13.50971458,9.077586265,6.774216441,5.309577497,0.282104602,0.247059573,0.449877433,0.912146298,1.072280016,0.699997326,0,0,0,0,0.434886802,0.448349618
1972,262.4312133,13.46059309,19.92295173,59.26550524,126.6595301,112.6633159,77.67237463,148.4913858,184.0421306,164.5660786,90.70350246,89.92735047,107.2526413,-14.44186494,-11.91527573,-5.776611172,0.173476629,8.401019832,11.07865919,16.03686955,16.65149164,13.0099067,3.304958583,-1.86291756,-5.160819622,-3.283325053,-2.101874615,5.295819903,12.77658348,23.2819606,26.00794528,27.36233562,27.03044059,23.31391565,14.00798954,8.289520991,2.256037251,-13.62471594,-12.67063516,-5.04532335,1.055284426,10.23498712,12.28500106,15.85337717,16.89755415,12.52292755,3.882412727,-1.014661981,-5.232904684,2.269016101,2.229940852,4.292500414,7.843676399,16.61096699,19.2291418,16.96859927,15.67712717,12.55848638,7.490530168,4.984738571,2.440352376,0.653504862,0.484387098,0.795883327,0.952351327,1.783313565,1.653182463,0.657947576,0.955871817,0.580082183,0.833553299,0.857270431,0.575474137
1952,258.4267506,48.26962735,10.950739,94.17621414,36.04431889,77.748592,90.25387265,91.58806348,123.5472346,20.46579613,0.015476329,70.83153466,44.57914856,-9.978053948,-6.102364513,-5.628958897,0.759268849,6.737046957,15.32066431,16.52088653,14.52343139,9.638839094,-3.592092623,-6.672698544,-10.36259625,-0.365355664,3.125068728,4.00411431,16.58551866,20.9180512,28.27624565,30.30251756,26.72211464,25.10037809,16.10239246,3.74973936,-0.530547798,-11.33326898,-5.230595985,-5.354352535,2.853526641,8.43527697,16.09105795,17.75390708,14.49452192,9.733523723,-0.355443088,-6.382510365,-10.84575409,1.657401377,2.976807391,3.273680556,12.64012183,14.83323189,18.68495598,21.90412942,16.73596456,18.86933915,13.63927,3.445938731,2.696253814,0.25907599,0.464746205,0.392950368,1.268484847,1.531225906,1.897435733,2.236158295,1.091890221,1.085718288,1.29712028,0.405039389,0.368049846
1936,275.45025,35.22760467,36.86678669,17.50349686,32.99401599,32.95681607,98.57481879,24.59245064,142.7083376,183.796208,70.34652272,117.2285996,22.9277112,-15.14579544,-17.25866427,-3.804424147,-1.658569381,9.460836352,10.73035033,16.7717218,16.27693554,13.58366457,3.910068891,-2.556617312,-10.28286322,-6.535277858,-8.167172231,8.70286377,12.46599332,24.87408541,26.79085626,34.97872604,32.07373345,24.24354525,15.54945466,5.564920999,-2.038128453,-16.13417671,-19.33717592,-2.326599301,0.108104211,10.79425465,12.01106319,17.22710094,16.53045919,12.94918986,3.928064727,-2.628615697,-10.26261468,1.372932514,1.241440869,5.961999297,8.262348031,18.49943447,21.19924315,35.63431899,28.05078836,13.76642777,8.816597006,3.441175782,1.936536034,0.440536433,0.267290583,0.993978235,1.162893543,1.489567317,1.404060038,0.969819256,0.644725003,0.201813044,0.644767499,0.640348785,0.618876017
1937,271.2481797,84.39578765,44.22380198,38.13764058,90.89337649,84.67205904,148.9302978,37.60498076,64.74358195,58.15108758,80.46286366,24.44272709,65.61806962,-12.1018194,-10.45510885,-5.982451003,1.273184935,7.8845843,13.15558163,15.69068722,16.82377106,10.06342516,3.355831581,-4.257537834,-6.493708221,-2.125858789,-1.014661794,4.129994666,12.83193279,21.59608992,25.72095471,30.33142774,31.13525718,25.08289725,15.30652596,6.630117737,2.946667904,-12.67707856,-10.9135027,-4.716875979,2.805557161,9.476464474,13.95980127,16.16488165,17.30061893,10.11514843,3.802222927,-3.644285531,-7.065885517,2.299316574,2.38307889,3.723146949,7.390444753,14.17130287,16.8855366,24.06983289,24.79613808,18.40946152,8.823709657,4.667566508,3.224522341,0.508884013,0.533474816,0.892772804,1.223908244,1.55638527,1.207064228,1.013228444,0.989859433,0.604410251,0.806190452,0.787356931,0.556177619
1931,268.132947,18.59561535,6.634235923,44.74442307,48.36719105,70.785894,77.88228908,52.47505707,61.17158127,154.0011467,126.6563762,33.10645583,21.98263822,-7.502728867,-5.118252466,-4.565612404,0.784902785,5.084823118,14.60619611,16.4363182,14.78440867,14.23983234,7.839825566,-2.110968902,-7.795142081,1.911124674,5.422553114,5.294188325,16.72981964,19.38600488,29.43692385,32.58718911,29.94293327,27.15327766,18.02655661,9.906391199,0.211774286,-7.15686193,-4.375472092,-3.84549376,2.20716514,6.52415103,16.00677287,17.00198122,14.35240976,14.36437684,8.190016839,-2.241672685,-8.323965512,2.966202491,4.182617366,3.945215083,11.67256057,12.76547726,23.27891612,29.17041452,24.39887862,18.65984256,9.31063344,6.270458426,2.263783438,0.682921002,0.788422552,0.855309899,1.202417177,1.370826781,1.880585291,1.163905502,0.178193825,0.674050836,0.82707414,0.623965102,0.579411954
1971,263.1093335,38.86486233,76.7014343,43.64730503,54.33031448,49.5362961,101.8755958,67.33797387,47.41304698,74.55867493,53.36826807,34.75385583,41.21387386,-15.23888283,-10.41855775,-6.207057899,-1.011393163,4.717838275,15.53510063,14.38667593,13.99147462,12.47663606,9.039419335,-1.781404799,-7.993770161,-4.519831516,-1.498958006,4.150813776,16.27812134,20.57736497,29.08759174,26.70537254,27.50236221,25.2265972,21.08697166,6.752659608,1.179322115,-15.37203305,-10.12369708,-4.981409994,1.869124209,6.467871226,16.7472035,15.07626871,13.71564241,12.67010349,9.121597432,-1.290725029,-8.328276696,1.964439093,2.154891932,3.773871149,12.04175144,14.68687289,21.36956566,17.58046984,19.57193753,16.64246234,12.51476544,3.842023569,2.745962421,0.531698028,0.635410017,0.869707573,1.64455017,1.500643363,1.939332903,1.261492781,0.627389252,0.850474184,0.755890416,0.721424097,0.573321851
1969,263.4032769,61.7527468,5.233486254,26.30107601,89.92577945,75.66150566,259.2848406,112.0716731,24.96559065,39.15580108,98.14512599,38.15432958,70.0214489,-13.08832962,-8.174232965,-7.147239269,2.340829497,7.556689816,11.3468349,17.34187355,15.4263868,11.18535142,3.400848719,-1.471525948,-8.626827376,-4.454726887,0.625587702,5.353991384,15.90588059,21.87855457,23.3883458,27.94339896,28.74620906,23.33218231,15.1349431,7.458871885,0.017444028,-13.16151866,-7.593866428,-6.519181649,3.611366848,8.711949122,11.70518866,17.40898954,15.94474634,11.31463501,3.955272697,-0.956655691,-8.610539615,1.629730633,2.561076766,4.800159095,9.980256902,14.8580286,14.43012368,16.78705339,20.71392247,14.38912857,8.640079068,4.278910692,2.369307084,0.530642815,0.683403773,0.722264461,1.146303513,1.350496129,1.049832858,0.843544626,1.18120514,0.826209378,0.875699783,0.750851013,0.625236899
1985,264.4091821,33.26998658,66.65292141,97.04516425,32.32282558,84.33308634,60.70701569,49.82731994,90.2589583,93.39601217,130.1026023,91.67294205,56.41330235,-15.17244073,-12.29652571,-2.345824495,3.261210343,7.816507761,10.27324062,14.80741149,14.24876799,12.00472004,4.580280375,-3.038050314,-6.316492087,-5.173075451,-2.961740009,9.109498101,17.73035044,23.67107295,25.16534387,29.04583802,25.82291419,23.23279982,15.96030645,8.439537104,2.574559887,-16.66457336,-13.04437134,-1.63135859,5.259072321,9.334575632,12.19899335,15.09946985,13.23091611,11.58634873,4.495392859,-2.667743814,-7.792795056,1.477966536,1.703963213,5.681477035,12.59494554,17.54033403,18.23638208,21.44214449,15.29803932,12.70892945,8.516114975,4.863719109,2.25151137,0.181359518,0.265322028,0.512447296,1.74707524,1.802366251,2.104649281,1.566618562,0.52647251,0.975148221,0.714246463,0.622104402,0.307187578
1998,261.4859619,33.39845357,72.18918081,116.0780512,110.0598368,83.70752747,169.4404989,47.8408661,173.4697617,87.07533632,117.1296717,26.87887916,31.39541748,-6.977918957,-1.887449619,-3.043250869,2.305963009,10.96038289,13.88779723,16.50384446,17.36111152,13.24730498,6.406800794,-2.808116738,-5.190139968,-0.308204678,5.323998731,6.023953498,14.52229409,24.07209132,24.95488472,28.31858142,27.48501895,25.68112009,16.84704656,4.882053814,1.163415993,-7.374310967,-1.58638443,-2.192211006,3.388210363,11.25622554,14.14343427,15.85334872,16.54266213,12.01814382,5.443552438,-2.816929362,-5.465457402,1.481980229,3.117948353,4.746622463,8.857534634,16.18659024,14.18990334,18.08366565,14.57436935,16.71274748,8.271181224,3.017923263,1.924487519,0.260998493,0.254380756,0.526240953,0.713235495,0.884416343,0.611923354,0.596244694,0.318887708,0.295690223,0.301714266,0.304361454,0.21303053
2001,267.6614295,42.76565662,85.71619418,20.57954892,89.61893659,133.0674255,98.64993163,64.88013505,93.4620647,170.5877175,76.48920461,36.27690261,56.90281516,-9.804157111,-10.33016589,-6.024528263,3.0920814,9.07916889,13.02552338,16.410879,17.15440309,10.82071944,3.898331292,-3.387438866,-14.71740256,-1.752382717,-1.70426018,4.544561971,17.72891152,21.98481277,24.91462256,29.42957524,28.02291339,21.88802114,15.49742361,6.045372417,-6.381110446,-11.67565959,-11.3675188,-5.310118951,4.029565188,10.36780368,13.51768118,16.4856112,16.19186558,9.492406052,4.3286148,-3.102149517,-16.89202362,1.541005456,1.631181317,4.137675803,12.20571812,14.44449154,16.56398429,21.30750711,16.47170449,12.27634343,9.181454036,4.463147392,1.200738404,0.181606435,0.244443421,0.388922447,0.800514928,1.029730218,0.754783296,0.660152294,0.516521996,0.302877928,0.709335508,0.413669681,0.146106193
2014,266.1762411,30.04432808,36.62735514,33.37261211,131.8344045,56.33123971,258.2701298,94.72630777,87.85404223,66.00871582,88.69365782,54.81563712,26.84982411,-15.41605651,-15.74090767,-7.434647464,0.624685801,7.480457888,14.7272349,14.19620132,16.52042918,11.13219724,4.476912596,-3.598598129,-11.07967625,-6.185609956,-6.215837905,2.519597421,14.39285013,21.13726919,26.68336928,25.61063162,27.01815326,23.0440001,15.381402,6.312429051,-3.024858097,-18.3450866,-18.08091856,-8.549044296,1.355838556,8.771607797,15.64287412,14.1497879,15.7026792,9.296326269,3.685148382,-4.079979914,-13.19239609,1.41396289,1.681465693,3.697902204,10.49951022,15.42570004,17.81230235,16.06966591,16.04806964,14.90962075,8.855273395,3.937098819,1.655848433,0.187102626,0.268932838,0.411111875,0.897031879,1.449501131,1.447970318,1.139094331,0.671725363,0.391087927,0.546614049,0.435979703,0.177549322
2016,261.4537095,11.97533347,14.36222162,87.84680036,63.11401037,96.96806936,183.5051417,136.5108054,129.1228152,110.1005678,78.54872405,141.9675013,127.438321,-9.516745301,-6.63599159,0.412915102,1.753066844,6.86167051,14.47980617,17.4670428,17.96396405,13.89046147,7.949578994,1.039875078,-0.526306621,-2.779332957,1.46931276,10.01585838,14.547667,21.3708942,27.50289641,27.61639213,28.08823881,25.50635264,18.48248822,10.60332361,5.51679117,-10.97540004,-6.779881384,-0.584559566,2.709147532,8.532278392,14.98876852,17.03064365,17.09249764,13.48159144,7.354798941,-0.175906956,-1.550417919,1.595820222,2.875839174,5.966193135,10.46224733,16.09430451,19.92827499,14.78031072,15.44591641,15.26391063,9.916847928,6.019837196,2.383137559,0.204965195,0.433573878,0.391010444,0.956329604,1.074038013,0.995704583,0.528719535,0.231486511,0.302790619,0.391246466,0.45613012,0.162528979
1947,347.2081944,51.30707407,5.707932659,49.39499466,172.0611005,118.3938284,107.155786,74.71202255,67.93388758,92.54569695,52.46440397,70.46351237,52.47256723,-7.260508038,-12.33319332,-6.023431216,1.718943813,5.222739935,12.09408217,14.23911769,18.25728843,11.96029131,8.822069183,-0.245115104,-5.55417312,1.580784336,-2.666879878,3.892185964,13.99968691,18.45486643,24.9655037,28.27330153,32.97521756,25.29132305,22.53308629,9.758095577,4.404341246,-7.793111067,-11.82074146,-5.486392882,2.377617995,6.209394257,12.47690199,14.58448751,18.86617654,12.13759236,9.261856341,-0.695688923,-6.318460347,2.528642626,2.066438992,3.377082786,7.805597548,10.9247206,15.80168794,20.73644396,27.74452402,17.01202928,15.03011159,5.11165782,3.49849408,0.388980268,0.605985662,0.595403312,0.890161069,0.983064935,1.16138531,1.249955776,1.348113687,0.950180437,0.940422344,0.257988717,0.404514433
1980,258.4411469,22.39628236,27.758671,26.20254725,80.94123321,74.07717124,91.67436495,98.20158319,164.5262235,179.5506939,61.28293335,73.55047342,57.85641391,-9.245798289,-10.34357989,-5.402433288,1.294734767,6.617809066,12.26235353,17.64440983,17.93379484,12.33147606,1.477702095,-1.127615172,-5.591391777,-1.365972455,-2.07586839,4.200746455,13.50479345,22.5198481,25.47190431,29.69947373,28.27709118,23.80778342,14.74311809,8.432999404,3.836607494,-10.10821385,-11.86818039,-5.334558186,2.316707813,8.583762573,12.52952267,17.06531163,16.86908114,11.28455681,2.220220508,-1.45067965,-5.835193026,1.703121586,1.846574606,3.62484383,8.601051719,16.20733715,16.74349349,19.17912697,16.07827753,13.09942968,9.403856585,4.935113942,3.253754275,0.142509871,0.266858928,0.681911459,1.165050639,2.095671083,2.296228841,2.089122777,1.494000872,1.219955392,0.984530383,0.534820903,0.43966973
1971,256.9395834,31.36026412,51.81252152,45.00208208,30.86209068,47.80171509,76.96647299,67.05320509,71.67570616,57.01391116,34.85191674,51.26945788,34.39760564,-13.43037944,-8.792120217,-5.222669277,-0.52043522,4.743168214,15.53200608,14.77106647,14.73637367,13.37748327,9.753924939,-0.964111166,-6.630772133,-3.32069112,0.225663253,4.785727177,16.12775067,21.17569622,30.09665666,27.94079798,28.24384988,26.17272225,21.63929897,7.494459011,2.502913343,-13.63433046,-8.500178899,-4.27412907,1.523695624,6.283501714,15.84369925,14.88029053,13.52225785,12.90768887,8.878549295,-1.089070461,-6.840018895,2.048370255,2.460679403,3.844970968,11.80881432,15.54043377,23.68768022,19.78442706,20.4430877,17.63754697,12.85825907,3.980604513,3.029373112,0.511209955,0.617164903,0.823462584,1.320020429,1.402169435,1.031484964,0.811987055,0.044017608,0.364673421,0.227407836,0.541956045,0.57834542
1938,254.6923096,82.00305908,52.57463142,92.80578351,58.64681266,117.4828296,168.4289535,123.430323,99.12506906,162.4667021,26.47102727,25.59213515,26.92957002,-8.818971508,-4.073262527,-0.441168006,2.159032101,7.248700392,12.82941476,16.23409211,16.75592286,12.11183601,5.428620486,-3.873228588,-8.467190696,-1.016599807,4.037244154,11.98085849,15.36139419,21.33017036,25.62020095,29.5481632,29.72435432,23.46023925,20.58920822,7.615330244,-0.992331037,-9.031806913,-3.380670581,0.506885643,3.597801854,8.557710915,13.38270147,16.40252363,16.99311312,11.95488085,5.976470627,-4.004659233,-8.297049748,1.994723447,3.058792078,7.399930033,9.527843018,14.20556006,16.99603919,21.76343069,21.55364556,13.88443097,14.42495968,5.193724634,1.915823528,0.61168813,0.750270782,0.873090815,1.236586165,1.337421305,0.999340253,0.689730973,0.691674599,0.564846742,0.866801649,0.671205517,0.664777185
1970,340.3839688,19.43059436,16.12663794,44.11517971,99.60564774,159.2482389,156.8436857,97.78586857,36.86290136,256.6524556,76.75304104,36.69841944,33.87576938,-13.8679669,-9.313460648,-5.327885323,2.142605542,9.326940929,13.87995249,16.18661145,15.92455169,12.62206608,6.076583769,-1.71857052,-7.157447293,-5.949018409,0.704754604,5.321308709,15.32094114,22.74445162,26.45604358,29.45263169,28.71827723,24.1381975,17.8271051,7.093883237,0.25522363,-14.83249742,-9.665700392,-4.397999369,3.667669564,10.00030178,14.36222147,17.0028299,16.11120183,11.86217846,6.389579246,-2.461934794,-7.889376083,1.304900854,2.821047414,4.203483193,9.553205406,14.81268306,17.31123813,21.52622728,20.11669536,14.24849694,10.04763916,4.089730787,2.123118744,0.419830131,0.535941485,0.788382886,1.224918353,1.220577512,1.187811729,1.674640312,0.951600586,0.276445208,0.811228263,0.463445566,0.476791095
1940,253.3964282,34.57414789,29.72939044,35.20019626,74.0707617,111.165893,88.60871752,49.51146293,149.5005354,12.48656203,77.59735309,17.90028752,10.5140618,-15.16811374,-7.087789787,-5.229696172,0.081980189,5.417009739,12.71719808,15.36125345,16.34705185,9.730898349,5.869724209,-2.063444812,-4.225578816,-6.010321018,0.910363854,3.45356718,13.73640577,19.03756667,27.2969844,30.80840529,28.03300684,24.44046822,19.69489962,8.938330826,5.085388221,-14.68966358,-6.37883976,-4.654839586,1.537208591,6.967002731,14.00805985,16.06685572,16.08913819,9.875710251,6.096591515,-1.391040179,-3.694396767,1.491245173,2.370199372,3.123397599,8.751501976,12.18638476,20.43550023,25.79905599,18.25550572,17.62246007,12.87086083,5.534006509,3.694619348,0.549779989,0.727885312,0.760380673,1.163417414,1.454508626,1.571270128,1.261734206,0.413240338,0.669043765,0.68852548,0.830671736,0.711165777
1932,234.367605,53.2853805,32.64123453,76.36829404,25.33508847,76.93828072,90.36864116,71.73500165,93.44361219,36.0354891,114.3954541,122.4099165,60.58023414,-4.552579238,-5.828323088,-7.029195062,-0.060005686,6.79285665,13.39107829,15.80740499,15.4800134,9.919954709,4.369728357,3.163267086,-2.151106062,3.013215386,5.464669916,2.383775209,14.8308371,22.96849892,28.13346889,30.84971284,29.31502797,23.9411662,16.19255199,12.97937369,5.059705925,-4.215783648,-5.443490185,-7.296197987,1.645208767,8.618360101,14.63616464,15.97503994,15.2712732,9.549957232,4.52451232,3.048725875,-2.134432279,2.680922072,4.427030532,3.074283678,9.944972122,17.13041388,21.52960466,25.28649768,22.0352317,16.50086862,9.295852637,6.603624861,2.979465807,0.699143298,0.670200723,0.540217751,1.227712585,1.648605722,1.625920683,0.715954622,0.363533761,0.423400893,0.701471771,0.636044083,0.685277353
1937,227.6844516,73.37076505,35.86168904,28.76071626,123.6622162,74.50218644,116.44279,27.74993065,91.80706522,45.43137637,60.67274749,28.73240202,86.27662759,-9.374034548,-9.24606478,-5.355226191,1.321607371,7.091919704,12.82677111,15.55726097,16.79242593,9.901842749,3.807915382,-3.534915549,-5.343617866,0.113390209,0.249927613,4.614445431,13.22111326,21.89821285,25.77926462,30.50359677,31.2324657,24.45092257,15.11018462,6.996385501,3.991325124,-9.811850856,-9.361558509,-4.469476772,2.448875249,8.591168966,13.33903825,15.9916832,17.21199571,9.999064344,3.787719624,-3.242991929,-5.514593005,2.610232213,2.629606506,3.815401296,7.748620413,15.21439269,17.31781455,24.65950655,25.13121405,17.44248593,8.435613671,4.67281166,3.436467511,0.525152211,0.55730102,0.814076339,1.137981949,1.490114888,0.964593443,1.033482346,0.953889669,0.695150446,0.64706328,0.790460092,0.606981229
1967,236.3462787,53.42297845,33.42523729,42.25415205,135.5339062,49.35467305,136.8774478,63.50062494,68.02644769,69.06786027,109.6851216,97.3822868,62.2639384,-7.968002408,-11.7925482,-2.79253336,3.201178761,3.708431958,14.07032314,15.08639565,13.90399384,9.969324681,4.366288504,-0.319047372,-7.20267787,1.713650996,-1.526468961,6.688971652,15.14814138,18.83337568,27.18694257,27.33917215,25.50993528,23.10719109,16.10780594,10.06689101,0.561908877,-8.580690854,-12.922392,-3.103061906,3.534278679,5.770443483,15.28345524,14.24581027,12.73617091,9.593689847,4.985635076,-0.525312971,-7.577670219,2.897675407,2.369055174,4.242726679,8.561364615,12.8788563,18.81097148,18.07369853,15.65877051,15.15522191,9.355606467,5.482368727,2.194422621,0.513919554,0.459333264,0.544961181,0.740343808,1.6123393,1.774924418,0.276604558,0.007741773,0.600823703,0.958245701,0.548222056,0.51943313
1929,253.2676155,91.63530586,16.724535,69.37923254,144.7473929,68.86053192,134.7119813,87.67704922,48.97007854,84.29107797,78.2528897,123.0961314,59.42182978,-14.31956945,-12.90821585,-1.685437414,3.297023876,5.192693623,10.95640701,15.83338016,14.24607154,10.79956964,4.469623649,-0.080198577,-5.623337699,-3.841942146,-2.556462256,10.91685148,15.69742237,19.93697545,25.10883405,29.48476021,27.56312364,23.68816864,15.56121665,8.44272922,2.85152349,-16.19209829,-13.70474433,-0.638607517,4.344728447,6.7322716,11.70777974,15.81496068,13.66025321,10.32327687,4.244747994,0.209815973,-5.676938474,2.043733864,2.252622548,6.991362164,9.288804953,13.52520784,17.71080336,22.00970738,19.48944126,15.34198878,8.578210323,4.353662874,2.901246533,0.215287651,0.473945142,0.922566416,1.1624597,1.419917232,1.118341287,0.566228024,0.124878265,0.396636209,0.5724544,0.810116002,0.672171399
1994,209.0076644,41.96643405,67.61867458,21.97867131,47.36048687,36.16071827,136.2618476,72.45942289,147.8589257,48.28871597,34.54492262,40.69362568,32.82300786,-12.9152866,-10.93717307,-3.667862558,0.662793423,6.136702702,14.4905431,16.1963772,14.95204671,11.99665589,5.51442887,-1.862730882,-6.296943295,-5.487294063,-1.950671428,7.893428242,16.63966177,21.69105366,28.53277547,28.02562195,25.74689988,23.99864498,17.93086307,7.286777453,0.803692701,-14.61328346,-12.35043607,-2.82912577,3.84676433,7.079041524,14.11922656,16.00126843,13.64103844,11.87319104,5.708721318,-2.043729306,-6.473788978,1.102544632,1.950346206,5.554405849,11.42525241,15.34394397,19.63780173,16.04881116,13.25711993,14.74618636,10.33024793,4.195467128,2.192667631,0.165387263,0.288217552,0.534455766,1.726833822,1.460771867,0.948864395,1.020444513,0.516143652,0.764270367,0.763452888,0.373883901,0.296600182
1999,270.369937,89.22565457,32.20243031,27.704809,170.5473388,95.89632386,159.3232811,83.40928912,71.07271206,119.1247688,25.35584525,41.07828989,38.13476339,-10.05911927,-4.286703821,-5.637588328,3.940371149,8.461617556,14.58933606,18.64911907,15.15454527,9.245746351,3.023449505,0.505707034,-3.936627249,-2.786206268,5.003182599,6.715834179,15.54722142,22.69526787,27.03924778,30.7697765,26.46057378,24.23819494,17.58408679,10.56033568,6.007969532,-12.02812097,-4.583306594,-4.989534187,3.781966808,9.925814931,15.44479498,19.01393482,14.32420729,8.54748956,2.762392105,0.730946169,-4.663328087,1.44719025,3.75172849,5.843149585,8.666185635,15.65415491,17.67598194,20.98957441,15.90949604,18.27161252,11.74607683,5.488728926,3.788638042,0.119804063,0.231294097,0.477352879,0.361886071,1.209288397,1.172537532,1.1639637,0.382700016,0.41100752,0.727715657,0.606994715,0.266453213
2014,266.3454829,55.65465001,54.56982891,34.67827149,70.77075755,102.568235,185.6121151,112.4837913,141.3098124,73.30546416,78.22111236,82.23690874,37.33165808,-14.03767197,-14.42655692,-7.005246436,0.818161954,7.78611254,14.44765964,14.14752704,16.6659395,11.2381218,5.169705224,-2.726514489,-9.270426259,-5.690694046,-5.331871817,2.931880118,14.82050702,20.96580792,26.8987783,25.75778168,27.23385659,22.95863282,15.8165754,6.984864854,-1.319604028,-16.39244672,-15.66170475,-7.875510747,2.056697902,9.349164971,15.60840654,14.46053339,16.46837701,10.24614718,4.610111985,-2.904524696,-10.94466345,1.340751345,1.681026419,3.578892169,10.61034496,15.02700018,18.06580747,16.39677506,16.00764502,14.23955623,8.689751358,3.90862259,1.817971095,0.224787988,0.324103211,0.459746274,1.109073426,1.490739932,1.913874644,1.411901819,1.08997508,0.737655937,0.73738522,0.503337395,0.251812706
1971,279.6199352,19.2411096,50.25168821,42.58298359,19.40591919,57.02067358,73.75843891,149.3895723,57.40006332,104.4275149,21.94855305,47.90107064,22.73310267,-11.90365432,-7.598446008,-4.383489064,-0.091496925,5.417971457,15.94447751,15.43545787,15.3952058,14.2049467,10.29902411,-0.133051008,-5.197574836,-1.59808454,1.794844924,6.101143365,17.48707631,22.16586938,31.41011875,28.09181774,28.16063039,26.6116443,23.00478762,8.717401583,4.006283691,-11.86157188,-6.718443169,-2.979978536,2.161518819,6.998087401,16.62660048,15.6361194,14.40151091,14.12174122,9.597061099,-0.014090597,-4.899577924,2.387389246,2.846649708,4.343911437,13.15382044,16.46646794,26.52331842,19.41466601,19.62252573,17.64140233,14.60794272,4.44908155,3.375764588,0.567587933,0.729473935,0.970108193,1.48379495,1.529572128,1.488449182,0.983140145,0.097976689,0.720661908,0.336562395,0.636769744,0.673378762
1947,326.7656011,54.50787285,5.103985245,60.83952755,166.508362,114.5884963,117.9922466,38.21826894,107.7794863,87.62031259,71.41445203,81.10234741,59.85497863,-6.086664851,-11.11566766,-5.144030312,2.751620291,6.219847205,12.85311165,14.73254543,18.80949315,12.4782306,9.320222907,0.860962546,-4.199841065,2.859091854,-1.119747986,4.953431678,14.922248,19.24488071,25.7650562,28.51666367,32.8312032,25.54034052,23.02395991,11.48571044,5.982949567,-5.984104705,-10.12721473,-4.189887435,3.51649331,7.494972862,13.90901892,15.60790704,20.13212235,13.09801357,10.19238922,1.238808098,-3.958482622,2.818593329,2.404393342,3.758892705,8.253007187,11.24340104,16.5025503,20.74002716,26.73925488,17.05040645,15.44950883,5.882084185,3.991873562,0.482201571,0.624136547,0.664792555,0.940596362,1.218551533,1.544943582,1.669666377,2.193371757,1.28400835,1.222817879,0.602970634,0.584838624
1930,307.0024301,87.01680719,36.44723165,44.3385029,104.3993782,48.9110064,85.00683559,46.18236626,45.93571159,74.10166072,52.56727815,48.49760999,51.97587859,-11.38729606,-2.757234716,-3.743925833,2.10912777,8.383957112,12.21361264,15.62017345,15.5176199,12.08233612,4.606573403,-2.734897828,-6.472910276,-2.133369798,8.185206702,8.765818805,18.08673375,23.75403776,28.6381137,32.63417087,30.6864991,27.05360222,17.2511927,6.895938848,1.339662167,-11.73661841,-1.623063972,-2.979741198,3.891033807,10.21721762,14.05461276,16.54568996,16.03048897,12.33795825,4.738957609,-2.565131964,-6.673084771,2.12539882,5.167054427,5.920660435,12.61246717,17.17741397,23.80218402,30.26540363,25.30027495,20.47780059,10.27813318,4.302621386,2.388233766,0.523546118,0.901411235,0.791365062,1.334509742,1.766292302,2.077605543,1.470159845,1.049356038,0.825579128,0.732408017,0.735295099,0.593501392
1976,294.5160925,29.17827217,68.50974931,129.9999427,84.30559319,122.6695801,89.40337599,85.32543116,40.36009017,67.44531559,54.28921238,66.1151403,60.78284709,-10.15172045,-3.337026291,0.633002446,3.210649806,5.933743754,13.14582534,16.22383164,14.43937077,9.489270811,2.055365354,3.426618629,-3.940088958,-2.024638685,7.302597981,12.154215,18.06358199,20.04144933,28.34726665,29.67818474,27.34699704,24.57174344,15.16643735,12.66485758,3.139979635,-12.40635039,-4.767440754,0.054131244,4.687623922,7.416734458,15.22653088,16.80432909,13.8642288,9.684127015,2.541399179,2.690509135,-4.634234839,1.542006555,5.071747414,6.660177473,12.47244847,12.95669022,22.46222024,21.93370426,18.32308521,18.71601568,10.9519111,6.227327879,2.254336415,0.127779961,0.378678006,0.749100868,1.638069123,1.90666055,3.272771718,2.376578136,1.388677478,1.545518912,0.815455395,0.566915368,0.407309125
1987,296.4474801,40.80239251,1.022008645,30.29202541,73.33823965,129.1227416,90.05289304,78.32315591,137.9914984,61.70650165,40.61102793,65.61670163,28.86982721,-7.333306986,-5.006416343,-1.906034852,2.166982767,9.459573827,14.62346484,18.73707193,16.88892595,11.87380221,0.940009599,-2.274199975,-4.138203549,0.216258066,5.634190923,11.40502854,17.63359792,25.71803473,29.52017783,30.55727421,28.61994014,25.23999281,15.00005655,7.164401679,2.825794036,-8.602419598,-5.374159835,-1.426079365,3.280475013,11.12587441,16.21259287,18.83785758,16.49916944,11.28377742,1.571007321,-2.78918431,-4.69047559,1.938745916,4.196638478,7.929088459,12.43504187,19.16834403,22.91386682,19.65369942,18.52390834,16.83555034,9.856413768,4.28581242,2.194451972,0.198768367,0.273327825,0.558978491,1.027801974,1.892017539,2.313228595,1.493400371,0.844552246,0.587251268,0.768818399,0.266419914,0.142011402
1991,367.7375167,32.52166575,13.41485489,113.4111554,105.4536626,136.4173142,10.51709903,41.75856395,63.70808252,58.17184832,185.4659598,151.6893739,127.7101236,-9.287904296,-5.273303737,-0.577236146,4.604940528,12.97404334,15.0681834,16.14897641,15.8242248,10.21831251,5.499743455,1.794031599,-5.47693195,-1.683814193,3.512881014,10.00528248,17.98621916,25.12405594,30.40880318,30.88628824,29.84810955,25.16665213,18.62639808,13.33327875,3.354598485,-10.21655338,-5.215660891,-0.769249892,5.49804189,13.17538342,16.82062008,17.36552006,15.96366449,11.04945066,5.584791037,1.541759861,-6.502065659,1.606164806,2.969075009,5.6546966,11.04552738,15.03401175,24.87562525,25.52141854,23.3943711,19.05363961,11.13240704,7.286557795,2.839197341,0.218709854,0.403291407,0.442191233,0.993444393,0.954165063,2.223616065,1.848944744,1.013894976,1.240100033,0.664455064,0.746814021,0.24932615
1991,368.613704,28.09829239,14.79860878,95.36099173,108.4654256,155.2288994,25.27054878,18.90883292,48.41720952,58.86067914,206.9469163,139.4949967,57.41501822,-10.31298624,-5.829678808,-1.006292073,3.885228851,12.35632329,14.46466658,15.49114482,15.08182929,9.497840313,4.592817934,1.158155993,-6.392233184,-2.184137648,2.970849493,9.589144629,17.56292731,24.96857041,29.63655807,30.56088792,29.48223254,24.36860013,17.88508221,12.4934866,2.417210134,-11.65158489,-6.343784959,-1.082534821,5.382885611,12.76448786,16.45641485,17.56883302,16.52014686,11.05970329,5.267965236,0.81441259,-7.156732502,1.592091215,2.76540156,5.342442526,11.00405481,15.13021233,23.12642662,25.17827767,23.42154235,17.89483188,10.72422588,6.815149303,2.66076286,0.184989337,0.314212799,0.481637324,1.253419353,1.075327053,2.479346703,2.675338094,2.078662063,1.803226283,0.966030418,0.719661445,0.314741421
1957,235.4136888,49.20861616,46.84380648,47.25703824,140.471944,122.969553,127.7662338,144.5229508,70.90872271,33.30143736,76.35058655,31.35196993,30.60942791,-12.05489392,-4.344081999,-3.709224014,3.882249843,7.690360607,14.2532455,17.52820517,16.20494163,10.77839638,3.721036419,-1.076569927,-3.557956473,-2.763244608,4.312146553,8.245894942,14.85699336,21.23569236,26.90273516,29.78257538,28.38104518,23.82617677,16.71783024,10.25017474,3.498693718,-13.25655843,-4.173247926,-2.552524078,4.260964672,8.888178067,15.23423591,17.86361863,15.82415313,10.73775337,4.010894327,-0.740547063,-4.370140166,1.905625953,3.133868359,6.036625614,8.463486767,13.61733042,18.11674949,20.65050901,19.16401272,16.15277134,10.92858495,6.336547358,2.510783597,0.262854692,0.410956551,0.733759429,0.788672811,1.612830419,1.698823921,1.665413722,0.787535546,0.801373071,0.739828557,0.598065218,0.279082409
1985,225.7253229,52.45814222,69.37099358,127.6680737,44.72296656,54.31711541,58.55105107,80.34687149,65.39722908,52.79942709,99.42715393,100.4302265,64.2634867,-13.21284181,-10.66423445,-1.143182008,4.27540916,7.558474684,10.35039415,15.70320777,15.06973731,12.09515266,5.120437909,-1.876756585,-3.987659859,-4.235168097,-1.886450853,9.904114889,18.06164895,23.97059165,25.68294362,28.79605932,26.22759995,24.70990366,17.63950049,9.575396169,4.670733004,-14.48971238,-11.60910208,-0.796710945,5.933877865,9.768860573,12.5932288,15.93898984,14.16814657,12.01175192,5.34973544,-1.99734808,-5.50390346,1.428826796,1.723253845,5.505234409,12.2168623,18.62727481,19.55504236,19.23493128,15.27429131,15.70749081,9.902707047,5.295016531,2.762970689,0.199604563,0.287375207,0.534640203,1.6984355,2.541617133,2.468516131,1.858826324,0.850620001,1.594082526,0.989156641,0.67602729,0.378396221
1966,219.9559842,33.76510276,32.48442948,52.93062862,116.6274818,138.7765278,54.87121986,83.86126904,50.25051253,32.76051342,50.37193136,38.33673555,94.21510854,-13.46680883,-8.640797059,-1.997085078,1.172550421,4.61043411,12.40428053,16.91769077,14.72930067,10.02793928,2.06320369,0.142344905,-2.476436201,-3.127376291,1.541521203,9.101676506,13.52254629,18.95082516,27.78399092,31.62481675,27.43425457,24.14755389,18.03629599,11.00894402,5.347307637,-12.91943735,-8.212088465,-1.475137071,2.273689837,6.240109637,14.0548554,17.57827015,13.90499441,10.30871308,3.414019448,-0.333484982,-2.999675622,2.129899117,3.02190942,5.572506269,8.096305216,12.60547944,21.87762998,26.01093576,18.67872419,16.91200948,12.66199016,6.122558551,3.200485762,0.6203387,0.646129484,0.773903812,1.018089903,1.467659633,2.120500431,1.557848986,0.115993143,0.888985092,1.188966647,0.510509296,0.449681394
1942,190.6845714,22.51505907,62.86835556,62.7814141,42.25361714,83.88775498,90.57726811,100.5268691,158.8775657,115.8777673,37.15504987,61.73645191,32.31056859,-9.097077087,-7.667911019,-1.747438757,2.590259323,7.466221785,13.72125207,16.4315346,15.62272869,10.80987615,4.239135583,-0.171551467,-2.991103992,0.222756639,-0.324375101,9.851827333,19.48131683,22.26294555,27.23231002,29.81081221,27.64918902,22.42203903,18.05704322,10.26588501,5.203942879,-8.975412075,-7.740432723,-0.49855217,4.884533162,8.995707544,14.99864819,17.35039841,15.37047187,10.85246215,5.033957783,0.542990301,-2.308704998,2.544737828,1.974560636,6.031030239,14.20786544,15.41466591,19.07530525,21.96322552,18.27895035,13.21254686,11.60580658,5.78426863,3.349666225,0.582146367,0.589176061,0.946752999,1.653966834,1.535493192,1.648915431,1.564648535,0.465123008,0.766456523,0.974678599,0.843054977,0.76003593
1953,260.2763265,35.35142454,36.58891727,70.3685309,67.68972487,73.87751172,101.2600805,146.8376274,24.66317781,65.24089871,25.95672018,64.39944969,55.09354706,-5.701161962,-6.235407277,-2.274078542,-0.097449753,8.268111604,14.39986204,16.21175021,14.70308439,8.54395922,4.614244797,-1.852840987,-4.290828386,1.343797915,4.595432605,8.375775645,13.23086191,22.45083362,29.6476227,29.86745036,29.71449317,26.73194122,22.02260054,11.69536268,2.537516122,-6.80348261,-6.037956701,-2.322234023,1.928004089,8.88090506,15.21442093,16.691054,14.87671201,10.39248873,6.136826072,-1.021087802,-4.705663709,1.819315471,3.640137774,5.303956714,8.352462292,14.57723907,22.9020305,22.25879222,23.91939359,24.3318684,18.06140619,8.014676487,2.057608674,0.212738478,0.435310682,0.438448041,1.026157446,1.369125793,1.93186302,1.256645958,0.951606759,2.090797302,1.509710627,0.710687136,0.201219862
1932,222.9923019,57.71036221,30.83278351,70.88536774,29.26977568,78.23313926,83.94678503,78.4435828,107.4959642,44.04127064,102.7109363,128.1665553,56.88704265,-4.052726023,-5.259792149,-6.497338505,0.40175937,7.070515684,13.52931332,15.9620344,15.62330655,9.983779972,4.372039485,3.518605897,-1.678082924,3.956754414,6.287799756,3.298223919,15.69431985,23.51469179,28.46947252,31.00439291,29.39249182,24.29211924,16.90984652,13.92010681,5.929332788,-3.450540414,-4.58428057,-6.448190553,2.263073138,9.031717748,14.89836492,16.20498621,15.36027734,9.842157539,5.011751396,3.869486711,-1.349017344,3.007505967,4.749090076,3.378733996,10.61822037,17.80159963,22.13300865,25.49885914,22.0473794,17.03788985,10.0583747,7.278939858,3.308429987,0.744573459,0.733437418,0.580685475,1.306436073,1.750215882,1.761932293,0.84231346,0.332925482,0.576196269,0.911048632,0.800913871,0.749378774
1992,225.6597445,29.60760761,29.27447309,55.70029791,55.95781205,16.96964671,40.74529861,153.8305757,59.60422606,172.3831205,21.47865938,78.54114626,39.95054547,-5.639358652,-3.375671673,-1.699433442,1.565411053,5.354301011,9.725874811,15.97195336,13.60673168,11.20785794,3.752945431,-2.628053619,-4.805946486,1.299851938,4.291978859,8.908505891,13.59169653,22.39728239,26.31115667,25.81814554,25.02410368,22.70724845,17.00601091,6.324104204,3.492674787,-6.373902458,-3.330160059,-1.746155689,2.164346249,7.431572087,11.83550283,15.59858794,13.02817219,10.48533201,3.971761281,-3.491873486,-5.83897272,1.648762013,2.604584124,5.32122323,7.396442493,17.37936448,21.77392137,13.23654148,14.39755665,12.52273555,10.78209537,3.485081808,2.447650457,0.221915178,0.362538342,0.406569957,0.80549688,1.955968149,2.093533847,0.493868265,0.639201606,0.61819808,0.633925108,0.296413839,0.265510368
1998,227.4797807,76.53957273,49.46334384,84.91889905,108.02601,105.2704452,138.9871021,75.04227565,99.38025417,59.26496268,124.515601,37.57502511,46.18287346,-4.730178103,-0.543775022,-1.650027646,3.137434294,11.40470246,14.51243088,16.80698045,17.70245787,13.35597395,6.767058066,-1.178010374,-3.896221656,1.310347814,6.881646201,7.467237243,15.48692227,24.77469642,26.45380806,28.71489471,28.26698163,26.9288576,18.5253497,6.364612024,2.018295747,-6.480767318,-0.484965835,-1.193117374,4.289973649,11.9483929,14.78883536,17.04165762,17.33673843,13.25375951,6.119117794,-2.006479391,-4.301386602,1.506329656,3.650392982,5.198364031,9.313724369,17.04491801,16.36097036,18.59870115,15.88591635,18.98913024,10.04365596,3.264003431,1.891454019,0.028450607,0.188730146,0.463128048,0.782874371,1.068562646,0.743062078,0.882558887,0.532720523,0.803345055,0.3934742,0.140404993,0.166270329
2003,227.9926469,8.735670893,10.57274759,40.72383693,57.06927787,150.5852145,61.72080142,171.3309374,54.236221,78.63660228,50.57157583,22.86832717,32.46696603,-12.67893947,-10.26109484,-3.018976554,0.265909881,7.183599373,10.60094693,16.00567169,16.53813873,9.785710095,3.025864863,-1.921811604,-6.475804174,-2.332259618,0.084514848,8.478978711,16.7262053,20.07182236,25.04675595,28.09095387,28.93503535,23.62263714,17.66760858,7.35387397,3.07376224,-11.13058744,-10.12408056,-3.281033801,3.219876757,8.44022555,12.34565093,16.1975971,17.1334023,10.96760382,4.000752194,-1.720044883,-6.089066247,2.493489026,2.861757676,6.101902315,14.1951149,12.29950149,18.91104055,18.1070523,20.04878947,17.76500989,13.58993163,4.641405919,3.18374892,0.487217218,0.317692969,0.378037429,1.531400114,0.96170446,1.300711573,0.906888985,1.517442592,1.237280841,0.826823611,0.469309771,0.465610843
1996,258.4961227,27.97180833,22.72449468,18.44817126,78.405449,142.9982788,119.9623514,212.9597082,24.47696667,67.40266327,56.12560326,87.05596176,12.3532042,-8.83264907,-8.181618561,-7.273615895,-0.155393698,7.494401287,14.86843058,14.98728319,16.69704527,11.47370212,5.559426134,-4.484769662,-8.588028636,-1.040598514,1.408822928,4.698591009,13.89554701,18.57242075,25.94876693,26.93561128,27.62159767,23.1288655,17.80515085,4.512485477,0.565400878,-10.61403631,-9.461197847,-7.000936614,0.694725957,7.470935208,14.21652688,14.89117243,15.99889503,10.84742707,4.713301699,-5.309460079,-8.962511831,1.547859735,3.117169259,4.736377318,9.589700622,9.794442206,15.32106394,16.55602558,15.99863842,13.74773439,10.20686499,3.34309706,2.80748279,0.159692427,0.308198965,0.457547239,0.757891778,0.417380016,0.790364803,0.714366954,0.600717729,0.391610802,0.437623018,0.331883949,0.329667556
2001,271.8280099,38.98115133,69.63305733,24.83666526,75.04568455,84.32988215,69.04890829,67.30699302,89.85325357,124.6403635,166.2941424,88.38211103,45.77415054,-7.98161159,-7.396062616,-5.064793846,3.577136011,8.709453272,13.03539453,16.38248094,17.92411274,11.33855502,4.845956085,-2.130695119,-12.48019085,-1.09207738,1.595192058,6.211242237,18.59573067,23.19211612,25.63171018,29.69940481,28.77288009,22.99254042,16.56789759,7.341177119,-4.55218578,-10.06262722,-8.495909539,-4.472367387,4.776642479,10.50784165,13.76725667,16.96422598,16.74113972,10.46395099,5.470479971,-1.888196432,-15.09195236,1.390335255,2.238300033,4.882449633,12.95337651,16.93426308,18.3745507,21.6203802,17.96251143,14.01060427,9.966284958,4.87213123,1.376054269,0.139482341,0.24527548,0.363496437,1.064698263,1.498863365,1.034024456,1.082389027,0.145664174,0.38221028,0.653197784,0.377101991,0.139894501
2006,221.9610229,62.60927944,35.74769687,72.65291131,101.9042363,107.7200562,76.15462651,75.09660704,109.1533759,130.8480326,109.9223454,56.45950878,32.18806038,-1.817833136,-8.609182224,-2.450377445,2.858341781,8.308302337,11.96848343,17.98421869,16.69311673,10.70626347,2.898874654,-0.534381321,-8.597696002,5.416670197,3.138184706,8.416968719,18.80843568,20.75834493,26.15129461,29.16854883,27.40034042,22.33761055,15.02258884,11.1662845,-1.811617556,-1.798102242,-7.66074565,-1.821959373,5.423342149,9.725907157,14.04038752,18.42636795,17.1817112,10.75822515,3.594122699,-0.022490313,-9.166028247,2.900949315,4.258162327,5.573890436,14.48809284,13.93852107,19.57882721,17.98046948,16.14569196,13.45037195,9.872906991,6.967915093,1.51284707,0.334244699,0.469803648,0.493099764,1.480398639,1.213011632,1.826114407,1.311517035,1.277628883,0.754248591,0.638382452,0.732198867,0.213460216
1965,191.9242955,146.9856729,25.81066837,77.90248241,172.4121542,86.91024542,67.27440317,92.7782833,204.2726615,172.8609752,19.23674418,58.59237038,28.97819925,-8.85955533,-9.41954395,-6.078538542,4.165602517,11.2765708,13.94701429,16.87386641,16.16696283,13.42326616,5.24522858,0.529347014,-7.649890487,0.696165054,1.99818905,2.49805256,15.58788999,25.93856423,27.8259949,28.99863276,27.84798474,23.49159821,18.75270261,13.63556506,0.44191145,-9.645387781,-9.08496154,-6.825468977,4.377621211,12.79134502,14.9276793,16.99634659,16.12321974,13.09454557,5.944505901,1.375728742,-8.260620773,2.705537155,3.430300093,2.869440446,8.642211466,18.99566999,20.24979476,19.62378174,17.86976704,12.43053435,11.75516262,8.928857548,1.958707939,0.425886051,0.608842533,0.396012579,0.701336255,1.838445458,1.56298937,0.914205784,0.71792157,0.513006981,0.956683273,1.074780047,0.349090298
1977,199.7214311,21.53335128,23.44290692,118.161039,38.71641916,72.88811336,54.68172931,108.9053865,212.174581,141.0068924,109.8800385,11.25993982,8.207515607,-18.43054358,-8.523776959,-0.482276702,3.924866934,11.55523634,13.16170629,17.99008231,16.52593836,13.92946124,4.699893086,-7.453285213,-11.99561509,-8.033413329,2.305643462,11.66705377,20.4428085,27.10205119,27.40819263,31.59457341,26.75158473,24.71458142,16.43428752,6.19244225,-0.513623252,-18.35020744,-8.34938231,0.853121436,6.893312986,13.39138798,14.60841059,18.68565925,15.59297532,13.36850546,4.971483556,-5.630141929,-12.09683666,1.244250796,3.869769284,8.219105042,16.13595685,21.02627163,20.15687746,23.73495361,14.20262007,13.38622927,8.971755966,5.883652723,2.755274385,0.290604581,0.694653013,1.091661594,2.450166454,2.709790884,2.731930165,2.654381378,1.098443283,1.006556491,1.044327312,0.825077771,0.528054417
1926,185.2598595,28.20374025,50.03705865,54.27953918,61.7306567,57.42752608,156.0904269,114.8844736,124.855001,277.5351789,57.0263709,51.55215069,38.18159673,-8.50099864,-4.327666681,-5.579457558,-1.487261647,7.623502081,11.60742164,16.40400021,17.54330992,14.03808054,5.93227892,-3.288773057,-9.144378405,1.839803289,4.364691596,5.555847558,13.14021523,25.56377401,25.75286037,30.40435337,28.97113709,23.10490503,16.58867769,8.668835519,-0.118039785,-7.986710654,-3.510793174,-4.992641405,0.740941338,10.61313219,12.88759729,17.72723967,18.04649598,13.73037521,6.368835891,-2.666904473,-9.241912546,3.198996416,3.318206168,4.375327053,8.787728232,21.0059317,18.27381662,23.51380329,18.77758838,11.34058501,8.713453281,5.708352319,2.462535626,0.696236834,0.819198665,0.74473101,1.395613541,2.550163962,1.584424373,1.957991087,1.131885934,0.44762818,0.848773039,0.823227477,0.583984033
1978,191.9033833,18.73553803,14.84241796,29.95905391,112.6498782,144.1707013,81.52008363,99.75488154,55.99193538,80.77575997,51.76731223,75.94495854,41.30287154,-14.65551451,-13.92651804,-5.680408307,2.307117274,8.2847046,13.42247364,17.60369614,16.32098605,13.82052838,4.036554978,-0.708264511,-9.432165873,-5.21851524,-4.191187217,4.397436293,16.97357127,20.83445908,28.18318787,28.94675197,28.87382333,28.44757836,17.15898439,9.089429535,-0.84099159,-14.99795806,-14.55247715,-5.242466054,4.498567541,9.876486097,15.2241187,18.0070266,16.22996362,14.09747159,4.750633013,0.002114049,-9.926955246,1.431848872,1.993261225,4.325321206,11.92412648,12.91052533,21.03252348,17.56064564,19.58883219,21.7811093,10.66699507,5.061855069,2.051392758,0.326719757,0.453514222,0.772178255,1.945213259,2.210394922,3.305224306,2.563012276,1.933010661,1.785556328,1.089456923,0.907280167,0.415803358
1967,182.7313156,39.75244417,18.6979867,37.51431999,176.4042425,69.45156257,118.6467077,129.8390437,66.29139298,65.77420164,139.916323,47.45215836,65.29779826,-8.028017396,-11.06936308,-1.600520848,4.531488582,5.386424719,15.33352178,15.54506876,14.26832595,10.34506294,4.580363986,-0.43978473,-6.682433538,3.163843497,0.185301696,9.371085294,17.03313377,20.43790772,27.46235259,28.25606469,26.31696853,23.37076199,17.57803963,11.63514482,2.60117889,-7.816445078,-10.87622969,-1.183040477,5.525000782,7.689120192,16.11802292,15.77118355,13.98301749,10.73263191,5.611059218,0.339245248,-5.83800549,3.714548426,2.98767883,5.644397259,10.00332379,14.17011875,18.10141488,19.67470594,16.85391871,15.17636782,10.74984289,6.907999298,3.071002353,0.6257743,0.606143602,0.720614282,1.117400862,1.895172387,1.47636256,1.048905931,0.445502127,1.026931462,1.162420402,0.858600729,0.732757316
1956,197.0630451,5.927549029,38.25009096,16.01567419,57.00794064,78.64829764,54.26691104,142.041728,136.8168499,13.62716715,13.7103452,15.69712269,9.557761304,-9.266973836,-6.537847226,-4.378777064,-1.370439173,8.616375227,14.89049542,16.50344973,16.90415733,8.779964451,5.59451645,-4.173530274,-9.476289439,1.229046042,2.468818027,9.741605505,16.81704729,24.58677615,29.56735233,29.1502789,29.29800703,26.13725396,23.6980132,7.843469454,1.243771129,-9.332536354,-6.773925029,-3.054552469,1.910120565,10.40338747,16.23429585,16.93911071,17.03944258,10.81724348,8.008593266,-3.988496979,-8.875257443,3.172168082,2.7741132,7.409402737,13.41775824,18.40671124,23.72580334,21.12568129,19.97501641,22.24003524,19.64676194,5.353378741,3.101048492,0.394534425,0.359044006,0.822901859,1.58718942,2.179772585,2.22067826,1.46346731,1.277944508,2.053992003,1.805995737,0.577539407,0.51683375
1963,200.4476901,20.30261008,11.63756223,90.66958142,98.92575659,61.21310424,22.98440873,132.6234011,85.75395796,51.49818837,28.10885991,27.79038992,9.062183716,-15.479136,-12.34120345,-1.515040342,2.658371867,7.721996581,14.18981929,16.77986035,15.89819172,12.46545481,7.813762899,-1.514285888,-9.269795156,-5.799635843,-1.03829399,11.04739851,19.26896444,22.35901752,30.26441381,30.12020631,28.11163796,25.47161321,25.55861431,10.0926806,2.096017778,-14.88124372,-12.5985717,-0.407503057,5.690257997,9.101482544,15.87463301,17.59528001,16.00623033,12.45347102,10.88299868,-0.577941055,-8.914088972,1.621901221,2.553275915,7.49631941,13.93965518,14.88605692,25.92340245,22.0392838,18.43915009,16.14891717,20.99450321,6.361444691,3.753693798,0.374900551,0.456191893,0.974966873,2.019392469,1.822715078,2.946767682,2.001341946,1.550319224,1.163846889,2.366722725,0.710705075,0.52041943
1990,202.3706554,33.73479988,60.39700852,124.8084167,64.16939062,179.1968693,219.3893093,133.740211,110.9098445,24.52126298,55.83795963,21.73541086,18.95228309,-4.220619485,-4.919864191,-1.152653375,2.479076214,7.532560472,15.27211427,17.1825159,17.29404336,13.43230519,3.790794649,-3.083349422,-14.02415852,5.698940123,5.403983741,10.82304803,15.78810081,19.42157807,27.12918393,28.14533998,27.68523598,25.45389371,17.580115,9.613189476,-3.836794514,-4.014889817,-5.275769069,0.545785257,4.205077325,8.754067534,15.95545783,17.93180006,17.28043086,13.49772353,4.240967414,-2.203499481,-14.68706386,3.628352852,3.959572183,6.56082835,10.08686965,10.59887009,16.4764171,16.38217353,14.61404634,16.14216923,11.13879093,6.095642729,2.27242539,0.441640073,0.33109804,0.759899981,1.216162869,1.177164743,1.645151886,1.628280269,0.852578683,0.879068874,0.94765383,0.792870593,0.269457313
1947,240.9873146,46.0876225,5.154778351,61.99855388,162.5332851,109.7956997,197.2001842,61.19762598,36.84163052,99.57622811,41.83304436,92.58236691,54.46751627,-7.256671443,-11.39051833,-5.492007661,2.333140876,6.414983891,13.65579626,15.06330192,18.64248314,12.6344095,9.233316149,-0.309773789,-4.853099851,2.630501335,-1.224984904,5.242580789,15.35757382,19.83399602,24.8858956,28.68239867,33.97169399,26.73523547,23.54563274,10.93223427,6.062636118,-7.274740837,-10.83073374,-4.832072608,3.880732943,8.17951209,14.28177635,16.29896053,21.13990932,13.70412851,10.57706776,0.406148728,-4.450147372,3.161307448,2.471357985,4.125465821,9.143105507,12.26433223,14.7101442,20.85558473,30.23781807,19.26409204,16.244712,6.148629017,4.404755257,0.56032115,0.682143497,0.729956052,1.230861317,1.55640848,1.218056282,1.853858739,3.673501273,1.562544539,1.495524205,0.783493656,0.656468533
1991,207.8602463,26.65153842,19.09488016,99.23847276,73.8097777,130.9152975,50.86618223,39.50379447,77.55738603,61.81955781,134.7156893,104.7259053,67.79769807,-10.44856245,-5.582257396,-1.008069759,4.524978297,13.57042889,16.03804611,16.32739082,16.13500467,10.90001593,4.919903982,1.236546744,-7.114818622,-2.530544383,3.740745031,11.20900369,18.72246127,24.96677183,29.56185499,30.29978234,29.09411287,24.95532708,18.29183407,13.1796824,1.797903893,-11.53825022,-4.970484818,-0.233163029,6.400254683,14.13852072,17.80834682,18.40943132,17.36095395,12.16414848,6.034862224,1.231303382,-7.502883609,1.48777353,3.209113707,7.078439905,12.10693088,13.9180594,21.18421594,23.40812212,20.56877215,17.65227608,11.10645319,7.405515396,2.614363128,0.213326127,0.50644562,0.706933481,1.350120885,1.114357195,2.280262095,2.535878322,1.681874702,1.389662074,1.087079264,0.732395652,0.383483096
1933,224.9503704,52.4561068,24.24436404,72.05087887,70.84705586,201.5017318,49.74740781,47.34297547,66.50522141,94.52361218,44.45026814,31.99602637,84.25327367,-3.283439426,-9.382234033,-2.898624071,1.94298306,10.56901213,15.43275402,16.85040834,15.42438602,14.04665311,3.704454945,-4.374846593,-7.759163977,7.765664675,2.475796203,8.904179951,16.23820201,22.04034921,33.00748777,31.50541173,28.82020758,29.06828504,17.38599458,7.562293337,2.046473141,-3.067205356,-9.349935677,-1.575961018,3.902606477,11.37325685,18.20709405,18.2164399,15.91426159,15.45608974,4.724456437,-3.744172924,-7.778141248,5.07906803,3.691988871,5.730852535,10.46042788,12.72320619,31.63243367,25.72719013,20.91270692,22.98293358,10.93568166,5.2994295,3.114073223,0.669952271,0.597683661,0.997486447,1.469693441,1.187158925,3.510134856,2.089495873,1.108137664,1.890826835,1.094131477,0.800093094,0.614094872
1974,208.8111664,90.35871766,38.70452761,84.23495551,102.8891766,174.809075,209.6950233,66.74442086,51.71311868,40.60177208,51.62306538,44.4494466,91.52735191,-9.390195378,-7.435905492,-1.16652719,3.282531416,9.085419941,12.84996245,17.02602917,16.13787408,9.522074446,4.000671696,0.602204128,-6.887372735,-1.561480983,3.109977382,10.72680785,18.41759874,20.155067,24.88815446,31.30110369,27.24180655,22.92154508,18.4189673,10.31409385,0.916214228,-9.15945023,-6.62159626,-0.952904231,5.329061185,10.10655623,13.6120786,18.74254306,15.92770924,9.735178871,5.405491153,0.647625007,-7.437992626,1.928179965,3.464240876,6.333744096,12.12278575,10.48155033,14.46962345,24.79397887,16.00983374,14.78370305,11.72861371,4.852990191,2.22916139,0.477455492,0.719088885,0.730334887,1.930126214,1.657737034,1.870587112,3.11961363,1.41904973,1.155341998,1.457946443,0.717022291,0.411748747
1951,199.0584531,32.33774706,74.86813454,109.9376154,101.9241021,109.6414392,134.3281227,173.6341956,103.2210808,70.42514637,89.78683501,27.08087936,18.51536981,-9.321935995,-7.329440838,-4.407530087,1.487624775,8.869842934,13.94800375,16.95478882,16.16520898,10.45170549,6.985892634,-4.70852179,-11.27543185,0.771839187,1.984577753,6.086551504,14.05293038,24.33878594,25.14408569,28.57382257,27.96330481,23.34826876,19.51808192,7.593308896,-1.87112737,-8.73744417,-7.563777407,-3.974590375,2.974705344,11.38572147,14.88047141,17.38361853,16.35134357,11.39518378,7.580468535,-3.54000242,-10.96572951,2.715334532,2.546514107,3.8801323,8.312132854,18.01775816,14.02299854,17.3381378,16.8181365,14.40943942,11.07342597,5.80344745,1.786241775,0.408940042,0.348792875,0.515756149,1.04702562,2.222012469,1.37255488,1.209748904,1.009475519,1.104931893,0.897728043,0.858848713,0.401688048
1993,208.1714179,58.53494874,37.46517332,90.44823762,116.6194004,80.55316239,156.4448686,255.7134852,212.5054677,123.9210777,27.11581909,151.7918401,91.95891196,-8.115555153,-8.520563608,-3.175779924,2.325294961,9.228641334,14.39234234,19.02667051,18.64648705,10.57637872,3.24885315,-0.36684769,-5.642225616,-0.340894808,-0.465260512,5.678126365,14.12136113,22.90446598,26.12759074,28.04621933,28.1830492,20.73417201,16.89997536,6.311492484,1.885748097,-8.506127928,-8.433785129,-3.419421061,3.157417376,11.19672321,14.96740904,18.93556077,18.25858041,10.80331991,4.412082529,0.030271725,-6.263661872,1.754019694,2.193813491,3.842642404,8.180300512,14.80258412,16.27430267,13.87309355,14.49143632,10.21527239,11.08919933,2.712220306,2.024735541,0.321466958,0.270580505,0.231110202,0.857946569,1.713236182,1.282458291,0.84286073,0.536015041,0.743335546,0.972114095,0.293675182,0.240982326
1994,186.9159966,23.3367673,61.50112206,19.65029667,71.98148472,49.23298487,88.8585444,79.47857988,70.78348412,31.30258872,45.71304881,47.00579898,29.06928449,-12.03156429,-9.937392899,-3.191857136,1.013508745,6.448607537,15.28851981,16.83406528,15.69212133,11.85314073,5.786886853,-2.316475082,-5.953778398,-4.507815974,0.10484128,10.11610155,18.0035717,22.68277268,28.9221002,28.31148887,26.98261373,24.37159552,19.45093073,7.776755884,1.817655285,-13.16970775,-10.32256274,-2.013565907,4.075176218,8.685265041,16.22789054,16.82527315,15.14105187,12.22277037,7.569215446,-1.533613401,-5.401106249,1.260645871,2.885765049,7.370379693,13.7546971,17.89464191,21.00559466,16.91938843,15.08609581,16.14521203,12.72288186,4.744322536,2.390044986,0.208171128,0.431857441,0.674611626,1.780996621,1.888969387,1.303296095,0.957367255,0.842111094,0.89620527,1.363803457,0.564064759,0.393692505
2003,193.4515289,10.08897868,21.99796098,43.37983021,67.4294613,140.8030226,88.59032624,95.72259533,41.64173413,107.8110314,45.66360854,10.20673512,40.72860767,-12.21512892,-9.611728948,-2.686372355,2.319505318,8.076471706,12.18698969,17.32420245,17.52294029,10.23927034,4.020290508,-2.319653929,-6.473063674,-1.121931113,0.448427092,9.296735399,17.4695351,21.61494932,25.75833758,28.93934871,30.14576718,23.53199002,18.61194739,8.074246226,4.617662734,-11.53190136,-10.40978002,-3.293021256,4.040309539,8.979699511,13.73723425,17.42573991,17.37678274,10.44567788,4.571726314,-2.238913568,-6.096412006,3.016692589,2.754310104,6.706045171,13.57901853,14.28932831,18.39277553,18.21222637,21.23994491,16.2375262,13.44975808,5.397678946,4.077000996,0.406495221,0.231694087,0.354339154,1.350427928,0.942238857,1.622169145,1.266211477,1.236390121,0.780819324,0.876363091,0.45683087,0.440375095
1996,204.5101716,47.94395017,16.72179967,28.18947984,62.99587813,216.3439161,97.14941315,140.428776,69.18352241,46.3226021,45.71728242,64.35219463,8.660983369,-9.517093936,-8.293537644,-7.337419925,-0.389361813,8.973102989,15.40843545,15.17820528,16.75180792,11.09391378,5.339329996,-4.709429542,-8.134614346,-0.75105649,2.272755017,6.094300227,15.34339716,19.70102472,26.54685607,27.99758231,28.04867559,23.37630721,18.50885602,5.616414787,1.450325882,-10.83522223,-8.438124415,-6.076312568,1.976219284,9.387180965,15.87868679,16.20009147,16.88827573,11.16025831,5.540505852,-4.706278993,-8.061244779,1.839507456,3.695508444,5.596305653,11.28547069,10.2032531,16.26645352,19.06794663,17.10767407,14.77473374,11.1042885,3.872664161,3.191490811,0.191382532,0.42242827,0.641270839,1.353766288,0.862445043,1.402042553,1.549051942,1.004915114,0.608831638,0.820684967,0.381694564,0.36554018
2001,199.0146547,61.62690471,93.09262626,36.25046159,92.86054304,156.3660308,109.0175635,46.88338005,69.59703706,94.4903978,111.2657172,48.09637067,43.41263684,-8.320365838,-7.533437005,-4.975557177,4.313071813,10.10475126,14.04463976,17.77079978,17.92358952,11.43648549,4.656775914,-2.800357681,-13.18641707,-0.850518094,1.486171194,6.799718598,20.12099032,23.47450256,25.72828713,29.97557742,29.13665369,23.65464725,17.28200417,7.333187188,-5.040552384,-9.444617365,-8.457332274,-4.386611694,6.071742914,11.70181457,14.97571787,18.15625207,17.18912631,10.83089381,5.219994049,-2.271652234,-14.69930643,1.633501091,2.240605997,5.224468339,14.32999773,15.92894625,16.80153655,20.17984805,17.92376048,14.72824347,11.02505751,4.985929028,1.392719815,0.232194534,0.254673641,0.434202337,1.489774408,1.424997739,1.455628528,1.220135193,0.633017335,0.594070192,0.902074044,0.463325078,0.190942657
2013,203.2085359,79.97237143,68.10657223,56.28738311,220.5874761,247.8995416,91.30434294,67.98641211,10.96304445,54.96592412,77.93598476,25.29359439,45.29553268,-7.97665907,-7.277453493,-5.436399508,1.244805567,9.640221079,14.70534483,15.53376527,15.99479659,12.80714146,5.366698979,-1.644523234,-3.067339876,1.751347561,1.017913149,4.032296526,14.45634193,22.86316806,26.68911018,28.16790844,28.34296607,27.21250658,17.92117279,10.13815015,5.071682677,-9.339205026,-8.083751301,-5.254759063,2.265535094,11.03950967,15.76677355,16.70391596,15.84498563,12.65168114,4.923183574,-1.759460488,-4.110995886,2.741565635,2.44080938,3.753432584,9.430170892,15.9428682,17.53503082,20.5051515,19.95207643,20.79657787,11.68018241,6.47629384,3.392569307,0.341683244,0.299910258,0.419026737,0.69668529,1.775149045,2.341353843,2.385349401,1.70304757,1.232117668,0.720346989,0.808576032,0.323178421
2015,198.5796884,39.65785082,37.61899652,19.01018495,61.28665491,131.6402954,230.4070531,143.5370786,69.1839919,58.73915078,41.78837208,31.04132533,21.60994381,-9.075411896,-13.28512916,-4.122450824,1.787043835,10.29066089,16.13853118,17.68977292,15.76275763,14.06273119,4.786643255,-4.594802265,-3.404188538,-1.369007004,-4.036032414,8.500936657,18.59395484,23.08464019,26.2196846,27.58047532,26.98507328,27.69611226,19.07293624,4.94110731,2.935551449,-10.30816756,-14.69297662,-4.37408826,3.859584744,11.61635805,15.81607976,17.3287314,15.32162381,14.58536638,5.925130815,-5.439575784,-4.208988417,1.78919641,1.670314372,6.991570137,14.36417517,15.20720666,13.82975243,14.97038635,16.25751589,20.70417125,13.367548,4.427254944,2.112099875,0.214832486,0.277363018,0.551034731,1.029346347,1.000245461,0.611545474,0.654049799,0.467792776,1.123242722,1.087561501,0.510760961,0.22868906
1969,193.9522916,51.98865188,2.950535962,37.74773289,84.93443999,81.77344818,143.0486339,162.7850604,37.46164537,51.33819662,136.0895996,86.38535449,69.0651136,-10.87303506,-6.325186924,-5.879555158,3.505584661,8.213594396,12.1021098,18.08304205,16.0324632,11.75484346,4.2671255,0.058363701,-6.854285504,-2.865895744,1.881477349,6.981586783,17.28343251,22.95814598,25.34923742,29.11437892,29.23329428,24.52865903,17.05818054,8.639125625,1.541090759,-11.43964402,-5.729023648,-5.546095494,4.036940142,9.344594929,12.98435659,18.12927521,16.17243322,12.01303778,4.731329014,-0.027266679,-6.949738355,1.713356901,2.645848944,5.511287257,10.85978098,16.06483641,17.1819382,18.37091594,21.18764423,15.95336619,10.32543047,4.51480565,2.571070614,0.481768207,0.713335026,0.692257918,0.927620467,1.444833069,1.547295556,0.879037739,0.96660597,0.945524172,0.873580943,0.716320408,0.628069555
1977,219.2807647,18.41528538,15.31978366,109.9626802,42.00644706,78.20957267,66.32290137,121.6394146,164.950682,185.9714694,98.36804189,13.88430809,10.81900497,-18.16521509,-8.34046212,-0.064285789,3.859915819,10.77411171,12.62473318,17.7490917,16.15235019,13.56197229,4.675544942,-6.752402438,-11.71219512,-8.212871237,2.090558026,11.60626517,20.13983875,28.03196741,27.60592678,31.25257336,27.0478379,24.91589858,17.01660346,6.141109573,-1.14807929,-18.56011868,-8.785059687,0.712717904,5.82269165,13.03998367,13.71538292,17.95589581,15.22779133,12.65280701,4.502738899,-6.279155243,-13.10474357,1.203809096,4.54817817,8.750364258,16.33834808,23.62144661,21.73450716,23.70540053,15.70354645,14.56010519,10.16790581,5.625669616,2.471811572,0.277093282,0.567122428,0.979329624,1.85176096,2.850210998,2.419785846,2.167700158,1.002400604,0.829679046,1.006374692,0.563262748,0.328390549
1943,228.4979629,45.91799415,29.33523185,50.43998527,129.0170116,181.0226977,70.17555434,53.75558304,114.9528799,39.83830443,37.42702323,108.5316558,67.83903,-9.968475959,-7.641384232,-5.699125089,0.424433304,7.845286211,15.67056002,16.38305188,16.76532567,9.222541005,3.869513559,-0.265375342,-8.909368699,-0.418261233,3.872514682,7.3364437,15.58546816,20.3834524,28.64030407,31.35464692,29.47889176,22.99033478,18.5440391,10.32506536,-0.726051277,-9.262288507,-7.065050204,-4.714452758,2.628469488,9.404532335,17.63042385,17.55967359,17.83574459,9.905419015,5.007085898,0.371584148,-9.030805932,2.439047445,3.946350913,5.522745188,10.45645344,12.12359473,20.21542698,25.6445178,20.87370211,15.39320811,12.46008599,5.777243955,2.080950895,0.628313768,0.668754939,0.811241844,1.442436987,1.510378233,2.521556281,1.83922887,1.785602505,1.112849567,1.152441378,0.807492432,0.504736292
1926,202.6311291,28.74180428,61.95758591,54.24903598,70.54975525,66.04617864,105.5218292,140.3399863,85.30837275,261.4786288,56.03219478,65.60688023,30.01178392,-8.507523787,-4.487271382,-5.60330621,-1.539797803,7.115759571,10.95864549,15.79814946,16.99757999,13.47358234,5.466891716,-2.768422166,-8.988110942,1.668462984,3.465627303,4.948885352,12.67125215,24.8989288,25.87003753,29.92335151,29.0613914,23.08767224,16.50713454,8.319229124,-0.257948053,-8.236976894,-3.787692704,-5.470031677,0.101431032,9.404474608,12.20901143,16.64348902,17.14403003,13.14229986,5.622839961,-2.705887776,-9.269884731,3.095073788,2.862445664,4.023184403,8.365817828,20.14862932,19.09668831,23.06824714,19.72203686,11.88015537,8.919379102,5.280286381,2.343507779,0.655145555,0.781349478,0.645643142,1.21719592,1.969172517,1.497606002,1.397387121,0.760672079,0.465232694,0.729145155,0.737264959,0.56735743
1958,238.9028464,36.01178437,14.76645287,7.278790006,63.77927269,40.06776556,185.3316248,225.7390909,86.61620491,52.68248775,43.94312791,65.56647105,65.79061212,-7.693972871,-11.91828016,-3.425501792,2.021153667,5.472135296,12.06803483,16.71056879,16.72770969,12.00146005,5.13941302,-0.57825667,-4.172886881,-0.580258931,-2.377499681,6.677631948,17.40830487,24.44039068,24.32205246,27.31677385,28.96787058,24.90284244,20.46004999,9.227378223,5.751578721,-8.156910008,-12.08791507,-1.956089271,4.274948278,8.978869498,12.97177847,17.32961822,16.88097893,12.45396049,6.623301253,-0.126156399,-3.597093304,1.861214595,2.30716963,4.979346373,12.47416264,21.57873532,15.11010209,16.29913931,19.88565976,16.79400679,15.07377489,4.844389884,4.064058402,0.272013802,0.323742608,0.563524864,1.377671798,2.675359412,1.655442711,1.447007458,1.273945625,1.193091589,1.355954267,0.546913104,0.599184402
1946,223.4548199,54.50842535,19.53967116,83.67441227,22.55887799,119.85678,132.2915574,51.87298199,60.04356418,49.68003614,67.48083925,67.43618397,52.77882259,-7.665242119,-7.054345317,2.00206605,2.401909908,6.912545089,13.12426876,15.63387901,14.29480855,10.47865567,6.005622018,-1.030262801,-9.920950076,1.909136318,3.757449403,15.55896793,19.25646055,20.5483178,27.46762173,31.0478368,27.59456309,26.36555778,22.41064959,9.28895066,-1.947949828,-7.081983803,-6.359148722,3.199936842,4.979724747,8.780553246,14.73545307,17.32578065,14.45806662,11.33957099,7.299702082,-0.207070438,-9.657375675,2.871362375,3.667255272,9.440355508,14.14591047,12.9192372,20.13482858,26.18274367,19.56306671,20.30582634,16.41890135,5.279053551,1.868948263,0.609206603,0.651627662,1.066388975,1.754211929,1.599017605,2.052548087,2.232116649,0.772226505,1.366663516,1.369318715,0.857007789,0.538064731
1996,247.1367276,25.71750959,15.01038696,23.75489824,64.79020928,168.2052663,106.847242,159.1445994,24.20362695,55.00412743,72.10749336,83.72826611,8.119519653,-9.054967258,-8.03782444,-7.163443824,-0.040279695,8.157836668,15.15932497,14.91211217,16.70034358,11.27203351,5.570654042,-4.274990125,-8.358422963,-0.945802507,2.246537829,5.345606818,14.7790607,19.33953266,26.21254859,27.51777351,27.92076312,23.48790528,18.2157399,5.041053207,1.120970084,-11.03541103,-8.865930257,-6.401090856,0.939163448,8.520445146,15.39530591,15.54469358,16.09443197,10.74050621,5.108946158,-4.928924829,-8.840769166,1.635440483,3.547516742,5.180686779,10.5766209,10.32194212,15.73089735,18.18535689,16.60071811,14.84434126,10.76254281,3.552578055,3.058988219,0.135907513,0.337245817,0.558369772,0.859340791,0.730344231,1.285009071,1.255286559,0.803714221,0.467613629,0.595190774,0.369458797,0.298668727
1993,258.9026588,79.3043106,33.61093518,90.0488589,105.9196379,71.62363203,199.3301516,121.1160433,120.2729475,140.389807,41.07329504,139.2560494,74.86374886,-7.398674082,-8.205772717,-2.95122935,2.38379228,8.643127237,13.72905522,18.47170367,18.14718697,10.29337026,3.127635214,0.070940612,-5.395158742,-0.092013989,0.198591827,5.501396037,14.13311143,23.56410769,25.75410273,27.97628112,27.90167945,20.62612883,17.17465179,6.65536641,1.747246741,-8.066875639,-8.80826299,-3.507171054,2.52514046,10.40092148,14.58071449,18.71391732,17.48649678,10.01892581,3.579248827,0.377105293,-6.403003655,1.665390304,2.388758343,3.511387925,7.958441886,16.40438051,15.87705734,14.12847502,14.21796679,10.08670257,11.35173874,2.667068926,1.860619203,0.264325878,0.199198967,0.156908895,0.593996914,1.552188727,1.436289102,1.078044509,0.435831885,0.6334156,0.792103481,0.238291716,0.165035207
2001,236.4196319,49.08479364,70.25488598,27.10333047,70.95436048,91.14196501,93.92670887,121.8949955,80.30146747,110.9928702,145.5365513,79.80612586,43.22752529,-7.976124415,-7.184428288,-4.89196605,3.869950437,9.193089507,13.43059373,16.79478171,17.80202773,11.32501509,4.785519483,-2.259656702,-12.63287361,-1.227159004,1.480540426,6.387232336,19.26982214,23.71401004,25.70579135,29.47915006,28.60176516,23.5585359,17.16038091,7.181193393,-4.934893536,-9.786360704,-8.157275756,-4.129328242,5.36125101,11.39787189,14.39296323,17.52299355,16.84081441,10.52258805,5.799381337,-1.920218712,-14.95542354,1.32809497,2.166580124,4.942937299,13.60403599,17.39396712,17.70145978,20.40978189,17.36483497,15.28832374,11.15367168,4.796927285,1.312926113,0.155459191,0.259902933,0.397453659,1.214225139,1.919722909,1.383355266,1.254184093,0.317435021,0.451176794,0.799424481,0.404220737,0.156321387
2015,260.5314608,36.93165478,46.61210876,14.38577672,88.96770878,139.9597716,261.6015738,104.1489842,61.98696834,90.19738751,40.45107258,36.31053718,25.38724746,-9.393290009,-13.73340424,-4.644681177,1.325105243,9.860477517,15.0692283,16.67100919,15.22857862,13.84307471,4.886372693,-4.467040296,-3.141832535,-1.7889091,-4.520596868,7.234549731,18.15110067,23.1654737,26.10997549,27.53461875,27.00250816,27.25656522,18.71744877,5.11980425,3.21888177,-10.19392603,-14.96650939,-4.903062938,3.740769058,11.65503234,15.45618685,16.89991285,15.91950516,14.51273372,6.394881842,-4.684048342,-3.762651407,1.772148417,1.57675786,6.056514412,14.007862,15.71048951,15.10543529,16.74843701,17.60617249,19.9622507,12.58176626,4.36786798,2.09987371,0.286086562,0.298430862,0.513293586,1.129066912,1.37700786,1.241169398,1.19224473,1.223005472,1.202878478,1.255645845,0.585490552,0.277654989
2004,214.5254332,18.00769266,18.47616969,97.28755362,45.14756312,163.3157647,64.07120248,78.73872797,171.9234369,23.34460419,81.12833666,118.5027487,47.98397012,-10.52417376,-7.008660418,-0.154335475,1.607365411,10.851913,13.27270156,15.90084799,13.75610524,11.66682461,5.753576507,0.983511401,-4.722375799,-2.172953043,1.721310455,11.10673459,17.89666089,23.29995462,25.80393701,27.40018213,24.9607977,26.58535403,18.1301927,10.65761905,3.895545208,-10.51919864,-8.378869644,0.496501539,3.95527563,10.8309587,15.00611149,16.10882505,13.32223024,11.76113227,5.294374272,0.480077417,-4.632700669,1.995443763,2.730756745,6.553020294,14.1267514,15.01977875,17.13865316,16.860171,14.37364749,20.66907405,11.36827284,5.165081428,3.241573929,0.325692071,0.260174385,0.563057446,1.430123522,1.202825086,2.092532854,0.838681444,0.662163156,0.654353908,0.353182485,0.448972845,0.403408959
2013,239.5986208,88.33055231,66.12857763,55.84995788,213.4679769,149.8950703,142.3400357,30.21864377,99.6244451,40.33911784,89.73010679,23.41728126,40.21067707,-7.59543335,-7.341631458,-5.194332647,1.366706683,9.279300922,14.19255726,15.75233756,15.42669091,12.19520294,5.328851124,-1.488344004,-1.786670048,2.189086357,0.672212979,3.664219503,14.21944364,23.47812598,26.71742498,27.84714241,27.55481362,26.04478805,18.19199061,9.589213586,5.807397159,-8.589536936,-7.885510778,-4.636877398,2.619720701,11.16503291,15.30558664,16.75162948,15.11458003,12.09051495,5.088555376,-1.52188083,-2.81876654,2.831999425,2.312732163,3.450119227,8.874306397,17.89187949,18.22146136,19.75822102,19.32022341,19.65324252,12.33183101,6.054766226,3.337730632,0.362293072,0.357226365,0.442479426,0.79798979,1.801548153,1.721291033,1.61249735,1.208433766,1.053152541,0.690847743,0.63308206,0.346981733
2008,210.8030972,63.47447692,89.898303,33.09395517,84.39264688,103.4185324,84.61423141,169.7351256,53.29618352,256.2504421,56.71219992,31.38222617,73.63481967,-8.744439209,-9.37416451,-3.891762799,2.969746548,5.479300005,14.08572135,16.12357884,15.13856644,12.86012387,3.976093686,-2.454498527,-5.990192026,0.156730946,-1.856792735,6.430051852,15.89001572,20.29102933,27.67343642,28.51021449,27.32849706,24.81133559,17.27531469,9.662571359,0.52358143,-10.21811923,-10.2581386,-3.544940853,4.27510083,7.369562904,16.0751654,16.80891673,15.05189586,12.60669446,4.798618884,-1.471045868,-7.201703316,2.057742237,1.5673841,4.792265222,10.82411692,14.90215051,20.73763411,19.22659944,18.02755981,16.43675822,11.98390009,6.698457322,1.646863889,0.324368583,0.26850164,0.434725602,1.021148967,1.480370618,1.7873456,1.532160555,1.03081439,0.797668806,0.922058274,0.794453125,0.220844188
1973,361.1999681,60.56107513,29.43838417,184.0433323,134.2038932,111.2885112,171.5455805,82.51030897,62.72902344,59.64015314,73.76174025,165.9247038,90.01455172,-4.922398207,-3.975549433,5.488166473,6.254402845,9.843501888,17.67216384,19.30939333,18.80323153,16.19945835,10.40860872,1.700802981,-3.21514435,4.494351667,6.11593524,15.76824565,16.75933869,21.91466719,29.43683245,31.38459629,30.56429751,27.87712005,23.01605282,8.925229644,4.41702128,-4.282829117,-3.953433443,5.543058869,7.081524876,10.25106237,17.52220528,19.55108023,18.30473483,16.01663064,10.00123825,1.982655228,-3.657354363,3.358059611,4.083858426,7.866005487,8.781189322,12.91432391,19.11435146,21.50034343,20.6552188,18.16685834,14.52400459,3.828028832,2.793829815,0.666796571,0.623271929,0.827739775,1.291445407,1.259978257,1.621890534,1.979528527,1.416656898,1.328329919,0.904355168,0.722247801,0.477540736
1984,349.1898437,24.20631639,71.96696918,132.4275179,193.8034801,138.5016875,13.62850704,84.623401,51.33942623,113.183604,121.5286518,142.4467667,99.70436283,-8.29092852,-1.821900386,-2.31067199,5.022777654,9.125221185,16.35761795,16.38521566,17.62801829,12.06428516,10.87396671,3.011641657,-8.852240882,0.081705614,8.270800419,6.481288541,16.102133,21.96571389,31.18611567,30.1096191,30.38763089,25.3843556,21.30575791,13.348146,-1.382036727,-8.33086598,-1.961946447,-1.431937216,6.282363903,10.60286226,18.94862215,17.0479843,17.85412808,12.76766328,11.2945596,3.325146289,-8.430326949,2.085521126,4.840914947,3.503189941,8.931963891,13.07697954,25.15930241,21.89254083,20.1721201,16.54379652,9.941538877,6.032514464,1.538201957,0.394380485,0.444397766,0.682223048,1.332098442,1.864871633,3.949754082,1.801130251,1.37141438,1.58973527,1.076577094,0.788449474,0.356578269
1939,359.0447819,120.0443497,95.4559839,95.21764502,172.5765453,45.35513305,153.1126693,85.53183967,79.19480977,24.6416457,39.53150172,96.45732081,43.61158542,-1.866965421,-3.608480798,0.734775878,4.103558216,11.53038249,17.71289863,18.18158298,16.88600771,13.42027951,7.041152118,1.246225357,-3.420903043,8.038745062,7.186804114,14.86426637,17.02195222,26.65568399,29.83070448,31.90273903,31.18589316,32.58165243,24.03758986,15.1257778,7.073058398,-1.16261001,-3.721200943,2.264910536,5.640122275,12.69282179,18.46703503,19.24084622,17.49101767,15.59259231,8.039930522,2.061086042,-2.905027727,4.722486364,4.739485225,9.43732422,10.17898024,19.88137128,20.40224664,25.17986983,24.92907922,33.08200668,18.66214306,9.527355134,4.55979431,0.810687625,0.657650275,1.159758674,1.332374002,1.498478428,1.373834947,1.6630821,1.22603341,2.498543811,1.194146123,0.959741865,0.752589486
1925,307.830761,17.56333403,54.72152253,63.34998784,54.11836609,41.45131966,126.2058423,62.13482337,67.64075153,117.89137,105.3436156,43.02534847,94.41685814,-5.979057594,-1.275132471,0.044479453,7.103127005,7.177354113,16.76283191,17.4666968,16.12202496,16.56407141,5.249368618,0.98444347,-6.098279149,5.149535492,11.35725569,16.18847315,23.9935852,24.1504202,31.98940019,32.45759339,32.82376828,31.83142193,14.75504637,13.66439227,4.745607534,-4.898843564,-0.488281531,1.691950773,9.089475175,8.559747572,18.62832875,18.55408616,16.85422134,18.14542456,5.393334733,1.693306872,-6.031131995,4.220995507,7.006179129,11.17978854,18.4566941,18.69513964,27.37553165,27.76315733,30.55149,27.26005589,7.046458293,8.142324904,4.016291231,0.868338333,0.894008148,1.211517579,1.740221173,1.407545155,2.517691469,1.72482482,1.372996321,2.189115981,0.726459335,0.939883029,0.654343743
1947,364.9596594,91.83466956,1.883213484,53.78339489,188.0291037,112.0493502,131.3874906,56.29281656,81.94929398,110.8465028,75.88016339,143.9995071,70.89230196,-2.709073676,-8.711911502,-3.578020808,5.82464063,9.446631219,15.83911422,16.09265868,19.82713378,13.69243342,10.72404219,3.171315111,-1.347374384,6.973368004,2.649823297,8.074842408,18.95356323,23.28656564,27.50518465,29.49530972,34.37023254,27.48780659,25.23966065,15.26243673,9.819935,-1.869056944,-7.537865915,-2.608367497,7.102204116,10.48805968,17.08184438,16.35688133,21.23811089,14.36712852,10.93978723,3.40467191,-0.923354681,4.09583562,3.54966888,5.178390531,11.12709228,15.06258527,16.92975367,21.50829955,29.82988908,19.66626758,17.96696397,8.177098867,5.599996498,0.755666038,0.766964305,0.761406555,1.24160282,1.360104304,1.749999311,1.111238017,2.251050375,1.35777838,0.930045858,0.66183544,0.701143216
1990,369.016913,75.90838538,123.4893899,59.43414974,86.91023201,258.2818385,166.600756,84.44486738,57.10835879,68.22907405,122.2391932,68.66697636,37.86661066,-1.275004687,-0.291227233,2.131836797,5.002798302,10.66051509,16.35453631,18.07405218,17.75658843,14.8973956,6.150911728,0.435274932,-10.8344168,9.164473834,9.795105738,13.93300913,17.32081294,21.37864858,28.77454498,30.31643804,29.32920955,27.18708228,19.72063695,12.20181723,-1.209194433,-0.602898901,-0.463194187,3.312708093,5.814531821,11.76757622,17.29386729,18.66729456,16.8681841,14.76692432,5.609110123,1.040121604,-11.50433551,4.753437286,4.966900857,7.891549555,10.51491674,11.11839634,19.71995783,21.72148188,18.90574695,19.11263979,12.52254898,6.645249369,2.594266112,0.615717467,0.410295415,0.767372169,1.13216999,1.51218753,2.234305228,1.92778452,0.676046668,1.055254241,0.694339867,0.887980536,0.320852913
1991,399.8813281,44.3462922,62.04647217,117.7096503,88.97728589,46.89611541,38.00876118,55.60801891,54.96742462,69.00012773,132.3471693,107.5966677,194.6205885,-5.065461027,-2.351995885,1.7080508,8.099872625,16.39965488,17.63998618,18.36302842,17.31103665,13.02302621,7.298826342,3.856105084,-2.106348513,1.008193277,7.931030854,13.42751214,19.98367746,26.84411613,30.59486869,32.04394474,31.33350029,27.37634099,21.81376269,16.13541512,7.416236214,-5.194447103,-2.23205318,2.751675752,8.986581791,16.35407516,18.75872667,19.59166545,18.08290508,13.89527532,8.523055077,3.342801789,-3.225352379,1.653937783,4.417758609,7.657483265,10.8570083,14.15182278,22.0989714,25.49099362,25.07587423,21.20827027,14.75929092,9.316304244,3.886539048,0.311510288,0.459748421,1.039098355,1.237420768,0.916177324,1.66748322,2.025554182,1.569638102,1.233477085,1.212223174,0.654818362,0.376289159
1958,380.0232152,56.93631688,21.19846012,76.93435728,80.63208161,95.70931799,150.1721948,288.9933727,83.73312728,91.14288283,41.07395181,151.9072942,186.9686729,-5.685860574,-8.900359207,-1.051020881,5.541618789,10.16742742,15.20449738,19.49184896,18.48108605,14.31651294,6.585231244,1.75273815,-0.835641463,3.502522511,1.779884623,7.320276911,18.9748937,24.83184083,27.73361819,29.33582972,30.22268552,26.89772994,21.08766886,12.01906206,9.120279681,-4.477328288,-9.033723222,-0.616878383,6.684558044,10.83573608,15.29100222,19.03970933,17.71257777,13.93044812,6.635687419,1.033379409,-0.718357442,3.383690982,3.547611398,4.289464884,12.54063745,18.79953935,18.9883302,17.26761264,20.8224244,18.71697503,15.15953792,6.134736792,4.93613879,0.555832171,0.402502496,0.410187236,1.261695197,1.30776677,1.469013148,0.908499619,0.785348099,0.972930629,0.923228919,0.383169996,0.591367321
1998,364.3147748,74.77350864,49.6859842,75.83847148,190.7791905,166.1213748,166.010096,125.0967288,81.44930741,38.34863035,112.1290171,61.37931493,53.72230918,-1.037154464,0.904615631,1.271495344,6.365200804,14.86608359,17.78919935,19.48400917,18.58393712,15.0765249,8.427692959,0.509551879,-2.072940185,6.426189246,9.561730586,11.04000207,18.26009437,25.98833044,28.79752032,29.76428711,29.94955379,29.53672187,21.90605002,9.362647912,5.371111847,-1.139455781,0.769686955,1.455354429,7.147430303,15.03650552,18.32897679,19.87934714,18.76108544,15.50930628,8.213837211,0.657424079,-2.199961549,3.210123424,4.973591738,6.353049437,10.4834336,15.80204285,17.67533411,17.60753026,19.14673101,23.08456988,14.13280029,5.067252216,3.086443199,0.266990531,0.145389793,0.527023265,0.499772233,0.465740836,1.165909481,0.696854819,0.825940092,0.760751516,0.598123906,0.355092863,0.12913971
2002,389.7114385,42.89925534,68.26068184,134.8979394,140.2584762,256.6686128,89.48159402,81.85524635,46.77852148,132.7153913,120.0686627,97.59234855,119.6971931,-3.220965382,-3.009264237,-0.508085302,7.333432186,10.36980434,16.85171049,19.23220083,18.90652963,14.56932207,7.565964627,3.647106321,-0.361314058,7.288685628,8.25201027,10.62092209,19.63536596,22.53607138,30.74650954,33.08669205,31.6102531,29.84080454,18.33859594,17.66780449,8.065389252,-3.226656276,-2.777326463,-0.370043803,7.819896861,10.71892445,18.43656281,20.36398496,19.47035565,15.40415617,7.43171885,3.484114906,-0.498017529,4.778275212,5.538829069,6.036261719,11.16066165,13.52128662,25.58930411,28.5655737,23.41020594,25.28471391,10.53143391,11.12566755,3.918373398,0.440735174,0.408033423,0.493185322,0.968048972,0.887808935,1.397241688,1.320499156,0.823827718,0.905100024,0.278499397,0.660672102,0.342462889
1942,181.3875724,22.72453176,43.61074682,51.8920782,29.10653169,105.8230327,103.4103211,110.506077,125.5008396,104.8860656,36.52260429,48.27520985,34.5466432,-9.998328155,-8.287438412,-2.335284464,2.386995019,7.485831208,13.92212843,16.37715124,15.46711352,10.67025001,3.769741723,-0.800152249,-3.661946094,-0.84032921,-0.577663791,9.512104578,19.93768988,22.06132222,27.41749087,30.12711072,28.12419517,22.81753663,18.52211182,10.21282059,4.920041923,-9.728057483,-8.303956328,-0.579149146,4.802385626,9.255547639,15.3688802,17.15687447,15.36913306,10.89023113,4.559365015,0.449864082,-2.721050668,2.322851984,2.037266964,5.983984791,14.85345753,15.02446487,19.23258839,22.76905192,19.31437831,13.90822187,12.41206251,5.978310203,3.423311528,0.619320202,0.601984998,1.095281377,1.692943056,1.661948652,1.828695612,1.38695064,0.627504748,0.850132666,0.957501622,0.982825973,0.803993677
1970,327.2086935,15.52906931,16.16542729,46.94287015,97.88573286,197.6415304,157.5598817,115.3434758,62.67563806,276.1208001,76.86315146,28.26853961,31.311013,-14.64903856,-9.7365805,-5.457616531,2.110331772,9.516273477,13.98831917,16.08535071,15.78669136,12.31564952,5.715897858,-2.312102454,-7.691361362,-6.032134682,0.884297114,5.674379028,16.1931451,23.67143035,26.55992039,29.78610517,28.49545228,24.22368151,17.96063092,7.457366717,-0.242099253,-15.25578454,-9.978559027,-4.264689187,4.267405996,10.98143112,14.74565512,16.99527264,16.14440675,12.05977359,6.211943428,-2.780569621,-8.471136659,1.423924964,2.990606923,4.426924393,10.42562003,16.16196451,17.46128525,22.33951537,19.7780719,14.61399379,10.41057906,4.53787063,2.053825136,0.453555693,0.563216847,0.837610231,1.496968988,1.722534804,1.403256364,1.714327972,1.107782652,0.626319503,0.902171123,0.501907287,0.460621818
1980,238.1112261,22.08453557,30.18041857,30.08581356,82.1561973,73.86938274,100.8305474,94.75793731,191.9199517,137.793738,50.05641997,66.48476578,64.95613281,-9.805470573,-10.84531559,-5.350204243,1.286606603,7.122543288,12.55007566,17.86983037,17.91562662,12.1636714,1.554233627,-1.667659802,-6.126148882,-1.449514323,-2.582306057,4.238401388,14.30089761,23.23750539,26.14700373,30.18542472,28.72388022,24.37763703,15.1279945,8.40583658,3.886856459,-10.07047265,-12.75225325,-5.172184841,2.466218876,9.140049792,13.10943636,17.20955743,16.80214431,11.24958728,1.817541368,-1.991742434,-6.258658414,1.785860719,1.719282057,3.521555437,9.630996386,17.30643986,17.20562862,20.22291986,16.85226459,14.48238576,10.01246102,5.142034927,3.384392828,0.26655657,0.210759441,0.6248585,1.267827083,2.170552804,2.190786575,1.747832355,1.057652925,1.025448228,0.806211478,0.50377033,0.45265914
1964,239.565664,21.7698484,15.48661953,87.9006218,144.9004778,56.70002758,122.2060688,131.3102264,58.35382998,86.23121531,1.361513033,46.52179866,24.36387529,-8.208804045,-8.156710585,-4.584153242,2.250961688,9.83404345,13.48415483,17.27324997,13.77014152,10.70227316,1.347683095,0.810508318,-14.15551186,2.208467571,2.111507635,6.151403313,16.14832152,25.15381095,28.62665301,29.73835974,27.29515764,24.57296646,17.34362893,11.47185844,-5.126998826,-8.064033174,-8.530901114,-4.130913268,3.704387507,11.45716784,14.84259367,17.2947118,13.90771621,11.0624512,2.257539683,0.681201131,-15.26190775,3.112164759,3.16620546,4.376080856,10.22890424,19.18861628,22.24369812,20.17573271,19.26318086,16.9965508,12.61889583,6.119978338,1.602757384,0.580226525,0.368506986,0.600812679,1.320478082,2.413552163,2.39529297,1.452787695,1.567533113,1.273547163,0.956466981,0.590641912,0.228570316
1987,277.1038562,22.93768909,0.059271984,50.99227127,38.49306502,139.794626,68.50537866,81.57016694,307.9706561,52.93947958,17.83989602,26.61281112,20.68285786,-8.698432147,-5.881096977,-2.619904559,1.280185908,8.743306973,14.04399981,18.22319414,16.22050397,11.10314781,-0.184938147,-3.851181931,-5.6314928,-1.047376689,5.403277419,9.925984517,17.57642298,24.7890551,28.76414883,30.28687243,26.92845813,23.43531278,13.77155063,5.602146846,1.653244605,-9.02094912,-5.38158934,-1.042957438,3.251547019,10.76592364,15.72964583,18.17952147,16.02831716,10.47233737,0.542264405,-4.104957476,-5.810291719,1.674874505,4.303813709,7.145815801,12.99836876,18.21629094,21.88100659,19.67946738,15.38601607,13.9254034,9.132676126,3.731255535,2.101723135,0.285995759,0.434031113,0.710414106,1.290702382,2.112638241,2.316115913,1.307287629,0.754680243,0.564150732,0.775289679,0.375817547,0.215614241
1953,276.654765,32.43094451,45.05404908,67.33443771,62.54867552,84.09572696,97.04774563,127.9088921,35.77070356,67.16102454,21.59786303,81.50004413,56.23313735,-6.883568329,-6.88219451,-2.957941612,-0.580408963,7.962546245,14.66381549,16.13274063,14.33424314,8.161680459,4.22354579,-2.723964638,-5.286418278,0.667018087,4.025932411,8.144124095,13.3012562,22.6601925,29.82697544,30.11238417,30.04129417,26.32921224,22.00190964,11.38245506,1.999539473,-7.50009974,-6.248463449,-2.569525249,1.830877413,9.011905982,15.8592637,17.16763154,15.39059849,10.44042111,5.893588811,-1.212444969,-4.795402822,1.7824481,3.423881051,5.356881849,8.412235562,14.32125313,22.3689214,22.66766744,24.95348913,23.43253148,18.09496378,8.054404112,2.111265534,0.285049546,0.485156309,0.486069054,1.088719534,1.571139744,2.264423268,1.647159969,1.795860925,2.343915785,1.629249703,0.854517514,0.327667018
1991,310.927506,26.34773282,11.72697021,118.0575885,74.77255526,113.0375143,64.16435624,18.15677272,51.03851479,97.42509725,138.9528736,92.85268922,60.95385599,-11.6025599,-6.606024317,-1.619626068,3.480268987,12.19370991,14.74833527,15.51280525,15.00787551,9.407148585,4.050673889,0.421444606,-7.681424942,-3.710689934,2.104123966,8.874406194,17.28220249,24.36576427,28.86266674,29.62739801,28.85983355,23.9347678,17.19785902,11.78941543,0.627501739,-13.42072841,-6.602960638,-1.397077811,4.854547676,13.03982979,16.42177029,16.85974772,15.98348248,10.35392295,4.245261685,-0.021047997,-8.549270577,1.282397176,2.640052822,5.040885464,11.13235594,14.53896535,21.14720474,22.531188,21.68113633,17.13196397,10.30241518,6.489355372,2.155372039,0.177951424,0.390115577,0.545380684,1.124495114,1.34923379,2.171803932,1.825713628,1.589290776,1.199144112,0.702759394,0.640011537,0.289961841
1955,320.0193607,35.97637841,51.7714115,45.93546415,107.0016369,81.16419953,116.1941717,48.64847827,93.6517435,60.99647317,119.8572054,40.58232212,56.66082231,-9.671272767,-8.06853796,-4.523565513,4.628289414,8.05164909,11.68656888,19.11421362,16.25710859,9.486034496,4.970787111,-0.823787453,-6.000318618,-0.891862642,1.172919011,8.149605864,20.45861375,24.33723471,25.27668191,32.69254683,31.35208675,25.98266617,18.92717295,9.844188399,1.76893058,-9.586234514,-8.65055706,-4.041000832,6.342435212,10.12852047,13.12806804,19.72455579,17.72893821,11.41108529,5.883491433,-0.666270457,-5.438067494,2.160234533,2.419081442,5.872704041,14.82193589,19.19340763,18.36179503,26.60174567,27.18842397,21.52224242,12.3263262,5.711745036,2.228791237,0.449052206,0.415073632,0.685092071,1.411466095,2.294298368,2.004417379,1.817583343,2.419851896,2.238747078,1.170723676,0.371103122,0.372375
1983,318.9946156,9.386947934,27.70472522,80.18895308,110.4661528,103.9740091,64.66583923,89.42434825,81.42740847,115.2682159,57.88886231,106.8138074,121.8356037,-8.274330727,-5.348070827,-2.433682825,-0.563623793,5.862834988,12.63444938,17.82156833,17.4430477,10.68782603,4.723785543,-1.119326082,-3.025415486,-0.0211415,2.962076318,7.847765077,11.72807901,19.05749288,27.84726506,31.62217945,31.36109825,24.39104351,17.70959328,8.067409218,5.40618622,-8.301893024,-5.981254148,-2.156386807,1.560627377,7.404009669,14.7398955,18.13613657,17.66559667,10.22788451,5.238446036,-1.547456182,-3.276409413,2.121137344,2.659530508,5.141457724,7.716116711,11.28111384,21.52497079,23.32871985,23.71538705,16.78224657,11.11767275,3.838412552,2.624454793,0.297884641,0.280456861,0.356883177,1.055293562,1.362266433,2.79818093,1.752457166,1.635458692,1.050283801,0.870774117,0.402446998,0.423107904
1965,221.8011848,97.53034395,28.66292348,66.74895242,138.8261235,83.24969567,49.62436611,108.436971,220.5947765,171.3195512,39.01425563,63.39293053,33.93407035,-10.17942809,-10.6407949,-6.672674407,2.521105414,9.855355979,12.29462817,15.52460166,15.42888115,12.23753519,4.668550894,0.366028313,-8.35670201,-1.221864665,0.296590952,1.559559811,14.20900138,25.17151029,27.90955764,29.19032575,26.6517112,22.52413696,17.67589257,11.63938012,-0.80438728,-11.24301988,-10.72834869,-7.059539997,2.768251406,11.1058221,13.81528587,15.63739136,14.8676579,11.30592895,4.99425431,-0.303169659,-9.616245806,2.220828514,2.908099747,2.569522597,8.022731267,18.58781908,21.91084813,21.49968525,16.2694377,11.93014135,10.77538282,6.88714159,1.598824643,0.415895149,0.569982226,0.490265102,0.711942938,1.538398121,1.973016151,0.891250342,0.43001633,0.335272416,0.799627555,0.525735144,0.303701491
1999,267.7981238,85.1598571,28.18655144,30.73003567,153.3992986,101.2832223,155.7736392,77.83999346,77.92731324,123.201378,20.00730706,44.39604311,32.0995584,-10.86422767,-4.285828898,-5.779442559,3.996647516,8.384891135,14.47751131,18.69804401,15.06636086,8.614222692,2.483573534,0.060283261,-4.706420954,-3.337606638,4.753584393,6.85461747,15.87245576,22.8781414,26.78601057,30.20475893,26.20831154,23.92367455,17.91754249,10.56322216,5.515927595,-12.35663658,-4.103812604,-5.141632005,4.677501813,10.5346947,15.53577851,18.87533724,14.31357924,8.476837095,2.988151969,0.69517521,-4.948780862,1.45508654,3.553319824,6.049320641,9.008451555,16.42566144,17.21393758,18.88063901,15.08776858,18.34985125,12.6344421,5.849559901,3.966520135,0.165515276,0.278109601,0.441391123,0.778838623,1.776288861,1.455998682,1.279964787,0.568694826,0.783084517,1.015541129,0.72823521,0.388532728
2002,246.890597,28.20140094,38.75630734,46.1127573,106.9175528,120.4785206,160.6466342,55.70895316,100.9229367,27.69723107,69.20705431,54.13386019,25.81803083,-6.650383252,-5.690542894,-5.555577685,2.482827559,5.395054925,13.95937839,17.18487047,16.41041275,11.34664364,2.843377765,2.446086895,-3.780255352,3.186742982,3.499299565,6.333523139,14.78605133,18.64806272,27.65634125,30.22309459,28.22088749,26.5616968,14.73977673,14.6750456,4.366189464,-6.582180154,-6.195845429,-5.348716887,3.706204628,7.290936805,15.85341199,18.22458101,16.08508414,11.57712959,3.768328017,2.648150885,-4.403863689,3.947977867,3.296127263,5.030109386,10.98685458,12.56705955,21.39458796,22.06536902,18.22791848,21.34899818,9.426927927,8.535649299,3.22515014,0.426338539,0.414621817,0.488803635,0.987766148,1.306846702,1.995086961,1.587619346,0.768954264,0.97568183,0.659085031,0.717101855,0.302667086
2008,239.5478568,50.19141045,102.1825173,39.55971382,115.1933315,136.16656,107.8914103,159.2681879,58.84981475,261.8552575,55.90884548,22.69426347,77.19544124,-10.08594178,-10.70158834,-4.852933913,2.528136056,5.043026211,13.78497451,16.03936603,14.83561778,12.20388402,3.281961713,-3.536646236,-7.30318653,-1.079670735,-2.960536719,5.051642829,15.26838404,19.96738269,27.08711661,28.11847187,26.8097904,23.90246199,16.30926608,8.793485064,-0.723358376,-11.96209783,-12.17303722,-4.324196466,3.708003348,6.857926255,15.49478332,16.24736689,14.44903367,11.79399756,4.051110762,-2.456630409,-8.639552895,1.78395483,1.418032491,4.114431135,10.09231867,14.5046725,19.61261779,18.24829344,16.73873779,14.80990009,10.90028063,6.396627005,1.468677336,0.275814112,0.23895019,0.464143455,0.89452092,1.382163608,1.594749478,1.200656736,0.946893514,0.693182616,0.864878684,0.75184736,0.227653345
2015,260.53825,29.74630056,36.70129071,19.40167095,79.13112959,149.4474776,268.4565897,108.7219233,69.82762306,109.9943406,45.34621901,39.77627131,19.02372816,-10.41053733,-15.07273355,-5.441735959,0.560050927,9.336054058,14.36901142,16.29118751,14.87858174,13.65363692,4.565011376,-5.307962136,-4.161458241,-2.561488534,-5.765081244,6.264880549,17.47084897,22.04925478,25.46870347,26.71671462,26.27899131,26.33889871,17.97563357,4.103754252,2.336155473,-11.2681441,-16.55009696,-5.918548012,3.191036216,10.89129379,14.62114793,16.09318498,14.93319304,13.96048859,5.695675606,-5.697468183,-4.300825912,1.693056297,1.403086341,5.421185683,13.53384577,14.00436572,14.39819,14.92147008,15.96069974,17.68334761,11.7385495,4.034374997,1.997775205,0.290473253,0.273861729,0.457482949,1.171902051,1.196976044,1.142676144,0.854523036,0.751013987,0.935044607,0.982492667,0.514325957,0.349174781
1938,233.0253458,55.47689567,68.48252802,108.182621,86.64591803,123.999275,137.5673666,125.317494,67.3509596,94.18288549,32.69601518,33.24987521,38.8897148,-7.376257067,-2.373852977,1.312625205,3.851185357,9.00556508,13.96484,17.21262495,17.62171245,12.64653504,6.020811499,-2.798415107,-6.86858971,1.049952721,6.075313749,13.88247366,17.46614308,22.59459317,26.96749012,30.52252355,30.53248704,25.45298908,22.35380678,8.789652994,0.202700362,-7.164883011,-1.491669674,2.764643556,5.545814296,10.56984702,15.00403974,18.1457154,18.64090092,13.9984531,7.873784524,-2.74162198,-6.1725048,2.520171293,3.632476313,8.254630516,10.94394835,14.78861718,18.45949412,22.86795518,22.39423299,16.85042673,16.53847971,5.623531077,2.006963672,0.658809331,0.832083618,1.13554363,1.433068546,1.589981864,1.48902032,1.544299526,1.624331269,1.665525843,1.621610945,0.709133525,0.728041288
1970,267.0217931,18.62398903,15.76717395,46.93497718,141.1862062,179.8683033,133.1832049,110.4866151,80.48116755,222.4487797,84.90121863,41.84806661,32.8723286,-12.7107808,-7.868288125,-3.655849956,3.681606324,10.76755583,14.93374975,16.74243465,16.83082839,13.46387059,6.576734033,-0.941712458,-6.154375581,-4.223106041,2.870264226,6.642825318,17.33446965,24.73710354,27.21121114,30.40369759,28.69401922,26.47425924,18.66989462,8.066804163,1.060585444,-13.25900967,-7.998752731,-2.976801398,4.847820228,12.26481911,15.43187673,17.41336693,16.72035339,13.34592847,7.071091566,-1.443728442,-6.573572392,1.645526899,3.482057819,4.437190833,10.88654837,17.0027296,17.59885089,22.94656206,18.97845038,17.39559604,10.68035145,4.41740317,2.211167064,0.473689,0.573128402,0.763553641,1.171780594,1.945090121,1.310210168,1.677943634,0.853615485,0.7892167,0.964325488,0.497595728,0.510878467
1932,206.5325421,55.87439332,33.80693779,60.48908148,34.48550463,66.72615899,72.77572779,76.82407202,111.7715687,57.24378578,97.24663159,111.3036111,54.43349072,-3.060057368,-3.81437814,-5.387020231,1.605099425,8.12512732,14.65605178,16.78305481,16.24933019,10.52833161,4.789531038,4.408754688,-0.680237819,5.144989826,7.71290231,4.804634622,17.62641276,24.76023182,29.71452613,31.79640049,30.31446964,25.5347388,18.40626822,15.13960605,7.204519146,-2.572502654,-3.141092372,-5.283021519,3.285936622,9.991453908,16.11537014,17.4896243,16.46671507,10.9120138,5.870697693,4.945069717,-0.345561949,3.344658882,5.19906145,3.868606822,12.20795161,19.10881647,23.85882219,26.65052301,23.59959457,18.77892277,11.53086298,7.985018739,3.723540213,0.74170715,0.767833965,0.608326012,1.307696789,1.773967876,1.967312598,1.33453762,0.841097189,0.91905039,1.131663736,0.889249727,0.756690675
1991,386.1152161,30.94566638,13.16983474,116.1861157,89.60179039,156.6947565,19.95789021,14.69208822,74.30133956,64.92462027,191.3858174,140.8868727,111.673609,-9.218128426,-4.821675205,-0.217509403,5.059649192,13.70943246,15.68521379,16.40934883,15.95592501,10.39606424,5.421932425,2.130329961,-5.479722239,-2.003034164,3.576041538,10.37443066,19.02303758,25.90136574,30.46297907,30.93908895,30.03595143,25.51603359,18.75667618,13.3101747,3.069102094,-10.19207771,-4.852115316,-0.611656409,6.221426355,14.16508019,17.3114059,18.01366892,16.60633181,11.41003587,6.138425327,1.498348636,-6.729187655,1.412092742,2.824612064,5.746652464,11.93617819,15.53776383,24.18712836,25.25439625,23.85646585,19.67335868,11.3594396,7.116449426,2.70768034,0.223024258,0.400547675,0.397379711,1.125255095,1.131166699,2.15282207,2.224605224,1.410848253,1.331216666,0.999732623,0.637745311,0.232695586
1989,216.9243148,24.66924332,27.97052299,33.23690677,65.93804046,69.59451639,47.1316572,103.7986938,78.55606599,190.2683421,32.10497909,109.3783208,59.96576054,-4.061464702,-10.16521262,-1.764435201,2.318299864,6.634752568,14.12674112,17.28937869,16.40928527,10.6908154,5.090841064,0.705186686,-6.835609924,4.747345106,-2.390949358,8.887412249,16.14316694,21.09795634,27.3398459,29.41582481,27.8231446,22.94359438,19.61709316,9.843993357,3.468315968,-4.719270368,-12.3106118,-2.536891328,2.839033486,8.080482634,14.81684634,17.50078293,15.43939736,10.10958573,5.175616663,-0.203023755,-7.611002773,3.171472648,1.780576537,5.479630757,10.34196869,14.47022053,18.67018503,19.37745822,16.22148866,12.94614463,13.54390447,4.476664027,3.605265141,0.29350803,0.101905118,0.317741834,0.775785556,1.527018899,1.413446572,1.213980538,0.825352475,0.709248982,0.887315769,0.454444597,0.387559392
1965,193.6196499,150.7480106,32.26643712,65.35355504,149.3008317,103.3026476,43.61829905,79.72356022,149.2490986,182.3586774,40.33850664,60.53704594,37.05017566,-7.96593007,-8.498869906,-5.008929244,3.957571803,11.04220255,13.5862415,16.42462637,15.99673074,13.39979779,5.404823011,1.40433957,-6.188241639,1.477468946,3.213134795,3.663369802,16.19094329,26.57839994,28.93542639,29.44998824,27.89404352,24.5132648,18.97683298,13.61180486,1.333071005,-8.196478756,-8.072657264,-5.551044114,4.566459516,12.93056828,14.97060688,16.46033732,15.50453201,12.99120464,6.111062236,1.188745001,-7.30249308,2.801247171,3.755218543,3.116376714,9.339900785,20.38731422,22.87169537,21.01266807,18.14942196,14.03771895,11.87832614,8.484430544,1.908552873,0.512933424,0.644342732,0.456073638,0.880039936,2.217812145,1.954706798,0.858477709,0.446149481,0.551976402,0.981902439,0.725453451,0.314485749
2010,261.9748941,25.38991359,32.78520296,72.18070083,68.21912172,106.9464126,185.0316524,58.98798907,69.78033213,94.06247496,41.31682265,66.70316515,91.49062995,-9.952942373,-7.944896387,-0.208133165,4.288269922,10.08261944,17.25325054,18.48072096,17.6393267,11.02553903,3.251699061,2.147615922,-6.076758502,-3.71263287,-0.402144483,10.96696916,21.34837601,23.18301359,28.43400431,30.57693722,30.90924403,26.20235118,20.83981121,12.52447443,1.268813296,-11.56921544,-9.213246317,-0.452375409,6.222532296,11.12167382,17.16907098,18.88359527,17.90471637,11.89949695,4.879520605,1.941205179,-6.443224028,0.980904813,1.991758722,7.081690253,17.49745163,16.4292014,17.86547478,22.30195222,25.63711425,21.76994858,17.87927108,6.87901619,2.264886161,0.119723396,0.206219444,0.273120097,1.366721581,1.11083556,0.683957419,1.190222394,1.278539442,0.97141664,0.892512799,0.465264724,0.248390595
2018,236.2330424,23.82341953,110.416018,66.10190511,47.66583046,77.96038503,187.3294632,60.48245928,81.40833671,72.39269707,125.4184853,56.86255844,14.49254816,-8.640344415,-5.042363783,-3.03934995,-1.224217529,12.98097099,18.25014425,18.94457092,19.00140798,14.97675003,6.839785094,-0.237963283,-7.596788119,-0.693822989,2.990598139,7.865862065,11.86398463,27.62805265,28.59887173,28.73098443,29.1051441,27.07927491,17.33640974,9.285938566,2.728201445,-11.52002812,-8.31253855,-3.36124259,-0.8995748,13.73633127,17.53699679,17.03857512,17.42451197,13.91327146,5.353188032,-1.601540583,-7.742481591,2.025269014,2.522563184,5.539639395,8.965025288,22.39626711,16.78192099,19.90200988,18.04883968,14.67345808,7.508530835,4.926854654,4.442020456,0.163171369,0.185260216,0.282280749,0.708449658,1.320842114,0.605325979,0,0,0,0.000191592,0.402797896,0.410409011
2008,227.9215323,102.2556304,80.85473575,51.04389603,65.46876582,103.5728655,98.47000166,120.6945713,27.32208187,264.6258843,71.04833674,45.90691518,106.1394563,-7.904898348,-8.291691654,-2.939641195,3.384107465,5.94625557,14.34217188,16.32416019,15.33640505,13.032438,4.215869595,-1.61614387,-4.958987717,1.112973387,-0.770634097,7.46460168,16.40470849,20.3590783,28.11715771,28.55353334,27.68814117,25.16363221,18.03193639,10.35844273,1.307650777,-9.787274141,-9.278757325,-3.141415423,4.263653948,7.381454629,16.54829094,16.85360731,14.80031594,12.4441021,4.860612572,-1.124206448,-6.532571557,2.314513056,1.770221826,5.128997548,11.38138453,14.91896369,21.6220807,19.11542749,18.59398576,16.98378804,12.88499666,6.925116165,1.674299188,0.262864951,0.249029441,0.37009013,0.877768375,1.218667648,1.889391738,1.270582221,0.640248934,0.422907619,0.746515728,0.735523303,0.130502201
1929,200.0155085,96.78204368,17.27907728,76.98024502,123.7745654,162.6978406,102.0396096,187.2932232,60.47687772,38.50841201,98.90070655,73.36684758,57.06779912,-11.00156068,-10.1235414,0.703944805,5.754379591,8.339682789,13.43455055,17.77639923,15.69364759,12.04441061,5.785508818,1.275932538,-3.523053196,-0.163286514,0.347918699,14.73101187,18.54410884,21.2893466,26.87047336,30.16860559,28.370445,25.12749883,17.99382146,10.46752699,5.770711294,-11.66258649,-10.19963516,2.174565334,6.993986923,9.388508206,13.9897043,18.15802513,15.15762869,11.78672929,5.754614408,1.65459502,-3.731938711,2.819317338,2.863282784,9.328028013,11.14031176,13.26249389,18.79313434,21.22290147,19.60282771,16.68580812,10.41244168,5.250658632,3.855075353,0.490426635,0.601746906,1.206293414,1.321584612,1.336107018,1.15810186,1.077485101,0.265511638,0.612378463,0.741785334,0.909187603,0.699274281
1988,258.0193102,45.98238593,31.34624771,57.55740428,33.06871555,33.70514386,15.65295029,20.6370715,36.34848252,39.63111729,32.74680858,104.9801723,110.1069346,-9.515849075,-8.19992149,-1.834709521,1.445564462,6.89077941,11.38130823,16.13970131,17.85010099,11.50659234,1.301736481,1.251049578,-2.252870001,0.563481856,1.631489099,10.77792841,18.93690035,26.8339986,31.36279869,32.69900665,32.63127951,27.60351246,16.2084541,13.18404775,4.733263185,-9.248923007,-9.163568196,-1.379511906,3.902646112,10.23394212,15.14888598,18.21711055,18.52627957,12.16233457,2.320284446,2.434394401,-2.115006714,2.601282502,2.861890189,7.128338997,13.37411656,24.28454177,31.48765403,30.16199088,28.03037557,22.09653824,11.09731412,7.778577134,2.59827219,0.395077615,0.260721667,0.513608725,1.507275611,2.9965451,4.538842952,2.606234529,1.742696669,1.463313121,0.73914196,0.86171668,0.282327117
1975,200.9345637,97.93458237,78.91453642,46.53237991,85.51847442,97.19574563,108.0784299,98.52242815,153.9062632,77.88527681,67.0141252,94.32596422,48.84847148,-4.433858092,-5.440338247,-3.325275134,2.271246667,11.44788862,16.0446347,17.12591398,18.83837118,11.06096858,6.132212725,1.707265945,-2.548301144,3.353001274,1.935493155,7.567361514,15.81554789,25.50897255,28.47137378,29.36783661,29.51614601,23.26686329,21.58100608,10.51747268,3.606187766,-5.022476826,-5.197918722,-2.29628855,3.389636928,12.61700086,16.97427253,17.34958651,18.93187591,11.45255628,7.190542563,1.414421149,-3.207464655,2.303774728,2.21351605,5.193098597,9.700541788,17.48391837,19.7055302,19.16632409,17.14245721,14.01323123,15.12208582,5.083697656,2.046149083,0.347227294,0.48224788,0.787831275,1.207064757,2.116190271,2.436504272,2.076879209,1.669145319,1.367022303,1.564989967,0.355193433,0.247506677
1974,223.4286291,78.37158923,62.21017195,84.40938264,79.68014603,183.0855946,193.0862415,33.41185086,108.899197,43.78053306,40.87481352,54.23417661,98.97930378,-6.86035924,-5.17370136,0.947090191,4.75861574,10.56178419,13.68566645,17.38497355,16.95554677,10.60289759,4.726174925,2.653359295,-4.725659249,0.528199439,4.966277033,13.06806091,19.09455999,21.43997848,25.39165401,31.87165741,27.97003364,23.14975938,19.41402676,11.83147414,2.519049527,-8.05542507,-4.767894535,1.248314905,6.302264408,11.28683631,14.25512781,19.13928715,16.81604839,10.52945961,5.725969636,1.902941865,-5.955120161,2.048450741,3.724770137,7.318891412,12.14374475,10.97930619,14.71778094,26.51841436,16.60579836,13.95748536,12.4673815,5.176114996,2.326488358,0.301666869,0.628878426,0.84291697,1.728813581,1.567822121,1.762576743,3.252676847,1.484892397,1.035750219,1.323483286,0.573857721,0.29913015
1952,218.1324394,40.3887778,43.21387235,78.57708335,111.6471417,106.2722514,137.2231398,64.32242122,80.54454019,34.34692641,24.55298733,69.96587944,36.47191481,-5.296072843,-2.986914465,-2.707848322,3.22997702,8.914520325,17.28926054,17.91856173,15.80753529,10.50314439,-2.14787211,-4.011612106,-6.446206893,4.508958872,6.887329685,8.540839758,18.26960658,23.48553622,32.16814412,32.46579655,29.63243955,27.98107768,18.73655676,6.514535158,3.247034702,-5.791644223,-2.641228675,-2.193833331,4.759731716,10.54628331,18.62685325,19.20201458,16.14189384,11.22769992,2.046776537,-3.368146569,-6.742769729,3.056396059,4.203309926,5.290711633,13.05735413,16.96320306,25.70415528,26.1279728,22.02888019,24.05029898,16.56157562,4.211541171,3.492068968,0.3865417,0.404490995,0.495829021,1.259650323,1.814019052,2.971570414,2.693397026,1.397790488,1.494610758,1.789854931,0.476678485,0.46805756
1971,202.3875332,25.39914367,63.04740084,31.9591563,16.60019028,98.45458115,51.55730285,157.1872862,36.82106643,115.2494669,46.63460469,28.24559526,30.8964882,-10.75383454,-6.572947137,-3.731050309,0.179172405,7.016453309,16.79357482,16.10933884,15.69470611,14.21390674,10.18691121,5.42E-06,-4.117564145,0.463199297,3.392885757,8.500120811,19.84353432,21.91796038,31.62915129,28.43185078,28.42819778,26.95519112,23.35142766,9.391905363,5.88777594,-9.926470889,-6.12789398,-2.523130989,4.569194377,8.533329108,18.11863534,16.71143148,15.60167152,14.72022396,10.76813222,-0.067219498,-3.482691646,2.988200138,3.397879452,5.692404886,15.90822136,15.03183272,26.13854458,19.30100629,19.66013686,18.28868682,15.12595791,4.90333803,4.127335008,0.727738456,0.741823663,0.983599298,2.653894727,1.606864297,2.316970552,1.418816049,0.840685092,1.209935341,1.072978051,0.624098434,0.779239713
1986,202.5524375,0.613182166,48.37730975,23.68451225,37.4512139,92.82618585,109.3979122,164.5363181,32.63208428,190.7911216,98.03805736,191.5194093,63.10777198,-7.803552764,-5.340821415,-1.158819789,3.766275082,11.01951432,16.46840835,19.98928916,14.60219616,14.47725625,7.875714183,1.969314266,-9.971476008,3.292958839,1.851888878,12.01134391,21.25938432,24.65610461,29.39765462,31.08285739,27.87748727,27.36921279,18.740365,9.956127705,-0.784548434,-7.142573606,-7.263210871,0.102429715,6.610464131,12.11398323,17.01857989,19.8612413,14.07506264,14.27832989,7.485691407,1.370257852,-10.99614292,3.677943473,1.929933837,8.510554549,16.98490602,16.13328644,20.23609539,19.69547963,19.14260361,17.69100761,8.992885113,3.485184819,1.851139389,0.506753844,0.088163448,1.056591641,2.105928717,1.535488512,1.850874247,1.259163581,1.166670601,1.073509829,0.568234138,0.379984803,0.295523958
1946,214.0541758,38.38466902,37.88272136,74.69322041,47.95103331,147.2129475,147.3436729,71.35195441,105.5475256,44.54647528,105.8373786,56.93825984,66.34984613,-5.895489192,-4.8203589,3.435784315,4.503094577,9.020589251,14.72489253,17.12327857,16.24757536,11.4163767,6.831668263,0.033430729,-8.353894991,3.691468999,6.690697619,17.7630786,19.85790638,20.67471323,29.02247678,31.4645431,27.4001232,26.89255715,22.95476265,10.84317162,-0.474717855,-5.980957069,-4.224903069,5.478398621,6.638814997,10.15563084,16.16792518,18.31662082,15.90941789,12.25739564,8.353564618,0.278774254,-8.591941768,3.259027046,4.743074142,11.31987448,13.74177418,11.65684362,21.90990126,25.32775896,16.71461933,20.57316305,16.90603723,6.037830796,2.086208547,0.599819843,0.750106954,1.507494116,1.735338088,1.327401373,2.050621604,1.998488936,0.470731459,1.412440642,1.543177587,0.77033477,0.54951456
1980,246.4120758,14.83899024,28.81107062,96.11500465,55.66603573,64.13837755,117.9643841,51.77550098,157.9604786,111.8730312,48.98669955,61.30526705,52.56673451,-6.608844638,-8.823766845,-2.874319918,3.396074603,9.391129007,14.44194639,19.75727439,19.61944774,13.87711435,3.490994807,0.136242091,-3.672463171,1.780365996,-0.833936125,7.038681811,16.5948589,24.37795009,28.39559539,32.87090083,31.54925758,27.10941423,18.29207388,10.9555862,6.909720127,-6.433574712,-9.538709004,-2.552517766,4.062634304,11.07863924,15.24973975,19.82075864,19.44828535,14.01186772,4.586424708,0.109872653,-3.425542798,2.382022272,1.887857635,4.281941431,10.86586073,17.34825831,19.84416132,24.85144792,21.17582775,17.99893257,12.94498538,6.293939122,4.35183179,0.427477797,0.358697639,0.599060481,1.133631427,2.206313434,2.344276044,2.31672228,1.582304914,1.628842011,1.206479433,0.697266773,0.588034342
1999,215.7948969,52.21656903,59.32169302,39.49379419,146.3081482,103.1209627,130.7903368,85.23640158,145.6026653,44.26462934,50.75612536,52.09103452,30.3821677,-7.388613465,-1.897709378,-4.035211775,6.763379526,9.910758692,16.13537541,19.61913066,16.1509334,9.493497791,3.941326295,1.665967997,-2.673411166,-0.349273647,7.076177542,8.930134689,17.60663431,24.12640181,28.05303407,31.72217988,28.17527458,26.5308134,19.84152633,12.57077913,6.855278858,-9.84287769,-2.64053929,-3.423829258,6.231655205,11.61646742,16.77057241,19.07253845,15.43064802,9.763339843,4.288555382,1.449655979,-3.693967541,1.711205486,4.117262419,6.979917911,9.124965071,17.14809348,18.47159578,22.14230335,17.73494183,22.5224896,14.42343196,6.766230978,4.165635327,0.159664672,0.163976526,0.531552134,0.339771308,1.418506983,1.135257384,0.614477387,0.391549746,0.923952134,0.741986518,0.521839127,0.21029118
1992,206.5754181,24.296888,32.8461608,54.29448323,64.13990114,22.21527972,56.33621109,314.0867478,15.51825665,69.87492636,48.53943321,73.16700762,44.64735776,-3.968255651,-1.472640213,0.317210843,3.919643131,7.199022076,11.97625942,18.1293892,14.83048541,12.20797968,4.634035751,-1.140970315,-2.762947918,3.919155637,7.443461786,11.83118856,17.12172584,23.8581218,27.76742671,28.5569189,26.9781109,25.30737844,19.80937452,7.681074512,5.813164709,-4.105397533,-1.560799671,0.791067219,4.319397675,9.484133005,13.93935634,17.8804535,13.97152227,11.49133693,4.853145634,-1.747730917,-3.435376499,2.48733512,4.023955715,7.156843262,10.18820011,19.1248343,23.10579356,15.42867788,16.93871982,17.16025062,14.53160086,3.665179863,3.135681661,0.313370019,0.295685118,0.524954472,0.759423604,1.917692396,2.152410249,0.523757047,0.502120477,0.766587272,0.701106252,0.285296368,0.283415367
2015,223.4484738,29.26846237,29.98329474,40.13355647,63.78479592,176.4360334,255.9907734,147.5032736,30.04936731,92.60475828,29.90554125,50.39278381,38.5167238,-7.6684798,-11.57853935,-2.615951298,3.552065933,11.13313473,17.1824347,18.45194809,16.10931114,13.94809914,5.401832082,-3.36965805,-1.62154876,0.531893663,-1.696035752,8.984308215,19.26818086,24.47340002,26.98381307,28.3126065,28.35385627,28.89307344,20.16296309,6.405301756,4.441533332,-8.381268679,-12.20104076,-2.9326571,5.67751097,13.45426048,17.32662283,18.25331027,16.28235975,14.84654017,6.348608702,-3.83718004,-2.157132412,2.292620338,2.322409993,6.572322566,14.21660599,17.01243743,14.71181044,15.86802801,20.17008703,24.66030182,14.30356133,4.845127489,2.307337562,0.302269922,0.428640307,0.602862948,1.325713378,1.653191904,1.043217867,1.055901661,1.102736219,1.517885007,0.967994601,0.562788779,0.34998916
2016,208.0949838,23.58938087,25.49893017,91.71980895,54.53814693,107.3435316,66.58795502,174.9708355,161.1453744,76.15032662,53.21187266,110.1572701,182.3888109,-6.300122925,-3.771272419,3.136087715,4.92112581,9.772892226,16.5256882,19.80187963,19.98652091,15.63795054,10.04646897,3.204695404,2.283408248,1.08149139,5.88386357,14.02567746,18.00807597,22.63370203,30.33693809,29.05135197,29.12314379,28.01150501,21.82441362,13.73205365,8.9208667,-7.75993421,-4.098974792,2.733461003,5.459455037,11.27169545,17.76157262,19.12606246,19.33394416,15.79801397,9.37322523,2.338461413,0.842299599,2.282614724,4.830705832,7.866483367,12.43096656,15.33129296,24.28199848,15.53015448,15.02064836,19.83513624,13.02898317,7.663839627,3.398714286,0.352289824,0.43946751,0.654552109,1.027450636,1.131819844,1.966560976,0.388197262,0.378734126,0.662891456,0.560710284,0.563755778,0.248252494
2009,212.8285115,16.61994259,52.27809075,97.00689425,148.8917357,120.7541175,114.5741339,112.8983135,96.95337834,53.91475637,243.8505585,22.424047,105.3424552,-11.05912241,-4.966740457,-0.743749945,3.849747628,9.715207254,15.97394768,15.4698472,16.46466274,13.00589984,5.638743552,-1.155819412,-6.603084209,-2.229487761,5.471915635,12.23056914,16.51683336,23.19463223,28.4637131,26.40593177,27.06364999,24.39673852,14.6189079,10.1208419,2.212389842,-11.60797375,-5.878154068,-0.372241825,4.906861957,11.53905737,17.17089051,16.27619389,16.02080618,12.54305922,5.626811534,-0.623777195,-8.552865234,2.026878973,4.147730066,8.450356634,10.97312871,16.42638578,20.48443231,16.49011828,16.31799977,14.95414719,6.888656076,6.921023247,2.170329529,0.315509455,0.429634744,0.810516415,1.155686139,1.514019141,1.677462951,1.317062314,1.034651332,0.702217301,0.616915198,0.630106242,0.277819875
2017,210.9193288,35.15222279,15.63637075,104.2958122,137.8068686,88.05151585,33.18424718,122.1129428,73.88217547,12.48910728,115.6672346,66.46011099,32.9958843,-3.374977023,-1.060581055,-0.228416684,7.377652364,10.49909498,14.38556319,19.61669968,16.64830179,13.52766525,9.128100417,3.809927239,-5.995010265,3.9883383,11.1330378,11.46930709,19.5107819,22.40345691,29.43398056,30.57074497,27.40487465,27.85211692,20.47985964,14.63490526,2.035891818,-4.447745638,-1.920072826,0.777402907,7.672116102,11.14961789,16.59538756,18.72228058,15.21729175,12.81589044,9.035199101,2.975470256,-5.311515942,2.283408616,7.052965609,6.776964784,12.39294678,14.55509954,25.3753706,19.80775442,16.74994245,22.34220702,12.60845828,7.879660351,2.529885085,0.238155677,0.488986099,0.724022669,1.11193534,0.809351714,2.164410453,0.69261179,0.314154343,0.627171362,0.691787013,0.477623306,0.458222345
2004,208.4891237,32.52829552,12.78662637,107.1378653,45.99206697,177.0452996,80.86848758,80.04440017,105.2284233,13.46243325,152.081226,101.0617293,44.84470415,-7.804722859,-5.435016958,0.420842301,2.452134155,12.96734389,14.21826586,17.37541411,14.72316817,11.5088678,6.297206642,2.763944255,-2.769382693,0.353053282,3.018184622,12.6530764,18.98961584,24.49353694,26.69226964,28.05750468,26.27172495,27.56241714,18.60580587,12.15428272,5.029729642,-8.881651651,-6.941382607,1.207466789,5.325234337,12.91114209,15.24842103,17.01713238,13.64161868,11.96575882,6.381733261,1.25504541,-3.561272542,2.35296252,2.933850433,7.69445661,15.19468958,14.88830904,17.7049391,15.81156113,15.38925613,23.25190307,11.62487838,5.568126887,2.939010425,0.142979119,0.213421273,0.523170184,1.603272315,0.9263157,1.085291359,0.696132858,0.465157578,0.729959907,0.490196785,0.299872094,0.21259923
1969,195.7722648,82.55700322,34.93728867,43.16357684,78.8511084,72.3091166,135.6354721,166.646485,62.66762084,82.89551527,182.2176055,87.90216102,52.25268197,-10.3891358,-5.404926767,-5.299041252,4.483048985,9.499244232,13.38732119,19.58437989,16.85231562,12.64842093,5.018563682,0.222661811,-6.770907219,-1.849307302,2.706357996,6.983397027,18.49988375,23.30546677,26.38207099,30.43210921,29.46061729,25.45368571,18.05353274,9.280936216,2.744552221,-10.6891659,-4.979116626,-4.72166225,5.650364218,10.54764777,13.78427671,19.52153573,16.63601518,12.78162332,5.708432073,0.115538775,-6.559136674,2.02346549,2.800780741,5.327795923,11.79249127,15.63285345,17.78744373,19.33575462,20.71448461,16.76385232,11.22487531,4.938284263,3.195981254,0.524919556,0.668402989,0.733228736,1.186772227,1.406458643,1.200603849,0.84972108,0.686004516,0.900184777,0.971747429,0.658123642,0.649191401
1944,199.7705026,10.4619924,48.74604089,140.4442608,187.3148199,108.0994384,68.67878206,50.26189592,122.2015337,106.2888094,48.28606589,29.86824649,23.03751894,-6.128367302,-5.844593052,-3.161352579,2.2402846,12.32971335,16.38317115,15.68580156,16.89176478,13.0390422,4.698469976,-3.142896004,-7.306892072,5.52597408,4.840768139,6.970640249,14.4735043,25.40131878,30.27704789,30.89204915,29.86616327,25.37656452,19.94541653,8.483634616,2.259503879,-5.549747164,-5.681301819,-2.48826255,3.748313533,13.96655084,18.2269444,17.24059486,17.32600306,13.72986034,6.726355923,-2.315081526,-7.122203416,4.480784281,4.025921356,4.386037323,8.266529018,16.79545711,23.08958177,25.44278831,21.5661831,16.17407535,13.55101745,5.520285569,3.107822651,0.692320149,0.603098088,0.763975537,1.218858623,1.870560543,2.606005768,2.268870662,1.186078826,1.238079778,1.64187661,0.825358559,0.641086881
1936,293.8404701,40.19424694,46.41596047,25.84740442,42.54384282,60.09871272,36.74737287,15.84060433,50.33362117,217.8277124,63.62481555,112.205317,28.80180909,-12.65073732,-14.43372846,-1.62801505,0.380306099,11.42021287,12.37748099,18.80575288,17.94544912,15.31466745,6.060220886,-0.716498354,-8.392444877,-3.552636389,-3.795256203,12.84355626,15.91042155,26.80781001,30.9187365,37.518736,34.76748908,27.25794301,18.3658066,8.096414217,-0.01266029,-13.2179811,-15.39839252,-0.053870279,2.941359467,13.34624169,14.96138344,21.37444604,19.98818793,15.82430226,6.95567037,-0.670576614,-8.968223671,1.919229383,2.139600864,8.482066289,10.76505238,20.42613036,28.95265476,41.74742547,33.60281314,17.60347061,10.74627728,4.367179963,2.345575787,0.485195075,0.388391872,1.141825573,1.640970813,2.129410466,2.832102326,3.912426117,3.025915418,1.176543032,1.106940983,0.647887974,0.55371728
1971,184.1464476,34.05723051,46.92154595,32.35357269,22.11636313,66.72580732,65.79234567,109.2721373,41.93010795,96.44475944,70.91281485,38.2908869,39.46767074,-12.56313792,-8.103611346,-4.403027274,0.165894286,6.656100289,17.31399834,16.25867842,15.6219238,13.7861408,10.0742142,-0.705053185,-5.491278534,-0.682842157,1.836487894,8.017365494,20.05185573,22.17633695,31.6867005,28.69413893,29.04849647,27.36896595,22.86134085,9.41348872,4.806572952,-11.78747429,-7.426095409,-2.978400783,4.676603797,8.283143808,17.9560337,15.9820202,14.99359151,13.60053757,10.27894478,-0.638754303,-4.741055224,2.924031779,3.064382698,5.615714718,16.10728566,15.59146829,25.57490323,19.72879775,21.08834188,19.51236857,14.39361673,5.237278793,3.983115186,0.669160964,0.722154754,0.974802443,2.681768006,1.615241763,1.587757327,0.654060139,0.324455511,0.654080091,0.820753451,0.616020526,0.76927681
1989,239.811276,21.97332537,25.88768601,19.65116682,101.3955349,64.76086527,64.79985573,63.15029881,92.12475605,77.74093986,36.42942205,81.61168319,47.62467996,-4.334647987,-10.88971016,-1.929346145,2.747520462,6.789977346,14.09223558,17.66303826,16.81770872,11.04407054,5.219770402,-0.100834512,-6.984910659,6.048313465,-1.957536324,9.695922909,17.04247286,21.82479274,27.40082097,30.80619662,29.20715025,23.50213399,20.45636491,10.77243695,4.764086998,-4.206941874,-12.17915815,-2.015766895,4.297592917,8.477993822,14.88437307,18.40883632,16.48542773,10.48021781,6.061153843,-0.981019656,-7.049936569,4.112753296,2.217904668,6.498491463,11.29611105,15.60109655,19.41036841,23.24566109,19.2711371,13.59368248,14.43241849,5.829422086,4.42655135,0.439532034,0.186103515,0.448493091,1.12562845,1.735049637,1.500359977,1.59303153,0.984958705,0.658985608,1.11745899,0.425301389,0.449965094
1960,223.8616101,52.40204053,47.5083394,57.92448838,94.90361123,149.1134072,201.7855445,95.98848542,94.28287181,44.48002088,59.64073248,15.98991474,50.97721064,-6.536609034,-7.165525321,-8.347186919,4.762502543,8.922952435,14.51949423,16.86087246,18.03889292,14.24190591,6.116566802,-4.304926024,-1.868240588,1.558700474,0.064987542,0.887434799,18.6678715,21.43402062,26.63943151,29.25069733,29.47082762,27.97797617,20.13759838,6.594634805,5.925969547,-7.09804978,-7.700148096,-9.991611582,6.031659344,9.524039027,15.24967006,16.90511479,17.3969573,14.44070257,6.097370228,-4.247042835,-1.720492119,2.278377566,1.937035334,2.870843014,12.47649355,12.95325961,16.8199273,20.35408388,18.81333857,21.55462797,13.90935367,4.853947478,3.311452054,0.324002176,0.325393217,0.251279699,1.351317835,1.364183811,1.842449264,1.492271922,1.120613738,1.215313363,0.722819642,0.56098703,0.399643764
1982,186.8029254,67.39615579,20.66801418,113.9912633,98.91345934,98.66208386,93.72431151,196.2515208,119.2933476,76.29746672,51.634678,56.21275518,30.35278163,-14.92732034,-9.249811445,-2.817591511,-0.156499798,11.7891855,13.08775617,19.00262815,16.6522347,12.74825885,5.871688239,1.271146988,-7.41180239,-3.965460932,0.544398985,8.242978207,14.56545059,25.81495226,25.40783716,29.79655456,27.66933506,24.12244573,20.11918933,12.43735051,1.533626279,-14.9663682,-9.215807896,-2.637470496,2.118183853,13.32528657,13.33079526,18.30242356,16.0500809,12.26059718,6.281204684,1.594901582,-7.591496346,1.753708463,2.59805441,5.053546896,10.09089563,17.87024522,15.27358394,17.07667595,15.8358752,13.15172802,13.09140974,6.37828072,2.619338187,0.351025061,0.419626565,0.489896593,1.422732332,2.145105039,1.260020157,0.847924377,1.00830407,0.816242974,1.110443152,0.668056547,0.36248353
1937,171.6298269,93.43683506,27.41851149,26.43190059,94.17720957,76.92504654,82.87752747,117.8117757,65.60370507,54.72339921,49.83415842,25.09603405,61.65024376,-9.330194355,-7.820828229,-3.833462396,3.50225224,10.09466411,15.39861123,17.17788567,18.41582851,11.04371249,5.045373135,-2.528914189,-4.002283302,-0.153925335,2.050012223,7.929495676,15.65685836,23.7530456,27.84450717,31.12248604,31.56158987,26.52501998,17.88893046,9.840851481,5.743000496,-10.17565474,-7.600087774,-2.578487073,5.086532077,11.60042048,16.08245221,18.02943655,19.07919307,11.64896166,5.568479174,-1.919574396,-3.749632419,2.530034948,3.139270569,5.379435079,9.039820562,15.84024702,18.66963952,24.18572348,23.74052034,20.16525155,10.72325868,6.295028173,4.04281267,0.496111099,0.637399868,0.971000275,1.3806046,1.690019713,1.270438307,1.594700364,1.380260395,1.095401539,0.928792915,0.872521357,0.701807475
1945,234.9184981,23.94669348,29.27642859,134.4868151,123.9130438,156.463502,174.999435,22.29514427,31.19466364,202.1261413,21.66340161,75.65610622,33.44739922,-10.15697855,-5.942220098,1.989513605,4.129928052,6.689258038,13.86075887,15.45341618,16.29429898,12.96152294,3.792945744,2.18371535,-8.87561027,-1.72000522,3.309824655,16.17795967,17.20291162,19.7931172,24.57446671,29.58154209,30.12566954,24.5149652,18.62887422,10.17930266,-0.525962043,-9.871436417,-4.807252929,3.846892061,6.10236015,8.418793234,14.67874236,16.525198,16.98410181,13.26072244,5.280595702,3.278684453,-8.577433838,1.993652604,3.186358081,10.14817499,10.28918277,12.02420116,13.72364187,22.39702719,22.669628,14.85675553,12.18916601,4.656931478,2.232519482,0.573525,0.743208881,1.408476969,1.531738259,1.559465562,1.30704036,1.762410271,1.416150386,0.979578797,1.30631066,1.066343022,0.594551135
1938,204.4176161,99.24208208,45.6933623,114.1936004,100.0668765,141.382194,136.0549339,89.81446198,75.95258954,56.32560398,39.16560349,35.54396583,41.11794,-7.515512904,-2.568917057,1.335976164,4.424780932,9.959883234,14.77648651,17.97730754,18.3816294,13.35778938,6.975469604,-3.121695638,-6.887319612,1.909946546,6.530884956,15.24807313,17.57821518,22.79044487,27.12780073,31.6695193,31.43650244,26.99890925,23.67006645,8.660618255,0.341226539,-7.777567276,-1.790876938,3.089320377,6.00932983,11.14474916,15.3101206,18.79129814,18.9690764,13.814287,8.471881875,-2.865409037,-6.453962425,3.004098425,4.010964057,9.56276646,10.73041273,14.32470846,17.85022341,24.64417239,23.55173744,19.04967414,17.96190893,5.650350372,2.124954877,0.605837919,0.818205655,1.31295186,1.430762729,1.432113372,1.090087686,1.539435377,1.262393572,1.047557421,1.519231732,0.734503204,0.710950458
1925,166.626285,10.97712404,41.05891993,39.78255194,93.6423342,42.46624036,147.7534429,95.04997628,100.0165004,127.8508486,92.21239381,27.13959336,66.35457158,-9.844595106,-4.415952942,-2.321589479,4.855165558,4.889539723,15.59774398,16.92486016,15.92536546,15.51353005,2.837365309,-0.77394418,-10.07603361,1.221354229,6.342572833,13.71326433,22.23328044,22.74644082,29.57832769,30.65641285,29.97647799,28.36235824,11.74639659,12.27258584,-0.306060361,-9.927962404,-4.232550722,-1.199339851,7.526009373,7.922776092,16.83148953,17.86434177,16.45674654,16.30856937,2.218867348,-0.197116795,-10.38645179,3.239341618,4.523799066,9.574249548,16.87210003,17.74290379,22.35544446,23.42753558,22.92870311,19.80415313,5.614766484,7.65143262,2.628722295,0.611591766,0.685001455,0.97360875,2.052602842,2.303671886,1.800801166,1.627923851,1.165283548,1.456610628,0.42641209,0.864259502,0.570325618
1992,190.0366018,18.06283806,38.72581754,50.41847631,72.5920877,16.18592935,34.5068689,219.6865644,13.69466929,140.3378119,37.06230164,76.78645023,52.86952358,-4.882285809,-2.264066314,-0.664211282,2.894203748,6.419558936,11.50900415,17.73128802,14.36564647,11.74225432,4.239017125,-2.380660356,-4.073419387,3.664583281,6.518066909,11.56772232,15.93085157,23.45607775,27.39021853,27.75169068,26.11490472,24.11470155,18.92754922,6.630755253,5.075113576,-4.808818073,-2.391737754,0.149878324,3.902103578,9.922240587,14.18015988,17.54095805,13.90623188,11.36446784,5.209111289,-3.127469534,-4.537488846,2.635155296,3.799741454,7.44096463,9.503201306,18.76562153,22.57879496,14.66447735,15.91287006,14.75414674,13.43276229,3.519934053,3.235551448,0.335940619,0.291994994,0.599787476,0.961982238,2.554909605,2.623105803,0.64052566,0.731602142,0.779627001,0.994477062,0.268116582,0.329180429
1999,203.5998317,71.58006887,31.16163673,36.9393421,135.3463882,95.80289651,111.714693,107.6772699,70.42333891,90.05922605,23.23233053,76.76334633,40.25476132,-8.796960358,-2.668309336,-4.287645296,5.875930644,9.601654493,15.80695125,19.62382028,16.17658174,9.431374716,3.562823952,1.188445823,-3.963408467,-1.363311271,7.099894561,8.925690558,17.72411684,23.4274089,27.88026655,31.96297031,28.30244762,25.49996248,20.03232967,12.2388874,6.363512426,-10.71596025,-2.623569691,-2.8923266,6.359163794,11.44543058,16.33365574,19.57879452,15.36197828,10.24125869,4.570294044,1.661124244,-4.464733817,1.709546246,4.464126837,7.204042634,10.14221165,16.37285671,18.63005919,23.28131586,18.68607216,21.09166078,15.18901135,6.676145282,4.40005576,0.140922804,0.356782714,0.724461478,0.747546523,1.60196412,1.065842986,0.577572201,0.262179826,1.300806994,1.028994676,0.77009461,0.243162572
1998,206.4908762,57.24509997,85.7436281,115.5172893,104.7644206,148.4434439,200.6328988,43.03473745,63.17957107,102.9911229,131.0988192,61.41655625,45.10501566,-4.93996489,0.150903382,-1.515424063,4.097315157,13.16183332,15.6861053,18.55048131,18.88981634,15.08802777,7.809312618,-1.218370129,-3.846309365,2.344906981,7.463396846,7.849160709,16.30436166,25.00927603,26.83685637,29.88475013,29.82873882,27.74809573,19.24890932,7.815997255,2.517349619,-6.079994206,-0.046531601,-0.930047849,5.523465989,13.93157368,16.23119967,18.78977171,18.16970901,15.05813444,6.85470891,-1.308278423,-4.140260006,2.267053599,3.64152353,5.510447365,9.902598005,15.63793029,16.26289821,19.57525292,18.77283794,19.12331967,10.68890753,4.525538321,2.186197695,0.038882788,0.100504213,0.664495858,0.974702153,1.402160503,1.054310238,1.002202695,0.184476083,0.767618785,0.25870659,0.357276222,0.076903317
2002,203.3127917,64.97749517,27.1944082,46.67446192,142.3068046,196.9885356,145.0781973,99.61846935,136.2288595,20.30540722,62.70049857,43.47878814,35.74767846,-5.786683838,-4.342511322,-3.497679224,4.359132841,8.555392639,16.66169043,19.25520999,18.55538893,13.28802564,4.921604082,3.226790295,-2.578143933,5.662341103,5.908683147,8.249043758,17.22856865,20.66772289,28.97998691,31.3465478,29.06923539,27.66467649,16.69986222,16.50056287,6.498527183,-5.147276172,-4.525457268,-3.919234653,4.76639154,8.73291579,17.28697998,19.17895414,17.60006683,12.35090165,4.421845302,3.458381484,-3.037444499,5.262229763,4.604025959,5.707402005,11.60118091,12.01236422,20.57151341,21.98725155,16.72424546,21.37721058,10.86552608,10.6081448,3.894873793,0.540659537,0.401138387,0.342585921,0.857663378,0.566667724,1.223481811,0.888907467,0.332042551,0.487590258,0.346378241,0.720354669,0.36863431
2004,188.4147377,14.95865337,16.7166721,72.30827019,36.21343547,133.8839514,77.34500009,100.2133791,140.7471579,61.52769562,135.7454317,90.7438758,95.39767884,-9.598347211,-6.613369387,0.400443277,2.424379012,12.7206525,14.44907512,17.34346492,14.65847023,11.83555219,6.157011171,0.780920874,-4.220702544,-0.105420675,2.779964732,12.16781527,18.69436269,24.30521781,25.96368594,27.52024882,25.97999631,26.95049133,18.02367189,11.30001154,4.594970665,-9.664742732,-7.422579673,1.108246798,4.992130232,12.05696976,14.96298284,16.56576018,13.60396162,11.88929076,6.226861601,0.094519838,-4.453025252,2.706753348,3.283828046,7.26028939,14.72758204,14.54568358,15.63232362,14.40972853,14.92326585,20.92330444,10.53274011,5.800319909,3.471182655,0.31147565,0.362760302,0.545652868,1.620612588,0.691001501,0.842638646,0.479316938,0.393101617,0.839564757,0.589789444,0.427711737,0.317628752
2009,200.8595078,11.67413257,50.94052153,165.8269605,185.0585697,152.5585269,140.9184921,80.38674809,160.249245,41.95208331,173.9970016,25.26734199,108.0876464,-11.89118972,-5.014073159,-0.905063363,3.251727864,9.439257195,16.32836398,15.81909031,16.83037385,13.20047766,5.546901167,-1.011834591,-7.8114309,-2.156951118,5.595810978,11.18942807,16.24248594,23.13175805,28.36023728,26.48297907,26.87537463,24.42308792,14.3851453,10.52336481,1.74297719,-12.55087456,-6.118756308,-0.622195093,4.370676752,10.92409641,16.956413,15.65669281,15.88365609,12.47695197,4.758330274,-0.550899696,-9.988156763,2.353132254,4.516267713,7.559501151,10.69288282,16.6352587,19.53633306,15.910121,14.60164793,14.42384931,6.600832562,7.195733993,2.269253894,0.355512219,0.308609602,0.643592356,0.813946717,1.052959404,0.942819521,0.393031241,0.301290543,0.43181591,0.239969367,0.572438326,0.256283355
2015,215.6781862,33.32539272,39.81933702,20.01790243,57.86368592,130.7923408,289.8100835,174.3047079,81.03967379,58.17707128,37.50461162,32.03148611,21.99368443,-8.350798242,-12.25826086,-3.084590723,2.707055021,10.95904161,17.06868175,18.43695794,16.28249804,14.23210382,5.141710427,-3.976753779,-2.568206985,0.131034273,-2.640058019,9.245962683,19.55530114,23.68126127,26.76619605,28.22923227,27.61381887,28.44603903,19.67943383,5.893017692,3.496144054,-9.234686356,-13.54910868,-3.356352693,5.16497847,12.22916455,16.49848055,17.85768299,15.6591893,14.67163656,6.421688138,-4.99336703,-3.45890785,2.30612884,2.035685632,7.238040852,15.46518473,15.778947,14.00296242,15.66454183,17.55422448,23.02235166,14.05494695,4.887274754,2.119862998,0.261443651,0.286242604,0.542840013,1.210239495,0.88973889,0.292581355,0.426395298,0.402677722,1.000490308,1.19305037,0.456280136,0.201531728
1940,251.3170169,37.11082195,30.35224981,34.18860318,69.69864244,105.1074366,122.842786,69.82792451,159.0014411,12.79994468,74.72265349,15.39995928,10.00887812,-15.51400315,-7.481523579,-5.803096429,-0.371518572,4.990723776,12.44790506,15.1910737,16.15107951,9.839082838,5.921986878,-2.188033642,-4.388316578,-6.527859099,0.424356877,2.305020555,13.20153669,18.68685828,26.72783262,30.14325634,27.07250932,23.7920154,18.88782866,8.879969808,4.835856335,-15.57107271,-7.448117421,-5.655225515,0.856000258,6.533636592,13.64718465,16.08637322,15.76929143,10.11367959,6.102429806,-1.459208147,-4.010069402,1.415485612,2.275767719,2.725033095,8.454499971,11.97674126,19.56788733,24.27874818,16.42698484,16.37066417,11.77336085,5.53245367,3.609248874,0.532384613,0.657687781,0.682698653,1.055807411,1.41876598,1.491878142,1.419263461,0.306704364,0.77009418,0.669845447,0.837118775,0.688089357
1958,317.6346378,32.69784216,5.129072524,9.695032347,58.80161607,36.81520676,115.4178303,109.4481395,64.28866546,58.78032841,64.52062009,79.82233939,65.17793429,-8.363564225,-13.0944164,-4.184376222,0.950842649,4.055975315,10.80598736,15.91349033,15.99158131,11.5882548,5.3101337,-1.092015846,-5.139595647,-1.457620392,-3.748999209,5.352886447,15.42361117,23.28333117,23.26776737,27.12379329,28.83979543,24.00933917,18.95917355,7.779889736,3.912903468,-10.16662259,-13.54230789,-2.984960461,2.521470416,6.961214668,10.8376918,15.47355323,15.3591038,11.19023783,6.221971163,-1.235648174,-5.575944526,1.650149513,1.984068464,4.280622466,10.92471807,20.14314936,14.20482809,16.7833674,20.73568456,15.18962716,12.2864243,4.005419814,3.288153306,0.098588092,0.267037051,0.493234082,1.08687563,2.211882203,1.106236957,0.706987809,0.743076147,0.737672579,1.056063177,0.39908465,0.402346096
1928,193.0322163,14.30907018,33.42697451,46.13792425,69.12332584,47.87766489,146.667615,91.22833679,128.6741696,49.48890653,93.39967483,89.25375408,48.70647751,-9.271245451,-6.908928621,-4.557889657,-1.868322238,5.670664363,10.50606122,15.85959823,15.84164841,8.545419215,6.331213045,-0.196690613,-9.463058492,-0.524508266,2.153643657,7.081546215,12.2889444,22.65248994,23.14921006,28.55632406,28.04652124,22.07774733,17.24165325,9.395196752,0.332684534,-8.957900087,-6.66880029,-3.700679191,0.182088069,7.812516481,11.29852967,16.5123891,15.95359927,8.450203527,6.386698823,0.030366015,-9.604316551,2.293715271,2.918186628,5.104519953,8.197646103,17.29742089,14.64288302,19.90786991,18.80982386,14.47747315,9.4289275,5.126733507,2.712815755,0.671684566,0.667518164,0.808083218,1.270269529,1.77928971,1.134040572,1.173968463,0.720278576,0.614073829,0.665367154,0.744174564,0.57842062
1980,257.7057207,23.69080002,24.454002,22.64818068,83.9869439,71.43126546,121.8981821,113.6933959,152.7326749,173.5945574,52.2695846,73.2701572,50.28564423,-9.819446128,-10.76286745,-5.831923321,0.999438306,6.432575936,11.83946591,17.4552481,17.78316953,12.31195511,1.74636995,-1.301293356,-5.80063008,-1.703502385,-2.146398348,3.673302724,13.33457199,22.27776506,25.0246129,29.22739502,27.74664559,23.26963081,14.29965746,8.105588927,3.58070349,-10.69710626,-12.22724845,-6.005348655,2.060885568,8.217713462,12.23099016,16.82845561,16.72604048,11.25946531,2.136457947,-1.493648375,-6.118910657,1.701569629,1.881287669,3.437425152,8.749116135,16.22268285,15.98983307,18.52518596,15.67234814,12.62215947,9.019069603,4.736163859,3.151412838,0.11903792,0.253811658,0.550872369,1.177755604,1.981431567,2.176278788,1.825649497,1.134123089,0.963452365,0.818000819,0.51709832,0.387620645
1952,260.6612926,46.63352071,11.14019657,97.02782495,63.70691428,84.03933584,127.5308,176.2578844,96.15071894,17.93458496,2.185306936,87.29705778,62.79421346,-8.808307809,-5.797259619,-5.350123419,0.948063203,6.112695918,14.96232409,16.76196599,14.66815333,9.884357303,-2.775729984,-5.976824636,-9.421013011,-0.265657726,2.559698394,3.955666379,16.44244297,20.50688841,27.92173498,29.67043668,26.82554031,24.69817634,15.42940699,3.329379212,-0.503923359,-10.16434715,-5.350574544,-4.826902302,3.069776891,7.970694489,15.56678961,17.51229662,14.9583686,10.24382252,0.712615738,-5.903960292,-10.36625592,1.488232495,2.685142937,3.210693991,12.52611077,14.68248901,18.54836681,20.38144411,17.16755463,18.1516075,12.59754555,2.971794289,2.440089421,0.237161572,0.424056448,0.418602207,1.260629974,1.576764557,1.661146163,1.640533332,1.153471878,1.166493374,1.366987834,0.371787665,0.344192074
1949,258.7949454,72.43888008,52.77316255,49.56813219,47.90764479,42.17403731,131.956423,117.9529164,48.18826268,53.78267494,62.30982399,59.89675554,63.76602255,-7.924953642,-8.263905424,-4.191887709,-0.368613287,7.055556238,14.3054716,18.10968522,15.59737029,7.465831691,6.633953589,1.280620529,-6.647586213,0.511979877,0.322689741,6.656635453,14.89380572,22.85689829,28.83264105,30.40226436,29.03781863,21.13216064,19.53287313,9.628700866,1.732644418,-8.849296792,-9.303388602,-3.409299866,0.799293114,8.218895143,15.39268053,18.23858203,15.80515159,8.180217241,6.689650336,1.305532032,-6.97085587,1.934495482,1.922276029,4.616262497,10.58723688,16.31068111,21.28934971,20.31937245,20.83864776,13.64061929,11.22503538,4.337454072,2.660753336,0.273065806,0.336108503,0.600054061,0.936916812,1.818369485,1.560480082,1.0628543,0.971650106,1.038453167,0.790265978,0.490751878,0.305635584
1987,282.3287818,24.93148511,1.441286198,53.34398634,98.24863614,93.29481096,58.9299268,108.7128532,261.9841845,58.72729295,23.71068728,21.81797418,21.05957079,-8.474781229,-6.078635236,-3.145681957,0.911887046,8.214563793,13.64441583,18.02789315,16.24362107,11.52843469,0.276311854,-3.82970452,-5.553744013,-0.631883772,4.758424622,8.981322675,16.3569117,23.59347995,29.1131499,29.75933874,26.64109423,23.21897148,13.52068327,6.140820491,1.476381671,-8.869945357,-6.355035564,-1.937894985,2.966570731,9.570105574,15.17326686,17.84503046,15.85991404,10.64474899,1.061400687,-3.694572503,-6.113210437,1.826266438,3.993361496,6.73826038,11.65222809,16.6330249,23.10142563,18.38686381,14.57209501,13.08216245,8.719684,4.155666256,2.005498327,0.275207345,0.297678329,0.595447685,1.290137605,1.569374743,2.147870217,1.245063559,0.652951739,0.441923408,0.741554921,0.470852408,0.162860184
1979,251.1659211,84.53237417,25.63580664,97.62525174,131.5497286,41.50282346,123.4657435,72.55902921,217.2851287,1.76961458,43.9820728,57.80252744,58.85436839,-16.25193313,-14.38897557,-2.507368011,0.924783465,5.946438993,12.05988488,15.38463158,16.49578185,11.38463074,4.63694616,-0.727728777,-8.493148114,-7.692207373,-5.222358908,5.65813115,11.829051,21.69946963,26.70977961,28.27767978,25.90681036,24.8580983,16.06584704,8.999309081,-0.990615492,-18.21314684,-15.27597492,-4.279481987,1.167318878,7.537057544,13.42025104,15.0951218,15.12323061,10.78473687,4.565895606,-1.523491933,-10.1195937,0.947867749,1.470593779,2.943312946,7.054054012,15.75858845,19.19322292,19.28977734,12.45934584,16.74326257,9.102341544,5.662832558,1.761859548,0.157733099,0.326121176,0.276877155,0.729809543,2.066098568,2.389967921,1.244928659,0.474393,0.87715743,0.723865275,0.279623366,0.148195324
1961,298.3643293,4.668744446,19.94475544,95.69999389,70.72718025,48.56787375,67.451861,117.8848583,52.0579537,251.5616327,121.9921112,55.01457941,11.65830141,-11.34495457,-4.981419751,-1.707470323,-0.579914813,3.815060222,11.42490193,15.92010821,16.13601226,13.05278424,6.527299626,-0.10151601,-10.25044534,-1.189702204,4.84312427,7.470953181,11.43449697,19.82509772,27.1956042,28.46401692,28.37032872,24.88317568,17.50254051,9.747028636,-0.050884968,-11.91831099,-5.766777366,-1.869941979,0.457241649,5.687922447,12.53338166,15.78660205,15.32288487,12.49429551,5.976069198,-0.507507039,-10.16064816,2.559655088,3.690133095,4.361991975,7.340425802,14.47073867,21.38613202,19.91969252,19.26044752,15.44630937,9.492097444,4.933488598,2.913444187,0.279043761,0.284342316,0.333223416,0.689960154,1.689061558,2.20175456,1.052963255,0.927159315,0.903332788,0.576145985,0.469171995,0.483590485
1943,217.2724604,57.69749462,26.30638548,59.39996869,81.53396614,127.9384362,62.23325213,95.2238939,142.3005528,35.69103986,36.88180728,82.96981478,63.60848247,-11.21285486,-9.102326262,-7.045567856,-0.677589021,6.442167084,14.24002117,15.92439065,16.27364287,8.897732456,3.746064379,-1.251479876,-10.08050579,-1.855080858,1.83984829,5.085433623,13.98018464,18.86212448,27.61583013,29.8706352,28.52576505,21.427252,17.05041279,9.355053693,-2.341192521,-12.18189052,-9.982661324,-7.082803737,1.130859175,7.627095891,15.58758005,16.49035595,16.41331784,9.031947943,4.059314918,-1.319158137,-11.18256108,2.182173231,3.344785034,4.569362335,9.361677011,11.2861594,19.62531965,22.70323879,19.43540681,13.26785447,10.70589944,5.503587396,1.775566483,0.476651368,0.531238747,0.619331147,1.255345887,1.264585815,1.773270111,1.154130651,0.787864812,0.786843918,0.770102818,0.665792531,0.411636809
1991,441.5266234,27.94065691,12.95649466,126.4434355,87.37504118,110.635947,45.71234678,41.02228252,55.59793011,78.30240626,162.8402709,102.6954699,48.51990743,-11.41195453,-6.808162566,-1.881236575,2.962834814,11.33442276,14.15463192,15.31749536,14.97445931,9.536752653,4.351692923,0.469692948,-7.404377722,-3.176228362,2.163487482,8.591438731,16.22332335,23.69802895,28.77546035,29.98057413,29.08028704,23.0904826,16.4091461,11.40361955,1.115655968,-13.30427621,-6.927275658,-2.154429458,4.102375511,11.81084797,15.24322664,16.26479263,15.68618332,10.28322583,4.626773252,0.134318584,-8.395059467,1.453980237,2.713163359,4.989121871,10.42770167,14.25499603,21.5731545,23.73172401,22.36755657,15.29294239,9.240944143,6.066831741,2.325043513,0.146028991,0.362567855,0.372002682,0.992986149,1.10333292,1.626479435,1.500649241,1.370349001,1.059877111,0.748061155,0.646718079,0.267740316
1956,297.6294027,7.938357864,32.99062511,30.8626517,105.3222879,83.56965362,63.64223138,103.1636818,112.9901594,13.22339036,9.199529843,26.0879012,17.6641058,-8.991507557,-7.889726658,-5.216857105,-1.643238945,6.796257414,13.52353589,15.13079504,15.98478149,8.536510351,5.763175846,-3.963338734,-10.36797246,0.549926549,1.281761392,5.742741631,14.45845441,21.24075081,28.52399522,27.304351,27.42968005,24.13994838,21.5759121,5.987757187,-0.950345245,-8.639605664,-8.54248213,-4.45952141,0.722430039,7.643819383,14.93906385,15.51549793,16.05440019,9.472040897,6.830521105,-4.252389698,-10.15563244,2.72980433,2.595926491,4.565025707,10.69152787,14.07449229,22.76573906,18.76600582,17.40720112,18.68579817,15.97250454,3.824015976,2.280746595,0.423884904,0.305846554,0.576833566,1.176551041,1.448877235,2.272025676,1.37748522,1.088341891,1.434607048,1.267366856,0.408886464,0.438311565
2006,266.0831397,70.28129563,19.64636993,92.84905081,82.22241308,118.2440416,94.98401597,104.5233113,89.07516367,83.71845931,109.7391306,77.57129869,26.65753834,-2.694110557,-9.585299689,-3.32763233,2.122435842,7.970268421,11.8094994,17.68003562,16.04748099,10.36149126,2.427257139,-0.897210484,-9.268665452,3.734064308,1.30416331,6.73687673,17.34786723,20.32880224,25.1017062,28.85993642,27.44597588,21.13660028,13.52802074,9.433268092,-2.972636023,-3.274747831,-8.889841891,-3.16817437,4.396672236,9.11781027,13.25554312,17.62389047,16.25217808,10.34049314,2.703024579,-1.075397125,-10.21193201,2.222289543,3.474566798,4.744102688,12.82186636,13.38003075,17.06278807,17.72087986,17.83361791,11.92044786,8.245902,5.62866167,1.227568656,0.198127845,0.424451706,0.364706409,1.195640526,1.104654728,1.450838439,0.932672157,1.134144197,0.745974678,0.544563486,0.488539142,0.153114899
2016,256.8627,17.61567425,22.38482399,90.43197149,68.31066294,109.0325995,72.91516683,128.415634,102.4076885,76.82795289,82.34480161,139.7541784,142.3722912,-9.067719336,-6.575452255,0.16996204,1.133684374,6.358660015,13.49179214,16.93818819,17.55328829,13.68042357,8.063608934,1.118410906,-0.034405638,-2.136101146,1.952298255,10.1830151,14.06251864,20.59146706,27.04154234,28.33616884,28.3030132,25.10360506,17.9861874,10.99226173,6.267219891,-10.35079927,-6.384041584,-1.0086084,1.868435447,8.187914989,14.44625599,16.97419009,17.09027525,13.8061887,6.837364735,0.041704841,-0.583816495,1.714829313,3.145646921,6.109202165,10.14596306,15.17381586,20.38326503,17.96223437,16.99564788,15.22407197,9.003580288,6.329311332,2.734817703,0.272151428,0.475942582,0.366767147,0.796114102,1.117074516,1.452407392,0.71371182,0.615561495,0.578924643,0.402006251,0.459855518,0.224359108
1929,181.9101316,94.89402418,16.81296402,78.26185747,131.1773203,126.2709596,97.32775667,145.9753738,69.65349801,36.38480508,89.80089193,80.34432656,58.99448074,-11.70444703,-10.68544939,0.28674475,5.324478535,7.77698223,12.98566377,17.34218714,15.30092847,11.88695018,5.562634869,1.116519488,-4.086471444,-0.977342501,-0.26892271,13.85866977,17.84732818,21.03932456,26.81768784,30.14561096,28.4772789,25.19284891,17.66788517,9.913668124,5.00581717,-12.41375223,-10.50637096,1.938885313,6.49855729,9.158922457,14.03529726,18.00869372,15.3511849,12.16750726,5.894442037,1.658692139,-3.881875612,2.634469823,2.725766984,8.669049563,10.54697989,13.31209346,19.15802518,21.76802282,20.32230431,16.97593604,10.16997819,4.895113125,3.591581469,0.43713478,0.615031897,1.229920411,1.254660283,1.476011245,1.497174582,1.33175093,0.709259953,0.917674863,0.851208863,0.909422921,0.721742272
1958,213.0446267,38.77212292,13.52032833,18.45888517,64.99174265,43.16174017,204.218551,185.8083927,98.15018255,56.33636133,23.35081867,67.67344638,95.96680178,-7.022423775,-10.97926855,-2.907145571,3.201418708,6.875466727,13.42321585,17.76948558,17.65898703,12.75008472,5.422146489,0.122317574,-3.097853083,0.868147583,-0.584580462,6.347569653,17.87726607,24.4216351,25.19986973,27.84826335,29.44488661,25.71889989,20.81989145,9.942924199,6.615615199,-6.612784284,-10.5594411,-1.566180706,5.185248762,9.693198231,13.54844152,17.91176271,17.49233864,13.42484922,7.026738893,0.323622974,-2.926478109,2.367350129,2.904467952,4.486768507,12.4229531,20.52722292,15.52580954,16.22621246,19.75322633,17.88034527,15.6010814,5.077824504,4.228845057,0.407104408,0.428973726,0.55317737,1.374240205,2.437223393,1.346117236,1.239306709,1.117103178,1.342425685,1.444621112,0.516133405,0.546345401
1976,161.8601095,26.46847616,73.9502665,131.0432263,65.41067962,92.79091497,95.90127656,74.7200045,48.77913927,65.97251289,61.17968012,63.19680756,57.9002019,-9.387691667,-2.261535464,1.774111877,4.110288673,6.441809829,13.53328678,16.79480543,14.88561597,9.753428357,2.196460625,3.544957562,-3.437409986,-0.699573181,8.516453854,13.81788927,19.6199509,21.84773214,28.79920547,30.38286044,27.93837585,25.46650116,15.72113073,13.07485314,3.940928671,-10.78824204,-2.941957511,1.344269315,5.549832123,8.268408928,15.58937395,17.38279459,14.7696405,10.80098506,3.290752428,3.10341711,-3.749704413,1.868264117,5.522828927,7.061768388,13.49169549,15.43186912,22.80803076,22.69044913,19.00462775,19.6753322,11.40279231,6.367659476,2.432541881,0.260832249,0.555742163,0.715337428,1.594634324,2.031745235,3.182359893,2.374668217,1.618776907,1.758193161,1.012718217,0.632285484,0.465164979
1953,266.6026269,45.53416297,36.8080451,126.4072271,62.87141358,69.01556371,90.36875284,154.7898484,31.61236933,38.73486919,33.11450906,70.21365953,46.14692806,-4.451709836,-4.766564808,-0.97604663,1.235502499,9.889042883,16.16080472,17.00142601,15.04274304,8.839649715,5.011494357,-1.148971574,-3.402369883,2.639575706,6.860388051,10.18968385,14.65899083,23.7944672,31.39117672,30.95938068,30.69159016,28.38787541,23.13158574,12.08248006,3.742089495,-4.675249401,-4.037980498,-0.434066142,3.007014646,10.73600323,17.7762927,18.18255394,16.45247073,11.90339313,7.68438331,0.59160407,-3.067372087,2.026390552,4.530099451,6.09624782,9.167666436,15.32673846,25.21835936,23.78599969,25.69906005,27.08453237,19.64728545,8.044024771,2.410660216,0.354432897,0.541446402,0.558558558,1.060837385,1.637201865,2.93740807,1.968161101,2.099575966,3.00692973,2.22505044,0.968277016,0.332951441
1944,227.9053738,14.1480452,65.20198989,117.9069566,193.3183993,103.8951876,57.65111679,49.13169501,86.47877234,88.12068121,36.3173414,43.42411153,19.59232104,-5.48726642,-5.254436772,-2.860351939,2.377851947,12.17338506,15.86745645,15.28758753,16.56083755,12.7232818,4.716307657,-2.385948746,-7.072571608,5.704470103,4.832639781,6.790437772,15.18779053,25.58973909,30.56928148,31.23936836,30.11546758,25.45753733,19.79534352,8.107418121,2.475345233,-5.753142293,-5.522596269,-2.966812554,4.090914896,13.65842362,17.73201971,16.54828462,17.00687453,13.48095369,5.342624933,-2.204917044,-6.944976865,4.335839847,3.799713894,4.135742198,8.784941228,17.28604199,24.43783226,26.81456223,22.71087157,16.60866722,13.30056179,4.991684324,3.121554673,0.541643914,0.555104899,0.608250603,1.277442031,1.770757747,2.621348543,1.852486026,1.170449993,1.251775908,0.966764031,0.673795141,0.5861746
1966,237.549174,19.56831221,35.16324802,51.50197898,117.2287634,99.83112471,59.37087496,64.9864403,74.76055817,95.58866505,44.14206371,28.80832689,88.7233676,-11.81810527,-7.281636444,-1.037787078,2.61013214,6.498130458,13.43553652,17.58716138,15.38155017,10.8367239,2.76419808,1.221560942,-1.612008803,-0.859642896,3.670673868,10.94896066,15.22311918,21.12793986,29.22796867,33.0719505,28.36247947,24.38654914,18.53181101,12.84169145,7.09137382,-10.33382765,-6.443924305,-0.360044612,3.707046346,7.804990545,14.91096851,19.02093243,14.92048274,11.56675968,4.663390704,1.328399456,-1.586298262,2.689238109,3.765988597,6.612643459,9.013420526,14.19943821,24.1094349,29.31571586,20.00539559,16.51524759,12.82255223,7.249792605,3.976229253,0.795563361,0.732332215,0.855284001,1.095333492,1.418629431,2.073946802,2.438361504,0.384300948,1.243545495,1.497987828,0.689712353,0.590218857
1978,187.5145909,22.97493225,13.08430347,54.09880206,98.36138027,120.1665869,52.99516816,120.2150026,71.9292081,60.22615158,44.4892345,43.83085206,61.82287046,-12.84841418,-12.5933151,-4.400376451,3.552924708,9.021971209,13.66385103,17.81608763,16.86328879,14.20518174,4.629340934,0.997448612,-7.647767927,-4.343713974,-3.743248524,4.989981487,17.92041469,21.72190838,29.51566014,29.74266308,28.85141126,29.22365555,18.26142522,10.04442915,0.567315416,-13.64877546,-13.99030866,-4.157797502,5.059239272,10.14432501,16.09855946,18.10526815,16.88049909,14.66950887,5.650842031,1.245524691,-8.676802678,1.398609715,1.960988254,4.216055435,12.36291886,13.83068216,24.3449662,19.42361289,19.05327008,22.91195305,11.74514328,5.206469957,2.155650714,0.291764531,0.367570332,0.74810566,1.711269351,1.976811289,4.034140699,2.514164459,1.976028986,1.904885329,1.278211537,0.863281912,0.372429755
1993,224.0360309,100.7324844,44.6789003,75.14557931,112.2265142,62.42258391,176.6850901,169.9297604,153.6686217,217.9422742,90.82390753,152.3053587,68.87900373,-6.410075281,-7.463053615,-2.086407521,3.510666352,9.219204167,14.34793567,19.23195975,18.93024714,10.61350594,3.928151164,1.040860431,-4.392120703,1.048800126,1.294853761,6.245237431,14.89550312,23.92096357,27.07071067,29.18062386,29.06127863,21.67461314,17.23220047,7.468504482,2.546453929,-7.318303009,-8.628462675,-2.946037498,3.49519555,10.80028597,15.22916528,18.9769893,17.74984396,10.45519168,4.144220977,0.75502838,-5.636548396,1.84325147,2.764342532,3.715487936,7.950974835,16.32775835,17.81085673,15.50459806,15.76858012,11.15500418,10.96992734,2.740039458,2.002104272,0.234955594,0.114595452,0.108025401,0.625669195,1.627867574,1.517990848,0.839134483,0.146732576,0.704519553,0.758952604,0.2002109,0.16292061
2009,209.9105847,14.28242246,65.43997177,99.53459561,155.5214653,133.8646592,136.0825401,104.2592733,121.2705096,44.46563299,244.4173885,22.39491898,116.497049,-11.86992778,-5.32024528,-1.353223371,3.091942413,8.950594597,15.30572439,14.91067855,16.11786683,12.81125838,5.409791575,-1.250894556,-7.157376516,-3.541296916,4.170509419,11.51222193,15.53951252,22.6225086,27.86758738,25.64670846,26.48324995,24.00252714,13.91218291,9.387232478,1.195230513,-12.71154505,-6.919189799,-1.446816992,3.928114595,10.65341718,16.22505666,15.51406949,15.51565275,11.972356,5.212840855,-0.985240638,-9.709860966,1.667959753,3.331493558,7.943605375,9.956149545,15.68810395,19.47165833,15.1792086,14.98136444,14.07140835,6.01922508,6.195280541,1.771462861,0.277284542,0.2881422,0.617734289,0.818339187,1.313285237,1.344063234,0.961375898,0.667305762,0.324866805,0.431499081,0.505828403,0.229655638
2013,220.6617887,79.13509614,59.03816125,46.56011124,147.100222,150.2548315,112.1360046,48.64258748,32.56093869,35.12526177,94.29826905,23.23344309,55.29942302,-6.433434363,-6.206613166,-4.338306341,2.606926901,10.80359209,15.17710463,16.47025048,16.12590118,12.8296634,6.060649333,-0.998160654,-1.069455907,2.782848654,1.885479694,4.633189973,15.31174868,23.76800832,27.39055641,27.97222157,28.24476362,27.79711915,18.58706396,10.00460909,6.526445076,-7.792881796,-6.865220556,-3.863027432,3.502240146,11.84439551,15.97929425,16.93460641,16.12645849,13.2131744,5.939159359,-1.373449677,-2.139614401,2.719697297,2.549456911,3.697668722,9.146083726,16.47982844,18.87924326,18.84097513,20.04329359,22.83792691,12.35412784,6.129661663,3.339869983,0.31029754,0.265424878,0.463787902,0.77003006,1.680434057,1.773757152,1.503681248,1.55893034,1.321553942,0.729923871,0.643484802,0.288563884
1955,192.8575988,63.13096791,65.32249476,56.97341808,94.64890731,111.0402901,95.94568051,99.23383926,48.02598377,105.2349534,157.8605773,18.89763408,41.89728841,-6.074409845,-4.649010966,-1.265829012,7.377052186,10.91544624,13.03901478,20.51865932,17.31133162,11.43119258,6.641857929,0.781778322,-3.401492373,2.759440856,4.746946619,11.21416201,21.87917336,25.21704848,26.24502197,33.07193428,32.71203891,29.05273559,20.05396007,11.72937536,4.764933835,-6.053710218,-5.336028256,-1.108302193,8.655638836,11.81015072,13.69269673,20.91741252,18.59798421,13.60092842,7.250461063,0.867460124,-2.913684884,2.844922451,3.313378485,7.043954482,15.10153864,18.26474939,19.09652368,25.24863578,29.5562492,25.96903472,12.68483033,6.770495417,3.011701773,0.452175507,0.394395059,0.651953301,1.407649223,1.686222521,1.488041343,1.568895585,2.320556542,2.6553825,1.132707754,0.341157832,0.375201133
1929,184.0709604,92.11924007,16.85065951,80.46629655,150.456205,191.8888582,99.36882244,146.2116463,56.40043772,40.38002157,107.6333829,62.51546068,62.33459147,-10.52053075,-9.760717399,1.059839559,6.146002154,8.716993042,13.49549964,17.71517446,15.59053107,12.27931015,6.151228689,1.449518866,-3.326005723,0.565302639,0.854259122,14.89295138,18.94430306,21.55734586,27.39635622,30.60672589,29.10844388,25.66318078,18.46064885,10.65351002,6.210519716,-10.99024167,-9.64146554,2.611787336,7.078183058,9.427394866,14.22525119,18.16270229,15.36728487,12.11072266,6.220955243,1.839650933,-3.372006092,3.030793221,3.005516595,9.346254633,11.41674095,13.40264642,19.85436,22.46367287,21.4508407,17.48691387,10.7783584,5.321540999,4.056103988,0.50884916,0.627597385,1.241039871,1.171573859,1.168777837,1.281271566,1.124578277,0.513860655,0.662565133,0.776591256,0.91035537,0.720768842
1940,188.5358672,33.29696299,26.06386367,56.43725859,96.40128814,101.8309277,71.2237626,37.09210319,115.0646537,12.29250275,55.52161462,33.21503405,30.73858196,-14.18976598,-4.699981423,-2.394598966,3.007782236,7.904414896,15.06683392,16.37127334,17.56625092,10.48848211,6.973657447,-0.680755527,-2.58826253,-5.152212412,2.74547448,8.504782872,16.96293384,21.99525379,29.46850832,32.19914457,30.32839771,27.10556899,23.35441869,11.15391298,7.22448026,-13.91778558,-3.82413895,-1.242433064,4.510501314,9.311580102,16.87060047,17.79945418,17.93690298,11.46103639,8.575798617,-0.121943532,-3.041887831,1.608244362,2.535862124,5.220810877,10.73805371,14.62120644,22.71333103,28.2016588,22.0216124,21.87927484,17.44150535,6.648347523,4.453990719,0.586228853,0.827097281,0.971480475,1.342912549,1.539679972,2.3091329,2.059060846,1.074010747,1.307932544,1.528139137,0.930395925,0.651255818
1975,184.8148364,112.5263582,82.1102451,58.65329877,85.8808408,106.6898547,112.5823249,97.50208587,150.0875446,75.77224539,57.08535767,87.40139515,51.21939413,-3.962063395,-4.954300214,-2.70528811,2.614950497,11.61881779,16.03265111,17.11109624,18.93674344,11.26636488,6.565710873,1.921321744,-2.179940806,3.913964078,2.408227665,7.830821585,16.2302263,25.80946054,28.76737963,29.61057205,30.1033219,23.83242515,21.96797047,10.91590366,4.12315477,-4.423624552,-4.707957357,-1.864597335,3.577521119,12.81033952,17.01085124,17.31048767,18.90972366,11.57295901,7.56470796,1.998050871,-2.717397249,2.448753605,2.218118399,5.011106829,9.828913088,17.81312606,20.99904847,19.93181652,18.59744442,14.60636179,14.84665853,5.299140899,2.157119584,0.334519464,0.443301361,0.661575034,1.079665236,2.076098246,2.243984845,1.904754365,1.452042625,1.217202069,1.44508751,0.476626517,0.259680036
1954,202.503696,37.93216793,34.81295608,53.9117866,101.1234989,59.90785984,81.96699437,56.665757,123.5328112,25.84558065,106.9052209,21.1283021,34.18288155,-6.529910207,-1.790687257,-3.558598695,6.325787793,6.443270785,16.29963428,16.69734847,17.84446635,11.9651132,7.908088934,-0.69017603,-4.606395079,3.880451863,10.11045628,9.112321452,21.19549361,22.34216538,31.89957126,34.73260743,30.8645086,30.27640469,20.43605076,13.24279251,6.047522127,-6.063407051,-1.197197328,-2.092352391,6.967062864,8.485612395,18.37994043,19.53675244,18.72625244,14.0082289,8.61729948,1.130168522,-4.277691347,3.039503103,5.952830064,6.140641848,13.38861301,15.99629579,27.84848795,35.01501033,22.33858737,29.07342453,12.02412106,9.065551175,4.026248104,0.487718577,0.573040854,0.688363437,1.042105711,1.614274283,3.259807517,3.81062727,1.343722578,2.480270089,0.84269385,1.060143753,0.478696035
1970,193.4771351,16.17252075,22.75326724,50.35917289,171.000201,107.2177512,149.9761051,68.57400363,74.01022809,155.6418788,75.11820556,46.54089068,37.15829684,-11.56993868,-6.796913859,-2.470219696,5.218423453,12.02075645,15.58092469,16.86116319,17.51551449,14.67191813,7.233170156,-0.486307366,-5.220172569,-2.486660065,4.110419465,8.268705679,18.46683012,25.69878746,27.00804491,30.60729441,29.43751444,27.96572539,19.2729108,9.632145112,2.339325448,-12.04163825,-6.943969584,-1.677993029,6.011040397,12.85387833,15.83648843,17.74565007,17.61424208,15.00124511,7.885659132,-0.583245238,-5.701091737,2.037255524,3.857809632,5.101016639,11.35554221,17.76477564,16.54633054,23.41440599,19.72019542,19.44271274,11.01972699,5.345975858,2.567572465,0.529538909,0.615249878,0.830435521,1.09054191,1.507961818,1.174337765,1.939515253,1.071785375,1.203210265,1.072936102,0.63866014,0.532538514
1948,187.0637839,33.39537309,58.85478427,132.7691657,54.3311484,97.77907795,139.2405532,126.6123872,47.47043326,58.14194602,49.0721521,44.19002536,52.98992468,-10.44301515,-5.499973313,-0.702437583,6.243020668,8.730252375,14.24314518,18.11366965,16.49807745,13.17171902,4.657533938,-0.868574864,-3.784884239,0.410533731,4.165632259,10.0197483,20.11907819,23.14467777,29.52497687,30.62402896,31.06402938,27.87473722,18.52080186,7.381047558,5.352708532,-9.605116929,-6.220952683,-0.276344519,7.873540844,9.566755703,15.92405663,18.56727662,17.0090129,14.0655065,5.587782914,-0.973714959,-3.036736848,2.778483139,3.214429597,5.852999362,12.57261663,15.26257994,22.50790323,20.86766782,25.01660544,21.1776902,11.74577885,3.834525654,3.506014713,0.404039116,0.287974546,0.596196422,1.672641727,1.471055353,2.072684129,1.258801971,1.411764724,1.327582154,0.795818927,0.503779306,0.714828175
1961,187.6296953,12.05718974,46.31404967,107.5164199,100.8015043,125.8176058,80.20224906,128.9644591,70.5083715,144.1817358,82.18905178,60.74135036,42.90294374,-9.00231406,-2.676775274,1.1674738,2.109654694,7.043434963,13.55057369,17.69394736,17.63411496,14.40205731,7.260746276,1.164786068,-7.762432923,1.569869881,6.922167153,11.91095982,14.42521908,21.28614363,28.56435297,30.50791284,29.52088475,28.40936535,20.26334051,12.55258569,1.737055211,-8.549642294,-3.875604705,1.523853008,3.027028699,7.772746629,14.36207595,17.80746531,16.81663457,14.61137173,7.585318008,1.107173829,-7.573248588,3.259063919,4.216928694,6.547096061,8.557023799,14.00799699,22.50192331,21.15356347,20.09660888,20.54450449,12.82287519,6.677341327,3.081827678,0.48547184,0.362926306,0.572603169,0.839340082,1.475890092,1.998994939,1.300213349,0.908026274,1.469074435,0.995127995,0.667671503,0.552585518
1960,188.7722921,40.41081288,59.4876758,60.82958807,91.11616135,113.0811961,172.5044269,73.65982986,56.15240954,55.50634128,47.49059985,60.88324058,44.28894669,-4.687779501,-5.719742726,-7.360410418,5.67908445,9.439855361,14.69293145,17.08095329,18.24967115,14.64693152,6.929266587,-2.929355785,-0.760670797,3.004184556,1.484755443,1.564492385,19.45641834,21.15791898,27.44945803,29.81340612,30.34740983,29.63881832,20.68164617,7.480268741,6.732616074,-5.023979019,-5.806105329,-8.778487787,6.511539396,9.765240489,15.2645397,16.96706542,17.39354103,15.8937279,6.982171698,-2.581911225,-0.867611959,2.439508248,2.201469938,2.977805444,12.92587826,12.06559901,18.45822228,21.57452277,20.96304916,24.9221263,14.00568386,4.984722303,3.411013141,0.318709395,0.369661655,0.274552071,1.272362832,1.379347294,1.879981094,1.434301431,1.065072569,1.964015698,0.836630462,0.666046864,0.36492256
1993,187.573677,104.3855886,44.47198443,64.69659785,135.7195297,40.22023764,107.683428,170.7279801,111.1125314,198.9096086,80.29732137,203.9873164,66.98148898,-5.521520972,-6.643107266,-1.35089823,4.656886034,10.57589694,15.68301268,20.21423956,19.30520454,11.80322663,4.763971348,1.642171693,-3.43147291,2.030491803,2.314886758,7.252843139,15.90722376,24.33900486,27.90566465,30.3982387,29.86040782,22.52468476,17.96548514,8.643847008,3.947923945,-6.468806725,-7.465033189,-1.866750997,4.698408991,11.38017655,15.95034716,19.88516354,18.24156284,11.10246873,5.037726675,1.742711385,-4.204226559,1.936583807,2.893112448,3.890619938,7.635991254,15.17922962,17.18134631,16.32130792,16.41224508,10.95828801,11.36773872,3.210033514,2.468058811,0.191766988,0.124816698,0.141714624,0.635415891,1.362301015,1.008311132,0.970633266,0.252360792,0.575571852,0.90250544,0.408000419,0.285771479
1995,193.8327755,79.32381966,12.16905351,79.90550956,91.41051371,236.6609364,57.28011455,47.59962446,104.2457487,19.97556268,79.37271195,139.0832539,44.07153275,-6.251927384,-6.402510504,-0.18765692,3.615353561,10.42396404,15.78997278,18.06458255,20.70240574,9.948370732,6.174867062,3.163622762,-1.070218269,0.984373806,4.467525062,12.43564669,17.36914114,21.45174986,29.07118852,31.31459783,32.54955366,25.41502566,20.91970839,13.87263161,7.051531633,-6.931466886,-6.622069519,0.819830626,4.168403357,10.50689375,16.28825921,18.71175187,20.34000069,10.72401368,5.959705276,3.203400264,-1.563561196,1.882625635,3.941429862,8.854074685,9.51540443,10.39323391,19.93699436,24.02087279,22.87149774,18.75479735,15.24789598,6.849093516,3.605511899,0.204021567,0.252322672,0.711132432,0.528578371,0.645536488,1.231831611,1.313013279,0.333699761,0.80753777,0.35195316,0.454697766,0.315919752
2003,187.8487583,15.4264708,45.43713023,61.91088301,59.31155393,134.6670284,96.7341117,118.8251346,45.06056307,133.1769465,44.18971922,20.93593648,48.13998462,-10.72883069,-7.434917647,-0.165592298,4.809581952,10.48706144,13.26990802,18.27377935,18.1207025,11.43172692,5.471502123,-0.833848289,-5.236408897,-0.58714525,1.257268632,12.16040564,18.45073439,22.45054267,25.75858394,29.88942641,30.1340161,24.73724724,19.29411101,9.251210347,4.877793723,-9.902469262,-7.683359094,-0.787093705,5.65424801,10.63087371,13.83804908,18.09804911,17.64671626,11.47965564,5.732679796,-0.464734046,-4.666356183,2.795089788,2.520566459,7.748426162,12.51264152,12.9155189,17.32790789,19.80076926,20.34608025,17.38108148,13.65842972,5.665724459,3.877581933,0.460861797,0.263130881,0.314041442,1.044206836,0.680840227,0.816291877,0.771826761,0.894244292,0.705469504,0.658591509,0.473037823,0.424356445
1997,190.6617776,81.08919826,93.75752124,63.80307143,34.98362301,103.2284075,72.08152871,49.67555964,117.1455781,99.17143347,41.30199054,105.1084279,30.34920132,-8.870124712,-2.800166848,0.19518548,0.551781587,5.846700086,15.41332489,17.8784053,16.68219924,13.25392227,6.083082429,-2.801620971,-3.568926061,-0.96154799,5.046348157,12.23812484,15.5759617,21.05320834,27.00466116,30.53985039,27.6391459,26.05165894,19.59275554,6.004099073,4.266649578,-10.79293342,-2.40848147,0.567930861,2.890368852,8.798388778,16.21907285,18.15872924,16.3421576,12.98722487,6.489713249,-2.356722801,-4.276284547,1.869877197,3.216016194,7.575930131,11.16368696,15.00146689,17.73460127,21.68560467,16.48431957,17.32283361,13.31094834,3.738680078,2.718668354,0.143931997,0.366874329,0.722033029,1.104454516,1.5987433,1.196644269,1.243335499,0.821695346,0.880860629,1.027985667,0.376825831,0.167827977
1999,189.1714398,64.90202488,62.24769525,28.9594729,145.295249,87.84139566,168.8214019,58.14816206,104.5092794,41.71398786,54.34854273,54.30799628,24.84497625,-6.841512686,-1.645850599,-3.563482232,7.352217463,10.60172664,16.69633976,19.83492312,16.09048499,9.742225303,4.452950705,1.899150705,-2.178687128,1.002742915,7.278692088,9.219503174,17.57980628,24.36269297,27.94259645,31.83492483,28.63869016,27.29827497,19.7703868,12.56482412,7.01006932,-8.835818046,-2.021314603,-2.650137382,6.756744714,11.82007267,16.88218076,19.44253535,15.866644,10.15002298,4.998282632,1.773092467,-3.117456318,2.125226465,4.149502442,6.98740772,8.607254074,16.48284191,16.71671872,22.07667427,18.88801607,23.95231277,13.95922187,6.631689721,4.107302476,0.171998809,0.281327698,0.603642168,0.301307234,1.058872879,0.685985567,0.659578045,0.624676986,0.989869636,0.81959732,0.539247957,0.236607997
2018,186.4777534,24.71436798,123.7503314,99.49711389,63.7852621,63.62372443,154.4002136,139.6624984,81.03998123,94.52324809,75.24527779,52.57120166,13.34811161,-8.155088751,-3.232504394,-1.95539424,0.198164474,14.21049872,18.65702844,19.81718512,19.66123905,15.68518551,7.351262056,0.71550411,-6.379770761,0.360643025,5.651183259,8.782777907,13.42348529,28.5061334,29.64650151,28.93959703,28.86630195,27.92363544,18.97613629,11.51877513,4.186570393,-9.90851721,-5.065699838,-1.334122632,1.169183431,15.79323095,18.57862024,18.37738625,18.69859195,15.76244373,6.695381448,0.250199355,-5.609643201,2.660684012,3.54304322,5.717986974,9.13208056,22.5153262,18.83998996,19.3367388,17.25496394,15.30847285,9.103056326,5.928685638,4.784951419,0.26578964,0.345398972,0.529474232,1.189418712,2.124586787,1.203877197,0,0,0.030317833,0.000298071,0.686103265,0.653226493
1985,270.8128447,43.93296762,110.0397238,115.9743243,71.11180148,77.14495619,142.3137914,80.52947471,141.7421724,11.81639218,38.19329264,109.4572178,78.44328414,-10.86467988,-8.200646509,1.14565897,6.699887329,10.90651099,14.42569346,17.46089068,17.27294404,13.39084164,7.726878475,-0.10438608,-0.930089638,-1.281391989,1.280571465,13.6325692,20.40926574,25.15061065,26.57873452,30.18337818,27.41100162,26.49010872,20.57270701,11.54476096,8.487380962,-10.57931567,-8.051061833,2.277628395,8.158347532,12.43145143,15.57701411,17.87360566,16.50195499,13.94970699,8.639094879,0.762293591,-1.614900524,1.984551241,2.435343495,7.906293104,13.29821928,17.41517142,16.58707198,20.64882092,14.56509054,17.70971647,11.57897456,6.104291165,3.790927358,0.409082544,0.404031045,0.825743156,1.631068803,2.17737958,1.527623525,1.925858918,0.963281486,1.876755935,1.098908448,0.834229627,0.450104804
1950,293.3193299,159.7296701,76.48922092,63.12267511,91.87651708,61.40136571,130.79683,60.87238099,86.32514033,56.829932,38.33519427,9.358598452,113.7354657,-2.797855098,-4.391301843,-2.69627241,1.905382247,10.94496982,15.44410823,15.71110414,15.61323406,13.61573961,8.63485389,-0.017546212,-3.156322385,7.79067354,5.487312581,9.502015056,15.52999513,24.73182439,28.04733496,29.26896849,27.42186965,24.79492729,23.76591746,13.8555483,8.529236774,-3.418117097,-3.945655764,-1.457671693,3.263195337,12.11475437,16.35312438,16.32465454,15.48059268,13.44537702,9.124332546,1.259196405,-2.554434888,3.40320779,3.297320492,6.133883949,9.519762186,16.65093062,17.77827767,21.56581705,16.31296938,13.30152243,16.96307648,8.918710965,5.079732912,0.384444335,0.390578239,0.716283041,0.997890187,1.59107896,1.724529773,1.341097134,0.756037711,0.538483653,1.003992346,0.915343394,0.51107456
1951,285.2603701,33.06190226,138.0577066,93.84622797,75.09080143,59.07757057,183.2910789,67.71771671,77.23079042,81.44563612,67.34764273,67.50490966,16.22709356,-6.004584467,-4.394747886,-1.520673124,3.265102202,9.924592045,15.59333408,18.48802266,17.14412489,11.88346573,8.339589462,-2.956139498,-8.41326575,4.672574879,5.19081291,8.939553388,15.81238999,25.81719026,27.31069888,30.23365258,29.95321704,24.94093348,21.20899792,8.708613459,1.269931474,-5.576812011,-4.590295642,-1.225184623,3.913036018,11.38723583,15.81370121,18.42162005,17.07507978,12.05994068,8.305853761,-2.525318665,-8.552759057,3.874783587,3.637394337,4.915420943,9.848872895,20.3218375,16.6474538,19.40891651,20.60148585,16.21891576,13.03810443,6.066836559,2.518803433,0.425194958,0.37780104,0.556506481,0.895623943,1.78363614,1.024493964,0.918595036,0.993508643,0.851923692,0.733908424,0.735960044,0.379784244
1958,285.9552626,34.92916268,21.47890487,58.85879269,66.60633047,72.04772885,128.557509,191.0355184,80.33136771,65.04194196,29.80023299,73.77834462,86.12674682,-6.224489698,-10.07010864,-1.996811898,4.588179598,9.123536401,14.7754954,18.74498928,18.56507722,13.95678563,6.131106285,0.627592953,-1.926136695,3.223739589,1.153955954,6.839001023,18.44971392,24.61264275,26.98043437,28.99440197,30.2707502,26.38729862,21.18485592,11.02733563,8.985883245,-5.209344637,-9.616729592,-0.848437751,6.259194937,10.82062779,15.13831627,18.48687523,18.49321511,13.96157454,7.308802528,0.788964391,-1.429654103,3.340693214,3.487671277,4.325643761,12.18435382,18.86036178,17.61863907,17.46098081,20.70645639,17.91631853,15.57294349,5.754269292,5.439296745,0.543057534,0.485616643,0.516712059,1.34811068,1.913723722,1.602577908,1.071723062,1.20856055,1.066234692,1.311511354,0.526279133,0.639889364
1959,300.4180447,49.55350597,64.74547795,68.86802759,57.71249624,118.036634,9.918624781,65.12061881,125.12023,95.50835747,95.84546332,106.0200079,5.957340136,-8.25725557,-4.927242396,-1.253447624,4.006458395,13.43751458,15.18043961,16.81333315,19.99481686,13.94466912,7.27027257,1.425443176,-7.824374946,1.124192187,5.548517646,12.64839528,18.66882795,26.04623019,30.13433705,30.96163065,31.68460044,27.75917612,19.28182871,14.94884823,3.041943057,-8.996527247,-4.793002789,-0.005360655,5.868477679,14.04588518,17.10601712,17.88674636,20.10299212,14.60646498,7.398894433,2.830073936,-7.422751872,2.337911789,4.192950749,8.728481453,12.95486709,17.54454478,25.1056211,25.25644662,22.27323371,20.48806025,11.19485438,9.61473184,3.730619021,0.324208242,0.475789654,0.813183719,1.592178927,1.54582799,2.713652275,1.948305371,1.261899466,1.362494563,0.813713493,0.928815557,0.50613652
1928,239.1587576,34.16758078,60.66914058,38.44323717,95.11298675,77.36402317,181.337198,101.7049235,71.72562215,65.16488899,92.99026133,143.1027081,67.87234813,-6.077546321,-3.690523148,-1.284086348,2.10804107,9.553757889,14.4983335,18.18669101,17.97143542,10.43829648,8.715161724,2.224556802,-6.38178027,4.601568859,6.557223863,12.61636291,16.34064333,25.0110171,24.94828597,30.98902087,30.50925922,24.99236658,21.26724011,14.16017666,4.582407977,-5.64636796,-3.140988376,0.537818858,3.832215367,11.12164915,14.28256517,19.24686343,18.65091991,10.527191,9.274502603,2.732699204,-6.529882301,3.96758132,4.411639429,8.154339934,10.44818105,18.55896401,14.08035269,22.8689622,21.92724951,17.93250587,13.0027087,8.077301416,4.051279188,0.765938917,0.79524039,1.231563114,1.379011178,1.669113385,0.632427965,1.747224026,1.395842887,0.862619198,1.013901049,0.928441274,0.629865448
1987,277.8214751,48.34834903,11.12444244,49.26466605,79.72750716,33.82972148,53.08615997,85.09838195,94.71160458,54.09768521,37.87531742,48.21099124,40.19394377,-6.457704595,-3.198727368,0.435004514,3.533270501,12.49262547,16.56877615,19.73686186,17.784282,12.32552611,1.798464903,-0.197342038,-2.910997036,1.269760625,7.860117987,13.84135912,19.12110275,28.29369654,30.91307999,31.48296017,30.95348622,27.38616638,17.32450858,8.424046027,4.543338844,-6.822301736,-2.670626494,2.092269537,5.487793514,14.36670075,18.19685903,19.98816387,18.63470198,13.27113556,3.550746045,-0.066244556,-3.090546759,2.165374486,5.034737511,8.985931524,13.83911519,22.20847053,24.08401633,20.58508072,23.31215196,21.58760513,12.15815226,4.244901968,2.687436167,0.307866046,0.536567085,1.02238312,1.643047336,2.356624232,2.544679941,1.861168926,2.076409781,1.582115378,1.158373813,0.490587092,0.300284823
1936,373.3064471,39.14962016,44.90696678,37.70102168,58.78621213,45.58899712,56.42515975,14.74050513,19.73075006,159.4217789,82.6989661,120.3884013,28.40733605,-10.09481271,-11.48860362,-0.036311259,1.63721839,11.84598223,13.13508349,18.84367741,18.4377084,15.83984493,7.048184229,0.546769398,-7.086055182,-0.564966734,-0.27101585,14.44427702,16.76214976,27.38298607,31.28344548,37.7402726,36.49700352,29.21113547,19.81069029,9.959098755,1.603814738,-9.828355844,-11.28362606,1.880707551,3.477339224,13.25860261,15.59074148,21.62589511,20.92461344,16.83354335,7.861675238,1.182122698,-6.777764554,2.500818698,2.898970264,9.430537893,11.17511062,21.38208248,29.44414161,42.91834799,39.20372246,21.45390279,12.05257581,5.196214374,2.72216924,0.637719554,0.612919877,1.320325104,1.39268187,1.692814732,2.744075866,4.162377278,3.632343064,1.576008675,1.089453557,0.878068936,0.709008214
2002,291.4040686,63.75478935,43.91348554,109.3655387,164.7816656,283.2334994,108.4216246,79.92855434,108.3132168,73.88789418,104.3697633,75.24346008,72.70831258,-4.350004626,-3.788972557,-1.392145049,6.596316913,10.11273237,17.01966025,19.29220931,18.88109766,14.12641556,6.420468052,3.295177031,-1.495596119,6.196836721,6.796651034,8.866746709,18.8236671,21.52904969,29.51674778,31.660599,29.82153769,27.82593858,17.37989941,16.6661668,7.255994906,-3.71829794,-2.635084609,-1.239397471,7.025422188,10.2715061,18.77317502,20.63300622,19.24529974,14.29088203,6.232818311,4.395633655,-1.283271135,4.860161605,4.938129943,5.109406378,11.44285918,11.71263417,21.33227357,22.96370473,18.28241669,20.58946916,10.32308406,10.45639802,3.806192415,0.547808042,0.624464999,0.425706319,0.816155957,0.710152937,1.553955787,1.749412365,0.94077662,0.703804467,0.306963438,1.115144818,0.49394342
2000,271.5808407,24.89157268,46.16996394,55.33420128,45.50540683,110.1109676,200.3804968,134.8977294,103.3451922,83.87936115,95.73896855,21.11008166,55.9185957,-6.150968777,-1.336297896,1.32074193,3.499915084,12.46640773,16.00451011,18.58248643,19.33050166,12.98168141,8.000523512,2.134341731,-3.070048168,3.569802835,8.950094476,14.03202739,18.28963048,24.90147978,27.1514672,28.63422179,29.96986694,26.97151665,21.33749658,17.29020795,6.212087296,-6.215510035,-0.882490096,2.055254631,5.160522599,13.56863537,16.45076883,18.5512182,19.18684445,13.04526953,8.887974551,3.589346166,-3.008006306,3.628928912,5.791862872,9.006938595,12.20027828,15.42136399,15.85587136,15.29369623,17.2253657,19.48930724,13.51384789,11.75502279,3.775739669,0.412785712,0.678973342,0.851040319,1.075050011,1.369965029,0.94847746,0.719803035,0.772211042,0.693215713,0.95864017,1.077937198,0.45910623
2005,288.8617299,191.8198054,50.27345044,37.07069741,47.97401139,39.89378926,77.51958604,61.9073736,68.55724993,127.4798952,44.38192057,131.8158832,51.10573907,-3.862467362,-0.948811128,-2.474173703,5.308876884,7.685167728,16.26651605,18.23452251,18.43237191,15.10797589,7.138438558,3.777473851,-4.3398463,3.31492829,7.254818071,9.795362819,19.7219201,23.93159415,29.8710995,30.77821343,30.67077107,28.83813152,19.66399371,12.57422858,5.265662739,-5.034715758,-1.299742083,-0.547402952,7.518658369,10.4955395,18.20431441,19.11999058,19.1641641,15.45405381,7.151465574,3.877750931,-4.079142068,2.043452639,3.756508947,7.06546799,14.09044303,19.76607765,23.18565091,22.45584694,22.4338385,22.84918221,12.71252588,5.679950918,3.650499825,0.085234779,0.296913108,0.798463245,1.395583199,1.620334671,1.749585553,1.357192078,1.134559084,0.858812731,0.579510614,0.491571426,0.420442696
1985,302.4119057,44.17292713,98.71286609,136.7333085,84.74880274,73.20770764,181.992928,74.89051924,134.5180344,7.84232301,31.04877672,134.1373379,89.71382157,-10.46231299,-7.876324328,1.455409735,7.111201701,11.4875172,15.18124705,17.79764003,17.76126451,13.45196018,8.109153984,0.087768839,-0.352620741,-0.311687812,2.435890516,14.64111133,20.78601441,25.31864088,26.89160495,31.01051495,28.01759539,26.92071155,21.2943741,12.27517001,9.727631417,-9.686852676,-7.247051577,3.025883078,8.649274316,12.7551885,15.89581713,18.59377394,17.24934238,13.86289578,8.79006242,1.037965528,-0.827554615,2.284199418,2.85545383,8.60169955,13.25271804,16.93610798,15.96062828,22.27750372,15.17070853,18.67259463,12.35782919,6.716226633,4.45619741,0.492658474,0.545028774,1.039305543,1.746872623,2.127597488,1.228777713,2.443598589,1.515598685,2.096645762,1.115637585,0.910977676,0.515854159
1961,302.2471535,15.44142079,57.06135191,115.5122197,82.16376556,207.79736,75.52993231,145.7898219,118.6554769,103.0746462,65.28001956,65.52451362,54.09678768,-8.223270875,-2.207081452,1.705269134,2.539591323,7.962441785,14.14750348,17.89403114,18.01964282,14.87311634,7.305564894,1.399069296,-6.917685931,3.663616551,8.129402609,13.14578097,15.68776206,21.53833333,28.40858711,30.60703951,29.72297058,28.02076881,20.94635116,13.51160071,3.760943025,-7.396334084,-3.19914816,2.924902667,4.815319028,9.455533516,15.76111307,19.30408805,18.25880831,15.24775204,8.644576457,1.938908799,-5.415791512,4.311000647,5.052140007,7.67339276,9.829619293,13.83498887,21.30892469,21.44640738,20.10237595,20.03362258,14.03709518,7.690857022,4.019068944,0.535811864,0.422509928,0.930542535,1.48709968,1.949703997,2.643039593,2.611423184,1.668487555,1.694680114,1.730043357,0.880678573,0.785610505
1937,301.6659554,155.9137576,40.02480651,39.38870473,138.3324244,88.11576064,151.8264384,70.55749029,42.79929033,53.03264232,107.204629,74.20264562,64.6704179,-5.564168685,-5.27553997,-2.427734022,5.017861265,11.61728329,16.63840493,17.54436688,18.61375108,12.00118645,6.252383654,-1.702331717,-2.605761205,4.157347445,5.614725222,10.67154375,18.37457996,24.69918001,29.16141286,31.5401259,33.30858924,27.6607559,19.30470208,11.58428526,8.264273027,-5.572020075,-4.048173857,-0.597756595,6.834612161,13.05972844,18.00253862,19.26766738,20.49942431,13.39257784,7.252858107,-0.57028956,-1.857952544,3.564778489,4.291936477,6.847212109,11.3217159,16.23457752,20.29081634,24.88933475,28.449566,21.73748088,11.83294908,7.346278354,5.140821273,0.630613455,0.887697568,1.154239305,1.474304403,1.647418184,1.901975146,2.387411699,2.71077377,1.685127283,1.138847629,1.011946329,0.843449551
1990,305.2002422,34.87088322,116.9132295,62.17111903,90.04552312,261.0907092,97.92479858,81.38626652,67.56935531,46.33796963,112.9381509,33.15310563,19.6704629,-2.16891919,-1.477785009,1.869245734,4.553764637,10.06974183,16.96694714,18.34732019,18.06950277,14.67765514,5.179332678,-0.833926747,-11.54853903,10.51531811,10.0319669,14.35131685,17.3987278,21.63445701,29.22479419,31.138558,29.35935389,28.18558115,19.98324879,13.83881869,-0.110445138,-0.781206847,-0.758460864,3.027575767,5.855471979,11.49995198,18.05442599,19.89314696,18.30224238,15.74602415,6.12364759,0.926829155,-11.12067721,6.471884089,5.719533876,8.333045546,10.63607369,11.68528254,19.85400078,23.70770042,18.26013242,20.97618329,13.37483361,8.94309668,3.384249402,0.888139865,0.631364014,0.785543976,1.373547901,1.607053645,2.422254009,2.811865844,1.510934357,1.937141294,1.341743022,1.25825609,0.512609019
1940,301.7694186,36.64085479,38.33727832,49.0518952,94.3794424,69.01109262,75.35129157,31.81997009,112.3079351,5.314425472,52.9261115,52.66276146,41.96419673,-13.70039221,-3.950888513,-1.473516559,3.903161593,8.780335429,15.50148988,16.60399126,17.85866364,10.97924659,7.434285436,-0.565067314,-2.500224278,-3.652758208,4.522725364,11.44521597,18.08423311,23.41002361,30.13187254,32.74416068,31.08630587,28.63757359,25.01794737,12.30101635,8.88898116,-13.18955633,-2.573428961,0.700435808,6.073141136,10.54107912,17.53139857,18.69770294,19.18808562,12.65022627,9.454374822,0.639609557,-2.293670308,1.952563723,3.139238782,7.123292231,11.68794309,16.34737014,23.89443314,29.44297132,23.43048695,24.80731388,20.10804155,7.536062436,5.659838801,0.50328704,0.78260683,1.12810035,1.552323234,1.740855711,2.393014963,2.539391883,1.822678838,1.747792878,1.703462428,0.871589874,0.513433995
2002,307.7222064,64.94102395,44.61041465,112.6620192,128.4853427,211.669911,99.73496283,49.95652138,108.7893412,78.53177727,103.7286862,84.37960823,93.30171112,-3.730330095,-3.716937745,-0.939869019,7.091845254,10.72438883,17.28946787,19.52478628,19.11225017,14.47796355,6.994880821,3.630141444,-1.06589524,7.410445876,7.832510576,9.837657916,19.85785524,22.1119995,29.83409162,32.35296077,30.55267155,28.43201192,17.7565256,17.17553339,8.163046658,-3.167360833,-2.05893776,-0.478024231,8.219109741,11.27986241,19.21382675,21.6255074,20.15440035,15.6539879,7.351583153,4.776757509,-0.456731579,5.480852714,5.66971295,5.771701208,12.17324979,12.09101673,21.63479756,25.13403619,20.19726288,21.8353914,10.29562192,10.84024323,4.314978281,0.543276528,0.742209026,0.532544205,1.128767936,0.93488391,1.626807889,2.296830741,1.30583359,0.988257706,0.434036976,1.018812678,0.558226555
1998,305.9348308,71.91419838,64.61097055,146.2478052,126.2045041,105.5243216,214.5813137,141.6060155,90.11496287,71.24336971,66.74928619,63.97056983,60.54189113,-1.721951679,0.979267682,0.480430049,5.809755312,15.2629313,17.63248502,19.97150719,19.19292534,16.0892696,8.77562964,0.886761519,-2.102055765,5.003371791,9.646434777,10.16148883,17.70495234,26.07088974,28.80509363,30.44651084,30.36152627,29.16620064,21.1614694,9.190925999,4.800387927,-1.815892143,1.457111108,1.65340677,7.215877336,16.0507668,18.46482834,21.04929085,19.96542401,17.14715832,9.104415464,1.32410338,-1.700815461,2.643877675,4.91975525,6.298261872,10.45817227,15.33833886,18.0352565,19.18394037,19.75705139,21.16527024,12.47802411,4.676490132,2.913897074,0.300098541,0.452613298,0.949568655,0.959707703,1.191219423,1.500415165,1.509676554,1.553090689,1.336607774,1.005595369,0.438354433,0.256928439
2006,313.6463079,52.72640241,12.80058374,90.33756401,50.58480794,72.73223324,79.37880539,49.70192972,72.06733241,43.58149425,100.2591153,121.6642291,27.69735512,-0.502512484,-6.4600045,0.572576363,6.508166591,10.65700644,15.34456516,18.66196786,18.51886749,12.31828045,4.871238996,0.916197358,-5.13204508,9.441174385,6.88963096,12.41093317,22.54197972,23.38751791,29.35422839,32.10462862,31.62929885,25.38020675,18.8161438,14.26713226,2.964365562,0.701506295,-5.105102522,1.993695463,8.953505173,12.63651932,17.78695976,21.14386266,20.54385518,13.53358742,6.422177741,3.292136425,-4.631388332,5.29050079,6.281779669,7.666297825,17.82124321,16.31053568,23.76367236,26.39527601,25.85335858,18.03181882,13.69618888,9.172592946,2.841044138,0.792147678,0.63519755,0.899222411,1.724143857,1.453132032,2.224793139,3.20139177,2.202621818,1.23119875,1.243050213,1.320736831,0.421524267
1991,403.5233691,47.78134255,37.001915,96.42960742,67.60774263,66.25453758,41.01146529,57.88353214,51.57354852,107.7730685,142.5248887,121.0438118,209.0415493,-5.759442621,-2.818559002,1.216315459,7.972310319,16.19664016,17.43774792,17.89164428,16.93077241,12.88928374,6.95673363,3.668075904,-3.29005579,0.771992219,8.596389478,14.35230587,20.5185337,27.02506189,30.87222346,32.06081486,32.09234108,27.30490057,21.96086773,16.82700315,7.29419581,-5.807533608,-2.255386808,2.953058859,9.215195311,16.12109556,18.82328092,19.57889653,17.79280302,13.90422899,8.240491346,3.829264821,-3.716899985,1.702723523,5.033758716,9.001360607,12.10824028,14.93194698,23.07773841,26.5369599,28.20967611,21.3280569,15.13663373,10.20561129,4.391311006,0.322421817,0.579991782,1.353180857,1.369421561,0.863123627,1.969306251,2.528538495,1.727341223,1.394691706,1.297965874,0.996846972,0.503202052
1935,382.6087262,76.27500266,23.43262502,172.4037472,73.69656913,223.5273552,128.7229738,91.96497751,38.93571261,85.77503926,63.39069511,135.5552221,52.93800707,-4.788180658,-2.817842624,3.160807838,4.457477646,9.900544612,14.90296343,19.17689468,18.00841644,12.21649983,6.898213465,3.141813841,-4.717303401,6.207193372,8.367777485,16.39976642,16.56031953,21.27401204,26.86098691,33.0011367,31.83899467,28.19377471,21.2819533,15.20757964,4.079904966,-3.762293623,-1.803963519,5.135504608,5.777652692,10.61166339,15.26759313,20.09981267,18.7769907,12.39419847,8.068358986,3.899032748,-3.819240654,4.498798844,5.285592477,9.950505982,9.43035349,11.99149919,17.20399032,26.8431454,25.23095246,22.79086655,14.12499543,8.678786652,3.262907117,0.857749532,0.925749135,1.474464096,1.269461839,1.114504257,1.028477344,1.557503248,1.446041331,0.891033044,1.25883263,1.00647452,0.842674863
1950,386.6379218,252.1213565,146.9658123,86.53193261,129.9382568,80.54434626,108.0595918,73.86791658,140.3828044,106.6940797,31.00343301,12.67654554,112.7490102,-1.09450436,-3.512597887,-2.179613622,2.627000376,11.96285374,15.94873923,16.2686408,15.8842505,13.87605443,9.191934302,0.179305237,-2.568507462,9.594547861,7.019584398,10.87935501,16.37411798,25.08039005,28.85342727,29.64817692,27.90759205,24.69044609,23.96908539,14.27763238,9.608585118,-1.54884902,-2.681114024,-0.613444771,4.485905849,13.01896134,17.02405783,17.00525561,15.8710192,13.98339683,9.66846447,1.271076196,-1.672503425,3.936312545,3.861308691,6.869560491,10.02325321,15.92776188,19.21455637,21.66585366,16.80852764,12.75004104,16.6120916,9.21744897,5.600248012,0.418011509,0.492753511,0.829121382,1.308438334,1.563940126,1.814183055,1.402241533,0.831073919,0.625766639,1.05213888,0.892803608,0.546732934
1940,403.3109878,45.0289547,59.77710917,49.36887617,129.0297625,72.31572103,63.65723223,37.66637553,75.87005873,13.75444119,55.15281974,48.76822938,45.73787213,-13.41635544,-3.852446644,-1.428045947,3.983547121,8.821513683,15.52962306,16.64560389,17.57936552,10.69777491,7.279187265,-0.502476219,-2.292436894,-3.341702382,4.437539746,11.65726575,18.49991322,23.47844284,30.44422753,33.03960885,32.08706981,28.96019089,25.51528976,12.57925593,8.729172377,-13.02541908,-2.633938005,0.402552061,5.699063537,10.04173626,16.87818442,17.71774418,18.33477204,11.5301854,8.713065823,0.036175149,-2.628948632,2.025591783,3.094854355,7.284689571,12.12274636,16.36253723,24.48570172,30.04839738,26.26955225,25.64860974,21.04029467,7.742730989,5.421325257,0.56995832,0.832188107,1.102989757,1.410973721,1.429879863,1.782578992,1.504974496,1.354535891,1.163500694,1.396351513,0.767665419,0.47589553
1980,424.9267225,24.79304215,36.93671453,116.9304708,52.57160356,78.77536611,72.66949577,81.15850888,73.71491903,92.04682488,68.68896576,105.2502397,53.35261879,-4.64155397,-7.261757658,-1.503197388,4.218822062,10.52851468,14.88239747,19.7274119,19.06335178,14.63783973,4.501481321,0.953735238,-3.155556639,3.699172125,1.315387079,8.815549636,17.45183179,24.56165353,30.22583886,34.16305422,33.94939934,29.01879438,20.01276349,12.41629883,7.74803222,-4.46321155,-8.411577153,-1.366530424,5.238944566,11.80272547,16.19804653,20.34510477,19.89475424,14.61606252,5.392858245,1.280071971,-2.617855046,2.801008716,2.376236189,4.878546782,11.50833617,16.7079606,24.55532504,29.63203294,30.6509752,22.65310973,14.70285016,7.012600708,4.71064898,0.509079484,0.336325852,0.617110024,1.407993092,2.121616082,2.970204215,3.136278863,2.829503119,1.644829203,1.331198707,0.844899134,0.765567402
1979,335.1960626,96.34278227,78.5570972,158.4154156,159.9245377,67.41274102,74.52658447,168.2026975,103.0785367,18.3459133,43.46161935,117.4573319,85.13405751,-11.13396448,-9.360260668,1.799856394,5.470247801,9.815172706,15.03005398,18.12160779,18.29718276,12.94533066,6.181658525,3.292548542,-3.652620057,-3.493314144,-0.519433083,11.35846578,17.26037996,23.68512816,29.83486045,30.116727,29.15627776,26.98978261,21.13369118,14.40719364,6.216148819,-12.37779384,-11.63030667,1.05874334,6.289439692,10.05913696,16.48469397,18.60455688,18.12498681,13.11981202,7.235135072,3.470061159,-3.678503817,1.183454557,1.819597421,5.125875437,9.181532217,16.1022823,24.05412062,19.84653937,17.11486223,19.19054166,14.37571901,8.211683216,3.718858724,0.229746845,0.21318666,0.561182126,1.258380831,1.628734878,2.949746132,2.049819446,1.514002,1.513466488,1.634724991,0.976753274,0.531247159
1928,345.0366536,43.77185263,82.38876263,47.71033096,85.18389276,76.39933783,214.1552364,82.97658497,104.8474891,37.29618816,131.5486327,136.4584962,91.68371182,-5.368493906,-3.244865184,-0.93919481,2.77721202,10.00334686,14.74139141,18.27602313,18.00601519,10.46720116,8.990218179,2.816332693,-5.526514422,5.386515946,6.852039357,12.8078959,16.56709641,25.0853019,25.55365604,31.78867503,31.28467646,25.9669331,21.88717268,15.01748758,5.668633557,-5.05372907,-2.684153713,0.438016824,4.075109895,11.06128501,14.52707083,19.21768508,18.51977515,10.29788489,9.223894406,3.086789517,-5.61094236,4.178499789,4.41392183,8.147263404,10.32079659,18.29438665,14.80010281,24.77865654,23.70670183,19.65016525,13.66586602,8.589589688,4.393688641,0.75736597,0.809125011,1.089904396,1.226764581,1.301788123,0.639562511,1.556959672,1.198468421,0.714039732,0.855013452,0.841636837,0.642769486
1937,379.6787188,230.3581529,45.20437771,42.08348001,142.1651446,83.64072195,139.6775479,89.05646178,56.44471434,66.17782506,125.6142543,83.8967236,75.28835312,-4.363343357,-4.98717082,-2.3889261,5.066606178,11.49485993,16.35318094,17.23800519,18.30751141,11.71064796,6.179151536,-1.430158387,-2.310817157,5.44449639,5.619994725,10.79306066,18.64793952,24.97005901,29.44138946,31.44543578,33.56237469,27.63005944,19.29255689,11.69973038,8.433762109,-4.34037342,-3.72985755,-0.872174546,6.424893325,12.17206449,17.05296387,17.55184461,19.103458,12.25941796,6.794917949,-0.828517512,-2.029990736,3.917518121,4.207040337,6.925078489,11.62327083,16.81447553,21.23564724,25.11147316,29.64465084,21.90659351,11.81357847,7.330412592,5.144118,0.644862572,0.925265017,1.080335401,1.296485631,1.122275917,1.263838851,0.815210813,1.449892196,1.076207816,0.991522296,0.935943503,0.768917182
1969,359.9097649,145.4310822,32.2080578,68.11397838,139.0251929,69.67952316,175.926933,198.7419276,33.24529758,117.9616109,120.4894273,151.0600286,86.81041015,-7.128418351,-3.606279952,-4.251112955,6.351375037,11.24779588,15.35978112,20.42912224,17.0278774,13.44140131,6.377273531,2.327491283,-4.757840301,2.817636881,5.503156802,9.016860538,19.5565779,24.54069772,28.6872785,31.5723552,30.37894831,26.36848258,20.26910907,11.67044121,4.935596693,-6.551163756,-2.339201655,-2.924403441,6.933178986,11.33287168,15.78311241,20.24828632,16.84976157,13.26243399,6.939192165,2.422874967,-4.011311086,3.122403766,3.773495835,6.53405838,11.90385293,16.24304667,20.64142478,20.77407883,22.85152008,17.47610608,12.99443438,5.840641243,3.723200845,0.694043322,0.873285487,0.92537107,1.003127234,0.84817513,1.531230569,1.032488002,1.181296421,0.89637439,1.059904988,0.806870935,0.820552545
1968,354.8771524,56.51501051,28.23409482,90.85263408,104.4972946,151.1471699,58.91286227,72.73660122,87.40171504,62.37584706,22.20668759,55.07432444,210.2808242,-7.049099944,-9.179743645,-0.700407814,4.88736201,9.555296771,16.1418557,17.73957422,18.22222523,12.95528724,6.661892242,-0.749256308,-1.486930359,2.35563935,4.091691804,13.60520891,19.41289904,22.63461113,30.26744922,31.25325087,30.7840909,26.86169638,21.00962848,10.36599113,6.743417263,-7.723209409,-6.627756087,0.28783476,6.573421391,10.38821723,16.8491876,18.79253512,18.72099723,12.78984329,6.3962069,0.082772025,-2.162049846,3.008483918,4.558723602,9.13126799,12.85689024,14.52826908,23.77066839,24.28937241,22.20791305,19.21827874,14.04854249,6.122968027,3.722489365,0.598444398,1.023831268,1.099218516,1.682958005,1.466674665,1.998690111,2.244640873,1.666559142,1.04685724,0.942979515,0.968998478,0.564396927
1998,379.2015075,74.02467428,63.79294331,124.1714668,132.4590459,138.6320278,163.9067687,143.0721618,74.48417433,85.54063857,65.99908762,65.82981057,64.00281273,-1.491785529,0.545882964,0.554009686,5.64291248,14.72008507,17.28599353,19.52791569,18.65862519,15.51587989,8.529923461,0.426027458,-2.328552964,5.351025038,9.795165941,10.22866973,17.75338819,25.60634001,28.59771721,30.14846491,29.97944621,29.2412176,21.7099177,9.074785269,4.956289252,-1.677054003,0.87234628,1.443147749,6.734851378,14.78010438,17.90676869,19.99043415,18.64136448,16.02287955,8.379038718,0.993460448,-2.110542834,2.742963581,5.37282889,6.189396814,10.42891911,15.07149454,17.91954951,18.98535338,19.35327716,22.18168656,13.52068759,4.892010917,3.070742471,0.278498451,0.393217859,0.874721319,0.838920527,0.665783288,1.306171992,0.996504593,0.724957088,0.986046025,0.699253931,0.534871732,0.253918836
1946,214.2870068,57.42537752,18.96809516,86.38732708,30.12394364,128.7224623,155.987924,41.29520446,60.03131056,56.02368894,72.67013557,59.75816405,52.82494954,-7.331790217,-6.616255903,1.993872546,2.950719083,7.35745168,13.62416813,16.11664767,15.08717059,10.76849192,6.169610091,-0.972029159,-9.72852525,2.575433315,4.568833284,16.10157985,19.37233875,20.45334183,27.66704021,31.03796877,27.58147275,26.56398008,22.5467195,9.704637219,-1.542499868,-6.726347654,-5.849733651,3.618110893,5.419990214,8.836192988,14.76580409,17.4988261,14.92610849,11.73214767,7.723987642,-0.288558932,-9.483141392,3.09542168,4.018231316,10.11309265,13.95101779,12.49748745,20.14719139,25.5058661,18.50785631,20.5299182,16.62053732,5.571446321,1.994397103,0.630862355,0.708630264,1.240001826,1.77114264,1.424832014,1.740336578,2.051602252,0.550044594,1.432621697,1.5097217,0.832308542,0.557866003
1960,239.2310359,56.67478529,57.80393715,77.64121553,90.83393667,126.481493,143.5625044,65.54555296,108.504993,70.6805755,41.95863401,41.44957653,57.76035869,-6.601582089,-7.202629259,-8.626416588,4.432037158,8.429980643,13.60451619,16.12069937,17.56997262,14.22960029,5.768992014,-4.163236983,-2.109307534,1.260790958,-0.169822135,0.959413624,18.55792542,21.03488873,26.35100596,29.65569787,29.61842435,27.43318113,19.70672976,5.71812533,5.736789215,-7.035195857,-7.780061071,-9.916152225,5.930977111,9.296625445,14.57659472,16.29295302,17.02104088,14.3766137,5.505373155,-4.520841148,-1.864832613,2.153875443,1.866768651,2.975854004,12.53240782,12.78286031,17.35848009,22.9610405,20.15000458,20.0609633,13.17673742,4.1729531,3.293744272,0.347053027,0.317112347,0.28043274,1.431017539,1.414567956,1.913733839,1.549049219,1.177287159,1.178848245,0.674510375,0.490608147,0.419670603
1985,186.9666975,46.81130447,67.447108,159.2802118,26.6006343,58.21840392,77.49290317,85.57735878,80.03344582,58.56981395,87.94879367,99.94281492,71.41342809,-12.806205,-10.0011315,-0.672473871,4.677901158,8.705345181,11.80372176,16.17830013,15.79394357,12.68374755,5.900991135,-1.487922083,-3.448685623,-3.591432568,-0.800852044,11.65395173,19.8701217,25.10320587,26.66176603,29.20127105,27.05234907,25.34979756,18.64001513,10.39837205,5.741698759,-13.53811723,-10.2520437,0.734001393,7.28452035,10.26900574,14.22550273,16.69242381,14.90985096,12.23703493,5.788318138,-0.429976899,-4.595401561,1.568022615,1.985290617,6.952508948,13.96852773,19.94464512,20.49338027,19.85267081,15.96714592,16.11870369,10.40507303,5.771670556,3.082285725,0.248322137,0.348270536,0.851289608,2.260054438,1.971565329,2.597103082,1.811279854,0.748553871,1.197604719,0.90959239,0.897806694,0.381186862
1963,194.43548,20.98929419,15.32886643,98.13357841,106.3532136,53.92540663,30.43178534,115.4333864,74.46294037,37.02320426,24.91087915,27.97086794,7.229012642,-14.93055406,-12.06250892,-1.057130466,2.715000171,7.369840851,13.87786716,16.44811591,15.71981055,12.25287144,7.78331944,-0.869945994,-8.851396597,-5.85077054,-0.929461754,11.32927038,19.49379973,22.80509294,30.71403505,30.33869038,28.32313838,26.11658196,25.79819601,10.67450738,1.784438806,-14.59490587,-12.81782554,0.016697391,5.504964851,8.67983857,14.99095509,16.96517975,15.11695469,11.63550753,10.06479284,-0.340058492,-8.971896078,1.528066696,2.599603739,7.482740461,14.16565936,15.52532109,27.61943547,23.12128268,19.35580903,17.78002689,21.52329518,6.572487341,3.503265044,0.359507228,0.370424103,0.968442006,1.924006016,1.838534487,2.498146631,1.787477526,1.110972307,0.885616329,1.940043481,0.604693732,0.429369288
1976,184.1705811,18.18444166,49.68739147,134.6082651,125.6377862,118.8800599,66.11473543,76.09144848,44.94342235,64.11086244,67.75217751,54.39129627,55.94949539,-10.82020127,-3.466144914,0.473758934,3.351304689,5.948961094,12.92658049,16.20222037,14.40531395,9.138098077,1.568166897,2.899136638,-4.372231498,-1.177209725,8.076307845,12.85190896,19.1400382,21.76645384,28.8805394,31.04636234,28.32299509,25.33888052,15.57973263,13.0930902,3.682877951,-11.9958292,-3.911479956,0.362359314,5.461065576,7.836104093,14.88403716,17.17032622,14.33582827,10.0561821,2.573115889,2.591864859,-4.099761831,2.026320806,5.756543302,6.971489388,13.13158038,15.69243576,23.52018069,25.59013686,20.87690647,20.04558998,11.61347814,6.746891092,2.626452102,0.307685596,0.589734618,0.787676588,1.995290366,2.047178717,3.056185722,2.733830383,1.764271409,1.767227273,0.957528244,0.688780719,0.577445882
1939,173.0728282,65.99144039,60.63340951,90.43084257,108.8934195,80.92482416,126.5415037,99.43473118,89.88400092,15.11265992,77.57825295,41.32174903,27.89345292,-4.567958066,-8.027643142,-2.431944012,1.17024626,9.370062385,15.71378902,17.04502273,15.61529761,12.1623283,4.869853983,-0.380599635,-5.841085404,3.961056637,2.540850307,10.48172265,14.29743998,25.65396135,28.41444421,30.34159722,28.93488997,29.62950955,20.66167395,12.09888118,2.919361629,-4.373479829,-8.115956205,-1.428298779,2.565399448,11.49344612,16.67252827,17.74319461,16.00695874,13.90520368,6.368983205,0.573719969,-6.020531372,3.163041952,3.390857104,6.767830952,8.753328379,19.80965438,19.58491754,22.50217012,20.95774684,26.24118267,14.60553796,7.369653062,2.988155822,0.674516061,0.58691094,0.900974515,1.23046129,2.058404453,1.54044927,1.340348202,0.972323644,2.074813722,1.370980209,0.960094519,0.658472258
1953,255.385188,32.22880063,34.17157672,108.3318504,73.6641964,82.72932437,81.09883669,145.2970026,25.07812466,57.68102236,30.97844175,70.77907602,49.08839893,-5.372223172,-5.505310843,-1.8758361,0.490613785,9.117678815,15.66299843,16.79644001,14.86568424,8.770803943,4.829189785,-1.747406063,-4.022431419,1.835582627,6.04816985,9.361517013,14.42865407,23.34865127,30.70297979,30.93474275,30.6559459,27.77481358,22.68142007,12.41447457,3.436344993,-5.970943298,-5.146676076,-1.362440363,2.433695948,9.764104386,16.75924896,17.73878059,15.82122937,11.01421282,6.603704056,-0.422631732,-3.803790113,1.85557485,4.19717404,5.814819255,8.97800127,14.00836337,22.97737858,23.54596472,25.53831999,25.52178188,18.83517581,8.627209868,2.438027139,0.289048935,0.448824428,0.517352596,1.019961508,1.396896563,2.245802708,1.551733638,1.645328761,2.364476848,1.833696731,0.828615018,0.300076562
1969,180.8250925,60.2213127,5.458051166,36.08343423,68.49899065,80.67861014,125.8261002,139.632369,42.69444121,67.32691804,145.5413955,85.86876098,69.73533249,-10.6571961,-6.024758321,-5.765809363,3.842599761,8.660131434,12.51365049,18.57887173,16.25123025,12.08799498,4.409307897,0.1798253,-6.74382627,-2.147084576,2.399634792,7.440103625,18.20855349,23.3750322,25.97939997,29.71200395,29.78068239,25.35068749,17.6886165,9.158105903,2.166699668,-11.08046905,-5.542130385,-5.190676763,4.691732714,9.603875963,13.23243884,18.5527678,16.25907915,12.29888088,4.914201253,0.26542499,-6.730270828,1.949525915,2.812192562,5.742077604,11.72430365,16.34838707,17.91057698,19.05589686,22.35326287,17.12341041,10.96638902,4.81102639,2.852834224,0.505288018,0.706821865,0.737950291,1.046796018,1.288277135,1.368696664,0.783113499,0.847889625,0.91253645,0.885954044,0.750266954,0.648690981
1933,283.6715537,53.08813066,28.27551542,94.22699248,88.90173619,182.3462523,28.33394213,50.35820551,65.93330515,104.0373402,57.16005146,25.0212256,85.07609279,-2.877843627,-8.888579763,-2.597018011,2.209338079,10.61132866,15.12354157,16.61643806,15.24473619,13.97178347,3.833901113,-3.771611738,-7.199583038,7.790368441,2.583143301,8.681013502,16.15382472,22.45253866,33.65127183,32.43122362,29.61336013,29.46495419,17.61536833,7.642794015,2.606414128,-2.60724209,-9.572556202,-1.352171202,4.07991403,11.47053093,17.38736272,17.68328965,15.41068223,14.90907273,4.52380559,-3.601566804,-7.477496064,4.936989614,3.615404426,5.43966637,10.21563774,13.32251294,33.9845275,28.59560115,23.00424851,23.98523087,11.11829624,5.142276497,3.225847253,0.682531448,0.482386701,0.981378173,1.448725573,1.217194882,2.896082793,1.738463961,0.81963713,1.44997598,0.964149383,0.724931383,0.586484579
1951,235.4999025,38.18991235,85.6161721,95.35314547,113.3126472,93.57785703,123.6968954,168.4583953,117.0375035,92.30758565,81.60704868,40.19180531,22.91463406,-8.644005213,-6.925003146,-3.77474205,1.995063686,9.139554226,13.81703238,16.76595336,16.10184383,10.50464602,7.269709914,-3.856705563,-10.69917792,0.66114333,1.784846111,6.800398246,14.46266393,24.66692212,25.79754138,28.86323028,27.77609013,23.48850584,19.81166452,6.73686868,-1.728891952,-8.419540082,-7.147823153,-3.091868918,3.204643976,10.86913302,14.26390071,16.68836895,15.62812705,11.13647026,7.225754473,-3.680003304,-11.28704261,2.413333831,2.183761333,4.0550773,8.110203558,18.07381703,15.21263267,17.63507988,16.09998779,14.44166453,11.02058594,4.732398291,1.647165405,0.349309574,0.32966309,0.537057881,0.927667839,1.655907467,1.071217425,0.827180185,0.552234812,0.942753406,0.690970512,0.630749465,0.315235883
1968,235.6692863,27.71516656,26.137353,32.21710262,68.41269001,76.50527656,142.9547619,65.66958003,39.20932729,125.2809723,16.2871353,62.60123978,60.60237432,-10.00201547,-11.70441705,-2.917868728,2.428515307,6.718081753,14.34451735,16.29326424,17.02537168,12.01179015,5.468266098,-2.53286382,-3.917245623,-0.362582321,1.456255643,13.12253325,17.85732478,21.19363749,29.43094985,29.50042234,29.87934219,25.40592886,19.11673505,7.495778596,3.173275427,-9.936863403,-9.693848548,-0.03531524,4.664740925,8.438030995,15.80909366,16.79508109,17.19066315,11.48123692,6.172100949,-1.402124778,-4.894616717,2.514475763,3.687495779,9.376896015,12.12665898,14.34393803,23.56121368,21.45243784,21.5300839,17.23517298,12.13714527,4.630619529,2.54129271,0.567848341,0.917829247,1.445103085,1.665918107,1.640664499,2.186060654,1.295824764,1.032486164,0.519420745,1.004462195,0.963774595,0.472964582
1931,214.0358968,13.82876599,17.89373577,63.50229252,61.74048467,117.0174141,73.42417678,59.57957258,88.27780992,127.6229458,108.5878186,62.50251247,11.86628203,-5.447737526,-3.28674276,-3.268289109,2.116912428,6.244633945,15.12592153,17.24494821,15.73812537,15.0173463,8.71265761,-0.807334619,-5.742309095,4.559027749,7.181416586,6.430019941,17.84935173,21.12861866,30.34909668,33.31348636,30.23929251,28.6562115,20.43132345,11.55091448,2.51113758,-4.882705018,-2.613337584,-2.369957904,4.082767013,7.868520274,16.73010917,18.67294625,16.09934891,15.75037104,9.259997222,-0.505960217,-5.289564594,3.758542863,4.666706197,4.173986084,12.29334685,14.44900699,24.91720143,30.44511822,24.01411426,21.03780829,11.73988614,7.04852255,2.771498063,0.748842181,0.838220163,0.95832014,1.518984927,1.550908842,2.179367624,2.199649105,0.96945582,1.33878912,0.970176333,0.775938545,0.736670265
2012,323.1444182,20.75516389,36.52655255,47.05691083,59.19244409,129.7266132,67.89259569,38.72039908,88.86694976,113.2925218,104.5127896,131.2703669,80.88842072,-6.059265933,-4.060795697,4.533213411,1.973595144,9.307048578,12.41513079,17.62881107,13.72073451,10.72968966,4.793083873,1.170885258,-2.58405051,3.494199718,5.240133977,18.36514004,18.15155433,26.12046246,28.51817287,33.88993511,30.19005008,25.14772266,17.29359171,11.72373133,5.489780406,-6.586627361,-4.358639415,5.657379951,4.538105163,12.46696391,15.5320065,20.1603424,15.47029437,11.11006918,5.313588489,2.199763259,-2.928414676,3.505424425,3.89658775,13.47503874,13.39274727,22.06688753,24.97625634,33.82105002,28.79319563,18.94117473,10.33698089,6.516611237,3.272604582,0.399810318,0.364177235,1.47787353,1.440649666,2.804959358,3.282523219,2.90965755,2.182604152,1.152289822,1.070244637,0.930640111,0.398693154
2004,200.2589752,20.30698776,15.88455517,83.7870218,46.12576062,178.1601926,52.3587792,49.99809363,133.8362901,27.68002524,102.2677395,102.2835675,57.37740893,-9.91722709,-6.862353617,-1.040592455,0.600832508,11.03948435,13.56076254,16.2527521,13.78921528,11.58039486,6.010821868,1.39646714,-4.232581302,-1.097002934,2.494657652,11.78827626,18.60118067,23.96375729,26.27005323,28.07308731,25.85198289,27.18503498,18.48866982,11.15951409,4.48172823,-10.00655765,-7.751629522,0.782475727,4.632246786,11.68840181,15.23115685,16.55121441,13.46237916,11.63450489,5.622377268,0.565843462,-4.337679241,2.297591839,3.290640622,7.681722232,15.98971105,16.12452623,17.87370443,18.35302725,16.7409621,22.50551383,11.7217553,5.39884478,3.391586756,0.31400285,0.361565253,1.020147425,2.168985546,1.821038461,1.813798069,1.069708916,0.722875674,0.76408947,0.454500708,0.368382058,0.3427177
1962,200.007483,47.05183128,40.62587541,50.34231631,42.45320777,156.0458041,55.94603075,120.564359,45.09747697,42.72902698,129.7392846,100.0241809,37.0961687,-13.48129956,-7.752116544,-4.561325754,0.557553036,12.30635155,14.74176387,17.14601005,15.9335335,10.59664548,8.015217841,-0.112267607,-8.072121107,-3.475638471,0.892818199,4.747408205,16.34310501,26.3975463,28.00637647,28.46512063,29.64035148,24.63677716,19.47543532,9.569733729,0.579151414,-13.20812525,-8.353427441,-4.912601024,3.305395302,14.32759006,15.27272758,17.02974385,16.43732232,10.94606028,8.557435304,-0.112771082,-8.996704339,1.889557578,2.262355181,4.007013689,12.65591472,19.1281705,19.79290161,17.27108302,22.04303764,17.126794,10.79038715,4.949953706,2.414165351,0.393623835,0.383494132,0.453614567,1.73262751,2.603702516,1.81413914,1.108953597,1.787718811,1.057826066,0.916579343,0.472265585,0.347917156
1943,194.6000301,35.00235684,29.52181266,42.26779381,124.6854247,139.7926837,118.0741402,70.12402681,118.2034646,39.45299932,63.58612982,86.322059,91.66438516,-10.9919992,-7.887340392,-5.953371617,1.155002624,8.122376781,16.72762457,16.73063504,17.29177165,9.507487787,3.576126143,-0.700119958,-9.319867877,-0.873289496,4.245633911,7.196221975,15.96569306,20.21902678,27.83081349,30.80487795,29.52816901,22.59554417,18.26687898,10.78101255,-0.803507272,-10.62173561,-7.319337073,-4.977217143,3.454438665,9.352081377,17.79354841,18.28532754,18.25462357,10.45909742,5.309397189,0.075056686,-9.218142641,2.538671613,4.25035507,5.56132913,10.57898079,11.87763699,17.29911517,24.09686383,20.34989689,14.54630972,12.19362636,6.359746616,2.193301459,0.596704023,0.661751149,0.804018405,1.529384356,1.339326085,1.741071065,2.25953835,1.651948656,1.233148434,1.389525332,0.835848775,0.547312432
1965,189.4628529,102.2805131,20.37028054,65.72589438,175.2677738,81.66059812,83.00803511,97.68403543,222.0008821,193.4431532,19.16780822,57.854057,23.52755472,-9.205945484,-9.703465064,-6.156350213,4.376483157,11.35254939,14.1013504,17.17940317,16.53435158,13.27899861,5.361090786,0.595467088,-7.956107823,0.306200041,1.372513605,2.18634559,15.13874192,25.79810954,27.64031284,29.16658826,27.96744601,23.22004651,18.87100032,13.58971798,0.153275163,-9.979582934,-9.774136566,-7.058451716,4.196468246,12.80533389,14.91265408,17.12098337,16.23488603,12.89421845,6.257708125,1.767625105,-8.552665896,2.63952291,3.226453387,2.75708225,8.098161272,18.75417265,19.77673636,19.71971265,17.7656257,12.17675718,11.89798471,8.843483097,1.929840049,0.410431139,0.546515473,0.348695921,0.518789309,1.747326189,1.354873842,0.778957658,0.459432542,0.492356633,1.05316883,1.183464004,0.352312294
1956,239.1037365,6.611726561,31.40357814,17.01175208,50.58076885,70.24871309,47.52116315,128.6757011,125.1910704,17.51212487,16.54120474,8.860676851,9.874148114,-9.620162716,-7.002227801,-4.602576297,-1.480360614,8.512790237,14.93502198,16.51467272,16.90852828,8.811157262,5.635140133,-4.41993388,-9.671918108,0.846750039,1.935528068,9.112896674,16.68254385,24.58359415,30.05704023,29.38028788,29.31986856,26.12010458,23.52559717,7.655147614,0.844654421,-10.0704392,-7.570129046,-3.347824215,1.884804962,10.32432428,16.40224794,16.82736205,17.00133633,10.6861146,8.040844009,-4.244107866,-9.466503538,3.049985248,2.617837584,6.970747987,13.36441109,18.50412269,24.92818204,21.71878925,19.93176532,22.12577582,19.14427998,5.329998681,2.953870777,0.325253361,0.325456921,0.778788929,1.570204329,2.15758266,2.286607018,1.356404814,1.179898859,1.87431869,1.747907504,0.551760508,0.446932866
1961,227.5348267,8.534102688,26.89211875,103.7067853,55.05548326,39.07854442,57.84362085,179.9656188,68.15317647,251.2234589,95.15477381,48.58350191,12.91234194,-11.10344673,-4.819976127,-1.114523558,0.492818806,5.576976275,12.94324171,17.03932001,17.20660707,13.452947,6.914766073,-0.269764509,-9.586121969,0.594691576,5.151888893,9.260493792,12.97921808,21.14195953,28.92617082,29.14624901,29.68258538,25.35394262,19.11128389,11.84272488,1.732152163,-10.68525464,-5.668638237,-0.916169474,1.34937611,7.181075275,14.19261597,16.77557849,16.5466427,12.8756083,7.520533975,0.265637297,-9.042831855,3.354877769,3.787889753,5.391520624,7.957057191,15.40735221,24.65220274,19.64023777,21.03402228,15.46215797,11.37427943,6.634563252,3.617362523,0.42782356,0.376884659,0.444916245,0.684253779,1.748517186,2.385943137,1.081304442,1.095806217,1.018154625,1.067429577,0.718943747,0.579203615
1989,413.0834651,24.07089756,31.26468808,27.29409472,80.72410125,54.41381026,99.61281077,42.31005727,85.80065961,221.0706367,35.7379618,74.11737503,31.31375928,-5.063087985,-12.09265947,-3.006986562,1.970973277,6.251614843,13.48269688,17.22004195,16.38146865,10.58216514,4.60698151,-0.622427904,-7.696830313,4.908054926,-2.489050983,8.394850987,16.36708021,21.53006142,26.85376408,30.43147148,28.92301723,22.90605271,19.47862012,10.15955366,3.684366046,-4.554746945,-12.48634364,-2.584732967,4.199088952,8.682988914,15.15738961,18.76158981,16.91395282,10.75318324,6.353199436,-0.41697681,-7.14072426,3.612268881,2.225444114,5.951676869,10.80534171,15.46367898,18.76294985,22.88326094,19.13296863,13.14915555,13.58594325,5.467081213,3.898442492,0.520214566,0.293144772,0.573925052,1.359707273,1.945089734,1.83265695,2.203666239,1.329528967,0.745695696,1.345210693,0.549796339,0.533155535
1960,291.8086349,77.6987179,50.46428608,42.37354052,103.9394606,136.4659881,147.7772248,78.391641,72.37199522,57.73083062,78.67005691,33.7908439,57.29136163,-7.35201461,-8.125364357,-9.189106626,4.538661388,8.467819122,13.8588434,16.3020471,17.64195342,14.14461536,5.739162836,-5.061352501,-2.466386933,0.490366703,-0.540234945,0.082245512,17.82516896,20.86020393,25.96385914,29.313018,29.44453966,27.35889361,19.28271616,5.445380924,5.345968432,-7.855865516,-8.984766116,-11.09236502,5.945927925,9.311742129,14.67547523,16.78613924,17.09151691,14.49428362,5.8055441,-4.886660082,-2.146815058,1.964723642,1.908574051,2.506566933,11.73778037,12.43967426,16.25789721,21.5225703,19.50218585,20.56807115,12.8775107,4.368438567,3.192822898,0.324759536,0.281277255,0.235169196,1.318431196,1.361470669,1.768247402,1.654782201,1.183274273,1.288085678,0.65538495,0.563680329,0.42688558
1971,167.4995992,36.4997515,43.99158619,30.5979519,36.3112379,65.46827487,72.83930375,115.6166898,24.53832637,87.00118241,59.51412631,39.11779932,46.28983131,-13.81007111,-9.120149791,-5.246112847,-0.308939839,5.846241543,16.78097594,15.69730383,15.08828502,13.27577475,9.654193552,-1.359812814,-6.574299293,-2.659180814,0.398481209,6.383843598,19.08886756,21.50537235,31.08144436,28.2673104,28.90580291,26.88846363,22.48679267,8.455014224,3.28368648,-13.29728529,-7.818693226,-3.48266419,4.061235162,8.118817879,18.14557805,16.31138035,14.99805651,14.04674704,10.62885886,-0.429196271,-5.703655435,2.393662942,2.669372655,4.829529134,15.10959666,15.30968644,24.80763167,19.4757357,21.49397988,19.12052618,14.24876676,4.848476347,3.441756767,0.599249387,0.79619222,1.024134858,2.465843762,1.892602093,2.181564699,1.295273519,0.707457183,1.322175153,1.247512032,0.831491401,0.765882742
2013,253.9225725,64.48126488,57.34165646,72.4547811,177.5849316,216.6500344,66.2174176,52.40820291,2.301431509,25.88878143,56.53445294,25.34306352,62.44564394,-8.517573083,-7.600808605,-5.783175426,1.004521458,9.343080559,14.72575691,15.51256028,16.01372614,12.6173972,5.11521559,-1.712606499,-3.68053674,1.585984304,0.850477642,3.623060814,14.23854454,22.7879093,26.8378873,28.71169923,28.75915215,27.37521775,17.6902837,9.951067251,4.548259554,-9.379535894,-8.041758091,-5.178856666,2.463589583,10.93299823,16.1038788,16.89013052,15.88579086,13.10196153,5.181138952,-1.259264566,-4.422584068,2.806844852,2.42970055,3.57565038,9.47334339,16.18394476,18.11390725,21.86162159,21.49137771,21.50394172,12.01349089,6.239600969,3.308881801,0.401963529,0.401318674,0.53921074,0.959629533,1.738857901,2.434808603,2.415326455,1.713015971,1.545205737,0.756058225,0.898325435,0.403903814
2005,259.5250472,67.73365612,31.70222077,36.54864497,50.36727232,57.13843914,50.89538362,52.83064424,62.69138407,74.98305441,30.56413355,66.17413737,26.55148533,-8.268889337,-3.505011367,-4.454958356,3.527188087,6.161750407,15.89193419,16.66927084,16.45241174,13.51795065,5.417584981,1.165885963,-6.722349881,-0.433342813,5.272746552,8.522285443,19.25186344,21.59789518,29.92106082,30.89300445,29.32705897,27.6109741,18.66326826,10.70708257,2.812910482,-8.13040705,-3.57230039,-3.144857218,5.980322466,8.332543608,17.51031441,18.0314549,17.49227807,14.41514975,6.721617858,1.714629388,-6.858906321,1.807771889,3.519820479,7.066928929,14.24908162,16.32753734,23.30913911,25.32629821,21.23592505,20.59522081,12.43588947,5.585858823,2.985530005,0.31717707,0.355894368,0.582577609,1.604161472,1.2838409,2.05617138,2.250614917,1.877402846,1.604584459,1.330261375,0.55319193,0.33239237
2018,183.4684515,12.47877819,93.23154289,88.8146912,29.30565687,93.30414335,143.1070185,42.35943795,196.0274897,131.7529339,114.6980679,35.19157656,15.43726756,-9.868832641,-7.525893891,-3.468976565,-2.418047526,13.31874007,17.68681052,18.448312,18.42104912,14.86063918,5.993366902,-1.66865405,-8.298600774,-0.811294092,1.37030408,7.825297431,11.69771344,27.19721037,29.15516934,29.33521755,29.05414359,25.75968802,16.10967695,8.669479086,2.240587781,-11.57096174,-9.237246911,-2.731749892,-1.02196999,14.10808252,18.02309704,17.6755018,17.72051647,14.06562807,5.32931362,-2.181663784,-7.455045644,2.533237105,3.048048996,5.980965436,10.02627672,20.71963256,19.52635236,21.89266053,20.9276398,13.60926119,6.701605483,5.425325274,4.320532292,0.29344609,0.322707864,0.512230151,1.101187794,1.437112933,1.451574519,0,0,0,0.000777083,0.605800077,0.605566948
1988,436.0330708,46.93854721,95.66291471,122.0066607,33.27087103,46.7089009,44.08170869,88.45911141,39.26033204,118.209284,67.44773388,107.1202461,213.5915854,-8.140675235,-6.765265335,-0.746525025,2.959984466,8.177721476,12.0130947,17.17784304,18.67859643,13.43830928,3.281061684,1.079823015,-1.970148973,3.171352946,5.154498834,13.25863459,21.18598535,27.24685817,32.63849316,32.58465874,34.11669041,28.25863117,18.06432195,15.23454833,7.033327177,-6.971984757,-6.62936747,1.074959566,5.484614103,11.40729634,16.24598684,19.51672375,20.04730327,13.89800709,4.807447374,4.028691975,-1.069883148,3.635074249,4.720699979,9.344351831,16.12499618,24.35175731,35.2602705,28.73028578,32.20611374,21.65949797,12.31318782,10.44626416,4.211766064,0.63578355,0.48140049,1.012326828,1.8435316,3.124719014,5.320073046,3.174070522,2.515745582,1.804731501,1.107171552,1.585779699,0.614746799
1934,540.0202823,40.65683539,31.62844601,84.36919946,79.04221018,27.82880265,78.49808426,36.55276025,109.56174,187.902146,54.42704805,28.53071215,40.83955075,-2.98717821,-7.31845218,-2.288030603,4.501726488,11.08454883,16.84180974,19.10089172,18.06491207,13.61512272,7.58806113,-0.431854041,-2.111594317,8.437751028,5.657602436,11.84575162,20.3945627,28.43923758,34.73760293,37.80250187,32.89758004,25.14070298,23.53033892,14.24610874,9.942601576,-1.981216853,-6.264063199,-0.853880174,7.038322789,12.69085438,19.59191496,22.07226355,19.66915218,13.50369896,8.469421105,1.457836706,-0.940481375,5.391769857,4.888945325,7.78710373,14.28441565,24.25305954,35.34306378,42.9862324,27.98890754,15.18706332,17.33792143,9.309919207,6.204665842,0.910778286,0.835369901,1.037714549,1.821907667,1.687853219,3.58183159,4.305997461,2.328276495,0.804043435,1.154948236,1.228304752,0.939579019
1983,438.2637958,19.70592085,19.17987476,89.55923843,177.6729591,142.4139217,78.92138128,48.03125158,40.79673447,54.45274631,174.1577306,76.96144146,233.2484594,-4.687253387,-2.729969961,0.815096793,3.103370421,10.042411,15.67814361,19.22993108,19.23358413,13.08050085,8.188778212,2.220963476,1.363330261,4.726126987,8.602021788,12.29157045,14.98752143,23.33915829,29.60782492,34.41322358,34.82987425,28.62775629,21.09192027,13.65719633,10.18790739,-3.719982582,-2.233344241,2.062804176,4.638675947,10.74353978,16.25837743,20.27683989,20.19231245,13.94513176,8.657029616,2.50061321,1.124362597,3.636221004,5.513367254,7.37217324,8.371389406,14.79838067,22.69070469,31.34935775,31.58010473,23.18926902,12.77547805,6.805441525,4.078504132,0.485702746,0.54402047,0.765735409,1.077528398,1.463021295,1.786396619,2.644097523,2.504016177,1.87207639,1.089488795,0.73757886,0.339965433
1968,353.8229665,47.76015381,31.04492304,83.59676702,95.12576001,148.1733561,47.4513773,82.2845673,86.03984724,70.31697438,25.07408095,58.85250465,182.1840113,-6.474325647,-9.057968312,-0.344462627,4.976863718,9.773242651,16.84184021,18.21689828,18.78444105,13.51411928,7.127071628,-0.406768667,-1.387238679,4.389634959,5.211384374,15.09802472,20.42258086,23.21993274,30.56513331,31.44795247,30.89563273,27.09326911,21.87923021,11.50153121,7.09516599,-6.696663004,-6.280182608,0.881346454,6.357358935,10.26549262,17.20646557,18.44394772,18.79988875,12.56818261,6.605372456,0.877664709,-2.514437307,3.9718916,5.23649993,10.60799306,14.27699967,15.42063317,23.90962729,24.34505219,21.68429447,19.30945759,15.09178755,7.017258243,3.952746787,0.623852622,1.060580874,1.144584999,1.605211386,1.341435805,2.002040096,1.841948021,1.452895654,1.049066777,0.978014398,1.060759208,0.539111629
1986,375.37994,2.57643142,109.7043946,43.33033542,39.66145601,129.9826966,60.57139281,81.75871912,112.6254024,177.6659342,188.0885719,307.7345479,59.60926059,-6.645320618,-2.575524419,-0.305898523,5.433728278,12.88838387,17.93629207,20.24171998,15.55953672,15.8925128,9.107400387,3.696495222,-8.211790215,7.473611269,6.941954219,15.44664226,22.56338929,25.42673472,30.95921177,34.04297518,29.41305668,28.35713803,19.86487406,13.20883666,2.415965524,-4.943479114,-2.852601886,2.357372684,8.590096248,13.6221447,18.6252142,20.78679392,15.79474191,15.98259264,8.840027891,2.769218319,-7.886898899,6.030152083,3.711528856,10.89829758,17.84699068,16.02154284,22.45652937,28.47591163,22.08672722,18.45908525,10.02690999,5.214785378,2.961999437,0.749396699,0.356298987,1.542659229,2.217253446,1.506068473,2.195605163,2.39510282,1.826078668,1.550830803,0.863647276,0.312834092,0.501503145
1991,380.6185616,45.29083158,21.92174981,76.26763744,89.25384106,74.60592123,46.65505054,105.8740681,80.29617419,91.97587965,136.7268551,109.9198017,190.8043636,-5.790731341,-2.941954186,1.110787022,8.182941685,16.16501676,17.7841556,18.03984724,17.24285959,13.4425108,7.212983476,3.649037681,-3.762084712,1.0547534,10.17925179,15.43404165,21.093637,26.95264757,30.73937392,31.67033355,31.26352499,27.00666034,21.71145066,17.48216431,6.729102632,-6.048054559,-2.202999105,3.05553866,9.084942208,15.94192571,18.83654817,19.522237,18.30086751,14.28722177,8.199868761,4.150077419,-3.983795321,1.824342724,6.313472268,10.42366103,13.06012185,14.8599629,22.15963098,25.34249503,25.52704087,19.6887722,14.57367869,11.07793594,4.453334311,0.302988259,0.649963731,1.461084505,1.143864105,0.775576438,1.755641681,2.350725319,1.911097737,1.328920662,1.232151099,1.170525102,0.573911849
1984,347.8826442,20.44979653,63.22331942,116.0506828,113.2498462,106.5834691,44.00449909,78.26881456,67.61013181,237.7020952,144.9261431,194.4733784,106.7128016,-7.544824654,-1.674373719,-1.482083215,5.098647021,9.351088829,16.74228863,16.56806029,17.27871299,12.58786379,10.77104555,3.307698749,-10.07045866,2.974418613,10.2580202,7.561079226,16.93402519,23.68307913,31.56246434,31.15373152,31.85839943,26.04184259,20.66837105,14.52988471,-1.767017219,-7.535987543,-1.23819806,-1.303991841,6.818508988,10.58590114,19.04637979,17.61769063,18.19995095,12.82662284,10.60983159,3.991616472,-9.771420902,3.337404983,6.310324339,3.724787224,9.718065667,15.4011318,24.99262774,24.66765389,24.88003147,17.16841335,9.256775066,7.03883268,1.638998709,0.390000984,0.620112712,0.288320523,1.345637824,1.757311535,3.749183592,2.577663533,2.346766173,1.645870941,0.626319294,0.877056274,0.254544497
1965,343.9310563,68.14350582,40.06335502,53.64810517,98.10018776,55.29320945,122.554977,71.23226253,115.0946673,182.6039739,32.75544367,60.97231498,38.3432574,-4.868677685,-6.363879666,-4.037387127,6.621264469,12.88088728,15.91811037,18.13786016,16.77308064,15.57843489,6.306352387,2.269154952,-4.038736929,7.889729781,8.78708389,8.408286061,22.80420033,28.05545313,29.98489517,31.27765888,31.13527815,26.82941343,21.59015454,16.5949539,5.864951955,-4.460200063,-5.504352628,-3.527140287,8.119575784,14.0672953,17.11590107,18.11286911,17.12082515,14.57304656,6.3368513,2.836929145,-4.340007237,5.353793801,6.437074203,5.739022996,16.89619456,21.67858185,22.47902976,23.1014738,24.76887235,15.8423204,14.80503547,11.30043085,3.838671029,0.710252113,0.773437035,0.739915146,1.542346015,1.870715203,2.059519188,1.222517357,1.446064052,0.399784454,0.8192224,1.032917157,0.465183288
1982,336.3148822,146.4786987,42.81751805,64.0609804,62.31980413,129.997497,114.1598892,100.4766777,116.4771349,102.6697371,84.04006521,54.44294561,58.85157696,-10.41541998,-6.733405442,0.49737158,2.380489037,13.22956009,14.8454203,19.90438697,17.9190259,14.39638702,7.651248507,3.018036568,-5.421786013,0.937748401,4.391309199,14.49463781,17.36161028,27.43023725,26.60113722,31.59825321,29.2600507,25.74522034,21.17529953,15.32174492,4.858041805,-9.817195106,-7.524151239,1.325676382,4.274005133,14.20639553,15.31371998,20.02524314,17.1817126,13.30123756,6.912527433,3.505464275,-4.872849516,2.714257682,3.865396004,9.071555096,12.08960555,19.81912,15.87685243,20.78109971,18.37583581,14.42790556,13.27004955,8.401468515,3.818670563,0.455616019,0.393893627,0.785039741,1.297211624,2.001175842,1.635773953,1.99725013,1.19879149,0.636520106,0.745525411,0.868192961,0.590155057
1926,342.5255685,40.22308272,68.76874147,78.06807891,70.74346921,44.78845418,50.97328251,55.63746364,120.7431794,190.1528584,129.1068198,95.99894403,37.19358789,-4.885556254,-1.721653178,-2.373400902,1.629462526,10.8683257,13.84921216,17.77532898,18.72450035,16.30040183,8.417804003,-0.66012088,-5.771327493,6.317172649,9.739848489,9.99076085,16.86282238,27.01518505,29.11868312,33.75319846,32.1719014,27.37169891,20.43240227,12.37833755,6.047754168,-3.824859718,-0.52169725,-0.855806124,3.737736993,12.5488062,15.18835363,19.59191728,19.81182356,16.74688261,9.063931863,0.666940342,-4.512838759,4.623966017,5.907802961,6.314285063,11.20134566,21.35436534,23.31356137,31.12221683,25.19571998,16.70320237,11.91218262,7.65595219,4.717807623,0.867482206,0.981906058,1.051483812,1.434652407,1.740565779,1.685339961,2.483882226,1.76321928,1.027355797,1.003710587,1.038506169,0.894427552
1971,376.7599496,21.87655713,72.9431499,36.67933463,50.44446297,131.0636234,54.64233757,103.7778234,36.60277329,66.42024762,26.14736912,37.6546577,38.03930225,-8.054165493,-5.25632038,-2.585901664,3.275163818,9.482560809,18.79616917,17.74810322,16.49187926,15.41425147,11.03508345,0.512647893,-2.383909218,4.260829909,7.540686819,12.83043368,21.1928538,23.56316164,32.25472846,30.79226225,31.08708881,29.49400604,25.50746053,12.6139358,9.822891645,-7.280127797,-4.207614761,-0.824942063,5.462274152,9.586385754,18.4801302,17.68820652,16.68125589,15.62379451,10.76589263,1.040579649,-1.774142991,4.131759017,5.379504445,8.785872046,16.26293958,15.45026244,25.0013062,22.66626754,25.15788007,22.69867266,18.13419456,7.222462375,6.264537461,0.71216515,0.830359506,1.113059296,1.853422175,0.945461463,1.061150351,1.147193845,1.370868777,1.246061518,0.766027722,0.816031991,0.764743941
1943,387.5383615,15.29729813,21.60451067,70.86717237,67.72474974,262.9426026,150.4183976,52.30890646,68.87367682,93.87233105,68.28910791,136.2970637,109.3946009,-5.990364028,-4.224874985,-3.31683543,3.821950822,11.79910717,18.68166993,18.3752365,18.27519729,11.60020926,5.901104258,2.63544383,-4.646129401,7.117703288,12.10329265,11.29056993,20.14773693,23.7483652,30.68090925,33.36488649,33.03719084,25.78094382,21.27949351,15.19986635,5.205561377,-5.108720387,-3.299587566,-1.542321074,6.502308482,12.69033023,19.2665159,19.82133983,19.45030619,11.87617982,6.779139402,3.98359645,-4.06979621,5.048984036,8.484580878,7.637894915,14.14018095,13.43002248,21.02402042,27.94776313,27.37659282,18.52893634,15.03707539,8.488819486,3.515159765,0.65124737,0.739743893,1.064612952,1.76599191,1.282947825,1.301438284,2.441910468,2.274776377,1.106314164,1.036532396,0.996068492,0.549848995
1998,385.2102193,71.62094236,75.24083538,159.857727,109.7354908,71.51422042,198.6316374,184.8650188,121.0059632,34.1023093,77.94948299,59.22051207,60.18568252,-1.317526912,0.979948582,0.759288999,5.809821812,15.18952322,17.63338667,20.0220397,19.21476385,16.22550167,9.036214879,0.943134666,-2.065553348,6.100696967,10.3435132,10.80832602,18.40981172,26.60507117,29.3880178,30.33736484,30.76448387,29.72077606,22.35633668,10.0026764,5.458270914,-1.503602226,1.245966018,1.466011709,6.816373477,15.68676934,18.30528447,20.56525742,19.45736219,17.21390841,9.065092798,1.587516592,-1.707588435,3.191602054,5.537366774,6.674511456,11.38874853,16.46208509,19.45064785,18.5837344,21.13749074,22.30608983,14.16860363,5.438938718,3.304606219,0.276545816,0.362785985,0.727946549,0.795760435,0.994673999,1.405520348,0.98405737,1.000380365,1.440823645,0.800396171,0.502855208,0.255090415
2003,373.0345791,13.24376634,73.46796599,51.44493902,113.6508234,169.320543,203.7309071,55.79447917,58.57854265,62.55243096,59.93015191,30.46011515,69.13355914,-8.923604913,-5.21526232,1.617595957,6.351818613,12.24290461,14.71157549,19.22077254,19.25697517,12.89232884,7.626704355,0.243651864,-3.394799311,2.362952006,4.301975084,14.20736974,19.97713982,23.65867588,26.57180489,31.3236374,32.1083015,25.48949748,21.06163926,11.70517022,7.425299696,-7.175812708,-5.088764193,1.538815179,7.581192206,12.11347718,15.18254545,19.5511474,19.78281881,12.60387006,7.713493091,1.227213539,-3.138268416,3.8835299,3.557881724,8.896099666,13.01023476,13.17437966,17.82905362,22.91911459,25.8552979,16.96612644,14.63297196,7.135581664,4.995122275,0.585450668,0.284990232,0.449424078,1.259728771,0.551685556,0.659799156,1.050759643,1.119484022,0.600897972,0.761199736,0.555723683,0.424864697
2011,418.1779705,28.10959583,95.71298547,142.1404136,217.6517775,121.3994137,179.9522986,132.1423518,46.61865539,88.51943745,50.55792871,115.5100927,29.95364225,-6.985736586,-3.47376227,1.433559218,7.595338958,12.18454257,17.65130736,21.53064355,18.36937937,11.48037633,5.468101028,0.264538472,-6.090570649,2.34364839,7.194810146,12.50325785,20.83961717,23.26930351,30.32959797,33.88912881,32.14881249,25.41453192,22.01225803,15.37836372,2.619693963,-6.980345747,-3.544426348,2.348237155,8.507738353,12.62147764,19.05175152,22.61225247,19.80439371,12.93289994,7.70541274,1.366819521,-6.37544716,3.015661091,5.269720482,7.985173083,12.95607641,14.05632712,22.61380386,25.92818441,26.59620407,20.09940899,17.99597204,10.7091257,2.942920675,0.379597151,0.547640572,0.742228467,1.013255542,0.742513411,1.546192834,1.556607938,1.675158109,1.248428878,1.085859989,0.890521697,0.263770391
2004,306.6258639,84.53449467,27.22356178,101.4795712,36.66516415,196.8544639,94.6229093,151.0899961,98.18993902,1.185541958,117.6063027,161.1347581,75.98564564,-5.99582216,-4.79823947,2.208827135,5.161959274,15.52275653,16.44505539,19.21256036,16.83966244,13.90409551,9.087533422,3.965571524,-2.338850991,4.533025742,6.583190874,15.64946491,19.99362636,26.03786053,28.14479532,29.572589,27.99089447,27.30809582,20.58818406,14.74609511,7.645204821,-5.561327469,-4.696027512,3.774082693,7.686170225,15.24368128,16.56473799,18.92767029,15.85336192,13.18301252,9.347704071,4.236877016,-1.054146481,4.224834388,5.26511724,10.11643797,14.4076106,14.33157326,17.95269119,17.460833,16.64229661,18.63040866,11.73942108,8.037635546,4.758669582,0.429211156,0.420247753,0.818263825,1.485808274,0.968058056,0.898335555,0.48813871,0.399624473,0.35535848,0.564281379,0.704690733,0.642297844
1952,271.0753525,37.24954834,55.41594106,89.7201223,110.6813792,66.08473628,92.46340043,93.57716269,52.57351403,56.04937828,12.02883912,71.89985956,46.77520522,-4.068724314,-2.232567858,-1.855080281,4.134653096,9.859206336,17.53203411,17.86319784,16.056599,11.08121704,-1.352051486,-3.372354807,-5.351594697,6.325401224,8.683348656,10.05556654,18.4677813,23.94797465,32.89617107,32.8083184,30.10756237,28.31633679,19.90193418,7.567950715,4.343117554,-3.944517682,-2.09533088,-1.228787054,5.024512176,10.98118362,19.0187709,19.05677644,16.74340016,11.40956418,2.385063775,-2.769255727,-5.651949297,3.968737032,5.205710364,6.29195028,12.96625003,17.2694949,28.18258711,27.71489853,22.8783161,24.4993647,17.78839925,4.751929348,3.762594558,0.503181001,0.363803236,0.530156546,0.958039035,1.495568786,3.050499035,2.498756351,1.641771087,1.215090429,1.688505333,0.473522391,0.480542763
1946,251.4529338,42.36024983,60.79652332,70.76100532,59.07084245,170.3557004,89.99657835,72.36210004,234.5460254,53.65003221,89.63583302,61.56960457,50.76386109,-5.160641668,-3.986440676,4.554899765,5.71306791,10.10539269,15.14965783,17.18687689,16.23288804,12.11946061,7.322149614,0.922061068,-7.680773759,5.014864937,8.983589423,19.01596326,20.82317486,21.33078906,29.46760798,31.60923446,27.20955129,26.71038017,23.30461183,11.99455069,1.089191944,-4.952820352,-2.731794301,6.704992637,7.40694975,10.69139153,16.89979482,18.3681832,16.04462153,12.44601986,8.359584723,1.471187418,-7.455971946,3.611602877,5.830736081,12.11834053,14.42865698,11.59789648,22.37469171,25.64789614,15.94615368,19.4534394,17.20165414,6.618960706,2.588112434,0.588021083,0.828052109,1.486953119,1.515259186,0.966878498,2.277979666,2.02875936,0.608041192,1.175717779,1.341192157,0.860684957,0.53663324
1931,272.6944877,8.54754472,42.086491,60.4428348,68.9006185,99.40661159,56.36133731,59.65962189,103.3816315,106.6038688,95.55729782,53.42062667,16.96022311,-4.141474947,-1.700963685,-1.75911584,4.26301959,8.299899208,16.01336586,18.13657424,16.7639962,15.79485951,9.594463759,0.458579145,-3.979390732,6.518267571,9.209244693,8.177729361,19.36793033,22.41906774,31.7602626,34.55933574,31.14147404,30.55644686,21.69203077,12.94093183,4.723228085,-3.762536218,-1.470551839,-1.402754729,5.804123433,9.199634942,17.56092723,19.22913654,16.99450491,16.76110349,9.849305633,1.120275649,-3.687442882,4.496490581,5.484184166,4.777424643,13.08195122,15.01008651,27.56453571,33.08955263,25.00143277,24.6050797,12.93967077,7.717190672,3.399447087,0.81685846,0.848232625,0.844266537,1.40154506,1.215147276,2.166886154,1.813321871,0.953960396,1.573820552,0.87326081,0.913228554,0.785087246
1977,253.9295093,37.86389369,51.54949474,149.5839721,40.62922503,92.97464456,130.4736422,82.4368022,131.2808234,89.826395,113.5098809,15.74365154,11.03335596,-14.90989006,-5.515458891,1.740589504,6.523970222,13.30129144,15.04755819,19.55672986,17.98669397,15.73881334,6.542096648,-4.957467391,-8.215232889,-5.863520102,4.594480248,14.39501138,21.86384684,27.61484721,28.06106474,32.11420343,28.76786347,27.17770534,18.42827939,8.837243864,3.338321927,-16.01111831,-5.961986624,3.023215654,8.635222825,14.16972196,16.14947171,19.46449322,17.04998473,14.65803784,5.97593259,-3.37182577,-8.426647464,1.275643988,3.998636594,9.328846414,16.47793186,20.618137,19.38674402,23.07029524,16.6822739,16.23804441,10.00475816,6.666471413,3.678370271,0.220880114,0.606093039,1.225146438,2.177432427,2.249972143,2.436203764,2.159376688,1.193325761,0.884641522,0.791393989,0.935040803,0.519116843
1967,228.8124676,60.87399523,36.88626219,78.74882753,82.03095568,128.6027545,101.9513263,149.2776206,79.57438629,70.34664617,104.9324915,106.8701388,111.9757662,-5.369868619,-8.101175498,1.183422725,6.783923121,8.166302374,16.47001802,16.64800001,15.11934698,11.59521819,6.33078963,1.716315478,-4.145989979,5.737223154,4.272787184,12.7818839,20.32234875,21.74245867,28.14392243,28.77600722,27.49372509,24.31255817,19.21492531,13.24083235,5.133440022,-4.867006292,-6.894288891,1.625960319,7.956945777,9.503921239,16.90268544,16.46842114,14.83988724,11.4826688,6.901482899,2.076101161,-3.509350856,4.377206427,4.323661163,7.419726305,12.94282021,14.22779734,18.36734886,19.80389825,18.49539573,15.80155735,11.89147856,7.318984683,3.630448332,0.706292291,0.80416613,0.80394143,1.351162114,1.520629809,1.43605637,1.231301045,0.670665211,0.97309071,1.143791362,0.778318273,0.732107018
1983,377.6600184,15.00686881,24.12238928,93.99950426,142.6784373,152.7242048,127.0041523,29.19870089,37.57671181,22.06729583,137.6796005,85.53831605,171.1452634,-5.321274165,-2.925841984,0.297384638,2.641815606,9.013304357,15.12402027,18.89639256,18.65591933,12.41023237,7.353203608,1.765690228,0.690823807,2.558910139,7.017590421,10.85421545,14.04420164,21.96130366,28.99864368,33.5069943,34.38822305,28.53522042,20.00595914,11.91723345,8.783805362,-4.31008379,-2.24571135,1.369329457,4.244915114,10.17731678,16.32921621,19.96536192,19.4864552,12.83240067,7.741872429,2.578816589,0.957833626,2.540456481,4.457927128,6.387824436,7.908614177,12.96491471,21.36860443,27.90981707,30.1695871,23.42361091,12.12339032,5.449321624,3.259538093,0.510845654,0.619870348,0.744137844,1.106111424,1.470997964,2.13528197,2.723569875,2.296963858,1.639747855,1.002542292,1.012210501,0.630660987
1986,231.6352519,0.377738463,55.37467268,26.223911,23.97846684,69.55153181,83.67919627,192.7273022,31.54668828,140.6507649,143.8898298,250.2748494,96.97945346,-7.202033041,-3.916028576,-0.577238462,4.776473331,12.01578478,17.11238104,20.04181669,14.8527491,15.15071686,8.567606552,2.986962317,-8.98687089,4.889367303,4.092248689,13.46654337,21.5922048,25.49978625,30.31660144,32.19478963,28.58212994,28.33814232,19.56105901,11.77477454,0.307218184,-6.465294088,-5.346699379,0.820484861,7.203598387,12.80939093,17.60109245,20.5430874,14.94524322,14.95110481,8.171196956,1.824335609,-10.18896742,4.435878011,2.555870849,9.411305334,16.77926567,16.95064197,21.93135955,23.20836127,20.71558903,18.95582487,9.838805503,4.290047887,2.095899022,0.546893244,0.174093397,1.122463376,1.909533591,1.41151505,1.922679558,2.076504009,1.528063954,1.141184309,0.692090637,0.133031594,0.268427986
1961,259.8361953,12.91359608,49.44271378,116.4378164,81.6031578,166.3583056,55.97929617,151.4562364,99.08793716,118.0467729,66.97702636,62.34155644,51.75798074,-8.524135886,-2.31979688,1.572258471,2.429341424,7.535251796,13.89201824,17.81530247,17.74743616,14.65313102,7.297076669,1.357280086,-7.321714808,2.472323226,7.385306393,12.57045595,15.19275976,21.20187907,28.66425122,30.58110773,29.41667245,28.2214691,20.58838002,13.02011417,2.582111109,-8.040036033,-3.877248384,2.086605364,3.74818913,8.236130283,14.69531427,18.06739683,17.07277801,14.56613466,7.913945839,1.154795521,-6.719164337,3.625856171,4.439814988,6.968315388,9.226903491,13.44048987,22.29042387,21.15848639,19.55824333,20.15329799,13.33588562,7.081626853,3.369303892,0.495011047,0.312823886,0.642685227,1.030787505,1.476484281,1.990972981,1.445319036,0.913252154,1.253815124,1.186089874,0.657572942,0.626162112
1930,318.0863027,142.6270151,45.35832027,35.44073868,52.60789704,40.89437617,78.06089552,18.4944122,32.63169525,91.13416815,46.37525351,37.26792859,73.06270758,-9.670677007,-0.451058403,-2.067854064,5.218386532,10.93989482,14.00375942,17.04170889,16.54916528,13.89533366,6.035246461,-1.446482717,-4.405871957,-0.540513711,10.97612661,11.85410392,21.30520776,25.11101678,29.75302283,34.79498435,33.4173675,28.52468824,18.7812747,9.000937022,4.821395691,-10.43272474,0.141086196,-0.86110333,7.30579765,12.01101841,15.02077001,18.65559759,17.40555971,14.65852552,6.342138863,-1.194299904,-4.681109411,2.402949087,6.368246322,7.723912184,15.24213405,17.52737861,24.70193691,35.3663364,31.62976245,21.83948026,11.27402208,5.262479324,3.576844035,0.483932223,0.875041491,1.010657393,1.695532932,1.407947733,1.486398607,2.294278994,1.504703343,1.30706885,0.869166722,0.807798627,0.622046582
1987,261.9099317,51.39094508,12.72006287,39.44228014,66.40534034,29.86320092,50.71514067,87.43688169,89.57795322,51.64403639,33.31854641,43.62137871,34.07744093,-6.346315936,-3.125545348,0.426197638,3.653986169,12.49288508,16.50327253,19.64951722,17.64995086,12.28067381,1.859702713,-0.00438463,-2.860901923,1.157112308,7.752491243,13.87526813,19.191481,28.59522835,31.33820851,31.53310823,31.00743724,27.80174928,17.12195492,8.590943861,4.525223611,-6.788284703,-2.516853068,2.128169839,5.31516243,14.40219292,18.10991618,19.65147947,18.46158655,13.13831523,3.395500736,0.147097959,-3.181575565,2.049680785,4.918235076,9.00647817,13.8342259,22.75404269,25.41821254,20.81935624,23.52831323,22.53750806,11.81761676,4.268668792,2.628098546,0.286719709,0.556880992,1.04614288,1.508898333,2.362515511,2.573547813,1.702856814,2.072373773,1.556953349,1.108131092,0.498699331,0.265279689
1957,300.2114354,38.01652868,63.94101602,51.30026603,213.3377621,159.5726919,282.7652972,82.40903795,57.0405791,31.66336383,92.90225688,71.52074461,94.66941197,-8.186206686,-1.136292292,-1.389013722,7.163900894,11.30674581,16.8565728,19.00613056,17.40485131,12.46763639,4.763671257,0.084640667,-0.814270711,0.781060171,7.670337618,10.98897614,17.53227043,23.77100835,28.55130425,31.34192767,30.73281673,25.96670927,18.46791515,12.87357195,7.136596441,-8.559541377,-1.204800777,-0.019115596,7.476435777,11.79625703,17.51150505,19.77719621,18.26054581,12.76868812,5.438729676,0.534925766,-1.345412492,2.384422327,4.080726567,7.338797456,9.309427666,14.65968373,18.71050145,22.97799151,23.73548179,18.59698452,12.52204583,8.414297559,3.823805584,0.367968492,0.388298,0.880391953,0.808821835,1.42932917,1.589935904,2.084046896,1.839539213,0.972014618,0.953166108,0.712241631,0.400278317
1933,391.8532364,78.82445435,40.7616203,101.5588846,93.32958824,218.2999866,17.5016172,33.46468814,59.50847224,96.36429712,91.88994327,45.2660311,82.64574199,-1.059878943,-6.246482462,-0.461415592,4.467974133,12.8941942,15.74586347,17.68129685,16.19525636,15.33549685,5.426304778,-2.596018694,-5.130043579,9.869659662,5.60515732,11.58676725,18.13310201,24.21868379,33.72154218,33.88090123,31.51727812,31.04846195,19.75496003,8.876859414,5.099293399,-0.858029008,-5.948274532,0.46755201,5.950491009,13.34690265,17.86160122,19.17915392,16.42754855,16.6788088,6.101890078,-2.91121477,-5.318884616,5.732768712,4.577679706,6.887275826,11.33101713,14.25854074,33.41294673,31.47231053,26.66024772,26.39548072,12.99209358,5.574000364,3.967881282,0.748625276,0.695785954,0.963162485,1.363818233,1.039665703,2.751479803,2.259995275,0.982309066,1.904518259,1.020040574,0.679248059,0.627933029
1948,228.9829804,44.07080573,53.04294538,144.6021235,43.23551699,102.9237903,123.4277674,172.5665427,45.34440326,64.5161763,73.95695877,53.57680564,44.27288792,-10.01974205,-4.783489832,0.037442546,7.00938632,9.588186309,14.85336856,18.56854463,16.83894878,13.65401646,5.07473394,-0.310715119,-3.310945289,1.104801409,4.841527477,11.03499205,20.88183698,23.4388737,29.61370024,30.63288833,30.68912394,27.85103514,19.14951841,8.04646747,6.654735011,-9.15441781,-5.807254029,0.436284176,8.423717937,10.09772137,15.91571928,18.84980804,16.78590606,13.78595649,5.045039778,-0.069186912,-2.39185817,3.006030154,3.344482092,6.146031639,12.73264516,14.78902558,22.18662571,19.92036104,23.52400224,20.59592446,12.26899367,3.985613807,4.038403124,0.424153808,0.246450771,0.57655466,1.630371525,1.340044316,1.741541025,1.147519491,1.111171233,0.851995617,0.587883816,0.507881898,0.717368452
1975,261.9194173,122.5525864,86.49817757,77.31529661,110.1103008,105.8483299,89.28962012,72.85704007,110.8203893,80.86983414,39.26229,75.03904125,51.65366453,-3.616033672,-4.381351804,-2.122735412,3.685880559,12.64666818,16.44220528,17.34935912,19.0808062,12.05607871,7.169286596,2.239462683,-1.958595184,4.460428309,2.991947867,8.244594157,17.16855719,25.30427906,28.37018006,29.89620029,30.28856154,23.74968579,22.13460744,11.49000109,4.613003165,-4.684956948,-4.52127062,-1.985892842,4.146920468,12.83361308,16.69128146,17.04886633,18.17682878,11.14691877,7.290673981,1.820089292,-3.070427351,2.662684376,2.384467415,5.217000941,10.57228823,16.40666745,18.70134327,20.4532629,19.53429281,14.12539694,15.23954067,5.643448507,2.342207838,0.281256405,0.402149613,0.589784516,1.029554157,1.766513871,2.071959619,1.935116192,1.028568898,0.890518606,1.290098549,0.435894346,0.15913547
1941,245.1653435,63.02650454,15.42342252,19.57076287,129.2266507,58.80466802,108.5051522,55.35959851,59.0061141,130.1860722,217.9831673,72.29071304,60.29389852,-4.050779881,-6.621434341,-3.657167368,7.019248628,11.54665776,15.68405801,17.21893425,16.89246672,14.1110546,10.5036769,-0.865798109,-1.588356406,4.275763786,3.559877658,9.16333299,20.38991561,26.59050631,29.78977614,32.17826719,32.83987017,28.16676462,21.22299097,10.79463265,7.549794164,-3.253890726,-5.61721339,-1.935199068,8.251804072,12.94755745,17.20745485,18.63042436,18.49231093,14.95342143,11.15873243,-0.300647135,-0.791214101,3.040230705,3.53216019,6.116723194,12.73574299,19.99633515,22.93486383,27.12807945,29.24816472,20.76650968,11.373217,6.434484829,4.185901847,0.727496762,0.805510792,1.047122165,1.308075139,1.689202651,2.057493273,2.203810411,2.30683959,1.412997968,0.982862408,0.844534057,0.794089913
2002,304.3569715,62.33985456,51.26092852,123.6326656,165.8555159,300.8696513,96.23434698,64.2288018,74.71809669,70.02607079,84.13355675,70.6141974,78.98565097,-4.200522082,-3.481406281,-1.109288521,6.880656609,10.09061843,16.72314361,19.0636613,18.64830414,13.93670024,6.338062108,3.224222259,-1.336455177,5.961898717,6.793148103,8.606754001,19.04916048,21.76545302,29.76868863,31.90795241,30.12914734,28.20366662,17.60118054,16.58063059,6.962305605,-3.472035866,-2.526334397,-0.97979095,7.2658449,10.16250371,18.54853585,20.42017844,19.12636559,14.26796621,6.293231342,4.390791662,-1.381942247,4.498345583,4.738205077,4.649450757,11.41037698,12.27510542,22.99943912,24.41233451,19.62198666,22.0062836,10.90782876,10.33220096,3.46438806,0.563824871,0.592317694,0.458602878,0.862153933,0.684335017,1.528261909,1.644111325,0.931612257,0.683636721,0.326849708,1.105676228,0.426917409
1998,271.8713239,63.40486296,57.67890123,140.5649867,107.4783298,114.7458784,187.4042736,78.7839417,86.37812127,48.77850757,72.89706036,80.1837808,55.97183585,-2.203143042,0.60576153,0.160351729,5.321400531,14.47780125,16.92882619,19.31528668,18.6707183,15.35919739,8.2575159,0.442701999,-2.543481375,4.025255018,8.990415529,9.102329386,17.52821389,25.56099252,28.14350269,29.86033245,29.81789366,28.98114579,20.75494186,8.316776773,3.809707575,-2.669673543,1.112791686,0.83630616,6.5022391,15.08888844,17.66024339,19.83751178,18.82726265,15.97409708,8.153033352,0.681848004,-2.337947267,2.195312859,4.602638484,5.534202089,10.4514684,15.20135868,17.34049662,18.30893316,18.78918494,21.52733739,12.22563041,4.072034626,2.498351025,0.20187067,0.45232457,0.712593293,0.852321355,1.128573588,1.347113263,1.04452734,0.838840857,1.113682222,0.747625617,0.390160971,0.204160556
1992,233.3103458,28.22636767,26.42615113,81.54753462,76.02704252,34.21917839,39.30195055,143.185533,44.22108192,86.86569475,31.47451749,76.70812486,40.13703654,-3.568178125,-1.07834834,0.886837994,4.913651287,8.287035848,12.68900621,18.57671268,15.05753807,12.88983491,5.284394982,-0.622512148,-2.234071036,4.489366622,9.398238653,12.82718261,18.73558275,24.21120068,28.07982824,30.26330745,28.0698816,26.21388701,21.04383141,8.633866753,6.712787199,-3.270091523,-1.088284465,1.147861602,5.797408618,10.93026026,14.92013316,19.33935486,15.20148464,12.87297126,6.411334693,-0.639845378,-2.393009848,2.682451181,5.382307559,7.833945532,11.88340347,18.52434796,22.92448485,19.56721709,18.83329429,17.80593593,15.84022309,4.202085082,3.605906949,0.390569469,0.344301558,0.49970779,1.012981124,2.151266784,2.441186782,1.566827606,1.079790886,1.035336024,1.198507941,0.460114062,0.394935906
2012,407.3112829,56.01763874,43.05101042,70.07752086,151.4586874,62.84830058,38.87550366,7.184631011,95.07039853,211.2398993,90.77722951,135.8522714,78.62255097,-4.504097124,-2.326467521,6.215106899,5.622846822,11.70478384,13.00470276,17.96467196,14.25888269,12.31870349,5.702213708,2.954339989,-0.939912671,5.448198226,7.871382694,19.82383901,20.27182898,27.71649115,29.91247332,35.77529828,31.70897004,25.54314124,17.97080692,13.00033183,7.061574206,-4.006305057,-1.700913936,7.396169433,6.90184315,14.45947009,16.13200607,21.555565,16.7499644,12.66227941,6.695196164,3.978680595,-0.842661177,4.221513716,5.189534662,13.47994197,14.1114363,23.55601953,27.89164879,39.47185363,32.0182804,18.0194442,11.04244246,6.716049931,3.544754942,0.639779374,0.647001969,1.600473692,1.17303542,2.746300676,3.263982534,3.838889406,2.167690637,1.116796914,1.206165426,0.837723915,0.421374459
2008,257.0038692,48.61691761,144.4220295,136.2318157,109.2301051,158.5460887,127.289408,169.1388463,52.98363406,210.3165117,53.21047637,54.02983582,68.2427648,-7.297268006,-6.312646573,-0.832313061,4.584920978,8.347663501,15.51795236,17.44301719,16.29343891,14.27125467,5.930792294,-0.647529364,-3.215271904,3.937540249,1.803332606,10.20349092,16.57576122,21.18855271,29.36951276,29.72084237,28.322735,25.97067264,19.58403016,12.46755022,4.057732653,-6.625405052,-6.534186546,-0.268556088,5.549867389,9.807220457,17.8528822,18.53549573,16.52110801,14.02035517,7.068689992,0.851372002,-3.530065632,3.891298878,2.498928835,6.352924333,10.00710312,13.71171963,23.30674222,21.25378028,18.52628257,16.30740508,13.33003635,8.250567856,2.415006363,0.635968667,0.291099029,0.716131846,1.119394955,1.525442104,2.258954953,1.415134352,1.106811736,0.78858335,1.107838425,0.983499894,0.356729457
1948,219.8529609,32.23290084,48.3367764,136.0679265,47.25267407,70.49702093,115.6348555,178.093831,54.76625088,45.21489231,43.2918551,55.67768762,49.06182074,-10.43167271,-5.725586723,-0.930273342,5.832714279,8.69232742,14.45285727,18.38034666,16.87106808,13.38097662,4.701124039,-0.986897485,-3.850440857,0.877356632,4.598153722,10.33754769,20.83259546,23.68718127,29.46226057,30.34946277,30.46907679,27.88189793,19.41733692,7.608461514,6.457087473,-9.754432238,-6.362786381,-0.435504281,8.202797612,9.913505432,15.78676985,18.70498975,17.0675732,14.02078869,5.264714888,-0.320326136,-2.934207109,3.038579379,3.536202948,6.231239825,13.73670656,15.97739082,22.14813714,19.21396209,22.82194711,20.96134515,12.85387347,4.022835346,4.199360211,0.374381919,0.278226705,0.585708443,1.931899248,1.623877385,1.866003593,1.175229393,1.221447526,1.196056045,0.698687268,0.732314394,0.757790022
1970,236.9477686,8.746446376,13.11893621,56.87488763,170.9178381,179.8406259,171.912714,52.04705537,140.5836655,213.6773021,100.6598795,23.47246108,35.85566222,-11.69993546,-7.037804379,-2.591101365,4.896536228,12.00502472,15.82185973,16.89538355,17.87059527,14.9192218,7.245261955,-0.648236172,-5.33872129,-2.015989436,4.753331565,8.152292933,18.65168706,25.31111523,26.68267005,30.54421536,28.67945437,27.01491121,18.88178009,10.7320994,2.078889468,-11.95474092,-6.976547371,-1.932430834,6.14966373,12.8012033,16.03725608,17.54953244,17.48883841,14.0081569,7.338736825,-0.814450217,-5.604511966,2.268939119,4.292530238,5.106568455,11.85477298,17.04301473,15.81831621,23.30267143,17.71678337,17.29256067,10.59039287,6.299855106,2.494679063,0.557067332,0.647241406,0.809406193,1.294207275,1.477007565,1.151920258,1.780115108,0.639979024,0.111390301,0.803569898,0.624451353,0.555753218
1980,226.6563851,19.37297606,25.16268751,103.2765727,54.05151981,78.63178705,87.45635024,81.843912,123.9058229,128.5682461,54.59317125,58.53987368,56.93047341,-6.350218152,-8.736693899,-2.703936057,3.546755075,9.722901358,14.80071405,19.99302726,19.69947113,14.26070033,3.940964119,0.164365133,-3.78944834,1.9171458,-0.554812072,7.168721737,16.80285453,24.30828455,28.79837253,32.99269458,31.89810663,27.28550399,18.64167525,10.93206849,6.851867956,-6.193954463,-9.888481507,-2.802876587,4.329421112,10.60856838,14.9337426,19.60467534,19.1827693,13.31277019,4.323658346,-0.460768428,-3.73175228,2.394487668,1.984227656,4.33268384,11.20976704,17.02403827,20.52725368,24.94126255,22.36318523,18.11863211,13.21031481,6.337880453,4.411538564,0.446976171,0.307025089,0.466513863,1.17172983,1.646875486,1.776928928,1.805242078,1.235920625,0.848239261,0.922677938,0.52435692,0.527015776
1958,226.0806557,31.69366455,15.27051547,32.47627182,70.11140587,66.0485335,145.3833709,219.2452051,68.1375781,66.3078057,30.88853599,55.35402879,85.45975768,-6.52313004,-10.59335824,-2.591514691,3.75180409,8.021895181,14.23732729,18.33890884,18.34338194,13.3774598,5.739222605,0.257665959,-2.48932295,2.54476197,0.733210054,6.940352407,18.51621616,25.0901705,26.87077984,28.72839106,30.20179102,26.32985415,21.50723841,10.74564963,8.566608802,-5.678393293,-10.18672124,-1.188934759,5.60885452,10.60240003,14.73021157,18.1071812,18.08164119,13.54388462,7.141003607,0.437486544,-2.293857757,3.075233719,3.403849009,4.664623411,12.69919384,20.8400436,18.00183778,17.42206799,20.94428783,18.5739927,16.5958714,5.671954992,5.317687631,0.491167981,0.454054376,0.567844086,1.344776207,2.375864498,1.608673446,1.112733632,1.067087918,1.067225065,1.365589125,0.499976405,0.566147245
1966,234.9262675,15.39897039,61.74702007,34.43836082,152.1374579,120.563379,69.32227175,32.13206973,102.0194005,135.8488911,50.94166861,17.11753643,60.18508375,-10.85485038,-6.782427414,-0.54846993,3.119883166,7.54046505,13.80973186,18.1544766,15.80125885,11.44940222,3.382365826,1.690655055,-1.059367843,0.224552225,4.118137665,12.90111369,15.64508483,21.72707636,28.59824193,33.56321489,28.31416299,23.96435923,18.68266681,14.29227239,9.103993726,-9.65332504,-6.163216695,0.352339241,4.468627038,8.793573841,14.80285561,19.32769307,15.01530835,11.47782344,4.482573264,2.096888828,-0.657068286,2.963631238,3.8895692,8.215510978,9.232592862,14.51582294,22.20537048,29.96380528,19.42423289,15.36795483,12.71165589,8.475613284,5.179818555,0.776447901,0.71339152,0.952263773,1.203264051,1.469456957,1.685991749,2.235662601,0.200931366,0.781127383,1.198365535,0.827182128,0.738835388
1947,246.9008091,39.49593036,4.178296672,75.23935843,148.6881225,101.7202705,253.667543,27.35819639,21.05481933,79.89007952,79.61416643,175.2831954,47.70152066,-4.893149175,-9.635669888,-4.059131051,4.110330715,8.213518429,15.14317056,15.85369311,19.58300292,13.41798717,10.48618643,1.699113734,-2.606220038,5.203489605,1.679150183,6.44349901,17.57536286,22.21663337,26.87697041,29.72048757,35.09781297,28.45047386,24.50229819,12.80504406,8.46587298,-4.876921905,-8.194113156,-3.060561203,5.732465256,9.689954338,15.94633716,16.66292161,21.23046767,14.17048702,11.14895046,2.373127055,-2.296130215,3.812490977,3.340042288,4.38453523,10.49370236,14.36595572,16.4525744,22.19050709,32.17932017,21.92511196,16.82454517,6.673724201,5.137493637,0.595872538,0.771959339,0.808464322,1.333900163,1.549981311,1.394376635,1.594211316,2.710014133,1.401987647,1.141960867,0.810196487,0.66476097
2001,225.7704636,67.86177005,74.73651067,35.15946283,69.98714847,106.4229839,147.0867784,48.99971844,107.5042974,76.39913219,117.7199351,61.90708507,31.6057866,-6.632314644,-4.727069529,-3.456982316,6.05066483,10.88451238,15.04747782,18.96603275,18.20166845,11.5200284,5.154915129,-1.422440915,-11.30126573,0.910885971,4.528631397,8.274367169,21.78273569,24.87789771,26.70434294,30.60597686,29.84760844,25.5179298,18.40781786,8.73310986,-2.929103051,-7.712144447,-5.769166226,-3.23911705,7.567879696,12.21788847,15.22392251,18.53364956,17.21832806,11.44241894,6.065803047,-1.11243709,-12.16970165,1.994883703,3.026086774,5.676384696,15.92423103,18.09167681,17.35781498,19.99708699,18.91055387,18.34704291,11.74535182,5.288051086,1.752021806,0.204992166,0.212404433,0.331621273,1.543398328,1.366286329,0.784123164,0.571649902,0.636844753,0.752983145,0.956189357,0.37637763,0.237385097
1992,217.9836134,19.36507606,32.31263128,68.74888431,84.66395467,28.85634156,20.08336564,158.505322,34.47469243,73.52094316,26.88560601,81.70556778,47.64569659,-3.991685559,-1.532541025,0.328204044,4.005191348,7.394098409,12.22843267,18.38997533,14.96349793,12.38441549,4.837021406,-1.250886413,-2.823603297,4.264813452,7.942658281,12.24721945,17.51491614,23.5782704,27.42301767,29.06548794,26.94481587,25.57120287,20.20927362,8.048152251,6.307884445,-4.077805444,-2.033672051,0.366491651,4.424101302,9.624226609,13.73669053,18.22530008,13.70250988,11.27357419,4.833878241,-1.863097415,-3.579015675,2.680487637,4.429362162,7.491001026,10.65381498,18.03735564,21.44397064,16.31325281,16.75908176,17.17109924,14.8917186,3.962348108,3.532232132,0.320171534,0.195991546,0.40533478,0.732121582,1.79146934,1.635115857,0.635666262,0.262627846,0.391262562,0.560820696,0.295144008,0.267745904
2000,222.4947071,12.9645008,35.72667339,66.09756723,50.66138838,80.81653584,208.5004404,113.2921917,79.28979268,84.29136451,80.16837953,9.484954421,58.38396521,-6.791680114,-1.855274692,0.736095084,2.640942353,11.668848,15.33116067,18.32943876,18.95280237,12.47001686,7.794825105,1.313742366,-3.633964682,3.373881118,8.551494068,13.84126318,18.18444346,25.07102492,26.7875551,28.50726271,29.72536605,27.09997999,21.12604766,17.21000104,5.694474015,-7.245712895,-1.903004383,0.971933978,4.184783173,12.4834999,15.44400808,17.6364325,18.38507652,12.05900772,8.052486103,2.153854588,-4.147231027,3.745917207,5.717230008,9.230699805,12.72998828,17.06896056,15.85363756,15.38132687,17.18879605,20.64656459,13.37568168,12.22157713,3.681501041,0.41227279,0.576864446,0.610071308,0.992477303,1.155301883,0.643979028,0.22321692,0.584182199,0.444249241,0.733732978,0.984072544,0.455127057
2008,221.7269289,91.71510929,126.3726999,74.45830081,110.1234463,123.4999711,162.8447534,169.7182173,71.63963916,231.9441153,35.09932376,52.14296503,105.2417094,-7.919032181,-7.424690924,-1.889404598,4.054420922,7.679149072,15.51594683,17.48931947,16.42643628,14.1169978,5.6187226,-0.93516359,-3.883448863,3.429883431,0.706343591,9.359475403,16.13612338,21.20988866,28.6391026,29.21452898,27.85363576,25.17142696,18.82686093,12.53461321,3.248536847,-7.745645868,-8.129326855,-1.82828166,4.767941726,8.803698581,17.44213711,18.32594605,15.74332735,13.16945309,6.172373575,-0.26278635,-5.081693311,3.86445396,2.295297385,6.175369314,9.697851092,14.14355855,21.15454656,19.46360795,17.43089111,14.90249785,12.3585604,8.728319985,2.278059892,0.522879443,0.240038406,0.432927155,0.93226291,1.301633732,1.738997084,1.281487825,0.503515643,0.330530852,0.708646603,0.835210312,0.226513782
1981,174.2551872,7.227737151,60.27339541,24.94651153,135.5168246,168.4599608,92.30519567,133.0996957,199.7598256,85.48645888,56.72795392,32.41016065,27.53668258,-8.896338068,-5.202355638,-2.769412694,7.004503089,8.337066439,16.01503642,19.10473544,17.29149944,12.2272358,5.104353963,-0.643579131,-4.02742082,1.630412522,5.794515026,11.17876607,21.4393108,20.74572217,28.96317158,29.75215308,27.95422237,24.86975886,18.61841061,11.26201414,4.907065316,-8.598947229,-5.857536223,-0.996351227,8.436975658,9.09207364,17.30549733,18.81677438,16.59802841,12.52933859,6.261244617,0.2278319,-4.241283047,3.143306004,4.251210181,7.863262973,13.07419235,12.06275123,19.63244681,16.27686021,14.3760251,14.40181302,10.4487899,7.491342181,3.026968518,0.447849749,0.385434317,0.893781223,1.633034541,1.400298649,2.228682838,0.856299337,0.628708917,1.166679487,1.111707653,0.817269013,0.471477627
1939,156.5761692,88.43004232,96.16588971,95.44092927,138.8409105,46.16381604,148.1683688,71.25321077,164.0489358,17.61414637,49.71665089,49.96527503,55.72493995,-2.916773587,-5.675093489,-0.489005907,3.157043591,10.8351506,16.84583559,17.86258404,16.43628489,12.80035031,6.07681723,0.710735166,-4.13047002,6.146503502,4.998804309,12.83199128,15.64906775,25.74544245,28.41101244,30.69554277,29.48060307,30.69977019,22.2521837,13.15192005,4.869830399,-2.734006113,-5.727721504,0.588603812,3.988230669,12.0534149,17.5985364,18.52680458,16.32896798,14.59773764,7.055418473,0.987007411,-4.129483166,3.877643475,4.067823314,7.999487974,9.167319859,18.88579207,18.39214424,22.38002999,21.25369199,28.44417914,16.29165752,7.863872816,3.479325863,0.736309251,0.633778719,0.965723333,1.058524589,1.546698554,1.360535879,1.268415035,0.620945682,2.197306775,1.168489955,0.868223008,0.715999544
1970,261.5224802,19.27687295,25.88200106,50.22627886,180.9128223,85.09685444,135.8297962,74.79842033,61.94182237,144.6493093,80.59816353,52.47399786,37.46668472,-11.3113388,-6.615931738,-2.272766062,5.36177986,12.10363351,15.68949775,17.04965674,17.55215551,14.84284093,7.354612882,-0.31456565,-5.152249528,-2.316749389,4.11262131,8.317817399,18.57648197,25.85209263,27.04184707,30.66254141,29.53394501,28.30140367,19.29867111,9.628617128,2.44222371,-12.10530086,-6.854953614,-1.423944616,6.076451244,12.86486996,15.97481837,17.80316584,17.59476513,15.24444519,7.984189197,-0.39107455,-5.651793703,2.03753899,3.810136432,5.052704466,11.37463778,17.95259298,16.48581549,23.26529639,19.82055228,19.91373046,10.96104779,5.267433171,2.594421247,0.484848711,0.586727222,0.820701586,1.055661675,1.49536715,1.219412015,1.865695037,1.089854735,1.244338271,1.071835011,0.632703462,0.508953972
1944,265.922855,7.2560711,68.22541673,87.07039264,193.3122183,116.0271738,63.67095831,43.34253219,108.1534926,94.79505389,24.45381128,59.04847424,39.47223278,-4.847094277,-4.060457693,-2.075105546,3.5278718,13.06388337,16.15460242,15.41697246,16.86093337,13.09899266,5.31564855,-1.772435077,-6.13775837,5.664366651,6.551419299,8.601733828,16.47649725,26.00561466,31.29996126,32.181888,30.67768528,26.02958606,20.7731936,9.85760811,3.118637059,-4.357204552,-4.039348735,-1.713096766,4.62306222,14.06822243,17.9775157,16.90731381,17.33629544,13.54981808,6.033137749,-1.64006125,-6.538336093,4.125227351,4.435820082,4.97393259,9.517757745,17.28348038,25.88413935,29.24703891,23.7441693,17.22375786,14.18831637,6.04166132,3.186018188,0.657649099,0.600201249,0.704710044,1.17832625,1.480767921,2.639417138,2.197532347,1.270498619,1.047848937,1.024487315,0.65840824,0.556089726
1942,227.4359441,31.48713396,84.06854387,81.38202979,69.81417071,97.52368286,175.7935516,134.8158683,50.29600608,76.85521201,63.608697,91.25294793,30.89533829,-7.372745844,-5.37550828,-0.088897525,5.050604574,10.18211743,16.1038814,18.04269286,16.91894287,12.25463133,5.940931882,1.027669119,-0.920719,3.837122335,2.319770502,12.7097471,20.52460382,23.23382079,28.13993147,30.68580321,28.98089187,25.26649716,20.3116606,12.05321982,7.490651884,-6.901208648,-5.381244694,1.46489088,7.085610936,11.50429339,17.08124811,19.13744535,17.06246886,12.73853433,7.247904545,1.592835108,-0.556411638,3.853196907,2.505582523,7.652859578,14.21345145,14.89614254,18.41557552,22.09663411,19.52473829,16.67460659,13.50683856,6.662158637,3.998647658,0.687082063,0.623325548,1.121014953,1.705653965,1.597554239,1.549674062,1.889754865,0.963913143,1.092427971,1.305266137,0.85497674,0.801726018
1936,398.380694,37.72538553,63.00089176,62.12326498,77.94770498,54.27596414,35.36870073,43.01665327,45.51281545,132.5059349,89.36509303,118.2327093,31.43430464,-10.39782866,-11.68110284,-0.310948351,1.550260114,11.4528441,12.48451935,18.4686462,18.01483958,15.26600277,6.783695413,0.754833093,-7.244358398,-1.275216944,-0.669064942,13.11396518,16.04837069,26.434808,31.36993824,36.97812833,34.69702218,28.39325394,19.11714925,9.723839387,0.618796158,-10.25678165,-11.69724383,1.251095348,2.899692617,12.65985111,14.55011172,20.99652295,19.88158562,15.80938353,7.306573596,0.949920588,-7.518675466,2.258806407,2.750876191,8.205401113,10.36968314,19.74817795,30.245294,40.63519224,33.62026718,20.16119859,11.23404448,4.901838941,2.281538554,0.632215595,0.578327604,1.195641944,1.21323676,1.517110188,2.300226141,3.711086405,2.743591702,1.18417211,0.959695162,0.752011947,0.628571961
1986,168.3623578,0.204363959,59.17194213,39.20763522,33.25047999,97.02663937,77.92968375,179.6347571,21.05964263,122.7334555,132.5451245,258.6121432,88.0216586,-7.435718223,-4.474289588,-0.771888622,4.315942874,11.25942506,16.42238632,19.91964468,14.58608633,14.78365694,8.448511136,3.199334264,-8.944128265,3.927600993,3.18477589,12.17766853,20.87862677,24.77536873,29.55853668,31.48405323,28.00083292,27.91952671,18.76309682,11.30420561,-0.307367623,-7.207773378,-6.327527721,0.072736125,6.165646844,12.35786167,16.97536872,20.06036625,14.11347379,14.64554355,7.812291693,2.254372446,-10.58116569,3.792494214,2.253423225,8.324025557,16.03976112,15.97257887,20.74061627,21.11055986,19.36870849,18.14151757,8.547770458,3.72641816,1.76527715,0.433639813,0.092185377,1.100914706,1.725568024,1.677905534,2.105431644,1.876964818,1.412865031,1.360274515,0.595822624,0.338317774,0.194492323
1962,194.3913964,104.588495,50.52482414,85.22673296,39.33262396,124.3785312,95.03888946,112.2436273,75.04403142,55.43003858,68.4504958,89.27685171,63.23919928,-9.569314075,-4.240906849,-2.191665893,2.124101077,14.10367286,15.75197298,17.65807827,16.0243345,11.49486039,8.608832136,1.632284698,-5.246397691,-1.055979039,5.02581381,7.447631148,17.15486381,28.14413743,29.43161562,29.8762793,29.88734316,25.10408118,21.29815191,10.85526647,3.016528278,-10.31244516,-4.509768876,-1.90048936,4.044240198,15.06633179,16.11469225,17.44623263,16.37549546,12.0613243,8.854373305,1.423646269,-5.59513078,1.901800055,3.286195913,4.919693581,12.80049331,20.60650508,21.91942223,19.8741614,22.70076444,17.11809755,12.77186445,5.090667252,2.789877694,0.350480936,0.499785662,0.597392988,1.561174314,2.246987176,1.778999182,1.348385962,1.952779802,1.292410057,1.014101703,0.46258913,0.407002307
1988,334.8785903,42.98906927,57.73576614,90.37798547,33.43147604,32.50448849,14.99888665,82.07193166,30.00039537,49.26447623,54.58438139,121.2868784,133.9393084,-8.718269566,-7.336151739,-1.190940867,2.6565414,7.795299915,11.56481801,16.4352678,18.01511997,12.1320402,2.282121664,1.713975349,-1.781340708,0.819313348,2.209582792,10.98955693,19.16716844,26.98883139,31.98789621,32.73646068,32.98850768,27.9748245,16.45170936,13.41798963,5.218896748,-8.766097469,-8.63710674,-0.713916892,4.60744629,10.61036602,15.40533663,18.48475849,18.91337974,13.03604684,3.438771994,2.9406115,-1.726753563,2.393138967,2.728167167,6.766350441,12.46770879,23.36489807,32.55613581,29.37353352,28.22017385,21.87493003,10.90271827,7.649333052,2.524395565,0.319825863,0.227885583,0.573281937,1.437530882,2.747123308,4.893436679,2.823841142,2.198280227,1.592769395,0.835283571,0.988644375,0.298757127
2002,284.9356064,52.07604291,62.11148257,102.0572254,162.8469907,283.905105,85.17966174,51.33612747,45.86880986,58.07657018,74.88986593,58.10811009,67.52074417,-4.527558602,-3.633499751,-1.57080968,6.361682971,9.461825428,16.22507318,18.83642011,18.53405085,13.84581179,5.764228526,3.275505503,-1.327675131,5.853443363,6.244153034,8.163700492,18.50614685,21.28531922,29.14461168,32.03708904,29.9361813,28.42034716,17.50749087,16.12782171,6.790663299,-3.968084255,-3.441152166,-2.059358147,6.368369828,9.309466565,17.9487652,19.9082173,18.35213574,13.7447394,5.512426882,3.309431141,-1.773980893,4.600255749,4.190694135,4.414202599,10.95214829,12.00134996,21.76840435,25.18294839,19.02171222,22.66713396,11.29453743,9.65925168,3.382697697,0.51534547,0.44247432,0.33097337,0.736156766,0.59173294,1.549110165,1.490932129,0.602038692,0.526074445,0.278967471,0.700226983,0.354429443
1994,180.1809674,52.7087585,23.97956147,31.60676905,234.769346,60.29388723,101.1579602,58.25001308,84.79449244,62.28572238,45.25497312,129.7422499,45.71450776,-8.992100598,-6.735061415,-1.469442184,4.077683612,7.969770302,16.59716504,17.68035211,16.15091277,12.14393502,7.24622535,0.014034138,-3.519481935,-1.542816436,2.972518153,11.1417414,18.61332624,22.80022199,30.31308361,29.92826465,28.59526686,25.3143735,20.62772242,9.489116214,3.49098267,-9.730251331,-7.006206694,-0.764760239,5.397188954,8.839968625,17.27048353,17.28530526,15.14876589,11.83597946,7.725085051,0.015942096,-3.249299562,1.630784561,3.444312018,7.264978459,12.06679937,16.14324844,22.20396325,20.13960676,18.5741638,17.96347456,13.46060176,4.956309041,2.51847334,0.303585631,0.486487263,0.641996903,1.511023222,1.431119381,1.305619306,0.578661348,0.504730559,0.451533173,0.882193252,0.574108945,0.418818242
2001,211.7003971,37.65689966,69.06492871,23.60977796,76.09555226,85.48076077,121.8518096,111.1433114,93.34504315,44.66486889,161.4051712,92.11884586,46.88842821,-6.346451465,-4.011247159,-3.627524533,6.100059752,10.72641032,15.01987089,18.49063145,18.09360902,11.64266376,5.633773692,-0.896159571,-10.74057373,0.64371573,5.381898264,8.151339402,21.29785633,24.68917852,26.7537894,30.35755048,30.15886852,25.68744732,18.38482427,8.939901204,-2.812729733,-7.705326324,-5.011183356,-2.807280618,8.066306175,12.0044944,15.28059444,18.12765319,17.50160339,11.39552892,6.404335262,-0.017517327,-11.6723084,1.767961218,3.291697277,5.715908812,14.76756377,17.77569184,17.4485885,19.72559264,20.56356262,18.55824958,11.33411203,5.321793167,1.604829111,0.149395535,0.242974935,0.416383005,1.733653382,1.35940815,0.935739354,0.704961902,0.476950756,0.538751817,0.822664151,0.559377378,0.241425667
1992,170.8073887,31.71530387,28.84050721,60.94879621,90.5121378,32.02527368,41.84576395,244.1607796,41.59571445,63.52134824,47.30319243,74.8525706,48.94458873,-3.735510891,-1.384132445,0.649370179,4.542747683,7.863503288,12.18628364,18.37039322,14.96478479,12.80712751,5.252697425,-0.598805973,-2.324103002,3.709999864,8.40890888,11.82966856,17.43922407,23.43505491,27.63578106,29.06736198,27.12826097,25.357651,19.77163733,8.336236283,6.088631582,-3.775382522,-1.342595688,1.036699568,5.022166548,10.1552202,14.21955823,18.47784428,14.56484095,12.3082184,6.038403005,-0.823079235,-2.608778798,2.299061137,4.778943331,7.21086634,10.41204211,18.07316874,23.04518926,16.67957795,17.07883393,16.87750788,14.1916168,4.020364857,3.187340724,0.344847297,0.387968172,0.563458106,1.027983518,2.244878058,2.556624828,0.892540044,0.769655708,1.026370743,1.107514993,0.428232031,0.368728762
2006,231.2239326,49.60900302,20.02130603,122.9326862,144.771165,90.34119309,63.16333944,91.21886543,92.71167038,29.81505411,92.69721376,94.37025166,52.53987191,-0.610083939,-6.830191976,-0.327303296,5.667751833,9.523928468,14.0739314,18.58312256,18.08799575,11.75220456,3.973187904,0.665680703,-6.108530595,7.961367444,5.180254258,10.44494319,20.86719543,22.13096445,28.20697819,30.77862155,29.4521428,24.10378298,17.29393724,12.8965299,0.852545225,-0.571354129,-6.442316492,-0.384572749,6.964837332,11.17031074,16.0405112,19.23857454,17.96178391,11.79156225,4.709728217,1.4770567,-6.638245248,3.897788742,4.965589286,5.888156356,15.37481119,15.14056163,21.93492906,21.28948229,18.91909839,15.77774089,12.39308006,7.691331957,1.946755823,0.455719643,0.490026299,0.441090877,1.42414499,1.187500384,1.822040876,1.324315403,1.11887548,0.977426658,0.837086392,0.897316007,0.238624771
2005,229.4921232,178.0454087,53.28668855,37.91605294,54.75778106,69.70685312,45.94995035,79.8002199,73.58599585,95.16570493,46.98705807,124.144151,62.66536257,-4.507163363,-1.622525035,-3.120182244,4.824708312,7.197053675,16.13920106,18.19093114,18.40287074,14.23139627,6.624174083,3.24574483,-4.804012074,2.913550794,5.944818127,8.834415188,19.57955135,23.45189572,29.63919957,30.56978167,30.1702904,28.9734912,19.69550674,11.94749937,4.155977757,-5.566749827,-2.678475398,-1.712823521,6.582436578,9.410108945,17.26482477,18.60266195,18.42682369,14.95844702,6.919662565,3.399311541,-4.74745185,1.984845363,2.961126901,6.500936265,14.34727485,19.13262607,22.68415851,21.53547076,20.62078851,24.66583232,13.32007969,5.311315263,3.069639981,0.139926707,0.097941568,0.663080547,1.221200725,1.402965905,1.297162286,1.146416648,0.885317747,1.137846131,0.75428725,0.519191607,0.396963025
2018,189.5961118,28.10946251,134.1050446,102.9973349,85.73935867,73.82970481,172.8983852,154.5448319,83.09579383,93.63518817,54.29841109,77.72913661,13.86593582,-8.127523661,-2.70277047,-1.752905791,0.556832594,14.51599523,18.84546821,19.83562184,19.52892242,15.99518876,7.576160739,1.09524361,-5.993850116,0.327041314,6.086338778,8.988696157,13.59889013,28.49475968,29.84003544,29.2741072,29.08021514,28.04856453,19.26550105,11.85624692,4.434885674,-9.958420394,-4.688267594,-1.366028445,1.021900874,16.01711112,18.6982573,18.40126205,18.5888888,15.84363786,6.907292954,0.249479915,-5.529679695,2.584326833,3.532320829,5.724791275,8.929883022,22.09760693,19.15051579,19.91965945,17.516674,15.27668361,9.304229425,5.973580202,4.7408132,0.2595421,0.317358347,0.462608022,0.978103661,1.994126672,1.088421904,0,0,0,0,0.544794182,0.566264472
1939,220.8933269,49.94021739,45.86573485,39.64789853,78.28646174,69.78101795,107.4142154,72.62819654,85.94602925,26.84332702,64.25024016,50.49721379,28.18527803,-6.169214217,-9.919530884,-3.995044672,-0.010105087,8.360521143,14.58892034,16.21659745,14.92857698,11.39597518,4.166412324,-1.457678847,-7.304339729,2.379608812,1.145085112,9.193661432,13.80836681,25.19644256,28.20440301,30.70645138,28.61808812,28.37450469,18.97682104,10.50628852,1.505678828,-5.93269285,-10.53461129,-3.671953734,1.272164575,10.3724085,15.37005887,16.29555091,14.46855692,12.1004819,5.030283519,-0.825995185,-7.449870485,2.826915405,3.17740553,6.373161578,8.836421943,19.78074879,20.35246001,24.28706538,21.02626413,23.98314388,12.84951649,6.502830641,2.707850722,0.664222863,0.548944763,0.703329873,1.108509905,1.878384466,1.279599574,0.665082404,0.197161267,1.104899349,1.004559674,0.82903231,0.642465795
1935,276.9539523,51.65562757,33.49961941,57.33580356,54.2887337,141.0627665,153.7220113,91.97216006,128.1971427,78.15537942,37.2293074,162.5551204,35.43801304,-10.36216041,-6.623845888,-1.807893771,0.614601241,5.538593856,11.78647121,17.89415535,16.2969874,10.46755702,4.002057995,1.243207035,-9.284179742,-1.015290013,1.039549391,10.00821877,13.6365984,18.03260153,24.17322864,31.63323139,28.89789319,24.78474004,17.94278092,11.07421602,-1.374296291,-10.99162762,-6.411568105,-0.863507375,2.054758751,6.141579395,12.52908752,18.71644042,15.88560406,10.75164856,4.519155634,1.626196647,-9.65333842,2.356126282,2.319635024,6.258313823,8.390950279,10.74696657,15.31758206,24.83076207,20.20662381,17.57047167,11.52871926,5.811560475,1.971230104,0.530051127,0.677516626,0.876721181,1.206138605,0.989329183,1.163216453,1.484077574,0.220274391,0.84678724,0.861990252,0.786339124,0.569921622
1961,256.6576629,5.835861426,19.62620899,93.5767074,64.26254449,46.8370538,58.94768428,139.5751606,64.89043811,248.5283059,126.6221939,47.02082298,14.41898402,-11.55776239,-5.173757959,-1.602231787,-0.449809412,4.272547323,11.79404521,16.09711326,16.03321823,12.7682092,6.264205812,-0.559252308,-10.49376724,-1.40722008,4.675858719,7.727993685,11.73237007,20.21229785,27.71803528,27.88631065,28.25261717,24.70430637,17.95716601,10.07828326,-0.06220073,-11.81149107,-5.543957253,-1.563864208,0.620951411,6.520538811,13.43862109,16.22266099,15.58270704,12.33593597,6.165818584,-0.5967237,-10.58124029,2.491621427,3.664525563,4.49377725,7.594553746,14.94789949,22.44776368,18.06662268,19.07216893,15.76596705,10.34648016,5.369336347,2.945068486,0.326233597,0.356189631,0.367898486,0.65130917,1.772485456,2.364253724,1.093269498,1.025108196,0.955764182,0.725671364,0.522343045,0.459846395
1964,228.8266268,21.99592382,14.10541394,82.29081227,140.8682645,79.2004739,112.1754806,120.2386168,69.0424667,71.58303859,2.124642211,53.33549294,25.04722083,-8.274453939,-8.426708826,-4.726471312,2.007803973,9.8142342,13.35500282,17.17498518,13.75933985,10.67354532,1.337645791,0.919292993,-14.3158137,1.885512324,1.989714113,5.734691506,15.57072354,24.58534557,27.93178066,29.45279432,26.81188451,24.0525672,17.11247797,11.32370931,-5.240599426,-8.40360829,-9.048891031,-4.441196376,3.45437456,11.17227492,14.31312622,17.00982767,13.59742764,10.82445917,2.054489357,0.606810348,-15.50788784,2.938276359,3.207122164,4.140482188,9.763139008,17.96489784,20.56774395,19.35727385,18.07678884,15.81101886,12.29091835,6.03381685,1.603260732,0.539353151,0.347687796,0.569780617,1.269373191,2.224663004,2.024415189,1.21126628,1.350753785,1.148090278,0.899987053,0.573919651,0.241797754
1926,263.4305032,23.81036893,64.60859953,36.87202901,53.54792712,66.24508759,142.0480379,150.9719484,86.52096276,209.3761299,54.65064575,37.46885809,36.22127402,-9.73213839,-5.705003236,-6.616613022,-2.277419851,6.565060501,10.44709043,15.43615132,16.31164015,12.7720392,4.68966441,-3.669690543,-10.198126,0.680356207,2.460170122,3.652906424,12.67940864,23.9125148,24.87621394,28.59387625,28.2190922,22.11079982,15.55102426,7.509662369,-1.629449045,-10.09777754,-5.295175805,-6.806508984,-0.734939292,8.477546619,11.03943336,15.61560717,16.00006549,11.91953066,4.193154072,-4.004674264,-11.30277537,2.931867797,2.7229709,3.608709687,8.680247624,18.83745714,17.70133996,20.3660568,18.64778921,11.01262736,8.352430115,5.046955444,2.069808056,0.582959428,0.71363943,0.593644198,1.143844479,1.659543675,0.957410588,0.676849094,0.317971273,0.198371608,0.464591224,0.651192387,0.489777025
1982,220.486294,37.78987444,3.73925206,73.78189348,76.25963784,101.4859689,83.0900742,185.5211939,62.89108286,40.7631366,90.66204358,43.15803348,20.34507142,-17.08765409,-11.47988562,-5.338300819,-1.873294708,10.39237011,10.60465423,17.39638644,14.57709898,11.06746009,4.492919135,-0.584482011,-8.957890828,-7.305010905,-2.217911122,4.794062689,12.11462754,24.28354296,24.58320223,28.46112377,26.4201087,22.69229906,18.83965145,9.935243557,-0.317194579,-18.26479095,-12.36244223,-4.919577231,-0.462506031,11.84144896,10.95744496,16.97525524,13.87422109,9.901307079,4.104507966,-0.992094947,-9.259246227,1.143988641,2.024039021,4.065002228,8.653425819,16.66727946,16.10448319,16.25461509,16.04422113,12.65374236,12.76727592,5.582620272,2.139384162,0.247985381,0.283467594,0.528991716,1.029535194,1.896626783,1.385459808,1.049045137,0.679180157,0.373511926,0.568068111,0.401769843,0.313511118
2011,252.1752018,22.09252815,65.23582795,71.86833731,97.84064589,142.6409313,83.20250844,188.6104672,116.6380428,95.71533541,41.28348219,31.81906194,48.61284507,-11.1315821,-8.437983127,-3.613742463,1.898003887,7.787419877,13.80804387,17.99090239,15.77930863,9.484752241,3.528314603,-1.634346598,-10.46757477,-3.393592792,-0.483705106,7.088085936,13.56781385,21.20624046,26.60943707,30.77923077,27.89442579,21.41700317,18.48960433,10.35819835,-3.22477022,-11.94635951,-9.489982802,-2.665702976,3.0248194,9.050712379,15.66466532,19.26238078,15.79185463,9.832788395,4.349343718,-1.192596957,-12.44965499,1.642468508,2.096081605,5.081713064,8.505741497,14.86460542,19.01406174,22.7953132,18.43754863,13.79768186,14.36629205,6.963033785,1.305424846,0.294163322,0.355354016,0.618108955,0.788736636,1.321719269,1.96588511,1.915377194,0.980678331,0.836488648,0.729392071,0.742453127,0.210978869
2010,241.8404192,29.56543203,23.09162285,40.79808224,79.084008,132.8628688,192.9975819,217.8018737,89.57548977,58.18970642,63.01898051,34.02936274,101.3780032,-11.60041544,-9.222992083,-1.879193542,2.727061682,8.234737861,15.56962618,17.3847606,17.17874042,10.4393468,2.569992888,0.694246401,-7.829556749,-4.369144876,-0.766635063,10.08918775,19.80076953,22.25194476,26.97839942,29.175066,28.85208501,24.24500546,20.31692304,11.42233172,-0.85993254,-12.43127222,-9.54259836,-1.420974976,5.530669641,10.34331811,15.81248048,17.86757202,17.28019872,11.10336394,3.974340737,1.10700967,-8.23382056,1.134838391,2.232843739,7.073898722,16.03633364,16.86118635,15.9786818,19.23021955,18.51445881,17.65224444,17.52568367,6.616887444,1.727624152,0.207709829,0.35174653,0.497602853,1.699579077,1.457947684,1.18714561,1.175867786,1.294736594,1.281673888,0.976263549,0.68433578,0.270013124
2007,220.5016036,28.85011693,43.98851475,71.88338999,99.48696152,34.15295373,96.46866582,160.2745068,256.5805725,33.57746796,54.59305028,75.7119237,65.73658586,-7.384948174,-14.52551533,-0.577157643,-0.348827469,6.96162392,13.1539847,14.44020455,17.17378902,10.14327917,6.904141572,-0.732297771,-5.137659728,0.90370683,-5.198646988,10.15096207,13.82292967,24.97362985,27.15232916,27.71807532,27.99904859,26.22270256,20.52971239,10.42284787,3.371152688,-7.899422422,-14.51737702,-0.330389095,2.034229692,10.74983354,15.07449258,15.26721075,17.52206014,10.89328995,7.746049961,-0.070817061,-5.605927692,2.458390588,1.80289138,6.447699253,10.44768628,21.76686442,20.52274419,19.01026838,16.1559054,21.56100159,14.58406757,6.178741027,2.717756524,0.409107306,0.29850107,0.654865115,1.089775434,2.763006112,2.079747106,1.354028205,1.159240303,1.433005655,1.157242952,0.552668466,0.344888123
2018,249.1423106,32.01105178,84.89781607,42.78326382,34.43290017,159.5860576,262.2201187,95.51775699,153.3577857,170.1625556,136.1326218,29.18359747,11.9131118,-10.09149648,-8.362757156,-4.970581748,-3.493115018,11.88080544,16.59860222,17.65431509,17.96292873,13.97861294,5.159150514,-2.097405492,-8.949152862,-2.085746957,-0.026762364,7.067633862,9.731234642,25.2133978,26.69676434,28.01167854,27.72287651,25.09074364,14.84251826,7.125389646,0.493782096,-12.23529855,-10.6883703,-3.857565712,-2.136974014,12.30161113,16.24752569,16.15371208,16.47182745,12.72453248,3.997463494,-2.768107107,-8.892257987,1.759284444,2.3853912,5.917231875,8.28534353,18.18417049,14.70411331,19.72149418,17.15587312,14.042317,5.903307989,4.41860145,3.485471663,0.216919281,0.264477495,0.533253856,0.812104525,1.282343087,0.840792461,1.51E-06,0,0,0,0.49469367,0.412165788
2004,216.2420602,19.9860066,25.62181485,116.2342798,42.08469342,198.0472741,113.0559435,95.23715438,102.9559723,11.21956522,71.47284337,86.68502296,84.20297888,-12.18697036,-8.228280013,-1.118496245,0.687288477,9.7283933,12.68489946,15.39198437,13.0490983,11.13913211,5.017061167,-0.734499614,-6.047897905,-3.291508031,0.773914667,9.858467302,16.95064462,21.90172164,25.09926878,26.47551812,24.40779722,25.75006805,17.27117184,9.216367993,3.088436859,-11.59918416,-9.173450077,-0.21707247,3.029430438,9.578845565,14.03709707,15.23598732,12.75291397,10.78414661,4.739991962,-0.715003827,-5.361235925,1.91417512,2.531533245,5.782510177,13.31181916,12.51095508,16.00212175,14.88042846,14.17694382,19.03861162,10.62839563,4.670480581,3.268992178,0.385190717,0.301453699,0.589073536,1.278286269,1.039551181,1.289489552,0.616800877,0.507773335,0.498253572,0.394055921,0.478974146,0.481671719
2006,233.1121908,73.03159929,17.30531946,109.5259162,116.3426104,82.36565804,98.33451678,111.4274904,58.40114309,80.8841397,96.19120757,79.77912132,28.17200534,-2.826590138,-9.508547874,-3.194218582,2.453597243,8.247064216,12.33394016,17.98075325,16.48917609,10.40901465,2.211255803,-1.052632712,-9.505419633,4.09851915,1.825859145,7.445987267,18.26817965,20.88600487,26.1628585,29.25656774,27.78736843,22.0925345,14.70817453,10.03053678,-3.021582128,-3.154181893,-8.905062908,-2.922917554,4.176916341,9.395979535,13.91848639,17.885288,16.4205288,10.02432669,2.75169347,-0.860507719,-10.65466769,2.457115914,3.829269537,5.103279969,13.94649552,14.27846859,19.2013458,18.54096061,17.93764801,13.48904634,10.07044971,6.233568539,1.253097983,0.260654075,0.423517194,0.405351757,1.028151396,1.094043136,1.602753913,1.094654225,1.266857876,0.712407924,0.693942191,0.609743147,0.133046859
1991,246.7577856,28.73622787,15.17979088,95.53976476,65.9575737,146.1699228,41.49640634,18.72243646,80.38575625,87.38947173,184.7745527,136.0309661,81.36184261,-9.7980577,-5.292722308,-0.679614033,5.004327724,13.97859455,16.06708169,16.40710211,16.18673731,10.94410482,5.441005243,1.75389803,-6.358493194,-1.953240371,4.110869236,11.37850504,19.19663282,25.24692783,29.74682047,30.53377888,29.52207886,24.98461648,18.48214927,13.43486601,2.669006918,-11.05884228,-5.122642954,-0.398644624,6.358154466,13.90290502,17.22029974,17.73190101,16.81022674,11.57989322,5.77625176,1.13968951,-7.133070414,1.576649042,3.33320491,7.07572904,12.03412791,13.7449108,21.61553236,23.82718343,21.65112025,17.59205486,10.85278638,7.340249287,2.729437353,0.195752087,0.410220027,0.519748159,1.077186778,0.672887581,1.658322336,1.653135418,1.192147422,0.982677832,0.638124025,0.511445939,0.276082945
1958,201.6063617,37.28169738,11.95642274,9.72491231,66.44882134,35.14290392,193.24569,182.2648016,74.90468391,69.01092944,36.41091343,59.13985725,75.68458035,-7.779420777,-12.08889779,-4.033886906,2.226996795,5.736709956,12.80526318,16.97031796,17.41386587,12.20107461,4.843252366,-0.799481127,-4.02000064,-0.145710084,-1.923568655,6.645181593,17.43941919,24.30970602,24.87315148,27.66506047,29.49968061,25.14682014,20.24516168,9.250785396,6.239897644,-7.827752833,-12.20024126,-1.957121791,4.826903926,9.1734911,13.35627195,17.17454719,17.30382835,12.52942174,6.549421274,-0.118615084,-3.588768358,2.06760881,2.543121971,5.291994783,12.45006829,21.44123297,15.63654563,16.88710252,20.29173236,17.26421865,15.02758754,4.949670414,4.296122694,0.347638832,0.33594817,0.717147953,1.46419307,2.697529648,1.515598553,1.222954569,1.090569621,1.1666251,1.453129888,0.598621146,0.579637304
1933,333.955669,51.56487105,29.92171443,82.05543405,88.07490979,196.926173,29.07820236,44.51954742,67.17862106,104.3425672,48.28294991,27.66873404,89.31009507,-2.609856455,-9.056009809,-2.619773086,2.465529084,10.82418546,15.2020477,16.59886461,15.2661688,13.84155732,3.725626039,-4.108246565,-7.297323539,7.925686334,2.745673999,8.935075321,16.21092802,22.28794924,33.2670752,32.32961464,29.31454088,29.38349544,17.36902047,7.425435322,2.483547937,-2.68013388,-9.115619987,-1.31577019,4.337748778,11.56456482,17.82190312,18.27409297,16.06119465,15.26399279,4.747133109,-3.441444527,-7.268691588,4.922001358,3.729057604,5.607783025,10.12480759,12.81157509,32.75823314,28.35220313,22.21196986,23.9302976,10.83199018,5.095482726,3.187021986,0.598825379,0.588398032,1.014802168,1.498728,1.14938233,3.33686326,2.402739726,1.39236193,1.93025118,1.108212669,0.82569485,0.62592841
1929,217.2387971,101.1793399,18.60591665,85.53294842,144.7549437,91.29267146,107.4795661,159.4857548,70.00433371,52.79525913,81.22710449,102.7899791,51.61127043,-13.10073593,-11.82930609,-0.576402399,4.902766377,7.358754696,12.43677893,17.11468931,15.04623235,11.55345286,5.059615078,0.483003262,-4.770635144,-2.169374697,-1.424234533,13.0585731,17.31488063,20.91181504,26.4762449,29.86890415,28.33145642,24.6651393,17.42399657,9.435112695,4.310033932,-13.55523074,-11.59877943,1.213721359,6.332779999,9.000653837,13.85103991,18.07866202,15.55278831,12.21005081,5.704016368,1.250965345,-4.448195031,2.446637043,2.501829919,8.244705114,10.13631426,13.37278794,18.95883453,21.34286842,20.20292327,16.30250205,10.14262071,4.816192731,3.419331729,0.49280823,0.623356286,1.266147104,1.391278842,1.606036797,1.787174641,1.632990586,1.075141898,1.169146052,0.955739395,0.947982087,0.718797717
1932,144.4433504,54.4496104,32.02312828,57.63153838,34.58068161,87.91592431,74.37201325,99.60246023,124.1437941,55.90310508,91.44897694,121.4010684,54.95492063,-3.518752081,-4.35672499,-5.920587913,1.50009115,7.909114203,14.59302212,16.68127542,16.10940132,10.20844617,4.350809283,3.943430741,-0.903175623,4.49645067,7.456898982,4.548216672,17.13260131,24.64782808,29.23775346,31.35473737,29.4313039,25.27989524,17.86170995,14.77326078,6.912588274,-3.189858821,-3.659614996,-5.357419598,3.830452884,10.13497283,16.18136575,17.99706707,16.85204978,11.05971591,5.354164648,4.679073502,-0.491243234,3.134368496,5.182248442,3.865603487,11.64850375,18.97230022,22.77355766,25.61711117,21.49057991,18.56295649,11.05757305,7.843437813,3.623821974,0.717749772,0.798934377,0.738380787,1.648176851,2.053324233,2.13850529,1.989662651,1.347786659,1.268019259,1.113550901,0.989652999,0.777676133
1992,216.2693578,25.4212735,35.84138788,53.24244336,48.83045989,15.16657246,28.44605706,258.8744316,24.26041067,139.3181886,24.89093652,90.14570035,53.76759273,-5.140754255,-2.7332106,-1.006413439,2.632187793,6.290012114,11.28706297,17.04965047,14.08927745,11.58178789,4.065970539,-2.394264718,-4.437484678,2.811511176,5.806574964,11.0166802,15.45395719,23.55089727,27.37760844,27.22682636,25.89724215,23.35202987,18.11080153,6.809919213,4.567169179,-5.844533298,-2.938791231,-0.638470298,3.127699787,8.438895998,13.05685015,16.50881151,13.25782428,10.69804471,4.312863073,-3.239625065,-5.221877931,2.239165162,3.485281556,6.959599775,8.933961393,18.66924693,22.37644323,14.45620982,15.60335725,13.47882569,12.23496482,3.552713207,3.041414134,0.229537593,0.247400081,0.479042918,0.732462867,1.702583683,1.901130585,0.323366112,0.508106228,0.494002212,0.560918006,0.232745648,0.288004862
2006,224.3301987,90.12344643,22.23074682,88.43553105,116.6517735,54.68004188,54.20438993,67.02315833,111.0522926,61.23575529,53.23954675,66.82245241,28.05164908,-1.986575904,-8.805585946,-2.05995665,3.933274689,8.469308287,13.03216622,18.24896893,17.56077035,10.97171257,2.735713946,-0.515883254,-8.27619463,6.247142428,4.059313224,9.821519244,20.26479743,22.38020412,27.74260329,31.30583176,28.69562559,23.80053124,16.30242727,11.71805508,-1.093233296,-1.709922099,-8.090115449,-1.568129432,5.960305343,10.64616144,15.27029796,19.4165331,18.08803232,11.41018169,3.740157091,0.343455701,-8.696983064,3.584933226,4.894036276,6.223401624,15.77712741,16.4564828,22.34986698,23.59388464,18.49044612,16.27968971,12.16602882,7.203898736,1.737786781,0.464946777,0.454735629,0.544848315,1.502131142,1.644376815,2.142420634,1.924351861,1.514726732,0.951752581,0.867598083,0.906667239,0.245331022
1946,417.9094699,62.97620397,103.2024805,49.19098803,77.11148861,216.8636481,46.62010651,73.67847667,284.8514019,49.43040326,59.18187423,77.58218515,37.71668861,-3.874459587,-2.837076872,5.63077938,6.904258147,11.34417923,15.98663428,17.75930538,16.76586024,13.00056386,7.915836847,1.87061919,-6.738355894,6.955118952,11.26804299,20.3026531,22.45868496,22.6147959,30.66434342,33.00506794,28.73911022,27.75107566,24.39377887,14.11950531,3.659099395,-3.33992845,-0.890079583,7.947433452,8.947907874,11.80711,17.5404316,18.89812088,16.98961454,13.57391695,8.345729098,3.37479035,-5.674672879,4.220413366,6.945112493,13.0170668,15.90288648,12.14720355,23.97724746,28.63415085,18.54216611,20.37562191,18.38428691,8.05819528,3.517621088,0.599234251,0.908546242,1.516465145,1.674209622,0.834327228,2.095663989,1.996047903,0.888273821,1.330105441,1.108972711,1.17081772,0.577473784
1982,415.0308225,168.9392847,55.66409268,77.59415813,60.460319,119.7281814,106.5705153,91.59591112,71.40533415,120.3323525,64.82688159,56.99901593,69.23583271,-9.522350868,-5.892127078,1.176374555,2.878908562,13.51380557,15.05414933,20.08857887,18.0342873,14.22826592,7.672794907,3.156086044,-5.063523191,1.476197812,3.945461275,14.4074128,17.0234427,27.31958512,26.98899703,31.39867379,29.65525827,25.72106532,21.32584679,15.24602671,4.963653258,-9.272673266,-7.073766528,2.037188144,4.520894701,14.30747281,15.30416082,19.97323413,17.06979306,13.46172756,7.48557301,3.648154004,-4.196160929,2.730070404,3.311282867,8.645090415,11.34200545,19.05177373,16.57508384,19.86210247,19.28308163,14.584573,13.4325893,8.257002566,3.718317551,0.438242314,0.306875335,0.852302127,1.203679011,1.812444248,1.446449088,1.676553683,0.926750777,0.745859108,0.876119425,0.891392154,0.679424184
1947,543.8037651,60.60336243,3.876404029,61.50879332,182.5894796,102.6399257,127.9117753,55.69316038,76.43041726,84.73735704,111.467449,137.6476277,65.73573131,-2.368805275,-8.520236094,-2.983911363,6.410315065,10.41352248,16.41831119,16.62488422,20.39877874,14.58211389,11.68589592,3.347139881,-0.729765337,7.649370141,4.00993173,8.823775407,19.44354168,24.37549501,28.45636761,30.11583032,35.49183982,28.59428694,25.81389947,15.44853999,11.22515437,-1.296362974,-6.225277619,-1.831972198,7.530826366,11.10163976,17.6008437,17.25577603,22.10403454,14.95704156,11.6384237,4.029715701,0.232013368,4.250270913,4.186033153,5.457501725,10.65507498,14.88677356,17.13580334,21.78604555,31.2843161,19.99318952,17.49807465,7.911612347,6.242752697,0.74065514,0.781200884,0.734479726,1.134622084,1.347150121,1.744087613,1.601223798,2.588141319,1.260141883,0.813525263,0.764018963,0.804531723
1954,604.3300406,69.11286072,60.65682933,31.17976489,67.36248382,107.2298974,104.8603503,46.03923137,107.2392005,84.142876,96.4679388,23.03205648,21.10540366,-4.172714497,-0.432081538,-1.483811758,8.31499476,8.57120379,17.149642,17.53517278,18.66870919,13.04672516,9.149700784,-0.531741396,-3.872647629,7.055825086,13.99380034,13.10232462,23.95984955,23.18541655,32.22639483,35.42340988,33.54458905,31.18156834,21.39678469,15.71312603,8.727594829,-4.157862454,0.635772127,0.457622512,9.727891509,9.907688793,18.46245223,20.72096367,20.43475359,15.21481508,9.420365029,1.11553621,-3.080238734,4.134125308,8.6912533,8.610950669,16.81229616,16.04048329,27.71274859,35.87297604,29.25947286,30.10296666,12.72007007,11.60833684,5.74666449,0.496974667,0.82105845,0.897969309,1.582232218,1.237733664,2.51510366,4.491926687,2.518185234,2.589660797,0.763493306,0.995021967,0.578856798
1935,451.9662153,77.75953807,26.26963836,197.718366,80.4871987,186.8150423,202.988265,84.14813335,49.84877162,82.49818067,72.0693492,147.9822184,52.39121246,-4.050535035,-2.310424833,3.798334951,4.908872162,10.54312783,15.54054965,19.596923,18.50547291,12.79525724,7.483716913,3.366905359,-4.251986209,7.141351815,9.405153677,17.03784198,17.05784191,22.24963911,27.05673838,33.10671629,32.09993887,28.8605305,21.91646704,16.46253732,5.544452726,-2.834604902,-0.904891156,5.869197228,6.502192636,11.51477293,15.87788144,20.52522389,19.51988221,12.96653849,8.599929253,4.234173248,-2.917061597,4.863062239,5.838552264,10.30347281,9.736322027,12.90375677,16.88974424,26.54669201,25.25446015,23.73306401,14.60583775,9.860643015,3.960937693,0.900727726,1.026761289,1.539659945,1.390821169,1.268606326,1.008506007,1.545891789,1.709899814,0.900238145,1.247199299,1.035083462,0.960465047
1949,458.5136857,243.2991484,75.6167959,146.2563449,37.36910036,72.68874212,117.7524581,109.1462182,78.73048918,152.5974633,219.8082632,131.7558837,61.18836559,-2.402154162,-2.451615489,0.299731248,4.28634479,12.29791682,17.91816247,20.91132237,18.06680174,10.8023032,9.914665041,3.539901924,-1.881957509,7.147217139,9.586868793,12.95011421,19.05941314,26.8920621,30.10374393,32.12628171,31.01840594,24.92364529,22.09137002,14.70579629,9.432978949,-1.908690003,-2.070101825,0.787360625,6.510938299,12.68060907,18.51581033,21.33308542,18.0073468,11.07280609,9.917127977,3.585580154,-0.682732345,3.390713295,5.199365754,7.86908897,12.96717321,19.65242366,19.92053815,20.7674207,22.70129839,17.20716069,12.54165614,7.462835095,5.618517569,0.465681787,0.548128968,0.713994917,1.539048796,1.37249345,1.378873396,1.084336145,0.777043529,0.955196814,0.751392448,0.578062276,0.730092596
1937,439.5246578,250.5765515,42.65943173,36.58854296,141.1035127,86.18700132,153.0396891,89.60861619,40.77793541,83.63564341,126.6249059,83.92237714,80.16500687,-3.735279731,-4.411785716,-1.840876871,5.601312218,12.12171116,16.99791655,17.7786076,18.83774329,12.36882358,6.728204102,-1.150748457,-1.96788895,6.114417159,6.629552505,11.47423227,19.13667251,25.49781257,29.71084947,31.33134407,33.89310113,27.81989828,20.09220813,12.70465044,9.32204112,-3.437647757,-2.838942016,-0.319641046,7.294868396,13.41564649,17.73669817,18.1913776,19.9232865,13.22851649,7.329145978,-0.482523755,-1.086991882,4.125028718,4.655264288,7.276509001,11.89649347,17.19043785,21.03385407,24.05629381,29.84430557,21.70519748,12.50268248,8.105229981,5.667371068,0.732102271,1.023754664,1.09550837,1.45588591,1.57685708,1.287332986,0.90005242,1.788461999,1.319896193,0.997304269,0.954655725,0.883443919
1991,513.2528925,59.49451892,50.09618498,88.87008471,70.77674549,83.54194681,57.45412862,66.86000341,35.98448937,136.8086014,161.7321776,124.5649626,207.0345605,-4.914540265,-2.312644006,1.575722955,8.710519407,16.57002505,18.02020346,18.438545,17.39668987,13.69368727,7.385825404,4.008192307,-2.748611008,1.4191228,9.575396166,15.11057398,20.73254522,26.82095515,30.51095423,31.99915022,31.9136364,27.41065155,22.45124768,17.35202091,7.811243559,-5.394646683,-2.075337361,3.132326905,9.371135665,16.09399861,19.08323493,19.96080674,18.28444457,14.55981163,8.551785444,3.926948987,-3.511784443,1.712755171,5.521682158,9.647910472,11.81279639,13.87184269,21.17549496,25.51798136,27.0056889,20.2463785,15.5520615,10.60549551,4.556043669,0.282102482,0.517786634,1.306648655,1.048503271,0.630227402,1.728499342,2.402003556,1.761217259,1.290225324,1.261695068,0.934140729,0.474470412
2000,439.8008195,45.13241988,89.64124912,74.39681305,62.70724918,116.9327266,203.9431271,136.6198631,93.19161588,76.71059722,23.62093444,13.91578493,100.1572401,-4.653888556,-0.241702282,2.464276853,4.715062382,13.96036806,17.05990601,19.35405916,20.1524722,13.9727508,8.448931396,3.240848606,-2.254250692,5.966590316,11.00974398,15.62063708,19.17509143,25.30574784,28.37602428,29.23597301,30.51662464,26.56034823,22.59041337,18.34833413,8.478931158,-4.33236414,0.222355082,2.725221771,5.571260354,14.15509084,17.10738504,18.73643455,19.7179952,13.22320761,8.862475421,4.051571721,-1.938569306,4.606513029,6.880814347,10.1187168,12.59813782,14.29229043,17.58481541,15.78578083,16.96412985,16.43801508,15.26458609,12.41083773,4.989577899,0.476667569,0.693896437,0.709396566,0.918770085,0.964873612,0.77068433,0.347256641,0.427005,0.3713582,0.761517456,0.861066031,0.492240154
2018,445.4003404,48.03298455,173.9008884,161.9276178,95.63043746,132.5829782,159.7568375,88.3948958,149.2227831,215.6143158,39.38984941,76.5015686,44.44512488,-6.879384012,-0.431190777,1.218827191,2.62142604,16.25168676,20.03954137,21.17238334,20.4353806,18.36216965,9.460156138,2.574708472,-4.15647272,2.714533523,8.819686118,10.78279943,15.39497028,28.6010886,30.83493161,30.78303729,29.15394381,27.75345206,20.11639052,13.7757728,6.829741644,-7.740680079,-2.234616541,1.616708548,3.4260575,16.74332389,20.07110666,20.11046519,19.4066016,17.30538011,8.684549914,1.989830244,-3.759512292,3.642060595,4.804698115,5.588301471,9.420880709,19.76052709,19.95498919,21.25346377,17.0887331,13.13638104,9.100582222,7.088605024,5.632601204,0.324951464,0.306997106,0.481117641,1.053155193,1.016770408,0.938574771,0,0,0,0,0.629666026,0.554864031
1927,164.7348144,43.92977998,38.2449516,100.4336047,177.3090023,195.8768067,108.3262471,102.4405425,102.7746157,146.6900279,100.68325,88.69530507,32.83521058,-7.540279949,-2.034067688,0.903474672,5.41885764,9.780956781,13.28771982,16.24492677,14.49731119,14.1143277,7.091613963,-1.836706615,-5.860698623,1.022861386,8.316013004,11.47950866,16.60099531,21.58104633,25.54794222,29.69115975,26.36242401,28.04174386,22.17179345,7.669042431,2.268254112,-8.335072837,-1.607621178,1.610455042,5.858460768,10.18513805,13.52441671,16.59572164,13.34886289,14.96627256,7.539939609,-1.851885513,-5.917335542,2.542389868,4.990049568,6.244503634,8.999913557,12.61813387,16.3438452,22.02540158,16.71599259,20.60202385,15.44588058,4.481909307,2.671568177,0.5880853,0.78667094,1.010262891,0.890291107,0.967507516,0.898878066,0.935570572,0.013299925,1.416820205,0.939909158,0.78044497,0.668011717
1931,188.4534392,8.15499051,33.39387328,59.59299077,78.11468684,105.3548633,83.49084021,70.94360654,90.92001869,122.4178387,87.01519629,56.02145896,10.0164194,-4.638379356,-2.33470489,-2.165330022,3.381700321,7.404142604,15.54100116,17.85156783,16.5330969,15.27720645,9.070531111,0.125029248,-4.501305247,5.356123184,7.829938104,6.753017535,18.29729727,21.65602,30.49776236,33.09313607,30.08282843,29.31559688,20.93204824,11.75590077,3.590429435,-4.281339254,-1.952735499,-1.956904409,5.128111293,8.626253649,17.07631781,19.01278004,16.57529817,16.01915146,9.311473112,0.2239637,-4.229232643,3.958984839,4.751944428,3.978763438,12.18831314,14.47080215,24.81261238,28.87430962,22.59842057,22.2528975,12.20743351,6.833271379,2.937407997,0.775259117,0.854313759,0.855148722,1.481266272,1.40028395,2.135157375,1.925962826,0.733708019,1.353520035,0.846076023,0.730700523,0.753340277
1944,280.789792,9.427951323,73.3358502,94.1315147,195.5903909,115.1095881,55.69592673,44.17200484,92.32821774,98.37198135,28.40405449,52.9794406,30.81444753,-5.167036121,-4.519441439,-2.358175143,2.996217201,12.54644652,15.92748851,15.29821261,16.76927649,12.88299843,4.979533353,-2.017361965,-6.441708799,5.50406453,5.637708439,7.772904028,15.87036647,25.79559529,30.94714695,31.56488341,30.09806231,25.71907518,20.25661967,9.162081287,2.726555589,-4.860496186,-4.645215022,-2.291936419,4.232572377,13.77569118,17.84403706,16.72679827,17.17440277,13.48476584,5.761067717,-1.881597828,-6.60921401,4.122138655,4.0307369,4.545448336,9.154574681,17.36009085,25.24944625,27.69814785,22.4259923,16.88275574,13.72478462,5.610962505,3.086444906,0.624323453,0.574900497,0.648138345,1.185768661,1.604530832,2.705856666,2.089743218,1.178394291,1.153337807,1.047831702,0.649803745,0.54570425
1962,170.979218,88.86393635,46.19570865,75.6104394,41.91049709,138.8223362,83.82221977,163.1462744,64.76961482,61.03512754,60.82657267,80.80005364,58.76880013,-10.15779903,-4.81131635,-2.484937299,1.697449741,13.55468512,15.39462826,17.4273903,16.00326328,11.16617014,8.278333388,1.354764059,-5.65824269,-1.783261611,3.622285891,6.789247519,16.75470981,27.49006672,29.11490939,29.02097108,29.37516074,24.74557382,20.99997361,10.5279301,2.336059309,-10.82478822,-5.209888453,-2.192075132,3.924800123,14.72615004,15.89648825,17.14752317,15.94823588,11.73658647,8.472455229,1.121577473,-6.089753094,1.765050262,2.64606351,4.573896297,12.51575811,19.80829451,21.50308847,18.03358592,21.30897595,16.7689176,12.61667438,4.956368467,2.566073867,0.337259939,0.460792709,0.586869231,1.679923372,2.338183215,1.90913652,1.293478369,1.725891893,1.28627395,0.96625908,0.444731124,0.389634788
1956,195.083761,15.11396106,65.62769944,27.1573158,84.91713106,129.2013239,76.01187507,107.1348762,131.9091843,28.93471938,15.29968932,53.37513496,9.832521285,-7.379886947,-3.770794596,-2.341159528,0.9001056,10.08260141,15.3952622,17.44214677,17.42928639,9.426311182,6.653555302,-2.068950197,-7.064045996,2.370199223,3.722209208,11.2708976,17.16405349,24.47807553,29.59598053,29.07292239,29.45559034,27.4001962,24.61779804,9.487040556,2.864535634,-7.38743351,-4.539725156,-1.27245247,2.966311266,11.09006501,16.25707163,17.17949077,17.11875027,11.2343617,8.236666795,-2.437753355,-7.085821114,3.273197941,2.661099119,7.941365412,12.69942038,16.95481213,23.29782264,19.70827029,19.98840829,24.57038267,20.67297489,5.708851058,3.270596821,0.426194385,0.277969634,0.824552344,1.379812802,1.91360543,1.839731987,1.087524255,1.119653347,2.113209472,1.58341708,0.491425164,0.419267788
1983,281.6564387,14.89493161,22.31587268,76.49526431,143.6370607,146.955282,116.8364491,30.34621118,68.20943607,24.33612169,152.7412667,114.9359043,125.6176551,-5.765700501,-3.400272199,0.056955305,2.271647735,8.025593367,14.54148474,18.69058738,18.54968475,11.99014189,6.836304443,1.47246543,0.324597136,1.77473681,5.762504797,9.978938529,13.55136361,20.84156129,28.55112784,32.44656015,32.56302452,27.49474514,19.40214018,10.8333367,7.889352717,-5.116333691,-3.357488681,0.019170466,3.391713558,9.327462993,15.94944852,19.48682186,19.18482881,12.61265824,7.550825552,1.49623393,-0.182823314,2.131465871,3.597214776,5.584793024,7.556999989,11.51259456,20.46002343,23.51915764,23.59330016,21.40336779,11.60194216,4.469108128,2.569015064,0.341875708,0.367142813,0.267078334,0.809339862,1.376741406,2.158646429,2.375551575,1.833994149,1.606575231,1.033691305,0.569296153,0.194733607
1945,238.7485806,15.70509643,39.9168372,140.2780866,124.2004537,118.8101621,168.6212625,46.73637752,89.53680061,183.1937373,53.3141787,35.30253059,36.1735655,-8.953786664,-4.972956977,3.623231865,5.165844924,7.265592809,13.93846129,15.51459786,16.22877783,13.64711429,4.415666233,2.415542342,-7.793847955,-0.692407436,4.917014989,16.90837794,17.29226501,20.11828771,25.45795341,29.64078592,29.40114387,25.1570774,18.8209274,10.43125983,0.181691125,-9.052683667,-4.09989965,4.474879694,6.140527101,8.321687802,14.56240215,16.20754817,16.6687935,14.22062541,5.137211477,2.931271874,-8.377960968,2.052335824,3.614573216,10.08768529,9.886625209,12.06111829,15.18920045,22.56141895,21.22563672,15.44451008,12.06831179,4.839758564,2.196957016,0.464616007,0.681071711,1.050273126,1.201355425,1.277891943,1.268299161,1.485019789,1.344461324,1.204551947,1.048377095,0.877641699,0.485352883
1951,240.6600475,47.47428018,113.9032154,76.95785552,97.475972,81.11464089,173.211704,122.3944634,108.952977,64.98317304,72.48793353,72.47514309,35.67517033,-6.626739734,-5.318441006,-2.157629928,2.904833534,9.651484535,14.84609986,17.71267855,16.6070241,11.14432106,7.74650202,-3.017105402,-9.189050136,2.713465008,3.293237575,7.793390428,14.54215866,25.1047327,26.46347794,29.16607505,28.47800165,24.09365906,20.81734568,7.527052452,-0.983619272,-6.314020762,-5.628718421,-1.98877849,3.278087691,11.0459788,15.05593521,17.47308715,16.03048333,11.54912465,7.617943107,-2.540604863,-10.53426478,2.865857723,2.711870773,4.271399253,8.324138514,19.06939305,15.75448591,17.91131039,17.53638409,15.22094557,12.73115884,5.157957239,1.621634735,0.401887567,0.38679515,0.523164555,0.704947083,1.66023581,1.020316305,0.801569019,0.623170752,0.922128648,0.713847214,0.718859094,0.295161819
1982,186.5509056,125.7481461,38.57105604,89.25028068,63.34721341,108.0508579,76.57564459,123.2324115,95.31684794,43.78247264,63.63230504,33.81097546,60.10177568,-12.37231272,-8.166227585,-1.369921686,0.409519539,11.90570141,13.35209794,19.09303556,16.44313574,12.65769038,6.225755878,2.14313024,-6.778159042,-3.333841573,-0.114756051,8.890988405,14.46290525,26.57763675,25.39560541,29.3266406,27.53033912,24.92690392,19.71153905,12.51863232,1.564468937,-13.82657243,-9.067690566,-1.042451251,2.177632915,13.42067377,13.4262891,18.62860221,15.52147815,12.48546984,6.386452184,1.954968573,-7.47041041,1.579166194,1.940448745,4.727191973,9.577019678,18.46890496,14.58253682,16.02829798,15.47399177,14.29092691,12.15870565,5.839540251,2.344110992,0.27918966,0.240565395,0.567872544,1.168316057,2.034441052,1.057787739,1.219086343,0.74052095,0.825049175,0.8501748,0.462539613,0.243109596
1946,207.0508685,33.82996801,53.90792207,67.50965021,45.37435308,182.2990594,150.2845538,90.54703966,96.20142012,41.87448337,87.41555584,64.90579198,62.00303677,-5.990119207,-4.987083972,3.567911898,4.437340711,8.945816531,14.51607952,16.79340432,15.68877302,11.35350728,6.78440941,0.457001171,-8.213446817,3.735911114,6.498730884,17.60806361,19.65482451,20.54184471,28.62575498,30.7622702,27.10773213,26.64836186,23.15136237,10.80891218,-0.265732659,-6.292606124,-4.223746513,5.439676105,6.154668336,9.907672137,15.89491727,17.63054213,15.09682578,11.97923876,8.120830379,0.57071125,-8.543965321,3.254781546,4.630643199,11.03535346,13.52929863,11.5037253,21.18593194,23.98460923,16.74387903,20.17612978,17.2304809,5.789554138,2.125892962,0.519304739,0.723091551,1.390815039,1.513127515,1.191341715,1.987429007,1.643768832,0.346369165,1.318541464,1.446111111,0.707643812,0.489800946
1994,166.0362765,51.50170369,22.71829391,32.25264436,210.0326948,78.57406364,74.61341676,49.71612993,81.85427032,56.30670941,49.31242361,107.9764229,39.92349069,-9.523633251,-7.275097801,-1.88960603,3.556598758,7.350790594,16.13571628,17.44956268,16.03656973,12.02107177,6.838495246,-0.184395339,-3.910284725,-2.306899991,2.025965225,10.51606622,18.07550583,22.84279343,30.15835995,29.56112391,27.81807717,25.09946021,20.15944525,9.120833229,3.026508022,-10.64577299,-8.178063455,-1.424731284,4.798993724,8.404638003,16.89576194,16.83380382,14.63607914,11.65959515,7.135225138,-0.414348835,-3.811546485,1.484606749,3.067643688,6.876846065,11.63582461,16.6566421,22.45964406,19.30282444,16.66912188,17.60876914,12.98962856,4.768620602,2.410212895,0.275238107,0.428281352,0.582915337,1.464587722,1.512604226,1.369214333,0.45370222,0.253648948,0.430802564,0.804020269,0.522110108,0.394277343
2003,196.1963108,18.23683962,41.33030021,49.94436589,56.5391739,134.1486213,102.2148505,143.401813,45.59587121,159.9539872,34.29876545,22.51635449,45.34177011,-11.00595246,-7.580764364,-0.079969843,4.210957205,10.21249852,12.98214597,18.04124555,18.07903004,11.22664703,5.371859291,-0.746829132,-5.342140343,-1.278683937,0.656071657,11.73643154,18.25178958,22.04421684,25.48886421,29.25525909,29.66077906,24.58316717,18.85213426,8.880523443,4.311535251,-10.97388187,-8.238323306,-0.96419592,5.265978584,10.30136835,13.48812861,17.53133212,17.18339885,11.2207112,5.114773807,-0.792747365,-5.005299006,2.46447232,2.208993153,7.37496327,12.88160193,12.53941763,17.10702929,17.87332588,18.86508744,17.45203832,12.85920253,5.315978113,3.532681654,0.374474556,0.218760099,0.285375029,1.0760627,0.642899155,0.735458116,0.583341261,0.548483043,0.638531261,0.449495233,0.384189247,0.361278863
2008,230.597156,68.38664775,152.5671771,82.08174163,79.75573728,137.3001751,215.8640303,217.3842786,17.07219834,235.5213095,80.23897611,73.73105015,75.81768707,-7.501911364,-7.260746601,-1.645937873,4.16997556,7.229657121,14.84200432,16.98942293,15.8624661,13.59137537,5.016240706,-0.897053105,-3.800692086,2.119308737,0.315801124,8.145331652,16.28332429,20.20899573,28.7961249,28.66802969,27.68635298,25.56638641,18.94695561,11.47468998,2.843746492,-8.619152216,-8.181106431,-1.919465415,4.839963081,8.456286799,17.14106491,17.30097435,15.53507714,13.4840629,5.729101962,-0.318541643,-4.7246422,2.760821926,1.935284464,4.909730829,10.08712991,13.31017631,22.58238127,18.32331801,17.28513211,16.44102194,13.32270739,7.432997094,2.027335856,0.401160577,0.229808142,0.430585189,0.90557732,1.319451689,2.113234654,0.866351265,0.779093361,0.878960972,0.81125287,0.747701226,0.228205698
2007,202.1649664,83.67893956,59.1930875,69.60369677,77.06009305,38.37936712,140.5626107,60.10930944,44.4285932,50.1366704,96.66065548,59.42690856,129.4413628,-4.507957958,-11.99291504,2.405661362,1.76108031,9.465519732,14.33327569,15.71553651,18.43022996,11.39224694,8.250811576,1.222742125,-2.074929766,3.071448599,-2.804718779,14.27306715,16.15541146,26.92976297,28.90922847,28.25632611,31.43545832,28.59234247,22.13615445,11.96829792,6.237208916,-4.990203647,-12.09229161,2.414075762,3.481439846,13.32308601,16.24533579,16.09269309,19.42166817,13.52186517,8.794338808,1.314977739,-2.705722413,2.432190722,1.983963276,8.819459748,12.27416542,23.67679245,23.22903824,18.950767,23.61787304,25.95081086,16.68079223,6.663229608,3.210982821,0.319120693,0.296624154,0.670771461,1.090633953,2.956107721,1.780269962,1.140475898,1.832607331,2.005803395,1.108358357,0.528288603,0.424944865
2017,198.3489744,58.67341515,13.50586349,68.32974067,132.3439013,142.4737051,30.47186731,84.87047766,65.55723085,20.44003224,138.3919686,84.13604495,34.33098461,-3.334324562,-1.136228598,-0.4561097,7.327037284,10.10678113,13.98878816,19.22941473,16.29761703,13.36638518,9.01303363,3.600753804,-6.002702,4.104535805,10.74236712,11.34102351,19.48034819,21.90733275,28.99721908,29.88852978,27.31439237,27.63780332,20.13380924,14.02184233,1.872471829,-4.302249351,-1.761186345,0.657446601,7.559695872,11.00998806,16.31302324,18.49285365,15.1583044,13.28955132,8.918750604,3.11293852,-5.273944083,2.239153732,6.611321065,6.816965924,12.25228118,13.95371104,24.77276684,18.48493893,16.98573432,22.04118033,12.16100552,7.420544517,2.378144548,0.29236196,0.513190177,0.807084834,1.16977097,1.022155133,2.373272601,0.913580943,0.550035201,1.031466561,0.728130019,0.639110517,0.514066052
1970,313.4451122,9.023929757,12.64429305,55.9997852,162.7211602,200.380932,176.7802556,57.63337299,206.8908023,232.301103,94.52120011,17.82173607,38.07954031,-11.43624009,-7.24206617,-2.871897317,4.620841301,11.86471795,16.01225991,16.94846271,17.96044632,15.01824461,7.212610663,-0.64079716,-5.312835312,-1.715724257,5.50844132,8.683299937,18.99976381,25.42105737,26.83779542,30.94594295,29.22013155,26.88069316,18.98148955,11.20956742,2.513779404,-12.03851589,-6.883011243,-1.825541914,6.234023304,13.13763464,16.1405032,17.94595681,18.14715123,14.5673258,8.100042379,-0.540499482,-5.444907185,2.392571283,4.822783811,5.641699599,12.55979518,17.42211314,15.90900609,24.32776702,18.7169134,16.87669915,10.72966129,6.726807619,2.776298577,0.487613735,0.65612915,0.826230036,1.431138903,1.808525506,1.088161091,2.060556357,1.096054796,0.458735258,1.166902576,0.646258238,0.529114609
1976,307.8810955,19.24810983,60.91891265,129.2324376,67.24815534,78.78329842,42.9599418,37.37298638,73.85149094,61.5510592,103.3761599,78.66843549,49.21338742,-9.319197072,-2.22678401,1.753869022,4.768438519,7.095167391,13.57256174,16.70541895,14.93806279,9.837041405,2.314805391,3.07921141,-3.490776585,1.61011701,10.89213075,14.81288204,19.8054197,21.95053474,28.69363303,32.29278999,29.44148421,26.5610762,16.48405195,14.28332883,5.850786043,-9.054318463,-1.879338911,1.49666566,6.920295611,8.929163258,15.40720577,18.68393815,15.70535726,11.6918537,3.519975946,3.301793053,-3.278646332,3.091548999,7.774180605,8.285263217,13.45671622,15.21740836,22.64901371,29.18617703,23.08507927,21.98016015,12.42070368,7.922898519,3.708330754,0.609636919,0.848003346,0.785232672,2.152160018,2.184314666,3.171373194,3.843014207,2.37395632,2.42038539,1.112710469,1.010715,0.64691695
1959,306.3028792,49.47834338,56.25693141,64.52931559,71.37374321,107.1733974,11.9269127,66.86420167,102.5367744,89.41201082,127.3768947,93.06879048,4.69152574,-9.245783401,-6.055649162,-1.97549263,3.11193706,12.68210283,15.04489292,16.68866638,19.99614876,13.59894499,6.560499934,0.875621171,-8.462820317,0.15566861,4.804752996,12.14487172,18.48679123,25.88257971,30.41155993,31.28870226,32.03348447,27.5130206,18.01893557,15.00438661,3.555752927,-10.44370867,-5.827115683,-0.361261516,5.562708164,13.70257421,17.03868152,17.62852162,20.16222362,14.47530537,7.103375912,2.906354956,-7.50978367,2.181746944,4.077415201,8.547265276,13.22527874,18.09049403,25.96269916,26.42199225,23.38107062,20.42190858,9.890609211,9.972316886,4.224865007,0.272161114,0.474046218,0.882643368,1.778371314,1.77186855,2.762821891,1.82137588,1.335576478,1.427213117,0.888338178,1.0891491,0.596949105
1935,305.9685272,48.22510119,44.81962499,82.78439104,74.88219708,260.2232612,133.1706521,109.7540907,31.82811178,78.48974519,55.9882552,126.2162054,38.13228291,-6.631151308,-3.904854718,1.277236344,3.21774283,8.652464514,14.46203506,19.2332141,17.90248344,12.26378989,6.169359204,2.702541476,-6.161767294,3.688084445,5.705071522,14.641101,15.31218459,19.45771988,25.99561462,32.41531908,30.82838552,26.6093321,19.70572296,13.85768229,2.426510861,-5.909124655,-2.817885941,3.088910552,4.959076231,9.952400207,15.03095681,20.24616084,18.69189845,13.12639153,7.378210239,3.462663809,-5.303287436,3.677931034,4.012183481,9.086394007,8.832613863,10.49269568,16.02764573,25.14616455,22.81647768,19.43175785,12.51527534,7.634012326,2.909248865,0.756612668,0.903115893,1.334803775,1.425643994,1.379449201,1.171250951,1.817275096,1.526559435,1.362228092,1.256294291,0.973595406,0.792078298
1974,306.7737112,91.19928455,58.30898063,64.02945371,115.0117847,170.6708737,105.921976,60.90001295,107.6903965,53.91342828,44.81550447,65.86855338,100.9357013,-7.584798775,-5.440442459,0.729414596,4.255258221,10.7588833,13.85330798,17.87689434,17.13623933,10.83166876,5.122876567,2.751991473,-4.972289289,0.858006194,6.551950034,14.08973093,20.12176896,22.58508557,25.74390614,32.8608356,28.25814172,22.78629457,20.31066257,12.90075181,3.591516491,-8.262219879,-4.219087468,1.580361435,7.033435887,11.95546369,14.05486513,18.99299111,16.75928051,9.961796805,6.560915713,2.20574391,-5.432131035,2.459762088,4.816295547,8.775903619,14.51989515,12.63747807,15.33862426,28.39456009,17.23910548,12.9031571,13.52382619,6.079683817,3.11207691,0.389274568,0.88493173,1.112744403,2.403303291,2.042924466,1.616116506,2.802312203,1.412429394,0.868976411,1.763317895,0.653341337,0.457470811
2010,308.2907472,47.11585156,55.15103559,58.90644783,133.7128959,127.0703891,215.8285647,249.3953442,74.06197825,158.3233145,33.21171108,113.7569177,97.66776829,-9.627755925,-8.234245213,0.681612493,6.017827681,11.1485631,18.82742199,19.70428146,18.75751803,13.4996103,4.645625007,2.935032168,-5.691670325,-2.293977479,0.462320752,11.47029329,22.26106467,23.1187711,29.79244081,30.86159448,31.36153062,25.970982,21.64724156,14.17507812,2.404841025,-9.913263054,-8.856331897,1.396073715,8.771123068,12.19070282,18.99217135,20.32830605,19.35323763,13.86888664,6.502932878,3.930092303,-5.217496711,1.521166937,2.452119641,7.112395229,17.79021822,15.06854155,18.82510139,20.47668995,24.3884967,18.3327529,18.27578228,8.272884361,2.749219641,0.215992321,0.338007041,0.51131385,1.83291545,1.112880093,0.808667616,1.025523583,1.416901766,0.788153983,1.116329267,0.854615287,0.35755395
1963,211.7292498,19.00493165,15.1575408,93.61295583,99.0057444,55.3114984,37.60777471,117.6735664,71.22096721,36.29036516,26.00312909,27.11085208,6.060078868,-15.00065802,-12.08584389,-1.101668017,2.726079814,7.149634988,13.81066171,16.33533554,15.58564533,12.2389682,7.891269113,-0.856677842,-8.867813543,-5.936479948,-1.074696706,11.29155017,19.572324,23.00597957,30.81237053,30.16472861,28.40187177,26.00081515,25.54287201,10.73015839,1.802557673,-14.97730461,-12.74319566,-0.083119156,5.295088917,8.678753293,14.76887488,16.91298504,15.09186809,11.72578196,10.07101749,-0.51679485,-9.163454448,1.512279749,2.544572829,7.508359107,14.3267862,15.97853186,28.13784076,22.88250002,19.78802986,17.58627582,20.99596712,6.624014223,3.520823498,0.31991009,0.384848063,0.957018302,1.789222536,1.931077485,2.345076373,1.824298587,1.1967244,0.968639836,1.918914621,0.563151632,0.40345483
1946,214.4797357,57.21975485,17.22210107,87.3606676,24.29539745,122.8402478,149.3412722,43.33665028,63.94689799,56.35616786,59.68883752,63.07740468,49.10118167,-7.468287388,-6.713391245,2.012769926,2.801546041,7.166413986,13.4157939,15.90104052,14.80977065,10.70833993,6.161121418,-0.935059898,-9.790155477,2.565088739,4.469972241,16.14278888,19.69901222,20.9838438,28.08845038,31.56675122,28.16271906,26.80856867,22.61540194,9.665730244,-1.574097794,-6.783346382,-5.961000126,3.536321852,5.40799269,8.923423427,14.88094043,17.48438363,14.87600358,11.71937175,7.63962893,-0.175152729,-9.359779751,3.11522976,3.98549573,10.14482713,14.48443118,13.35093586,21.24211835,27.20790329,20.19089513,21.05413163,16.72059733,5.535655423,1.993347441,0.633100755,0.691452197,1.191736677,1.808815934,1.553488424,1.954651028,2.194825587,0.709432045,1.45189254,1.462695697,0.84830017,0.5671948
1961,229.0448493,6.562166337,20.83518777,80.39110024,54.07298084,45.29333969,58.79676462,128.9506682,72.11021014,278.6548296,76.2894171,36.75824039,12.03103071,-10.40052582,-3.999121218,-0.456369589,0.547228866,5.286251126,12.52752681,16.70709616,16.87727721,13.59209361,6.867036243,0.429223465,-9.224554127,0.3491765,6.009388588,10.10588809,13.40370204,21.50813537,28.98589263,29.54687554,29.79558468,26.95201387,19.27838847,11.0519938,1.389179649,-10.0116562,-4.279446814,-0.113978764,1.432876995,7.22522623,14.18112116,17.29964426,16.59886744,13.22363191,7.042363981,0.422875649,-8.77921589,3.03005952,4.076662746,5.76537953,8.339335167,16.12530308,24.99405497,21.1711452,22.43191337,18.53761606,11.634544,5.694651594,3.311836312,0.416476767,0.423268364,0.500249876,0.726661047,1.847288589,2.629476786,1.592313406,1.281251712,1.060907023,0.872166914,0.605774484,0.549168419
1949,249.0768168,84.61948134,48.11960523,58.01986413,43.69476022,45.79130596,94.34785378,123.8293985,91.73929118,34.04739929,54.96277695,40.4769826,73.27478496,-6.781966881,-6.513792768,-2.76044729,1.077178261,8.935534814,15.55526601,18.98227595,16.48898699,8.210542499,7.585062016,1.86903116,-5.020588932,1.369143106,2.404039594,9.344518247,17.50730157,25.08102498,30.22361777,31.86208125,30.1657867,22.76133669,21.29048894,10.99402423,4.121622474,-7.469506775,-6.673101858,-1.5125492,2.494956175,10.71973401,17.42441628,19.75854417,17.01793071,8.712849091,8.118166741,1.726027682,-5.540688289,1.828545391,2.129385214,5.920167859,11.71534054,17.08562503,21.76096666,22.28731224,21.73845557,14.90674236,12.58910629,4.941734461,3.262120705,0.256778978,0.380596909,0.6553473,0.97825091,2.0588557,1.9049431,1.339211709,1.024432102,0.874557078,0.862266061,0.455999188,0.170346898
1991,319.9961838,25.82653457,12.35399404,117.0131332,86.00057546,160.262767,39.08066068,5.729691242,60.11336578,108.956032,185.597271,112.2824439,61.43872919,-10.1252913,-5.330341492,-0.786930313,4.549447377,13.25267012,15.40456919,15.98357585,15.70652879,10.40385715,5.057447146,1.628026062,-6.368603064,-2.412575419,3.788213848,10.30260125,18.88349214,25.8029865,30.13602895,30.95536996,30.08335121,25.35124495,18.39832539,13.07663492,2.660625015,-12.04490194,-5.525714311,-0.508725093,6.157624283,13.87633939,16.74408977,17.54692696,16.39838696,10.94941169,5.269234211,0.676323708,-7.313486088,1.451362153,3.111255457,5.961289541,12.05718434,15.73464011,23.49974271,25.93984664,24.46288687,19.18266613,11.11568278,7.137599234,2.780556342,0.140359648,0.36338112,0.585908015,1.282950684,1.219695944,1.827242751,2.045869081,1.361248739,0.937208677,0.739424868,0.530834765,0.258456359
1942,127.1387607,23.25145026,79.39254758,66.29227626,52.92643812,82.82886911,88.64104098,137.3529626,123.0621801,85.48876027,27.27611271,50.95692316,34.30495215,-8.850980817,-6.959097223,-1.490389264,3.202947446,8.299023547,14.65302989,16.90886719,16.08872747,11.52371471,4.580604424,0.121402465,-2.444328794,0.783703039,0.302088487,10.49723431,20.27461392,22.90170565,28.05905144,30.63191702,28.83525766,23.79784314,19.47618007,11.0846264,5.983333017,-8.032333439,-7.001737774,0.496702484,6.008505934,10.20871709,16.1909584,18.35008422,16.34786511,11.97164198,5.953262805,1.46741248,-1.489341341,2.753527944,2.072290606,6.386509782,14.83981628,15.68983342,19.77064506,23.33173962,20.07583664,14.75650831,13.12906922,6.271099179,3.62591471,0.689853708,0.595825408,1.218052445,1.960185012,1.816005954,1.986195469,2.113679609,0.94098259,1.01031249,1.268900277,1.047462916,0.837135834
1950,274.6675915,91.20997242,55.67756581,34.4195346,176.765197,25.82899144,154.3601584,111.4959936,31.41658238,98.50772834,28.12466485,15.3558197,114.8180986,-6.04214597,-7.277033917,-4.423130982,-0.259716785,8.180067353,13.36791761,14.54210266,14.36227708,12.30962385,7.354028124,-0.83475151,-5.065175507,4.571850029,1.224402949,6.02884906,12.41873303,24.21401494,27.70505623,29.09610469,28.023018,24.76799525,22.5079406,11.41857833,5.692863859,-6.813285683,-7.662705966,-3.592157293,1.007231456,10.49181048,14.9098347,15.83560228,14.46468562,12.33426291,8.267666772,0.219025976,-4.743172091,2.313720186,1.94951756,3.874202554,7.126600513,16.35539683,18.476519,20.64964731,17.97971407,13.83171151,14.98835986,6.788752702,3.605502665,0.31100165,0.256465349,0.527765282,0.741348612,1.905777258,1.778411068,1.428713477,0.770265347,0.528171804,0.94014669,0.645266279,0.393525813
1984,212.0815988,19.10324023,39.83920401,86.77173521,98.99572217,118.1384464,87.60759593,74.82461281,28.51689089,87.30610585,94.04714085,129.2984796,59.25931546,-11.14605431,-3.538851004,-5.869610197,2.000315484,6.235356249,14.78146089,15.12370864,16.38340959,10.42639923,7.802741471,2.014571237,-13.42044627,-2.744854115,6.312396681,3.028409898,14.47505056,21.02005987,28.9560739,28.75686428,30.75678205,24.27570495,19.31354157,10.99436416,-5.61970439,-12.03466582,-3.903013372,-4.946709844,4.421163998,8.590787258,16.36991406,15.61796255,15.74781851,10.89897598,7.21802727,0.862236704,-13.97824862,1.683632923,4.095149825,3.032147606,8.861386185,13.29784082,21.38614859,20.58917594,23.04672753,16.36102883,9.66196814,4.560138775,1.167358226,0.297660701,0.434715853,0.550490326,1.467589193,2.110691589,2.729720584,1.5808875,1.003947886,1.686353327,0.675485148,0.386403061,0.215030082
1999,233.9488915,88.99000421,19.67041896,30.65097287,120.1426757,108.015639,122.9049935,48.5255698,74.66890145,91.58510234,25.63029122,53.5866792,41.79310993,-9.392953281,-3.192271367,-4.868158499,5.152024846,9.105487544,15.10934201,19.02202475,15.69475035,9.311613218,3.325084397,1.047852616,-3.642896498,-2.005922343,6.175019524,8.048117225,17.09600231,23.98573766,28.00402121,31.66847321,27.61669517,25.25794115,19.25842186,11.65632364,6.575677355,-11.22224573,-3.324067543,-4.085383381,5.492547338,11.08654206,15.93514677,19.57548885,15.1751346,9.704932628,4.341973691,1.786181261,-3.868759102,1.583305624,4.090835983,6.664034244,9.6201151,18.1738245,19.95062323,23.20911525,17.29725382,20.31300423,14.05589474,6.22461421,4.26767581,0.155464834,0.267255499,0.519443326,0.613443012,1.659699312,1.245801964,1.56323855,0.585279697,1.001663235,1.155869628,0.763551249,0.37094102
2001,212.8924464,62.9127244,78.55343719,30.79828658,73.21061139,105.6111192,104.0296476,121.7952866,81.31261912,105.2162897,125.940105,71.44595098,43.66045373,-7.933192804,-7.012499842,-4.831348622,4.149117775,9.548712282,13.60654821,17.14670254,17.99023382,11.44026043,4.946278853,-2.206041745,-12.58131584,-0.65954118,1.735311033,6.915458844,20.00715349,24.1186675,26.26260659,29.97176057,29.21360702,24.08430689,17.51495811,7.504776562,-4.384508477,-9.371067872,-7.714436699,-3.970309997,5.983926883,11.51387264,14.45733798,17.67516247,16.89547625,10.41837649,5.767713845,-1.906379654,-14.54494739,1.629928339,2.239101961,5.248134568,14.39244995,17.74024927,18.47227937,21.17007838,18.53176097,16.15223375,11.46961219,4.961670427,1.445771755,0.193394271,0.28609123,0.474294781,1.513372226,1.756243878,1.335354875,1.214078907,0.23282764,0.40204174,0.781031531,0.387280399,0.168965617
1998,211.4235001,70.51594492,54.94232801,100.3770094,107.4645486,78.67615832,158.655866,98.21707787,54.59853574,48.3612523,119.2157161,60.82914193,50.16136819,-4.806360121,-0.150738817,-1.701896855,3.485973088,11.99054785,14.85427013,17.24049046,17.98604785,13.92250296,7.140591792,-1.313717392,-3.921878156,1.669658135,7.027220339,8.147436287,16.44890402,25.48974571,26.55384802,29.66701827,29.63977835,28.05691952,19.03295664,7.31281928,2.201819883,-6.280587736,-0.267164524,-0.608287356,4.988479811,12.87328736,15.77824205,17.58664309,17.74133051,13.91952385,6.533995886,-1.514980485,-4.308314988,1.755228891,3.50828549,5.887886065,10.19100913,17.98078885,16.52829084,20.47797191,19.59981391,21.06741715,10.65997173,4.057357244,2.039266895,0.016227688,0.155219003,0.657233657,0.921508053,1.359458805,1.238028653,1.047342949,0.564435161,0.840890681,0.354495456,0.2807013,0.182119569
2004,178.7640966,18.58579534,17.3052981,91.6344813,52.55090329,172.0808541,58.5705979,50.56511061,149.4303669,22.25063519,98.91996222,110.8028411,58.83733288,-10.21253755,-6.854724445,-0.438673966,1.318791561,10.98671535,13.42850915,16.07373544,13.76655108,11.72725088,6.009528455,1.186242153,-4.429029366,-1.428499473,2.325025567,11.75448228,18.4050312,24.06553488,26.42683719,28.27307931,25.75650109,27.26350815,18.52784171,11.10004718,4.447858429,-10.16698316,-8.11323013,0.732597949,4.475503086,11.34238632,15.31785681,16.29646857,13.49567363,11.61669651,5.627616928,0.439641017,-4.44904792,2.235078887,3.171579323,7.496402713,15.15341283,17.06389065,18.59141749,19.40023919,16.58239544,22.48162476,11.79369924,5.490622557,3.515286992,0.332639454,0.29283322,0.788333178,1.848928228,1.63692892,2.485081541,0.951424836,0.847325954,0.651266734,0.408246651,0.402556506,0.384195506
2016,192.0227694,18.42522448,21.78188565,72.43779388,43.72337144,93.17621693,143.4328558,153.7142859,174.0712838,63.11344903,73.04507052,146.9539338,145.639299,-7.580393011,-5.257764251,1.829394058,2.98070176,8.285593398,15.10284785,18.47933527,18.84285158,14.68247894,9.241574741,2.216964326,1.158665132,-0.056906409,4.003661738,12.57941259,16.94001904,22.6198893,29.0390892,28.39005195,28.85724139,27.06840156,20.56761228,12.12021869,7.728584118,-8.413980949,-4.950999574,1.975421219,4.318767999,10.47571478,16.68022073,18.65932096,18.74855064,15.36803116,9.104200219,1.807884082,0.263798209,2.165941938,4.036539692,7.360539287,12.66039097,17.43355248,22.68299593,16.09088499,16.1873319,18.88134665,11.42694227,6.725375249,3.191634742,0.43423411,0.590061831,0.839720456,1.297424862,1.531324313,2.212840072,0.881763987,0.546360647,0.806993448,0.572637215,0.776262616,0.319916733
1974,452.9029364,73.2500426,75.01437035,115.9067197,110.9178823,132.1004764,74.63435125,18.68491101,124.2263681,98.77824903,37.21135699,153.953227,112.0044118,-3.249188549,-2.838726143,3.789686173,6.793406598,13.40655138,15.09357684,18.86008959,18.20601306,12.55519061,6.625024046,4.534832335,-2.901436209,5.571897021,9.774515457,16.33613428,20.95734186,24.74123985,27.18811753,33.72225806,30.28479925,23.28069803,21.3002704,15.43222159,5.803027674,-4.200571028,-2.624398906,3.371929153,7.828777013,13.15314293,15.04932897,19.43056197,17.58921414,11.17382033,6.386367858,4.404830055,-3.110171905,3.442333383,6.077761189,9.303124467,13.82621389,14.0929136,17.32266349,29.06763556,20.59900356,11.68798755,14.22854615,7.629407942,3.830198247,0.300085943,0.64015233,0.77473814,1.492644342,1.284590362,1.605242361,2.468705519,1.330822066,0.878994364,1.083486539,0.941809819,0.593054829
1941,438.4681593,64.29532507,14.27090546,17.13384829,104.8010777,53.31683652,68.35787439,53.76579135,67.28397999,101.5112321,214.442432,99.98373217,82.08445416,-2.928491294,-5.980638366,-3.309049088,7.738381279,12.23489002,16.21101862,17.88070232,17.44887719,14.71368356,11.31790314,-0.563351067,-0.867212537,6.981079868,5.772720201,11.18529581,22.37903189,28.27402166,31.51075221,34.69970023,34.48106161,30.18008643,23.46073605,12.90511731,10.22264841,-2.123718931,-4.28424212,-1.431256162,8.923472409,13.22786349,17.41351258,19.62934294,19.40134454,15.53236713,11.77132125,0.65563291,-0.118283718,4.044029033,4.547558262,7.448807087,14.7117255,22.3608904,26.62837594,32.67256836,32.44945321,24.22100878,13.43760133,8.043808425,5.604507544,0.673103812,0.824917136,1.025039247,1.203711481,1.344231102,1.704026237,2.634758895,2.682491051,1.394945528,0.866567295,0.908274548,0.717496958
1948,406.9967654,74.92383216,55.82417713,125.4637435,47.37985683,109.9110489,109.5224877,155.4781871,38.65989645,59.92015753,59.66865574,72.65025501,52.83827186,-9.011275432,-3.683865974,1.069414622,8.329814011,11.03256453,15.93436764,19.46740974,17.63485379,14.42221057,5.847422311,0.234153003,-2.59977777,2.675075354,6.95488029,13.35346319,22.5197811,24.79284228,30.7646246,31.8464811,32.16400585,29.2788431,21.21072782,10.01211923,9.145107756,-7.955752449,-3.258338568,1.793598268,9.213847158,11.11341447,16.69748055,19.21788745,17.49611008,14.23797861,5.237379617,1.232671035,-1.321368295,3.531193274,4.101224602,7.119681085,13.97383135,15.30687342,24.05727861,22.25407756,26.94238887,23.24311134,14.65059791,5.108809545,5.267204825,0.494145564,0.406352733,0.678047205,1.476357994,1.171225934,1.6587389,0.760531807,1.074276361,0.586190737,0.47618121,0.673271763,0.72490307
1943,402.7573754,10.48624131,22.82244192,70.82885562,74.00173812,253.7804236,142.4070263,55.68722321,71.04605158,107.9583078,67.49828938,134.3104636,88.5411116,-5.510584453,-3.957041447,-3.201104956,4.063418889,12.04783291,18.77935675,18.51348545,18.24055577,11.51406254,5.743671692,2.607817868,-4.394445413,7.944970244,12.60379402,11.51166842,20.62147307,24.60105674,31.21250287,33.82877126,33.46385618,26.48609608,21.67780308,15.52349342,5.601486443,-4.335914297,-2.764369595,-1.521141106,6.563984532,13.09196601,19.23483781,19.89261396,19.74065573,12.00344539,7.079769578,4.239814235,-3.364777183,5.386115719,8.763645411,7.736676278,14.5934439,14.57506761,22.20984648,28.87942194,28.44095965,19.8601408,15.76786229,8.744982503,3.632987799,0.714431084,0.828852944,1.050940848,1.70427627,1.395292918,1.177419906,2.361860834,2.577752235,1.186377814,1.258907165,1.090080517,0.679467832
1980,474.6420701,22.02746002,38.86243503,109.9664295,44.12120108,72.1250707,76.95670033,95.16693375,97.28961252,99.1426719,68.33084433,112.4184412,63.29338269,-3.888311335,-6.713099097,-1.100635976,4.535073613,10.91488385,15.51632355,20.01297031,19.12333659,14.95593,4.899485158,0.932318767,-3.096370725,4.725893999,2.812952372,10.06224306,18.53382382,25.69045683,30.89826476,35.56516005,34.97739199,29.64486833,20.96904001,13.14037086,8.349228267,-4.016007555,-6.98939627,-1.078639039,5.639924131,11.7056774,16.43357816,20.92708798,20.49004866,14.67153753,5.164875123,0.91918138,-2.781287628,3.173506251,3.009765219,5.567857058,12.82176073,18.09410812,25.71900344,34.08757635,34.35414982,23.92016992,15.81644798,7.574474013,5.116393604,0.444410402,0.413732027,0.576141758,1.45900984,1.914605099,2.631665843,3.386264373,3.450952603,1.418493867,1.156821567,0.730579199,0.700850395
1931,433.7538408,10.97576811,44.74039314,70.92148759,76.23794215,104.6956856,43.75293215,66.93449997,129.1631816,96.28942973,80.69360275,53.53168505,25.95039199,-3.368909143,-1.197389721,-1.405812956,4.95614229,9.24277948,16.51710279,18.71726874,17.47136707,16.30776731,9.987341657,0.704033548,-3.579632941,8.410268339,10.9776174,10.19840401,20.63703103,23.67876524,33.12443302,35.07406677,31.32584171,31.60513728,23.82357114,14.32110329,6.677605473,-2.665886968,-0.369121753,-0.099482781,6.759616138,10.06233855,18.09382913,19.73811324,18.1199743,17.44988827,10.11400541,2.152009251,-2.534900054,5.496237995,6.665920598,6.099201042,14.35158597,16.22470817,30.77253947,33.83198463,24.43534085,26.69624424,15.90347857,8.865256104,4.440895626,0.890055077,0.958654157,1.059350532,1.489333271,1.117827502,2.118186437,1.557741549,1.308049265,1.663804297,0.822431935,1.144381135,0.915789563
1988,457.116799,54.03352894,85.54804118,126.7513399,35.61867186,52.90174054,32.66963133,105.9634745,15.73692272,122.2639691,80.32454203,110.3413905,193.7618443,-7.77992959,-6.318296679,-0.735899984,3.335526127,8.508244355,12.2621807,17.60469865,18.84159522,13.61948789,3.365683981,1.076913172,-1.840090162,3.470589368,5.783663473,13.78575926,21.60263797,27.60835145,33.31705657,32.90562577,34.43215257,28.42098682,18.70973612,16.04227596,7.452076302,-6.862867884,-6.057778605,0.713097994,5.229991651,10.67941659,15.5112292,19.03176009,19.40951857,13.39259195,4.311541023,3.926957893,-0.962716646,3.708648955,4.875574985,9.858777373,16.41310742,24.84740091,37.07553586,29.03185059,33.22792169,21.79382635,12.95412677,11.24783659,4.374482015,0.590380082,0.513355711,0.887558633,1.538614479,2.110174314,4.139853948,2.063954771,2.038521583,1.573778124,0.949760937,1.493956062,0.629550022
1998,430.0738281,71.27243838,70.39252922,137.2820734,105.4062447,93.64587745,183.5523177,129.4125951,84.13931951,19.85213427,75.52838402,53.52315916,55.07581621,-0.8856985,0.979114238,0.883925765,6.03613048,15.32465096,17.92566647,20.32312142,19.27569379,16.06169977,8.966317723,0.821346187,-1.962358946,6.878098287,10.80495721,11.46096248,19.05298317,27.49758503,30.123611,31.03405909,31.30828456,30.64481795,23.43672465,10.40072314,5.933411017,-1.318647053,1.140646037,1.734107487,6.947448073,15.34698791,18.40211494,20.59767605,18.92200778,16.31641388,8.734278577,1.488339336,-1.651323279,3.517655751,6.045595911,7.147397922,12.05239795,18.37955198,20.85137789,20.51057861,23.36498225,25.03485909,16.21002319,5.912106594,3.525207246,0.179373677,0.314472664,0.813967345,0.756509725,0.682380023,1.206011149,0.734576944,0.481401204,0.920025878,0.652539427,0.540991616,0.259042153
2000,402.6358178,37.98425533,75.70805997,62.43254135,56.83049425,129.9226989,197.8817141,114.2598365,84.07397745,66.04104282,31.66473867,15.36120019,91.91075748,-4.869822962,-0.44304016,2.049852788,4.288658199,13.64969954,16.80454337,19.22892219,19.93977236,13.6308743,8.32563919,2.812663688,-2.443695821,6.589647737,11.67362642,16.13825308,19.94340004,25.83877737,28.91588877,29.731645,31.37450775,27.35916713,22.88059423,18.89265215,9.207893468,-4.624347755,0.01200335,2.465319571,5.05058229,13.93838195,16.6271383,18.49317041,19.69917976,12.53661305,8.634791685,3.818216352,-1.939300197,5.169322807,7.590966861,11.11037247,14.13784597,16.23882816,19.86161181,17.46805336,20.20597731,19.3276407,15.72946437,13.50467276,5.521488802,0.435505505,0.69682107,0.74961802,0.870071147,1.0226087,0.637616784,0.287781091,0.520362661,0.193636362,0.702038897,0.899193501,0.528580813
2018,410.9627251,32.69903975,184.5599583,150.10225,93.30735976,128.8624469,126.6602908,102.2422182,151.5686942,192.6153923,44.42917148,70.12826436,37.67609619,-6.995053587,-0.865554779,1.050495073,2.410270095,16.11705624,19.89621935,21.09501306,20.37363345,18.25381903,9.269830387,2.141527863,-4.439310057,3.260111522,8.918448827,11.09083189,15.65266071,28.9824086,31.15382593,31.08160912,29.54249637,28.31647499,20.08220524,14.38763484,7.093737791,-7.784414807,-2.847886245,1.172322771,3.01623893,16.42476587,19.87286332,20.01935663,19.27811017,17.02656685,8.162212411,1.777248232,-3.878350097,4.145263737,5.277976218,5.938561457,9.894487097,20.99368851,20.97263227,22.11819654,18.28823684,13.86167213,9.20086543,8.124739384,5.933567676,0.32554932,0.264118843,0.412137005,0.958793319,0.865989983,0.843924755,0,0,0,0,0.698783121,0.627470414
2011,451.3175571,25.02113754,107.6659402,108.1389303,309.116806,163.8117282,174.1365358,141.6383856,46.53603837,89.73500673,47.79944067,109.4352146,27.83023979,-6.412530955,-2.629558104,1.862413554,8.320570108,12.78149878,18.15229872,21.8311092,18.84830575,11.90072566,5.691810019,-0.229083061,-6.262464851,2.42399305,7.255918175,12.77759121,21.00900705,23.45643713,30.94764329,34.12891651,31.8561136,25.38533924,21.86340937,15.44515977,2.573355901,-6.636146969,-2.897894183,2.408800789,8.542135408,12.80041657,19.19526318,22.44427252,19.32075117,12.4286886,7.329644943,1.48594842,-5.73855888,2.925164882,4.916388179,7.982527053,12.61882144,13.72323256,23.71792466,26.17949247,24.42637651,19.3361264,17.69699374,11.24549811,3.017371349,0.336388419,0.476441764,0.547793472,0.614367384,0.541326728,1.178995545,1.27931802,1.023653868,0.723328621,0.849013323,1.121569958,0.469258131
2010,427.8393539,41.21040626,41.47226897,89.21778971,64.58602778,114.6863904,112.1167258,85.09862449,96.60616869,99.96673071,19.47496329,59.13512685,117.6074136,-7.172744098,-6.519833422,1.5928358,7.312284964,13.50363327,19.93866336,20.4907972,19.39940811,13.09958338,3.606339099,3.644642303,-4.448694875,1.677533685,3.353456133,13.53151903,23.19153803,25.27001941,31.74072992,32.77215295,32.91842924,27.55624639,23.50028365,16.36464712,5.09850109,-6.59525589,-5.575810071,2.578158121,9.556643933,13.94956983,20.75926904,21.3379865,19.81398541,14.26414858,6.800641761,4.80565833,-3.331102759,2.564541884,3.700869808,8.364013434,18.3694012,15.87069182,22.39071127,24.61959141,26.81968848,21.88070589,21.97093979,9.988696599,3.743463282,0.387760416,0.503156897,0.707039745,1.728304551,0.949633447,1.948472486,1.428251024,1.136790287,1.483500701,1.568617949,1.059794869,0.452527064
1944,551.5241219,12.57777715,82.3956531,84.07469412,184.6256214,84.13909385,37.19597695,30.58791485,128.854993,49.93607529,20.5062345,59.18588165,54.68560857,-3.814293758,-2.420570203,-1.013586138,4.735077467,13.8024701,16.80422647,15.78941134,17.39524963,13.81530345,5.91452225,-1.117604007,-5.293510012,7.605526245,9.09410922,11.38405107,18.38964462,27.22699057,32.6764728,34.31733537,31.96034131,27.45844511,22.64280968,11.94701943,5.336084646,-3.036352645,-1.76179123,-0.208294664,6.442300371,14.81334228,18.60904342,17.58765005,18.39682553,14.22070049,6.387738587,0.119516695,-4.792918555,4.949053446,5.528606589,6.508941821,10.84793046,19.01970559,28.82758177,34.7457475,26.18361832,19.1301171,16.36599022,7.451459759,3.978104839,0.721306339,0.699514993,0.81233001,1.373896653,1.581934842,2.724801331,2.611206556,1.785081029,1.035475836,0.930243492,0.981430786,0.625699814
1929,389.19218,126.7272161,54.38565501,79.38993649,129.40208,207.2940886,119.127029,73.58996595,63.74302207,89.80865837,75.31197977,87.11585569,64.65457292,-7.781126767,-7.881955612,2.562060619,7.226814941,10.07967427,14.38871487,18.12700846,15.9462481,13.48714773,6.955438465,2.046227381,-2.54347014,3.70239419,3.214729088,16.92014545,20.82953506,23.10651289,28.97594726,32.03646859,31.00091228,26.91771846,19.93451392,12.61432278,8.011175679,-7.376763005,-7.491969968,4.079903007,8.396583423,10.7666017,15.32093632,18.99621226,16.00409602,13.79282784,7.420410497,2.826692282,-2.081351665,3.892539663,3.680133398,10.85047703,13.28185914,14.76725023,22.28982077,25.71811989,25.62233349,18.82902625,12.20714986,6.669676384,4.929649729,0.689362748,0.693541677,1.269668543,1.293691034,1.127442897,1.425864153,1.501898406,0.765501688,0.958125553,0.927878874,0.978019033,0.796421625
1946,375.086675,53.80417848,92.74444172,46.64019195,57.58836681,240.0305987,72.99724503,84.35799998,158.6279661,48.18907329,64.68018022,103.3707093,55.86521767,-4.381971815,-3.040439208,5.092075679,6.231442082,10.75836641,15.58977588,17.37507125,16.02004004,12.32309686,7.389545302,1.951204717,-6.885349371,5.98547591,9.95592131,20.05139739,21.47395457,21.96108661,29.83616201,32.09248243,28.10415504,27.66693778,24.08227105,13.27108974,2.660297965,-4.615562021,-2.052142807,7.239350266,7.629753186,11.16262708,16.75539503,17.99906986,15.58420863,12.60397048,7.875472699,2.703523399,-6.534979366,3.913818531,6.323133303,13.28448545,14.98744002,12.02649436,22.89075586,26.68823211,18.39649412,21.29802403,18.41047606,7.240731183,3.06063214,0.465901838,0.811072187,1.563988676,1.398766717,0.851396097,1.861800389,1.479125242,0.490233747,1.172823808,1.066109673,0.913891369,0.545561994
1987,349.5662663,30.58686993,33.94201992,51.17156304,74.96181916,73.78441193,101.0275235,193.9969383,23.67669126,50.52727335,58.09233935,50.87015405,52.69438174,-5.594375185,-2.533237749,0.623429776,4.283347648,13.34916466,17.17278545,19.81941909,17.91480997,12.67026758,2.061892323,1.557152431,-2.452838949,2.352041979,7.723353124,14.70551464,18.71769136,28.31789247,30.49549596,31.09511905,31.54470718,28.89575063,17.31003286,9.880000837,4.814069541,-5.132813704,-2.400913577,2.587215683,5.113248548,14.28225037,17.87698314,19.14318843,18.32329421,12.95877854,2.849624982,0.865117936,-2.639971048,2.455513035,4.682943786,9.738536291,12.88006017,21.24347489,21.82830811,19.19074391,24.3149003,24.08903771,12.04477642,4.496290521,2.603736385,0.454107416,0.417311526,1.153533065,1.047242186,1.505460162,1.648845277,0.766593236,1.759900575,0.955139772,0.798075676,0.151214765,0.30791303
1932,334.8587333,161.247957,33.02591992,61.96536844,67.72166229,33.85134988,85.30679234,63.98744765,131.9545455,163.0559619,107.0321092,143.0535612,115.0197959,-0.094846962,-0.367849984,-3.009052981,4.88626752,10.57980841,16.42360686,18.1421934,17.35349117,12.94136803,6.515683533,6.254286366,1.632941938,9.322330212,11.73923758,9.634825962,20.24509368,25.72649817,31.09357157,33.92298034,31.53218522,27.13772993,20.40203822,17.26369475,10.85645493,0.136001421,0.65635995,-2.058221985,7.270470926,11.43899616,17.26707551,18.88260087,17.85631631,13.61233281,7.216864486,6.870878365,1.918194788,4.926808482,6.976376775,6.2551781,13.90613113,19.05307404,25.3549955,31.00063332,25.36175002,19.82418162,13.13852663,9.205878145,5.364949973,0.765195335,0.977518974,0.885827877,1.820074853,1.190713306,1.425857057,1.34805358,1.17618573,1.206035213,1.037016807,0.983097402,0.786167757
1941,409.9578508,41.86329021,20.51137279,19.95799485,92.09563457,64.68352941,129.400265,80.35580197,61.55656955,58.24720888,194.2252765,111.0493512,69.21226111,-3.501332625,-6.15046465,-3.332464909,7.324950779,11.65425777,16.11840979,17.74225176,17.0672406,14.14923991,10.80883989,0.007695219,-0.913989319,5.539643198,4.721962166,10.24382033,21.68714743,27.41187807,30.66530896,32.99256101,33.00973795,30.01200205,22.8365277,12.22829775,9.316485529,-2.760566556,-5.37500248,-1.924727755,8.781372907,12.80602951,17.38683301,18.81695471,17.96857133,14.92426062,11.04302811,0.954670451,-0.306381882,3.595717664,4.017294699,6.807517698,14.39575408,21.62020357,24.67128797,28.77281995,29.66383383,25.1001371,13.50099577,7.24926975,5.14257552,0.778484331,0.811441375,0.98844666,1.424692461,1.491451638,1.809331417,1.757482988,1.526697391,1.344254067,0.790262463,0.928336395,0.780695331
1947,426.5322004,84.05781379,1.323231336,54.24026829,177.7041274,112.7954403,113.980845,49.37636142,93.23861197,117.1955216,83.8985289,132.9525059,70.38991884,-2.753648617,-8.739968833,-3.456293205,5.901564199,9.471920642,15.82849996,16.12262868,19.79855067,13.8012783,10.86672607,3.143620238,-1.391955876,7.129632578,2.996957797,8.21764329,18.90987916,23.45699302,27.53966678,29.67465784,34.66602272,27.47268367,25.21010593,15.54755692,10.04278032,-2.006798263,-7.502099408,-2.580645804,6.906746401,10.20986741,16.81246918,16.17152689,21.13410055,14.24298541,11.21920776,3.379151562,-0.792124524,4.194884909,3.732986146,5.239959588,10.94063522,15.20759871,16.93015207,21.80650308,30.60612701,19.43652656,17.71951057,8.466672995,5.766521076,0.715264955,0.765147224,0.733101112,1.101141455,1.238928734,1.563711637,0.956368848,2.151505332,1.219025306,0.998219622,0.651532839,0.741451411
1998,412.9295814,94.67168495,56.26033746,86.76816369,185.5470642,157.8213325,177.1359903,139.7927075,82.33738911,54.24462551,119.2142661,64.56596295,70.17530194,-1.079290733,0.75422519,1.002425317,6.063659043,14.76056235,17.62116523,19.53271666,18.6466537,15.21260748,8.509436272,0.571836274,-2.172940309,5.937956878,9.519366998,10.88999366,18.1387443,25.76808932,28.48028049,30.03712886,29.93297446,29.48813287,22.00755967,9.387532395,5.19598422,-1.153663819,0.695225077,1.561316764,7.013903345,14.81536669,18.24325418,19.98826782,18.77094321,15.81544578,8.472727034,0.884138252,-2.168583979,2.912546807,5.013057642,6.470304027,10.56803544,15.44428687,17.18167336,18.4582885,19.02952899,22.91448834,14.16738143,5.077176502,3.093192663,0.287090883,0.160850566,0.726575993,0.686055564,0.464446771,1.265112558,0.869529379,0.808798207,1.011314081,0.716097256,0.417096294,0.175464693
1955,274.110415,47.88482487,46.49640264,31.67205878,133.3758218,78.82037334,109.6840867,39.32424711,67.98398725,65.13533169,86.9277124,22.09538877,56.02397892,-9.187330083,-7.831780827,-4.09527786,5.323285568,8.82166701,12.28408011,19.46722186,16.61068005,9.975058015,5.306114761,-0.824184359,-5.503947426,-0.660765582,1.39931987,8.077059054,20.39322112,24.3932992,25.46277082,32.916569,31.86547917,26.53694124,18.77680495,10.45539944,2.361367347,-9.193911803,-8.896340075,-3.532407235,7.744216799,11.3554988,14.03593942,21.0506427,19.02785507,12.73980901,6.450351313,0.251332142,-4.894757355,2.128676492,2.317933834,5.803751031,14.35901683,18.73186672,17.99238352,26.73427056,27.69732011,21.93534514,12.05078406,6.30717343,2.37289737,0.442404582,0.345670947,0.727803419,1.673413923,2.566508467,2.199976828,2.9174524,3.488083301,2.723033059,1.263025405,0.590317353,0.384732247
1925,153.8602799,11.08124991,45.85519039,30.3627085,91.68281179,28.37756671,163.0297954,79.81391652,74.43174864,165.5993519,93.99689256,23.26515808,54.09014097,-11.13778837,-6.073107688,-3.515435064,3.723709135,4.002133879,14.73124042,15.84446568,15.28611652,14.92539199,1.119893206,-1.842287114,-11.6746222,-0.329639455,4.564457907,11.95401335,21.17413754,21.91754145,28.41849386,30.25802866,29.88212233,26.99700802,10.50451823,10.80867071,-2.351651055,-10.62891813,-5.556417649,-1.784636965,6.493808916,7.055888943,16.15519796,17.19701674,16.38856027,15.84167262,1.780924452,-0.507199156,-11.59412842,2.823202555,3.991930619,8.497316378,16.15427015,17.14628664,20.91516056,23.91778036,23.63773463,17.6996786,5.441880135,6.913407066,2.13027891,0.637049074,0.67843217,1.067373594,1.93123923,2.129786386,1.849478283,1.872106124,1.599778513,1.425605078,0.809630522,0.99825474,0.56576776
1961,227.3942027,8.184821926,25.02482871,100.4034041,53.737878,41.06429979,81.93516053,175.3356851,95.46824076,242.4841623,100.4929189,49.44575152,14.53969232,-11.43444945,-5.186557979,-1.483607448,0.378349575,5.50476348,12.73774806,16.90715101,17.06598983,13.46745773,6.957090711,-0.350133694,-9.907603389,0.070776008,4.850132402,8.64913794,12.36451372,20.72148075,28.44691741,28.65010276,29.19278537,25.03372841,18.85286953,11.32259858,1.209203562,-10.49666624,-5.387145079,-0.700009517,1.546873685,7.671518548,14.84060356,17.46363636,17.28452708,13.43365175,7.62119217,0.598004614,-8.984642033,3.161673462,3.710915501,5.089623969,7.44506192,14.80586307,23.7340271,18.62058945,19.79677784,14.87976061,11.06794112,6.240490437,3.427664674,0.486050772,0.499132218,0.647315066,0.761063496,1.976478178,3.128150238,1.653451606,1.79236042,1.423385157,1.082333041,0.82289919,0.635110493
1979,188.1657579,64.07896411,22.24351388,81.28079097,90.95828432,60.35466147,77.06441501,115.8889639,183.5514212,3.299155252,63.17785483,73.64336507,57.94155996,-17.63468004,-14.99668288,-1.887203503,2.204222826,6.955968154,13.41714463,16.50268103,17.35007053,11.31849169,4.254771729,-1.406129982,-9.282159146,-8.283503324,-5.26996449,6.835127373,13.21381093,22.80106927,27.75557846,28.84764201,28.12312483,25.91873367,18.20198796,9.482699905,-0.306624857,-18.09315959,-15.52157947,-2.647963278,3.280901073,9.594946559,15.6143611,17.30970412,17.30855358,11.88904115,6.069538082,-0.060516764,-9.032495031,1.079144256,1.55314404,3.336643921,7.520910976,17.39557073,20.61608906,19.31043622,15.49192441,18.82297343,11.74718464,6.473103941,2.221661875,0.284668617,0.407566119,0.606542971,1.089894652,2.803586727,3.325313854,2.306473438,1.4142292,1.550128091,1.54499921,1.249724521,0.571152247
1937,178.0757343,82.86492149,35.25133097,39.82526827,95.92557198,87.73305667,88.26706962,63.12275181,64.74894111,46.08889676,58.78590947,28.79109137,63.16794317,-11.00424245,-9.361301694,-4.763169741,2.942354593,9.604997108,14.48519294,16.72196674,18.12201651,10.9985843,4.371387916,-3.43732921,-5.131492732,-1.247357988,0.154070125,5.802068641,14.04371512,22.61479148,26.8880896,31.03806019,31.36357544,25.72456562,16.42290308,8.493983571,4.510804814,-10.96915409,-8.929401023,-3.162834817,4.718163521,11.33383283,15.90929198,18.19521052,19.45353481,12.0628684,5.611922021,-2.013059431,-4.652832418,2.431536406,2.639061163,4.333767568,7.76983258,14.53507164,17.91098512,24.77314632,23.87684353,18.90069415,9.536943598,5.678354403,3.683724109,0.546749039,0.623293066,0.993616914,1.368826731,1.740746172,1.852024396,2.117191868,2.031102937,1.352981257,1.169326599,0.976332183,0.689847535
1935,259.2489612,43.8357722,33.50350137,71.45359436,50.96151825,167.0571971,162.0974536,84.50650428,76.26838212,96.51010052,30.4581192,162.4101844,33.54416969,-9.812629521,-5.684547799,-1.27218467,1.723552013,6.903119683,13.06860518,19.12833422,17.28899913,11.92631541,4.671216962,1.780554368,-8.809301417,-0.208262509,2.171077462,10.8515474,14.0231251,18.16183107,24.67968778,32.16457786,29.57146678,24.95655192,18.10487672,11.77026689,-0.602168383,-9.427489611,-4.605576946,0.547141931,3.764422108,8.156040631,14.2738934,20.85796883,18.05620868,13.01226382,6.007521427,2.599377032,-8.382235289,2.581034566,2.605071366,6.742499786,8.331109988,10.09677352,15.10008944,24.6764359,20.61927823,16.68480816,11.4054532,6.192166223,2.190154878,0.624355883,0.817743228,1.182780217,1.438904023,1.276615387,1.556106993,2.642353005,1.374960826,1.43123623,1.236319799,0.893679704,0.641585656
1980,225.1320256,27.05703089,32.08935371,38.48747998,60.37740789,88.50686911,129.2956117,90.82929587,212.4326809,117.4927871,38.89686763,56.64933791,55.88934412,-9.335939828,-10.51011226,-5.161230941,1.55938798,7.766449334,13.47515682,18.64629338,18.71051083,12.85352012,1.941960746,-1.894483374,-5.939760206,-0.274526052,-1.874606602,5.309487723,15.66075645,23.54475692,27.0776601,31.14650981,30.0308678,25.35576448,16.26324188,8.827876348,4.764603736,-8.172983409,-10.928242,-4.383649089,3.401466932,10.37657574,14.90120539,19.46354705,19.04260508,13.27477449,4.139850623,-0.725073768,-5.195474077,2.181141063,1.804223668,4.075699496,11.32659328,17.55436376,18.23765864,21.18717979,17.93841078,15.25762501,11.04608367,5.526608932,3.857404677,0.566939028,0.355711441,0.75445255,1.625991008,2.436498668,2.720612743,3.311388056,2.152176172,1.702122731,1.490983986,0.953830149,0.660168413
1992,220.7491449,26.25109396,42.30772944,39.76851868,92.50602923,11.0573697,29.47462699,290.0876292,37.01757705,156.6561676,19.24027689,117.0723055,48.38319698,-5.765508511,-3.384513211,-1.803865422,1.94669615,5.582500705,10.73277586,16.70686023,13.89837045,11.55399162,3.772366776,-3.415529076,-5.208408664,2.093941909,4.711037158,9.910718583,14.5348537,23.21300206,27.08902897,26.23993031,25.54018164,22.6050516,17.5679735,5.582127383,3.581873386,-5.94230506,-2.757289237,-0.498813659,3.754042442,9.66962481,13.86775039,16.99072781,14.11147001,11.68761556,5.365562172,-3.491410678,-5.476168732,2.100445311,3.018376935,6.507177165,8.5487709,19.0712372,22.76825926,13.29326067,15.20656567,11.72138978,12.06022696,3.244088101,2.752239578,0.291370755,0.388085376,0.696504812,1.124882774,2.481206283,2.582604748,0.893857762,0.822280815,0.873379831,1.094944952,0.38122623,0.354056597
1996,238.8874575,51.22136013,17.41452997,27.36819883,57.82567361,257.6285207,68.69544442,89.68656779,82.85422614,53.22309487,77.56178384,82.34584226,8.949337973,-10.17980754,-8.975817629,-7.689799506,-0.448779846,8.580176898,15.35128291,15.19331425,16.63897175,11.02104126,5.196412221,-5.150994378,-8.479979624,-1.18494664,0.752487221,5.590985486,15.0842433,19.01595108,26.46129017,27.95974951,27.89812229,23.07585333,18.29274434,5.113864314,0.80851723,-11.06911779,-9.111826127,-6.056783157,2.150489006,9.390814183,16.21738075,16.83486261,16.95922147,11.79962304,6.198206138,-4.55217476,-7.750015156,1.803483611,3.087837739,5.392355085,11.15645675,9.714960293,16.17423519,18.8330834,17.10269335,14.23962544,10.82729889,3.699117969,2.869913545,0.228089118,0.379946318,0.685374371,1.35915827,0.832863993,1.467428039,1.792401446,1.031870587,0.712892463,0.908230152,0.477873931,0.470329412
2015,236.7796752,28.59936429,42.57528031,20.65335301,46.70647211,126.5696517,228.4950534,150.3959041,94.90300784,88.27157449,67.16449847,43.23250178,20.28738113,-9.688815187,-14.29616769,-4.971385083,1.132061233,9.964031371,15.49554141,17.29751088,15.56168645,14.22016361,4.867365142,-5.034962442,-3.988280127,-1.270693384,-4.436984029,8.105336421,18.40548191,22.64707106,26.49118537,27.85340705,27.15173132,27.52337795,18.46819068,4.403652133,2.81954068,-10.49044727,-14.96360651,-4.47580226,4.206510779,11.57753827,15.78372897,17.59508243,16.20353176,15.47483719,6.733824139,-5.302767233,-4.178240275,2.051959248,1.750302567,7.123327847,14.67477074,14.93283382,15.40760383,16.46588736,17.29110902,20.01622493,12.40907975,4.36153633,2.356465599,0.315537027,0.351620407,0.720618532,1.401598103,1.18619188,1.136860048,1.293622498,1.371917861,1.820978164,1.487364502,0.662798756,0.354331794
2013,247.7006905,66.13000615,59.82459779,67.32174695,184.0253233,193.644274,107.1846183,57.37141958,14.78107796,32.17299387,67.16662512,26.00901194,71.93083478,-8.831034752,-7.991413389,-6.077453543,0.882510315,9.197355603,14.57360692,15.5600739,15.83646981,12.29730046,4.822373727,-1.92752804,-3.860605293,1.597646807,0.62526402,3.262565532,14.08563611,22.68378143,26.46220706,28.34954362,28.57605362,27.12347509,17.59225503,9.909807845,4.31606184,-9.369205853,-8.205480313,-5.194715931,2.397446664,11.12006871,16.12612909,17.25295799,16.22938824,13.12712824,5.185125932,-1.257738834,-4.375747673,2.862821778,2.458710739,3.444155293,9.368008977,15.96927368,17.18354743,20.83381333,20.73499563,21.15200526,11.89725302,6.344692915,3.240084539,0.435628462,0.443138367,0.558495248,0.95965318,1.890837708,2.37142472,2.464180432,1.959577407,1.742220545,0.882011646,0.875502909,0.457665527
2018,201.2270661,11.09361454,85.02792423,80.93365263,25.02104127,103.0799869,160.2942603,68.46499714,180.8230988,131.3744082,132.013093,25.88596953,14.89174001,-10.13573139,-7.946052973,-3.961176261,-2.764827216,13.20744308,17.54024165,18.36338113,18.32767087,14.70851887,5.734730395,-2.052490342,-8.572986243,-0.997857733,1.073280247,7.598333592,11.28236992,26.81695076,28.70785734,29.19953575,28.83578365,25.53693675,15.94950989,8.451892926,1.937783949,-11.65354674,-9.618079824,-2.77052309,-0.830111622,14.0825417,18.04946059,17.9004201,17.98760598,14.1811565,5.492777696,-2.055163997,-7.429329845,2.508513467,3.016488401,6.006113665,9.785224747,20.07218294,18.4309222,21.6671213,20.32055101,13.4923329,6.694630272,5.443580436,4.222818018,0.321186939,0.333839539,0.621040802,1.220468952,1.603454392,1.810736051,0.034692539,0.001040143,0,0.001782967,0.766233051,0.642701953
2010,268.6793544,49.4656645,25.24921432,65.04125482,85.42724955,149.7609713,214.8737059,127.8636691,127.075514,112.175206,51.63531014,40.31112476,82.22104642,-11.68424164,-9.696029624,-0.633778003,4.623518718,9.489787262,17.03085708,18.72145067,18.36131386,11.98626476,3.41296846,1.591727098,-7.293004218,-4.480244736,-1.315228446,10.50523781,20.90453664,22.43377054,28.26319125,29.91337294,29.44952138,24.84397064,20.32479745,12.17150684,0.054749491,-11.88201222,-10.72907333,0.080591425,7.696038106,11.43225345,17.72667255,19.80392554,19.03467123,12.92755862,6.053135595,2.491648724,-7.006900314,1.204664786,1.937623563,6.664147292,16.4249864,15.70915323,17.09394315,19.34341726,17.99870069,16.85022741,16.60311202,6.997565944,2.015895614,0.263673573,0.336939736,0.692859,2.16144005,1.492958074,1.476715529,1.87031477,1.531433783,1.428959609,1.487174942,0.939415234,0.407167198
1954,430.3352046,39.5001522,32.24630418,33.29870212,70.37391111,75.7279899,89.88098685,43.78495671,106.9130433,88.54650618,111.1724599,22.65081009,15.76430636,-4.885018591,-0.538657463,-1.92222013,7.879814091,8.203631089,17.00369419,17.34264806,18.75081814,13.11961758,8.959682249,-0.716239684,-4.202706193,6.40951383,13.29273128,12.28123054,23.79736902,23.04356951,32.68273754,35.9766475,33.05821409,30.94687354,21.16055695,15.08609651,8.838971395,-4.6731238,0.65710913,0.05014939,9.413679934,10.12383107,19.23257032,21.78047723,20.74776882,15.954114,9.762163803,1.718496814,-2.756240237,4.034373438,8.088853022,8.162500958,16.97186661,16.21033495,29.64414879,38.42105233,27.88459703,29.52966788,12.83924654,11.13081533,5.999159141,0.485158095,0.863796474,0.899836632,1.651493135,1.464574239,3.296746836,6.019487998,2.632497332,3.204367534,0.948278727,1.277028461,0.74654721
1944,344.0675019,8.172940882,70.19541363,71.87144693,182.0494358,125.9722843,46.69408549,72.53281825,100.5298522,76.53993974,20.50153996,39.55786549,43.93804445,-3.925625714,-2.66773634,-1.419317062,4.470431515,14.07295273,16.93062009,15.62856451,17.46275084,14.18462443,6.298514668,-1.526916003,-5.647053219,8.260627289,9.898724209,11.76003013,18.6559841,27.00216337,32.71979699,33.43839715,32.03097607,28.03513213,23.54736162,12.53797828,4.964294661,-2.914536812,-1.697367838,0.056145329,6.543139059,15.11780654,19.24752446,18.21342438,18.70557383,14.86818905,7.127592444,-0.123392103,-4.603035081,5.411833343,6.254336233,6.535086488,10.95892076,17.95710551,28.63571643,31.93230056,25.08637377,19.43606815,16.97521916,8.144627281,3.984987823,0.70450721,0.627929709,0.8949037,1.343718904,1.390723236,3.031870578,3.538220953,2.112903775,1.119007576,1.046382994,0.97937222,0.618081211
1955,349.8762614,30.72913749,81.69912235,75.79825387,73.21405545,64.08341947,77.77911801,111.6131943,41.37725031,81.3603666,87.72560828,32.55922811,82.59726839,-4.426780856,-3.381137186,0.394048295,8.674669826,12.41287836,13.72116963,21.33688714,18.2918234,12.9227797,7.638870522,1.16678742,-2.635884975,5.814865986,7.633776856,13.7567468,23.13379583,26.0926037,27.60125199,33.70437529,32.85869293,30.52207522,20.95706007,13.48372919,6.585989368,-3.519681896,-3.10203778,1.348442043,10.56227885,14.01473281,15.45855875,22.10021331,19.92247556,15.09076905,8.484577199,2.354115401,-1.294712199,4.122841432,4.828535419,8.938940198,16.6522226,18.80101878,22.11090459,26.29320866,28.73633691,29.17788508,13.40300136,8.294146376,3.859923602,0.66371382,0.627184117,1.030580463,1.89236698,2.199431116,2.34957232,1.914292559,2.660395362,2.651695542,1.387502414,0.774155713,0.561345157
1967,323.2937053,54.17320799,44.60923044,71.98186641,97.70941752,103.9170745,100.0529397,114.2773645,48.76781634,83.3875685,96.87759781,95.92546375,70.13508733,-4.861284268,-7.872617329,1.891202681,7.342036764,9.319713066,16.94448445,17.22238422,15.64389748,12.74184312,7.412774982,1.827176701,-3.696964602,8.260649034,7.353026004,16.26875507,22.28544167,23.32951024,28.97540671,29.54808356,28.6078826,25.39728708,20.68563659,14.77324691,7.199730302,-3.497582685,-5.602591317,3.530826178,8.692776924,10.92591217,17.48696093,16.90178675,15.63844126,11.99567689,7.428143641,3.127209451,-2.285159176,5.590878767,5.960746478,10.29695242,15.2291956,15.73278792,19.93748274,21.76101038,20.73641542,16.72841335,13.34147615,8.318314472,4.566752705,0.861989051,0.961214766,1.216784231,1.552328711,1.773702631,1.757926043,1.334197901,1.0579691,1.075246836,1.136922843,1.100811755,0.873133872
1982,331.2626534,132.6935375,37.50332871,64.09834185,58.52093058,126.1352831,117.3861076,105.5291854,97.37107027,105.1792632,74.10250279,44.2474958,55.07691679,-10.71329974,-7.146729991,0.178573839,2.360614689,13.1132871,14.62890607,19.89242441,17.87829605,14.37526913,7.616738886,2.929141672,-5.534011656,0.765254582,4.263182866,14.25909991,17.18357898,27.47643055,26.73883093,31.41857425,29.19438405,25.73789904,21.20811014,15.09930359,4.78220338,-9.638318433,-7.591637843,1.484729491,4.392559068,14.50863505,15.29338764,20.07841112,17.13847124,13.3758271,6.988379409,3.606090206,-4.637148913,2.699566122,3.697956632,8.637166902,11.6806289,19.99636707,16.47942369,20.11256641,18.33842502,14.42651187,13.33552901,8.073305879,3.758249575,0.491091974,0.538206395,1.030738152,1.390645098,2.354600256,1.913680314,2.183168772,1.280666256,0.695408167,0.898159864,1.033394659,0.714962508
1928,322.5365938,43.11673367,61.51839951,45.17897138,100.153804,66.99335609,233.4751546,81.98914329,105.0678732,32.6745244,86.60267719,145.674948,77.6947249,-5.216368422,-3.15623769,-0.852170068,2.811245071,10.58386389,15.29259896,18.5188968,18.41693952,10.87848284,9.267549967,2.603851125,-5.752184504,6.412080906,7.904851708,14.14251239,17.09901162,25.69227673,25.82477099,32.07263574,31.06726513,26.28987616,22.63891588,14.81125977,6.01889306,-4.176695567,-2.006699908,1.130412936,4.945469421,12.18327228,15.31845137,20.05326566,19.51019516,11.44774118,10.2364698,3.541808168,-5.115311557,4.696357146,5.024472442,9.263006754,10.81110642,18.77395167,14.62880286,25.03240615,22.48944807,19.74856255,14.41657899,8.390903182,4.614870227,0.906145929,0.955211044,1.273837737,1.484770852,1.655475068,0.877009566,2.165815238,1.726149783,1.131953774,1.223584553,1.048737293,0.817383656
2012,392.1924205,64.26820029,51.29586251,77.81217408,159.9051312,31.33429133,37.17445376,27.93006807,81.10367994,184.621794,90.29606002,134.6883338,88.88921213,-4.059096115,-1.977360095,6.861708069,7.000295845,12.53169986,13.42040279,18.61685699,15.0678652,13.44691447,6.228263492,3.35191381,-0.716843475,8.042147517,10.06528847,21.25672761,21.42744094,28.61652718,31.26427759,36.56169286,32.5280425,25.89858268,19.30980634,14.59334915,8.773497743,-3.187171754,-0.726718388,8.258842115,8.243485046,15.22727594,16.65854849,22.60166542,17.89420021,13.56299438,7.500953099,4.820384209,-0.508061363,5.90600294,6.829302979,14.60656106,14.8890574,24.8312484,30.59011321,41.05836199,32.88151193,16.76023576,12.11946696,7.998513791,4.756370663,0.641986697,0.691331488,1.344647313,1.030096268,2.339047528,2.862244653,4.093270951,2.016722359,0.620517236,1.098136657,0.973941469,0.390461109
2004,331.5753383,95.13678591,25.7241204,102.2490083,33.01376613,216.7932207,69.52897421,169.9663672,100.4480469,2.699877185,125.2806763,159.3058178,70.91441065,-5.836178243,-4.422467933,2.375479812,5.343824182,15.87053353,16.57680239,19.40273522,16.98549058,13.95128115,9.125616852,4.163751968,-2.119484883,4.50479136,6.264779001,15.50358154,20.00487342,25.95588307,28.06517672,29.32085438,27.9032834,27.61342183,20.69406287,14.69032433,7.595753383,-5.429808811,-4.431623073,3.789971453,7.766387953,15.46211559,16.86130092,19.14515978,16.07978055,13.43097082,9.540251407,4.234337379,-0.98084325,4.155485865,4.790476537,9.837874588,14.27032586,13.73669998,17.42902658,16.22158109,16.08505348,19.5627053,11.76087171,7.822474941,4.670445629,0.410454452,0.358549113,0.69711122,1.373019282,0.777548254,0.805018156,0.464277973,0.458512744,0.406519898,0.553812663,0.578224062,0.581687848
1966,339.5925977,100.420205,98.73542256,30.55886872,197.4034377,141.9530767,53.88175312,34.644943,78.32996139,78.55491402,43.47720865,27.11068405,33.98008137,-8.044095257,-4.186453746,-0.083590837,4.806585422,9.467708706,14.08551949,18.88211225,16.65433386,13.15146176,4.454716784,2.673673069,-1.052764801,3.368844926,6.297804918,15.38444563,18.32870198,24.87601267,30.30201675,34.75926289,30.44193942,25.968322,20.13112176,17.77246397,11.50520059,-6.478249155,-3.349629556,2.469888549,7.006004225,10.73882715,14.93504965,20.53096253,16.64346634,13.14471518,5.324178214,4.710504533,0.691006343,3.861604495,4.411867736,10.59552881,11.33525857,18.49607342,25.94693701,32.77492195,23.31773346,17.33567651,14.09760668,11.64723059,7.040080323,0.862058273,0.779338074,1.51724934,1.690463073,1.738738127,1.552842575,2.794322305,0.900526227,0.793930539,1.166841695,1.419295649,1.27939709
1987,316.7584397,21.24699059,80.27296367,72.73207487,67.25339348,52.82164541,101.5491332,164.8481225,36.4308698,42.31902067,31.56655416,60.99182093,65.16351133,-4.639201063,-1.623129167,1.225249296,4.317846232,14.14618905,17.41242013,19.73809679,18.29786213,13.02894627,2.232860462,2.329273523,-1.990601521,4.721684782,9.181909906,15.88731943,20.0356885,28.59304188,30.75157176,31.3708599,32.40536389,29.23457346,18.49322226,11.46490116,6.710788847,-4.390169121,-1.519966696,3.019321714,5.942322866,15.27843554,18.44097629,19.67757468,18.83316408,13.80073694,3.673911544,2.108316322,-2.378189206,3.51885323,5.385141723,10.64753093,14.67720576,21.01999271,22.03060852,20.07752128,25.76028794,24.53373134,13.34515602,5.195565437,3.584175328,0.416978555,0.371495548,1.143748584,1.475707946,1.645400194,1.893979882,1.147053215,1.829459462,1.207804682,0.974972295,0.333452924,0.270771708
1973,369.941785,82.96897553,36.27373777,163.6949648,189.807458,170.4630321,111.7823349,73.84029294,45.22437801,45.83361128,75.96672143,160.5124597,119.1573098,-4.071283375,-3.596609467,5.907243892,6.56770391,10.30281588,17.84940516,19.50149627,18.52717339,17.01779402,10.90242811,1.797282726,-2.749284488,5.855594167,7.904245122,17.00498968,17.9535147,23.13113243,30.09372715,32.23358011,31.62844473,28.40381478,23.89317243,10.29010087,5.854086141,-3.46367245,-3.155035368,5.813259932,7.851666302,10.93722589,17.74165303,19.58720989,18.22000226,16.53632299,9.900254768,2.596425511,-2.781098423,4.02403084,5.249202137,8.939228854,9.75355777,14.5796413,20.68706977,23.86959771,24.26191418,18.05727255,15.70866021,4.914574536,3.446124872,0.628857658,0.637499464,0.751450714,1.371356711,1.279064908,1.653190663,1.83903806,1.542615459,1.179600686,0.765394877,0.904510283,0.609921789
1931,321.2568991,20.25605166,59.41749862,95.71007098,88.78601882,87.79683436,56.66963353,46.27765518,134.2240858,93.09386068,57.70539618,46.37007243,34.97308125,-2.555642431,-0.536062755,-0.778457048,5.071954386,9.531694874,16.38962948,18.57411673,17.4837452,16.37250743,10.11658089,1.384470449,-2.953434525,8.547185181,11.53970421,10.60278474,20.47534867,23.8104261,32.65774887,34.12606435,31.02047479,31.37376247,24.24715767,13.98525872,6.609491381,-2.228163945,-0.258459492,0.249787211,6.962909537,10.6022232,17.84728812,19.56500225,18.20999664,17.30940035,9.743177138,3.111887542,-2.133620349,5.329303524,6.895351999,6.204899672,14.13339249,16.36993356,29.73712933,31.16745636,23.78762973,26.16427441,16.70325162,8.276364458,4.188054118,0.836274052,0.898032731,1.013311385,1.593335894,1.335417619,2.012426806,1.624338876,1.400307229,1.536439326,0.557743898,1.292238544,0.885457669
1948,316.9557675,70.02802254,78.47966605,114.1971014,110.5561447,119.1771209,91.73089996,138.9359377,41.74847544,96.1366309,59.72920664,73.03797577,72.67012037,-8.417571711,-2.792012877,1.699208695,8.12171424,10.91469295,15.67702484,18.97543632,17.24421871,14.29021107,5.91200609,0.453222024,-2.640262498,2.39795185,7.53672524,14.24750562,22.39677214,24.68669803,30.56229119,31.80656665,31.77244369,27.7859452,20.3066364,10.80922884,8.937819841,-8.24249145,-3.281294961,2.54758474,9.427841641,11.15255075,16.45353009,18.46840837,16.42329886,13.35318557,5.262133974,1.314505648,-2.146847545,3.310458147,4.425128044,8.023197939,14.54564991,15.97271355,24.19391251,23.21342295,26.29748234,19.837867,13.43611782,5.780202439,5.383754371,0.338055485,0.318034994,0.794372399,1.63761902,1.290669579,1.645749416,0.726230956,0.745698236,0.261581608,0.44659624,0.701221174,0.651809354
1999,395.1638978,167.7879252,69.40719399,80.11910902,133.5808681,62.96971288,110.9088735,93.92855001,19.13692802,13.70933592,63.52051193,58.41287372,90.45213574,-2.838752439,-0.145014323,-2.253095423,8.635020924,11.46497865,17.5507519,20.44487412,16.40038255,10.26181951,5.857935648,3.395076094,-0.355371331,5.936169478,11.10576574,11.01644943,20.42946539,25.19532438,28.99839315,32.61252128,31.82799771,29.98285619,22.62043674,15.80213108,8.952526242,-4.011288115,0.051690662,-0.240085535,9.567494777,12.08956758,18.38810674,20.25554445,16.71895345,11.68389888,5.926599916,3.028469257,-1.153217753,3.408315743,6.343075267,7.875329291,11.71135215,17.38155167,18.39578527,23.87164123,27.73018363,30.5288941,17.69974493,9.043831682,4.835822327,0.254028159,0.472842024,0.802763596,1.028292108,0.775225781,1.086072521,0.647974826,0.888564399,1.327503974,0.58801991,0.558452752,0.290437691
1998,405.0494952,77.59757737,76.53348144,90.47032784,163.0185343,105.6003958,255.5732745,96.39524976,65.47601111,18.87602468,116.3522935,59.86159256,68.96417533,-0.08308096,1.199247729,1.253526378,6.213822834,15.05749254,17.98504414,20.06975718,18.96524102,15.82889998,8.958101583,0.879515643,-1.669626211,7.184790734,10.55969965,12.14029899,19.17586197,26.56322152,29.34459635,30.18149887,30.55272519,30.64830969,23.28246262,10.26533263,6.251502859,-0.629493954,1.182379249,2.328710491,7.225801109,14.21035518,18.68404617,20.80504349,18.67969309,15.80858374,8.54599116,1.002741226,-2.03351868,3.319531444,5.736750262,7.597048829,11.93230527,16.75965973,18.54757201,17.76852823,20.4987023,25.33998071,16.04846218,5.705114605,3.548221672,0.119856493,0.201376174,0.995202942,0.804381608,0.06378215,1.376709559,1.153248045,0.508334151,0.603305206,0.545663197,0.37567942,0.07052434
1993,341.5168608,123.4499631,78.11538343,57.13442492,133.3085335,100.3761413,127.3047993,121.6828707,70.80566519,187.2085941,92.09172853,122.116565,37.23006753,-3.032088125,-5.116787919,-0.164806201,5.087792671,12.00958257,16.7981821,20.63527012,19.26403337,13.24078207,6.479542942,2.441265942,-1.925905155,5.47080107,5.682102563,10.42364458,17.32440641,24.29710804,28.34507384,32.70553328,31.20761409,24.5420423,19.65678846,12.12909606,6.575439809,-3.306034524,-5.682842131,-0.085730685,5.481016089,12.36992579,16.74051049,21.63168703,19.01264978,12.78882307,5.466590779,3.355010685,-2.740521551,3.22866609,4.751106056,6.121511984,9.923824369,15.23063918,17.74109253,23.42222428,21.78301492,14.09834821,12.19140302,6.154747391,3.528473068,0.310891701,0.193112541,0.399954297,0.862299055,1.076908723,1.149976794,1.949086264,0.813429558,0.845726758,0.368146269,0.55986703,0.197691675
2011,378.2413633,45.58160391,97.67573936,123.2289452,366.1557857,179.6129834,223.3606971,107.0955862,35.31437778,175.9283368,57.89711636,175.0235121,34.91277927,-6.03573823,-2.479448171,1.606550207,8.133037229,12.3584059,17.74741955,21.66421814,18.35385007,12.58535411,6.007562038,0.338387394,-5.641948287,3.247136991,8.100346819,13.0559332,20.7566893,23.69049873,30.71734114,32.99545212,31.64260277,25.3725922,21.4293751,15.54512449,3.183111262,-5.738903111,-2.298862464,3.05379466,9.272873517,13.59522976,19.61367574,22.11997414,19.30047975,13.47205271,7.428182203,1.972194762,-5.115261153,3.394918124,5.494400051,8.320824603,12.39336689,14.79875494,23.4857693,23.30123487,25.16594422,19.04771923,17.17547311,11.18528217,3.097530057,0.474603079,0.771269256,0.96642223,1.290996523,1.328379054,1.884606023,0.578333688,1.106559623,0.810081301,0.821500705,1.1839764,0.451086191
2013,335.3056477,164.5622298,77.4840991,112.4505159,95.92212211,122.2650929,179.4853885,115.6477894,56.48376405,32.40420285,102.7649126,39.15254117,103.4491445,-3.107228026,-3.400874842,-1.930279637,5.292229761,12.50177938,17.48393373,18.32717777,18.73055439,15.61995143,8.886142525,0.278879907,1.390278553,6.029530012,7.045234093,8.187619862,18.71973985,24.6290862,28.6639788,28.45417209,29.02153823,28.05543307,20.28585421,13.12952003,10.83626892,-3.562507984,-2.953401476,-1.104144254,6.478039409,13.15681136,18.09966617,18.35754393,18.22244114,14.47634954,7.954768813,0.236937181,1.098794369,3.672949078,5.140264342,5.389167442,12.0140502,16.3555858,19.24408784,18.07496387,17.57922555,19.70945116,11.61303797,8.799031834,5.347722436,0.289603318,0.357869546,0.432487154,1.2253559,1.367468478,0.764941456,0.323054477,0.193801062,0.260559877,0.25295828,0.466491453,0.519163734
2004,322.6153658,85.4095714,36.12548283,101.3212852,84.90070715,183.2282147,50.37133557,119.5343235,59.36547342,1.815389183,127.5828574,137.8484197,55.80254045,-4.860608654,-4.060914385,2.340203925,5.074707823,15.38924499,16.62734578,18.38334467,15.92136538,13.29130531,8.707735574,4.77113197,-1.973091716,4.320263664,7.133297468,15.88071525,19.88499735,26.16552567,28.01145149,30.0379672,28.512045,28.42482073,21.82043687,14.8131759,7.682511278,-4.892861357,-3.965594964,3.895592512,7.473997188,15.78099734,16.85165358,17.82303482,16.01124287,13.42192593,9.277536239,4.544417128,-0.872363206,3.411173307,5.205435247,10.36653893,13.87496512,14.56396202,16.95684785,18.97871621,21.57462956,24.52245279,13.9285119,7.746887273,4.605512458,0.317093979,0.360084052,0.859359068,1.265682996,1.52875924,1.075842947,0.394117496,2.317556131,1.472361942,0.842003694,0.523026939,0.513306044
2015,340.7151201,78.34879005,59.90204263,180.9772725,168.0602856,88.18829087,226.4842114,173.4100271,57.36297413,64.88557012,34.43931766,58.98778117,64.93878963,-5.45500052,-8.925258201,0.257529596,6.910262974,12.75386796,18.49812053,20.62056646,17.60377675,15.28248895,7.713221544,-1.705249824,0.865966928,4.839428396,1.815247159,11.4822066,20.72107797,25.09844396,28.75165394,30.34311902,28.95440545,28.33471661,21.46131681,8.868587332,6.995512993,-5.081476029,-9.371603712,0.237694921,8.439682211,13.81959502,19.04735362,20.79282218,17.1402089,14.96851521,7.857634094,-2.002186134,0.302688445,4.091481981,3.349738208,7.03480966,13.46303982,16.18405542,17.63415167,17.07503323,18.52561409,20.56548855,14.0242666,5.937096463,2.860653489,0.354030757,0.436141306,0.536503133,0.892337775,0.846261364,0.597127474,0.597009149,0.319969808,0.438404267,0.597105008,0.612125137,0.28236707
1961,195.5686316,9.989689144,41.01125199,96.31074486,91.34216298,122.4565022,68.37088239,168.2702069,95.72831839,154.0983952,63.30585435,54.4702893,40.22838463,-9.22120177,-2.957115131,1.093664836,1.957957921,7.190865459,13.75960475,17.93888849,18.05457676,14.7188558,7.416864965,1.01020087,-7.988191774,1.56992514,6.536286772,11.91541731,14.61216639,21.10151068,28.647531,29.95594262,29.12900825,27.6641317,19.99620573,12.64750449,1.923984603,-8.828207509,-4.443752195,1.404831386,3.124006225,8.074940448,14.6214218,18.04838538,17.27277784,14.59397442,7.899195973,0.742342952,-7.645090836,3.279515309,4.026189465,6.626637696,8.774601963,13.45660997,22.42949196,19.59241344,18.10696432,18.56113169,12.32805245,6.736887736,3.197776573,0.51875478,0.353808297,0.599742713,0.961550791,1.613980932,2.120491936,1.397217611,1.01813493,1.254762295,1.139044,0.661340512,0.60811109
1932,149.5953655,58.57501797,32.00902156,40.60485608,47.11379353,50.70754807,132.5246407,76.70881757,158.7742773,51.26539375,87.84602002,116.321453,61.36913427,-2.037703893,-2.33598505,-4.379019213,3.215336943,9.554840147,15.64981497,17.67060165,17.56400381,11.68844512,5.394343159,5.123473447,0.520750349,6.310521564,9.443427004,6.992287257,18.9841355,25.35117877,29.71674302,32.07666371,30.00090885,26.13602041,19.4291961,15.94035743,8.608197847,-1.707562574,-1.523852988,-3.670480223,5.564579561,11.46987179,17.00331624,18.86407416,17.84561716,12.36809058,6.281524619,5.889984655,0.728646044,3.650295626,5.908589461,4.878143508,13.13309467,19.15242254,22.71325825,26.26625172,21.1775195,18.93539424,12.49092417,8.421887299,4.177751716,0.781155261,0.904004572,0.843240828,1.762478462,1.991567524,2.024550353,1.99440647,1.024661651,1.23604059,1.116330488,1.081085125,0.79856663
1930,221.1768194,98.30322636,49.46773726,35.88425422,56.76611485,40.35211183,76.60843961,19.33294508,46.92611676,78.3727917,46.44764437,37.23483851,37.21497512,-10.49584967,-1.06284377,-2.69528329,4.421230939,10.40934328,13.78908052,16.74990341,16.69861585,13.70983906,5.700841584,-1.798296299,-5.417387988,-1.549349478,9.685098922,10.61425161,20.4511675,24.34867739,28.86852561,33.61115769,31.9908571,27.92190577,18.30877855,8.098768731,3.591523931,-11.29984107,-0.474682574,-1.524193646,6.910617319,11.92971265,15.23437786,18.65622715,17.88263617,14.63404373,6.331762486,-1.402444184,-5.49567596,2.157680618,5.599793272,6.914740916,14.48490239,16.5993727,22.70374642,31.7440537,27.29026325,20.66839169,10.84692906,4.752901432,3.197949641,0.5493256,0.875273648,1.024815405,1.931975971,1.761917908,1.949569891,2.749618094,1.91443304,1.493802117,1.015001581,0.870942649,0.686975349
1966,204.4033192,17.25340441,57.6035741,41.05884669,146.2876231,98.96580884,52.9265675,31.91844792,93.38793268,130.0978629,53.65512967,20.74719333,62.43540219,-10.62839783,-6.694436265,-0.27101787,3.52801149,7.999293538,13.83207799,17.9428067,15.77616844,11.41831849,3.476845401,1.836744039,-1.008808763,-0.121634832,3.710511998,12.06261879,15.35368211,21.32999699,28.84471709,33.95269403,28.66787406,24.23927564,18.28431758,14.08895988,8.295716292,-9.579704061,-6.399825776,0.299480832,4.441725241,8.630294056,14.63898791,19.56397141,15.36609222,12.02765517,4.541279605,2.408333252,-1.117111911,2.738923758,3.632127083,7.265476692,8.682742237,13.55945069,22.68768142,31.27183991,20.22736493,15.73777125,12.12344644,8.197452783,4.561641921,0.80488233,0.717161799,0.885176619,1.098384642,1.106087446,1.477068196,2.702862218,0.442372538,1.207206594,1.187465092,0.919069261,0.620764586
1938,188.5628229,49.61429035,57.83030395,124.0601613,94.32088974,135.5160149,116.9836222,83.56907579,78.46659111,51.1487916,51.88579511,42.82391401,53.8283285,-6.061842117,-1.205151855,2.832380503,5.267880693,10.76935376,15.05342037,17.99260154,18.56048744,13.84327821,7.040422546,-2.269201313,-5.555993029,3.123574863,7.886415649,15.80300706,18.29981752,22.99623452,27.8121856,32.25835287,32.12284437,28.06138279,24.12447985,9.678256387,1.476407987,-6.027727472,-0.297465734,4.053301421,6.811627154,11.68761256,16.12362855,19.31045918,19.81591131,14.80996176,8.948200583,-1.756129777,-5.075252474,3.153192048,4.340376342,9.439514935,11.14913097,14.04701442,19.05904117,26.2950598,25.27830515,20.84619438,18.77042168,6.080263816,2.200842379,0.712644858,0.916091243,1.152558538,1.477958913,1.333791484,1.647276813,2.127338027,2.082396344,1.508544718,1.786988956,0.877567285,0.775781016
1976,187.3070624,20.21779969,71.86667448,123.4183414,35.55709578,61.9336627,44.80564,68.68424688,63.0400489,52.28660401,86.27832335,64.59978247,49.78468784,-8.591182291,-1.512400712,2.346851702,4.993420213,6.882705662,13.55275621,16.84721919,15.20907844,10.18077431,2.850048906,3.617244479,-2.732677636,0.671264833,9.917251427,14.55393136,19.77317424,22.31873335,29.00191698,31.72513822,28.47436558,26.47964278,16.44482475,13.80122801,5.144370401,-9.328556472,-1.758800742,1.637306511,5.927104431,8.551012031,15.45934737,17.86769089,15.20935818,10.92984382,3.382289114,3.249160611,-3.194513288,2.304040468,6.409281566,7.447783774,13.16850424,16.0496978,23.41542911,27.04656066,20.27295015,21.52662389,11.93038445,7.016583396,2.869611258,0.376906354,0.697189759,0.739284041,1.336671125,2.051421793,3.210538264,2.90596976,1.852302286,1.670113436,0.794142207,0.708421837,0.422188447
1970,222.6475623,10.14138752,16.62008919,53.41779398,161.731109,141.0755233,156.4438726,55.78006131,101.6345931,175.3193203,83.98747288,30.73482838,33.41537174,-11.82761097,-6.948866916,-2.345780973,5.391433116,12.24234586,15.72361989,16.58566808,17.90862123,15.11048324,7.28723886,-0.582474171,-5.331603917,-2.690068168,4.151510368,8.126994986,18.23216423,25.42293251,26.64991943,30.64877291,28.91454083,27.41091332,19.13480166,9.957322713,2.151213732,-12.20958527,-7.084032169,-1.699317367,6.156420061,13.09020594,16.17348972,17.8350409,17.86959114,14.66070043,7.766493614,-0.654680253,-5.657524646,2.001400618,3.917384168,4.960284774,10.98991076,17.02773285,15.88530732,23.87771238,18.19031518,17.98634688,10.86665823,5.633175355,2.489382587,0.583783809,0.65546119,0.867184971,1.1037481,1.485143374,1.290568,2.196639311,0.871244794,0.472216116,0.993223375,0.6880238,0.597626475
1994,171.4988527,35.6579788,23.91903299,35.06143615,221.8550062,81.60198308,99.73151304,55.21245011,76.17484095,51.48062549,51.18086847,93.53661791,30.64201037,-9.383543051,-7.384444885,-1.874683682,3.239285791,7.584643191,16.59546153,17.67012182,16.21205186,12.07707148,7.104698114,-0.932602077,-4.176459131,-1.650751313,3.059815767,11.65135552,18.5356665,22.91704352,29.84735027,29.69429842,28.6970503,25.40337125,20.63291739,8.992533513,3.706836806,-9.67418243,-7.207822467,-0.670992347,5.385318234,9.236193212,17.58401505,17.46013787,15.82358507,11.97160537,8.043312832,-0.113599757,-3.377405887,1.622704012,3.748280918,8.16985983,13.06431229,17.37658015,21.67831455,19.3013315,18.79894288,18.18845822,13.55124639,5.054117227,2.844727307,0.307489941,0.508391258,0.793303986,1.758246033,1.786935548,1.540652711,1.019218006,1.134309475,0.817589665,1.047204761,0.671070288,0.462412071
1993,187.620778,95.87739968,44.67256622,72.30735516,132.7066917,53.78004187,123.0026204,193.5038636,125.8692226,244.1981803,66.48353667,194.0284043,66.66902208,-5.742105639,-6.860916304,-1.517849795,3.980293439,10.16279648,15.27522734,19.90857251,19.23995172,11.55275478,4.471758909,1.761159542,-3.555752857,1.848213241,2.288395791,7.250814886,15.6891213,23.99530187,27.68266386,30.1397135,29.78464992,22.46892163,17.97514407,8.778787228,4.151143405,-6.452703855,-7.258876527,-1.90147018,4.890671216,11.71143187,16.19412856,20.22731567,18.99870268,11.48022509,5.22221529,2.041012083,-4.048279927,1.991943331,3.18706274,4.209428618,8.546439817,16.02451792,18.43390801,16.84649028,17.09430571,11.73767055,11.49645171,3.222185087,2.555289777,0.281630795,0.196435441,0.208288084,1.006146771,1.726726557,1.596527477,1.360316826,0.817366039,0.765831904,0.964525301,0.316334223,0.25588802
2002,210.4126178,62.7930021,52.95822977,64.71032404,175.2512501,229.660012,141.9790969,84.43437068,124.6183382,40.0045049,84.35915866,59.04249129,55.42531968,-4.94602716,-3.89561975,-1.984755184,5.876438644,9.68971995,17.04325566,19.49673204,18.9058284,13.80636485,5.858824112,2.857313744,-1.829510684,5.658110291,6.37361377,8.4123035,18.07433793,21.02753767,29.30882175,31.43060796,29.18942866,27.49954877,17.24796145,16.53016307,6.77412431,-4.514607213,-3.312977897,-2.205419647,6.02006591,9.539942726,18.31544088,19.94840442,18.61184389,13.31699715,5.271254895,3.65708275,-2.345319622,4.735432237,4.578432447,4.905805758,11.13235504,11.21584579,20.85606427,21.68342697,16.41126586,20.17693598,10.79887593,10.71435883,3.603539651,0.481744632,0.526183335,0.364534346,0.785571223,0.496870359,1.226857584,1.037882914,0.614729358,0.503197765,0.197567258,1.01617052,0.367972916
2010,223.5468259,38.47497611,52.4540626,71.55978833,90.47906377,157.3254221,209.5887298,149.0937408,84.53837668,153.7345292,32.26654165,99.12303425,114.4261522,-9.286884926,-7.802620305,0.776232459,6.177597422,11.46210782,18.90168942,19.550227,18.83938679,13.04269949,4.240197093,3.090381491,-5.295306021,-2.563865945,0.440189999,11.9708258,22.28986643,23.30092306,29.48687264,30.49666159,30.8951284,26.33030997,21.7444933,14.00355162,2.548264764,-10.01589839,-8.638204964,1.316162182,8.474930281,12.3599248,19.17142592,20.23175387,19.14577098,13.49462681,6.152392358,3.527578892,-4.98063297,1.298358404,2.273252638,7.448287243,17.35645562,14.89435002,17.84152688,19.40353926,21.66863698,19.21620811,18.4397837,7.862059551,2.651499287,0.201206654,0.310238635,0.594249722,1.795581449,1.159737582,1.142812708,1.419241272,1.197985804,0.912127806,1.162943288,0.758265415,0.348394713
2006,199.3407744,42.65417733,11.86401137,93.45500264,89.17819596,60.21575976,60.25279328,101.9141866,87.73370546,57.30756783,77.15464404,113.8070638,35.9862562,-1.015967629,-7.604132506,-0.589271602,5.1573991,9.28070553,14.16260521,18.58366355,18.08657498,11.50209633,3.637992089,0.502519364,-6.369008063,7.387239116,5.410196872,10.78470125,21.55746929,22.71832051,28.17232732,30.9481821,29.60669141,24.3791804,17.34892934,12.87927732,0.81484166,-0.612905958,-6.853479315,-0.144675519,7.283488059,11.63837489,16.19007467,19.38433059,18.58442616,12.01294875,4.759505888,1.765578786,-6.707962237,3.816332827,5.451405008,6.415464732,17.05927653,16.46521147,21.92151125,21.50441512,19.6158639,16.70130405,12.93691134,7.724229365,2.01630719,0.544170958,0.496257514,0.616716152,1.760034576,1.747694085,1.892999746,1.539902204,1.572344559,1.058899774,1.071696943,1.018844636,0.270740064
2013,194.2617222,76.68657823,67.45008745,73.42330946,154.2505772,229.0878084,108.7887146,64.17711282,12.04742358,36.31275994,66.11976793,33.6487228,58.16213856,-5.718364622,-5.80689111,-3.916728861,3.300122899,11.51132019,16.12152351,16.80662655,17.04520816,13.86434154,6.545475908,-0.557388598,-0.719454116,4.233829938,3.512623487,5.761552159,15.92462663,23.41227598,27.73288307,28.31915907,28.52230844,28.00693041,19.20092751,11.34574283,7.707313929,-6.454100241,-5.970258295,-3.172433601,4.516981292,12.32014447,17.03508224,17.54038027,16.72685108,13.87200768,5.987368768,-0.484132446,-1.080564029,3.393469696,3.367543692,4.332005393,9.369705648,14.57254926,18.21669585,18.95605511,18.62672975,21.60306326,12.46201821,7.193143529,4.124606811,0.403187957,0.330501806,0.576444784,1.04405758,1.509452326,2.027500301,1.901418606,1.22173728,1.194117455,0.6819805,0.892511942,0.448791581
1991,277.358006,30.02624637,11.64710062,71.73231771,89.12473413,230.0673686,13.15500743,67.18260492,82.73239176,111.4492314,211.24874,103.591659,97.92283189,-9.010409519,-4.525917956,-0.063825143,5.616998516,14.59289903,16.61659987,16.84396361,16.58397369,11.5833718,5.633123396,2.394896589,-6.096036417,-1.219059786,5.91320361,12.8944733,19.76000469,25.46459272,29.97953422,30.54903148,29.86694853,25.91096324,19.30631671,14.61599042,3.506250348,-10.08184596,-3.782360612,1.263130921,7.392425403,14.05395504,17.92747161,18.31142312,17.34794197,12.8232882,6.590868715,2.238154371,-6.40909062,1.687831599,4.068522189,8.242010644,12.8461769,13.66818888,21.6850087,23.54511498,22.18495745,19.08876847,12.03905652,8.2284731,3.31313166,0.199473068,0.553683652,0.950543383,1.429930848,0.426907962,1.840196355,2.091648329,1.516928707,1.44707044,1.069053686,0.711795514,0.430937754
1969,258.1220947,84.38623421,48.78082061,51.37107154,103.7641929,70.49880776,132.0067043,189.2205299,53.57870842,93.76411466,206.2246984,89.88420719,65.21169972,-9.608712009,-5.00546827,-4.939205322,4.842035908,9.707165083,13.60744699,19.68941222,16.89090976,12.83806217,5.252321804,0.575146899,-6.351987909,-1.036624294,3.395098158,7.227128964,19.03004329,23.57496203,26.93679299,31.11736228,29.91556108,25.79053044,18.13226461,9.557922326,3.047405534,-9.943074042,-4.200361106,-4.339725841,6.224550255,10.75223614,13.84014611,19.63624982,16.61218689,13.11311561,5.960717623,0.761751552,-6.171676989,2.14857728,3.035086127,5.395420056,12.22372487,15.91289905,18.72030295,20.80233105,21.93333236,17.23521832,11.17059917,5.016204158,3.222617017,0.522565854,0.755736941,0.748074266,1.288530491,1.427422102,1.133448606,0.872498412,0.694257239,1.003179165,0.99447631,0.750462489,0.66471541
1953,299.7632164,27.07403649,25.71951989,104.4130295,64.9303179,56.44512091,82.59678121,54.59755436,27.1063555,63.88861079,43.32912679,79.50201772,47.45900296,-4.652425102,-4.548391149,-0.768337027,1.272192428,9.976776747,16.73670811,17.17857646,15.02946437,8.896375978,5.245292998,-1.617562919,-3.657854223,3.123885255,7.978304827,11.08654921,15.37660739,23.85596991,31.95200159,32.60146173,31.84062401,28.94348399,23.24443973,12.97755919,5.104322196,-4.691940688,-3.115280749,0.114850138,3.257900576,11.33270766,18.76292545,18.87987967,17.1033702,12.57875686,8.274816503,0.651051062,-3.251419917,2.357309438,5.196973838,6.722214727,10.00746904,15.63441492,26.19465544,28.23205788,28.97270084,28.30298975,19.57210674,9.18678781,3.368914972,0.384556022,0.698662442,0.645562916,1.13003675,1.931014621,3.474321463,2.580669388,2.907506385,3.534171451,2.534075056,1.106303385,0.355581332
1973,276.5616817,53.21314898,37.25046083,190.9281347,157.8634238,138.4110991,160.8292498,126.6503287,56.63676065,124.0137479,179.6462948,90.58644215,59.42790726,-6.780288364,-4.856206318,3.609723772,4.491985742,8.299562941,15.95471423,18.20558432,18.22871317,15.17729348,9.687534949,0.068751568,-7.035706417,2.739004501,4.698911216,13.4416787,16.18059502,21.6394374,28.70111082,30.1823845,29.77735389,25.79576759,21.70742184,6.38508174,0.854372878,-6.678167093,-5.163274925,3.639796425,5.28198509,9.666088209,16.81085786,18.35782089,17.57781918,14.70106677,9.902653845,-0.678757778,-7.381276884,2.990128671,3.597375757,6.518523342,9.213929339,13.41306222,19.71969979,19.96087329,19.06535622,14.52599776,12.7160843,2.884619938,2.352742512,0.438619951,0.370167298,0.709163133,1.153158297,1.527292516,2.408489184,2.112772378,1.382395692,1.023849928,1.103536129,0.402043071,0.494076452
1932,232.7485186,47.35132011,29.42550184,44.21229387,30.57238945,69.94217099,140.8038947,105.0162466,195.7308349,59.48372431,77.07889618,115.4516773,61.94865059,-3.21580424,-3.483412183,-4.838175951,2.725909219,8.945576337,15.64116269,17.71762045,17.17004544,11.18011362,4.877140757,4.558134446,-0.132802088,5.267082037,9.430073171,6.670224289,18.95006137,26.13114804,29.68907857,32.01308056,29.7613098,25.76265247,19.22109436,15.5938464,7.878187823,-2.823919365,-2.372645317,-4.208457747,5.241736834,11.26353881,16.82905866,18.73370112,17.18497255,11.65938536,5.614070781,5.169504278,0.048431255,3.493113396,6.320301713,4.860756736,13.3408722,20.96526933,22.62269189,26.03991355,21.03536489,18.66437323,12.52768964,8.378142764,3.991383746,0.748150893,0.922588295,0.774297684,1.781146347,2.207309242,1.806236362,1.767215858,0.705163067,1.03424262,1.021702449,0.93432109,0.720076795
1956,278.3352238,8.228198747,29.8530703,13.92554466,82.76971252,73.41767319,73.35466203,90.62120085,150.4327015,8.035174597,17.98411287,17.4026856,8.40368648,-8.35688668,-4.917837748,-3.084146427,-0.070463429,9.894833896,15.6024212,17.39095959,17.48090091,9.215868636,6.253326773,-3.250207941,-8.17586664,2.274835709,4.441392759,12.68452032,18.12074735,26.45992147,30.87548635,30.6629846,31.49242122,28.16389286,24.64369296,9.587327992,3.288280932,-8.476247987,-5.084250419,-1.607983461,3.073103153,11.95204609,17.05951987,17.85037414,17.95449067,11.95039106,8.815286628,-3.101367014,-7.362211189,3.581847267,3.404459919,9.743531799,14.41871399,21.5528204,26.30544373,23.52279689,25.02848611,26.43047525,20.96913271,6.448700436,3.873664211,0.403469698,0.368353924,0.931926447,1.705232188,2.488892663,2.379224118,1.538517633,1.66062629,2.603243261,1.916473888,0.612812801,0.577312225
1935,345.4926811,47.04773838,48.11892637,74.7212451,70.87532459,275.3555543,150.3495471,109.153246,35.10586778,90.57827284,50.71373311,136.7363996,35.61424331,-7.414538812,-3.987862138,0.783929588,2.985912952,8.239004511,14.08356112,19.26597379,17.77932212,12.05924748,5.709460258,2.608262328,-6.744885048,2.821460604,4.973351904,14.05002514,15.16755601,19.2658853,25.97180112,32.80991586,30.79536938,26.35290164,19.48766438,13.19472237,1.563050468,-6.958692814,-3.333043118,2.281527554,4.404516852,9.131782609,14.56185899,20.06675608,18.04923206,12.73325258,6.477184166,3.093172074,-6.309224436,3.42086909,3.585159231,8.668490122,8.79345862,10.51705744,16.34892397,26.12569643,22.79128441,19.07127944,12.45638487,7.011460753,2.637359237,0.71452679,0.804449927,1.199364757,1.303501155,1.176730285,1.094431055,1.625029404,0.95377063,1.218093864,1.050715469,0.874541824,0.71168577
1929,279.651294,94.77507445,18.77521956,105.0824851,125.7543552,132.5874322,131.4557848,187.3338837,47.75350414,68.81249072,98.71725899,98.65490812,44.63824538,-12.13857296,-10.87696118,0.326012118,5.559363413,8.303157875,13.65873254,17.87933424,15.73533551,12.26875649,5.950086096,1.074501245,-4.065917164,-0.525326711,0.270349692,14.71162122,18.47747036,21.52227079,26.95401168,30.14406508,29.15583768,25.2017339,19.07230436,10.43358282,5.799468238,-12.34386224,-10.34765124,2.301886524,7.308156181,10.08357453,14.93904332,19.00103866,16.3246764,12.64962919,6.807527154,1.657664799,-3.915604334,2.934207681,3.032875703,9.506936288,11.21636132,13.66290075,18.74155174,20.99140973,21.32780079,16.62665229,11.7102146,5.342092708,4.097509618,0.539387983,0.681790459,1.367631904,1.543117602,1.72495831,1.728457582,1.869478072,1.217491404,0.992441611,1.071033851,0.901358246,0.709309852
1992,259.9319878,16.83641154,35.30688931,51.98375817,88.32510291,12.68553692,36.9049315,222.3210276,13.12233898,149.6037989,40.97338568,80.64815285,59.7388941,-4.356705312,-1.898270711,-0.168900814,3.404324575,6.686807133,11.61820102,17.92436535,14.49280285,11.89045238,4.352727389,-1.953543186,-3.585859271,4.19959501,7.307218917,12.09694885,16.35406528,23.29467788,27.21664578,28.39740201,26.64540576,24.72501509,19.44858547,7.098161397,5.818610614,-4.296086554,-2.096076899,0.597149784,4.152237732,9.927089355,14.01004817,17.92704479,14.09288922,11.53424513,5.351593716,-2.596169061,-3.975977197,2.763027416,4.19715281,7.664088227,9.687281198,18.17225859,21.76742989,15.6675642,16.80695487,15.95433441,14.13133001,3.657470706,3.536924922,0.341266328,0.280708111,0.600988687,0.879774933,2.484047225,2.385107898,0.778207189,0.775547592,0.80279386,1.053067933,0.305489146,0.340733579
2000,264.4035275,18.6023827,52.62791327,58.6884939,59.8285507,95.57848698,173.5897015,106.9612085,67.34075201,68.14085541,56.93204317,4.72985257,63.82523033,-7.395461215,-2.259084496,0.371247618,2.159640274,11.2195352,14.9528514,17.98316909,18.64792398,12.18451647,7.531764167,0.607949693,-4.320211418,2.720092201,8.452723169,14.01563481,17.93173874,24.4548579,26.54383539,28.51091974,29.87086453,26.8127865,20.66369128,16.57319386,4.869814966,-8.008502591,-1.919396307,1.238537561,4.748073724,11.95426827,15.3923966,17.58709785,18.07946141,12.05435511,7.415286362,2.023545134,-4.727077012,3.576426694,5.910534398,9.805098336,12.76283881,16.06822562,15.83112175,15.96706356,18.12618481,20.35928779,12.93229034,11.98510683,3.458372583,0.396245953,0.666895361,0.843481802,1.556896305,0.986565929,0.882051193,0.411960631,0.586689341,0.580615272,0.625044599,1.14122165,0.473625624
1994,250.9781875,19.36012626,50.07169988,17.04185405,160.7851434,108.7789277,83.26964248,47.40977171,90.59197748,31.76097875,60.76490227,66.19918384,25.09071701,-10.36614539,-8.437389672,-2.20228428,2.267736135,7.310703994,16.12019291,17.24448383,16.01781939,11.88751643,6.537945618,-1.655783575,-4.913698278,-2.572882731,2.440163361,11.44617114,18.17457491,22.79195202,29.37227027,29.3558764,28.4850631,25.14093854,20.5650651,8.331141943,3.570058793,-11.33627251,-8.294669073,-1.146464679,5.251588343,9.50462358,17.42851301,17.04409407,15.52744148,12.253474,7.91842997,-0.823495032,-4.401478568,1.515555415,3.830432712,8.204469454,13.21298341,17.3310224,21.19309614,19.30406125,18.71653697,17.87669179,13.95340558,4.894677877,2.936844184,0.228626425,0.512411401,0.717546916,1.926352749,2.047230017,1.847634337,0.833670004,0.905808014,1.003802638,1.249104363,0.616875869,0.410616235
2018,269.2230118,34.94950886,127.2025392,123.9194744,44.10780691,84.07898254,111.1741176,104.3019827,248.6609482,128.1422414,135.5698829,58.61354189,19.0800831,-8.933483827,-5.401876278,-2.048840518,-1.136225561,14.00479187,18.2423455,19.11159065,18.94887655,15.48895356,7.011666093,-0.503576901,-7.253667917,1.095091856,4.638006066,9.003520414,13.23609063,28.62693374,29.73655414,29.68677257,29.44838849,27.17763559,18.22644789,10.86056615,4.0659413,-9.957120146,-6.447569048,-1.353444196,0.319517249,15.53283391,18.49149566,17.92643246,18.08711647,14.60907822,6.006728925,-0.860057632,-6.362628638,3.506912943,4.050939323,6.185512474,10.23724713,23.14392105,19.943738,21.88175957,21.05019221,15.11794258,8.565881363,6.448977143,5.093294914,0.369943906,0.41416882,0.495660203,1.283961849,1.875001912,1.339889206,3.74E-06,0,0,0,0.680814072,0.686196462
2014,257.144539,32.67080898,65.45335334,35.55841495,85.50678839,50.00743672,168.7799697,87.33039231,151.924559,190.0628498,108.6562058,73.04115904,38.44480067,-11.86101853,-12.12781276,-4.742334633,3.106355988,10.06896434,17.43407308,15.94961461,19.13820063,12.84507514,7.061427826,-2.251021627,-7.70406126,-1.557933282,-2.744075501,7.326470109,17.84505626,23.40948699,28.0673275,26.80153123,27.95086254,24.45646239,17.86006041,9.631639289,1.289696725,-13.49205368,-13.70961014,-5.53717312,4.332959218,11.4989294,17.19711847,15.62567967,18.23731329,11.4674609,6.470871827,-1.711062173,-8.920580502,2.615829172,2.385267907,6.369394052,13.38382263,17.53911328,17.61111955,16.6709124,14.70725519,15.89443666,10.2426287,5.657729069,2.713433099,0.402169496,0.410659908,0.564359148,1.664919989,1.871736668,0.731353458,0.978562967,0.56295911,0.563941902,0.63635944,0.822095046,0.399700037
2004,241.455875,24.84939559,14.8251604,84.63080613,38.91510109,147.2810324,101.9102218,67.23626489,136.0484333,25.18468373,112.7586126,74.6792134,74.52340826,-8.755540882,-6.19220776,0.715010282,2.782808301,13.02363937,14.44164572,17.54901458,14.91927925,12.11428659,6.375068574,1.335555546,-3.739425556,0.486619945,3.194437403,12.71200779,18.84457084,24.51111023,26.26509883,28.14996708,26.68537178,27.38157218,18.47732168,12.18883865,5.14997339,-9.145379197,-6.868754384,1.805909083,5.796623275,12.58501281,14.95396793,16.81767593,13.74890553,11.89411768,6.570466619,1.056503007,-3.716339495,2.786982235,3.378356447,7.653720142,14.64226197,14.67622646,16.34924579,16.17322094,16.27312592,21.59631663,11.08822937,6.548865922,3.616352695,0.263384138,0.387457049,0.642313978,1.828487054,0.743917829,0.815148655,0.488482205,0.294041401,0.497870159,0.52988402,0.572702719,0.380226632
2013,289.2179365,88.79141681,83.87126799,73.84895676,214.9186348,253.5030585,120.9695875,80.37414559,8.677295394,69.86171647,71.39067911,25.33215345,43.20338175,-6.80405971,-6.260584709,-4.332328915,2.291158812,10.49321251,15.53758377,16.18514344,16.58517888,13.29407854,5.940382123,-0.785160234,-2.113032414,3.276785042,2.844955686,5.259581334,15.33896985,23.21851317,27.46861439,28.87869269,29.38181323,28.36514339,19.25977507,11.06407962,6.534306842,-7.533651026,-6.971728088,-3.972091341,3.735175297,11.58074807,16.6638941,16.97541834,16.75142766,13.63563768,6.028888858,-0.920330162,-2.79204488,3.28829731,3.207866996,4.249000829,9.842471391,15.85675693,18.60596055,21.35985652,20.52664711,21.78167957,12.215779,6.963931556,4.031252565,0.42773705,0.291360897,0.574624547,1.038664508,1.902408316,2.677062196,2.591148545,1.961853348,1.718391464,0.908136275,0.930221075,0.374926713
1945,304.8700741,22.74254624,54.17897612,201.9514498,130.0621652,117.4903213,207.5101912,44.76181526,93.67655931,185.4985666,58.25688907,51.264382,38.62206348,-7.94789665,-4.389058642,4.242255316,5.986778019,8.139415929,14.51852768,15.79514836,16.41283999,14.07549276,5.033869774,2.701860463,-7.252472898,0.648175455,6.296430057,17.47134094,18.00439677,20.83374183,25.88500821,30.2767809,30.30676083,25.99727689,19.51582098,11.3512067,0.91585012,-7.917629328,-4.004060424,5.15916915,7.009426202,8.829264648,15.1112289,16.56647156,16.86981757,14.57774058,5.488112029,3.281513223,-7.719952847,2.326058924,4.212219336,10.34059452,10.1501619,12.36398392,15.28180897,23.77608151,23.01775956,16.64228156,12.57987859,5.471866789,2.370315002,0.489502322,0.603800999,1.094623794,1.236195797,1.14749651,1.275097617,1.601320046,1.395555679,1.175351911,0.943578433,0.948052233,0.554306641
1946,262.5683139,41.41965944,62.74624827,60.09464301,53.62115241,195.8815175,101.4808029,86.15373747,152.7069711,48.68862361,81.84867499,77.27958502,53.96238737,-5.310229868,-4.185399285,4.267843736,5.459198795,9.933585188,14.98615009,17.08419447,15.981589,11.79705128,7.140549765,0.987741825,-7.699568652,4.70473035,8.242342547,18.77597276,20.61635657,21.10146638,29.38488538,31.4124627,27.36472457,26.80896931,23.46116828,11.61512567,0.99524362,-5.673425204,-3.387116025,6.154654739,6.672958842,10.31211532,16.37337646,17.87075516,15.46049947,11.81785259,7.896964018,1.009102254,-7.906439406,3.510376757,5.463303702,12.05483856,14.26591133,11.50478354,22.37536216,25.29504755,16.78741786,20.03576431,17.54665771,6.223455272,2.53720055,0.502543474,0.757735404,1.405561643,1.305509184,0.859715393,2.022553515,1.650248315,0.398919332,1.053169157,1.213896652,0.693599251,0.520943936
1984,306.2380068,18.34651161,78.89918183,82.37713236,146.3310669,124.4008645,25.40388848,48.06773644,36.20952004,139.9882265,83.53022539,157.087045,119.0106053,-8.675615797,-2.187220416,-3.195743284,4.758950437,8.689889922,16.06785639,16.09247863,17.28407195,11.84919622,9.944668311,3.173729624,-10.53693407,-0.555468496,7.55174643,5.069439158,15.37739798,21.79253571,30.68305886,30.27525039,31.42500641,25.02596748,20.5013095,12.94809711,-3.494531519,-9.271860115,-2.497737183,-3.049193706,5.758685292,9.557303747,18.29709465,16.75105972,17.3899794,12.34730044,9.827198729,2.941819698,-11.03437218,1.823049062,4.269725464,2.943959399,7.781119508,12.62664225,23.17769753,22.05742419,22.60388148,15.8176942,9.455769532,5.382986394,1.140478728,0.252811544,0.371975687,0.348457345,1.01825153,1.410366641,3.400334575,1.685985323,1.294264674,1.478758375,0.679385096,0.481974527,0.177976076
1956,278.9729032,21.01495024,86.90542987,29.57906392,96.38790735,108.6565502,82.33905682,115.9742764,126.3814881,40.26954356,17.01721051,75.90136033,9.911245767,-6.942320162,-2.873532094,-1.790895171,1.753256155,11.08216167,15.80397119,17.90046814,17.60423911,9.736922255,7.080625878,-1.686896513,-6.424619382,2.933592112,5.005670547,12.57043758,18.03569552,24.9627168,30.07356348,30.12978832,30.66929572,28.22043374,25.07063535,10.65114171,3.974521619,-7.289953066,-3.528748035,-0.571400452,3.826980169,11.64977798,16.40841987,17.83170657,17.4863806,11.41876973,8.240214444,-1.551248757,-6.31152668,3.470722523,3.065265599,8.912744691,13.30467888,16.99834734,23.93269572,21.42150498,22.76606097,26.13706215,21.18864608,6.608795574,3.706816475,0.400797322,0.300923887,0.909467635,1.49206955,1.735343149,1.645163054,1.195671906,1.289339069,2.097888392,1.418332617,0.665939037,0.454892255
1928,228.0476693,42.48862024,73.23003731,41.29419218,79.69591796,86.58893345,180.2472346,89.70130691,70.09796282,60.80330545,105.4687193,141.5186837,78.06612515,-6.156927332,-3.771397471,-1.40411577,2.142832437,9.231863317,14.08909697,17.9875103,17.78413003,10.06018248,8.557745134,2.498400444,-6.081381599,4.019085611,6.020262633,11.57935076,15.72280148,24.73337993,24.83997684,31.17805247,31.03781841,25.18993155,20.97129861,14.17325005,4.256168455,-6.246220123,-3.788784806,-0.165498594,2.906533609,10.19975129,13.74325961,18.47457548,17.77953282,9.789718013,8.598941874,2.550117623,-6.432307669,3.649680379,4.079972399,7.257403574,9.73369998,18.26230819,14.20685989,23.54131278,23.46881045,18.5458492,12.62128702,7.934167589,3.762432915,0.68866749,0.684590062,1.041758375,1.046626786,1.255290669,0.519806832,1.130580392,0.72942157,0.650903389,0.768914297,0.79819605,0.604121258
1968,264.5846126,54.94790537,36.79085447,43.81173598,70.70418534,181.9389678,84.36492929,98.08216336,82.60518441,56.99095266,25.61359321,54.92146689,206.9833352,-8.013300555,-9.789231011,-1.310818096,4.234146748,8.775451649,15.52884035,17.30354694,17.88621955,12.63887267,6.204700277,-1.052491616,-2.01863037,0.73720919,3.224679968,12.64961168,18.59014267,21.78784434,29.37724607,30.55706134,29.93380765,26.16622602,19.95042241,9.233811752,5.025482388,-8.779654905,-7.599214729,-0.314927635,5.73018671,10.03330835,16.77797157,18.49227405,18.45258707,12.98923504,6.618281075,-0.236376432,-2.634876479,2.495598551,4.202979139,8.424964859,12.1230092,13.77193435,22.23173197,22.85996644,20.45660788,18.05664464,12.83923103,5.329432029,2.888621519,0.561272326,0.980009296,1.103090323,1.54871136,1.570283154,2.245087996,2.260120448,1.621388778,1.099374749,1.037691535,0.968524453,0.55030362
1992,240.3747652,30.31436632,25.68479316,67.67365845,83.60570221,35.36663378,37.67502072,169.4962087,45.45110471,68.81764081,44.06626875,72.07895337,44.43635611,-3.61881448,-1.229668767,0.785344414,4.825499423,8.227050761,12.4899785,18.50422197,15.09034537,12.86497586,5.283032915,-0.527914825,-2.241751638,4.089070966,8.94294061,12.24593109,17.93471107,23.63249542,27.86380748,29.76599421,27.61623475,25.72907728,20.24433371,8.676929024,6.44925487,-3.541015528,-1.273951566,1.138873775,5.343321109,10.37265545,14.34359157,18.79180167,14.70081233,12.395947,5.915301503,-0.542883578,-2.531257725,2.472468585,5.102288477,7.447287236,10.90554908,17.87576511,22.94264751,18.27387088,17.883642,17.2490013,14.74581356,4.220783998,3.404682913,0.359729582,0.361917636,0.542192237,0.965056189,2.031514999,2.2758135,1.079089321,0.774416309,0.941827958,1.000506695,0.468833095,0.375911035
2012,393.7729897,69.1614564,34.56791417,51.84345748,115.0585574,53.47146424,30.82051533,13.67061105,123.9389752,177.7028584,101.9188013,145.8292737,78.45197422,-4.540778619,-2.677375288,5.755222154,4.80006014,11.39660966,12.56338314,17.87725704,14.17712986,12.15202569,5.59056945,2.957050046,-0.930346033,5.61413047,7.616089518,19.65630057,19.89097059,27.64130284,29.76218574,35.73578094,31.40540406,25.10629896,17.63583405,13.0806279,6.921803811,-4.164292029,-2.175707416,6.68169466,6.14614179,14.00818557,15.64650902,21.12728902,16.18933627,11.9946692,5.990015182,3.97902609,-1.020292791,4.197977903,5.096311019,13.49547358,13.87753364,23.52576536,27.99278676,39.11684505,31.26810675,16.8973907,10.63806994,6.72182768,3.369597582,0.584068891,0.557367347,1.475179503,1.128371933,2.518716771,3.06191541,3.625374224,1.98981837,0.669192386,0.919331362,0.813562411,0.362632438
2007,262.0828482,101.8018556,59.641271,55.18236412,71.16974996,56.88499871,130.7088003,71.97110251,64.22852895,48.80450535,114.3058533,46.48556597,105.956463,-4.144122059,-11.14769883,2.855317947,2.187489816,10.72571556,14.66718149,15.99083063,18.07616792,11.68986075,8.276664302,1.561557145,-1.804963382,3.979744102,-0.361948411,15.85037548,17.0052391,26.79516687,29.43819976,29.166018,33.30391064,29.2646877,22.42392089,12.49440876,7.252621936,-4.174653257,-9.966910269,3.55033623,4.4157754,14.0430245,17.13412497,16.99854335,20.22484452,14.35269111,9.46730419,2.072088506,-2.134678574,2.855201746,2.835246578,10.37996744,13.20905015,22.03015857,24.34879517,21.49561893,30.45442014,27.76069892,17.12917518,6.873940922,3.860007556,0.389671614,0.47005872,0.939708695,1.394165144,2.51937799,2.488983927,1.714044587,2.713333535,2.2333997,1.563867308,0.75418139,0.484043919
1965,165.6341217,139.839599,27.46529742,79.08924546,173.1995963,85.77123134,46.19193617,83.63787393,207.6249726,168.2432951,23.10375184,53.85642628,29.13938318,-9.037959153,-9.612892817,-6.156281881,3.827771086,10.87193398,13.43022291,16.4529101,15.84984722,13.13560288,5.070147683,0.46045169,-7.724748725,0.518595722,2.301970357,2.530671746,15.54814232,26.09593049,28.35384831,29.20679228,27.84758658,23.5718408,18.67275624,13.3342342,0.596915796,-9.801994571,-8.829676713,-6.534486545,4.371963555,12.40943859,14.59466543,16.63190018,15.90016315,12.64780065,5.882013302,1.069845947,-8.277123098,2.663746864,3.590930145,2.893193034,8.755843552,19.60746455,21.86946738,20.58980293,18.21472446,12.77903595,11.73311127,8.595026706,2.029178122,0.435111404,0.669154969,0.474022104,0.838724426,1.840430734,1.71750751,0.94730744,0.815315037,0.436196621,0.998201309,0.976222977,0.349349275
1946,189.4032599,64.22417566,13.87595161,88.689926,25.59315962,131.4397929,156.7540961,32.09632975,77.77306763,65.3168922,61.3938737,53.557694,47.483968,-7.857998431,-7.163160916,1.475164546,2.612173449,6.9735074,13.3848693,15.93755874,15.02142329,10.49934679,5.779541244,-1.781189416,-10.40836856,2.528246852,4.643018508,15.97768247,19.16366301,20.37020681,27.47987957,30.91289092,27.09548537,26.00717119,21.85083533,9.439593504,-1.886049484,-7.430715344,-6.440648842,2.954463028,5.240647844,8.476097108,14.52566186,17.12119298,14.77044762,11.44654309,7.445762258,-1.10604903,-9.983796211,3.198583635,4.209666458,10.25443861,13.85998523,12.64069088,20.0161699,25.38661514,17.51339657,19.67853053,15.83458682,5.696180184,2.019057322,0.611041396,0.706931921,1.16397459,1.821034643,1.425018861,1.699274694,1.884790614,0.48249736,1.395119325,1.542452856,0.815731415,0.578521018
1969,167.8930793,64.98473579,6.414692438,36.40398368,63.7632888,84.90870452,137.7130355,166.8161719,46.78286576,63.78953003,151.1616608,86.02165647,67.43451646,-11.31300931,-6.555714554,-6.224898798,3.444009103,8.372272419,12.25500726,18.46463477,16.03935204,11.8245767,3.967699294,-0.551004802,-7.434630084,-2.610822648,2.174777295,7.084300581,17.91735016,22.92098366,25.53295538,29.39294608,29.3831581,24.85507315,17.29309481,8.855348537,1.944131253,-11.43958409,-5.805681948,-5.333568185,4.619153894,9.661397566,13.11302793,18.63600458,16.5734262,12.19413178,4.927464977,-0.147812126,-7.025410898,1.922945446,2.85596363,5.626819058,11.60328663,15.83101137,17.30105919,18.48700985,21.61749272,16.46963927,10.74774319,4.89706007,2.945020627,0.541720846,0.743624991,0.78473474,1.154542131,1.49785251,1.433263264,0.952515479,1.247643837,1.000706607,1.067689262,0.779819906,0.683284545
1930,224.2681767,65.07355888,44.8299876,31.80871978,89.05500026,49.78972948,71.40782232,30.03201293,52.71841201,59.77013737,71.24370138,45.13069806,20.95798943,-13.46519759,-3.038478553,-4.132958451,2.17236843,8.561176068,12.75049475,15.89084021,15.47198841,12.03093411,4.687093567,-3.621387455,-7.267113448,-3.524804604,7.806403572,9.520465808,19.0533149,23.71778526,28.03559168,32.83754684,31.12045657,27.6679802,16.54236892,6.892639245,1.527172159,-13.983322,-2.139178374,-2.670371395,4.590764681,10.52094744,14.83617133,17.76264133,16.65977269,12.82343584,5.240529022,-3.208775465,-6.668811909,2.049691711,5.00320169,6.583612412,13.77398552,16.88884769,21.90210125,30.56347585,26.36921864,21.81465278,9.396301633,4.615589409,2.717605625,0.518719059,0.862714159,1.006406948,1.677345426,1.884299802,2.37901723,2.477272667,1.735441818,1.249195218,0.910028614,0.780373765,0.72077122
1982,167.9191414,55.23972956,25.85396973,98.8692754,111.426381,122.7138781,63.03176239,211.1588293,53.18609704,33.59838995,42.79920801,40.50602001,22.47162225,-15.82144603,-10.35155682,-3.916025649,-1.234858314,10.64413129,11.57480133,17.86693746,15.65192508,11.95463443,4.931040349,0.519523222,-8.268015673,-5.434482413,-0.909802684,6.694957264,13.45757911,25.570159,25.21004132,29.28095886,27.38515975,23.87465532,19.45659788,11.36821452,1.00629678,-16.60394474,-10.35160906,-3.576234628,0.623468006,12.31652548,11.95609857,17.45106809,14.80461546,10.87990385,4.901487007,0.192681974,-8.118604332,1.486609638,2.23601309,4.474502684,9.467025486,18.37639005,16.42380509,17.42813645,16.34951644,13.51263767,13.00818007,5.869076947,2.585153682,0.2839344,0.428119908,0.551208711,1.305484747,2.178090988,1.418916796,1.015460646,0.648803616,0.384818837,0.90330805,0.423559117,0.412274984
1978,184.7952057,21.55093271,14.15388777,27.87696133,106.382123,146.969398,66.24339139,99.19007294,45.23705371,95.5112702,49.49711228,72.55893043,38.04085717,-14.73522312,-14.12778169,-5.815352267,2.058542483,7.992770272,12.97067758,17.22628913,16.1105158,13.5724915,3.920662675,-0.75793348,-9.496072752,-5.306465109,-4.295067759,4.577808748,17.15631791,21.11187552,28.51460702,29.04458782,29.05429574,28.72703626,16.98557502,9.115148731,-0.835109947,-15.25008734,-14.80935482,-5.234290597,4.099239036,9.456709995,14.80890984,17.38249397,15.73246458,13.49525846,4.470906698,0.143579689,-10.17561795,1.417392132,2.061413918,4.48279453,12.3558735,13.70377281,22.31617446,18.30851942,20.21706937,22.71863099,10.54309929,5.121062261,2.050327365,0.313476842,0.451527636,0.795052746,1.86672746,2.10015968,3.309545585,2.284991502,1.793781604,1.527530535,0.995875606,0.947682924,0.38502726
1936,310.3378408,36.96526194,40.43861082,23.0399187,42.89409505,64.43933246,17.54499656,18.22277143,90.3082051,224.8467923,59.05286615,122.5354017,29.9921919,-13.380161,-15.39811886,-2.56906638,-0.538944069,10.20716596,11.15594688,17.64657944,17.10424419,14.50332376,5.186524301,-1.439298942,-9.379017604,-4.510178042,-5.2382444,11.22522704,14.81474193,25.96273831,29.81879125,36.81897433,33.46857183,26.14245101,17.48109135,7.630075082,-0.912268445,-13.28080768,-16.38084672,-0.887251557,2.066395653,12.36976091,13.59870657,20.1622764,18.87562745,15.0635048,6.030689958,-0.931980434,-9.384692654,1.702079515,1.797253263,7.415309422,9.986316324,19.83277835,27.57162261,41.16869837,30.96685241,16.3190534,10.20116051,4.332274534,2.176049989,0.575592061,0.394335201,1.130047515,1.583546312,2.188869935,2.508942795,3.541675309,2.496784523,1.1639432,1.042464649,0.782597346,0.626231738
1979,167.4971887,78.6106171,28.66920391,103.9943606,124.5994977,55.07440237,70.60332513,107.1945755,153.9066568,2.379458813,43.28606004,72.06539198,63.56697058,-16.56120653,-14.22768998,-1.531627314,2.140118772,6.823699821,13.09854788,16.19488451,17.13996302,11.07501687,4.234076739,-0.372499979,-8.088628316,-7.717084448,-5.38102122,7.06585601,13.35614218,22.7275454,27.96195728,28.67793203,28.29105615,26.27599943,18.31528765,9.688230593,0.108042428,-17.80855089,-15.56637913,-2.75691624,2.751412262,8.702073192,14.93375487,15.84796129,16.17402516,10.78691435,5.444482006,-0.235273186,-8.646815093,1.050076952,1.399622714,3.320105228,7.432082606,16.90426215,20.97944964,18.98455214,16.3094176,19.78912215,11.91370335,6.092115153,2.107665304,0.232873993,0.321903079,0.428213402,0.946038097,2.310168446,2.885339447,1.123696842,0.727180342,0.963217211,1.33154575,0.732867491,0.36066785
1997,200.9287963,39.94596259,137.6085561,35.83112084,55.42673249,74.92316972,76.20078655,64.70556425,197.2363893,77.14468292,58.88970551,41.17456381,25.86980552,-11.62408487,-5.279984996,-2.170440587,-0.726116727,4.310484402,14.04583664,16.8037527,15.78752409,12.62402862,5.223088453,-5.097043938,-6.791436937,-3.273569798,2.181269691,10.37996311,13.9267089,19.79364864,27.36999623,29.5219297,26.61668721,24.63377828,18.16423087,4.488283983,0.393546348,-13.57091594,-5.091717409,-1.564112116,1.518283786,6.694581686,14.99114244,16.94939516,15.2503523,12.02662653,5.458664585,-4.657109111,-7.490210702,1.521415504,2.474325887,7.064415227,10.21668293,14.13022299,19.67623319,20.78813694,14.99711338,14.58553046,12.22823206,3.697430821,1.767347282,0.142548016,0.376850203,0.587297968,0.965382691,1.340833403,1.400439805,1.158414381,0.871565012,0.638586108,0.93597195,0.376201853,0.229364649
2006,189.7667786,86.09754106,19.87070334,81.26721922,132.2088826,58.20863339,57.82041454,82.04426815,113.7804606,78.68707109,66.82035083,56.49836528,21.25564948,-2.286374186,-9.030486596,-2.471122545,3.447289803,8.323900258,12.80468252,18.19028015,17.39324058,10.81554314,2.539112934,-0.865784011,-8.732422004,5.511578757,3.400952293,9.142776342,19.88136318,22.16902161,27.28004721,30.82647789,28.23818369,23.21883995,15.71241395,11.21162399,-1.826931748,-2.249522581,-8.610925257,-2.153655836,5.232836367,10.23866698,14.69631357,19.00023394,17.4332927,10.70077684,3.262877239,-0.266978575,-9.291094987,3.226152784,4.634365082,5.936359687,15.49613939,16.2843275,21.40027936,22.05739612,17.4012654,15.19951339,11.24940158,7.075315899,1.552070133,0.388885413,0.376046019,0.467689106,1.237710032,1.4645611,1.697854487,1.638967925,1.089958386,0.680510113,0.671771261,0.807374463,0.228351009
2005,246.3409573,102.1739106,36.90459206,26.31163967,45.42340145,27.99046248,27.13280926,51.95710156,60.239144,55.68725915,19.22950724,89.44707594,31.39968664,-7.889043608,-3.492126886,-4.757341993,2.625687628,5.284621497,15.04238547,16.2564081,16.3471089,13.07480064,5.204891498,1.036919801,-6.639566786,0.297121371,5.547632306,8.30380879,19.49891963,22.23391146,30.56080244,31.03703691,29.60147221,27.97714976,19.11785179,10.94470282,2.90705924,-8.026575935,-3.755539103,-3.543846215,5.225210166,8.193483571,17.16578816,17.30095524,16.81075746,13.36536025,5.588661553,1.016929746,-6.795970722,1.99406871,3.671603747,7.014061556,15.46868493,18.43563437,27.22422643,26.86698041,22.794613,22.98218192,13.57390851,5.939564923,3.01200622,0.283043777,0.288215469,0.589208376,1.573141714,1.620996358,2.237669559,1.598278995,1.231502509,0.945006855,0.809444908,0.441779577,0.309417521
1951,254.8412194,30.50092726,56.27291859,83.30369352,85.16233764,107.0422182,104.3782098,166.2449704,132.0821056,67.10729268,132.6739529,29.64588542,42.73245905,-11.56773428,-9.29362033,-5.612669635,0.944581231,8.566859198,12.65039735,15.68683181,15.08823279,9.555725925,6.215366109,-5.224836271,-12.65676532,-3.145962535,-0.59915764,4.095591414,12.32713577,22.94488694,24.13448748,27.56082482,25.44131104,21.46521661,17.3867712,5.893477264,-3.701473043,-13.36005103,-10.12111389,-5.173153823,1.714603219,10.07906251,12.73652195,15.1701224,14.56703465,9.608837041,5.794454656,-4.90343364,-14.15353157,1.541783596,1.711452257,3.080997567,6.871746112,16.04904398,13.78356339,16.99688447,13.65859121,12.04215944,8.985822914,4.722339307,1.389075402,0.206690433,0.273790108,0.46215876,0.621733315,1.52262195,0.874589403,0.647355992,0.572375724,0.798502187,0.560975467,0.680154614,0.278496038
1937,259.3194742,84.26137328,42.33212104,34.56830513,99.67652488,78.12765746,156.1760644,36.38601972,66.16656564,47.25011239,78.99392468,22.32990433,69.08202291,-11.27547964,-10.05609904,-5.850587649,1.276831291,7.900564402,13.21828595,15.8430582,16.88989179,10.17652689,3.578295554,-4.038891894,-6.102073469,-1.680371549,-0.967157024,4.12117393,12.72654408,21.70060244,25.71468319,30.56052957,31.36341874,24.85396763,15.21233996,6.469444845,2.92369514,-12.05202355,-10.67341233,-4.827738776,2.577450797,9.330691075,13.75386117,16.0988489,16.99098664,10.00591242,3.566513334,-3.609754445,-6.89217384,2.304020861,2.312731497,3.67575127,7.286908432,14.31605755,16.80932614,24.47314288,25.30896182,17.89790056,8.608286154,4.490929374,3.097751205,0.504863023,0.522385467,0.841781175,1.15058101,1.459128316,0.977075656,0.794360724,0.603119606,0.464711506,0.632821646,0.764867535,0.539477514
1986,248.3119136,16.7236758,61.27945014,29.23862472,55.4535206,119.9378647,87.56855472,73.09368632,73.76181439,249.4704782,86.50755141,155.9434266,54.3716798,-10.33249937,-8.921488,-3.113418307,1.873106111,9.085098206,13.84788673,18.14409589,13.18100906,12.84931926,5.96226114,-1.775339537,-13.59656894,-1.83014368,-2.119028209,8.657832438,17.57465454,21.57509134,26.55667068,28.86651063,25.1984305,23.0124244,15.95216945,4.688077669,-4.859698385,-12.74971516,-11.22489277,-3.356591228,3.650772799,9.473543611,13.38401502,17.13835693,12.32065906,11.99028923,4.596287,-3.863177732,-16.7096295,1.726945957,1.286225201,6.459897417,12.71020042,12.55871352,16.34963538,16.93139456,14.9683875,11.51840339,7.260269338,2.51898289,1.220311323,0.085397144,0.018552023,0.395179584,1.20356367,0.995291642,1.256680717,0.199617485,0.595963804,0.287175349,0.060819869,0.266606136,0.11572826
1953,246.1182292,24.11044443,58.6053423,56.3123912,58.23973171,67.82412435,103.9207887,110.7417339,49.66114605,60.6257519,15.07637343,105.1505118,53.77372472,-7.630908409,-7.640403549,-3.615299711,-0.997678803,7.677372028,14.51895275,15.93005924,14.44518522,8.435787674,4.388487113,-2.966841911,-5.710556874,-0.069239711,2.750071917,7.120190468,12.08508606,21.72825635,28.42081709,29.25329901,29.1000033,24.71976522,21.38409686,10.71992922,1.215376035,-8.548383018,-7.024650551,-3.423762858,1.285648906,8.510150161,14.88423577,16.42187924,14.65736881,10.16112272,5.311825304,-1.674755879,-5.669479004,1.683723931,2.939445296,4.893074824,7.774604304,14.12006077,19.8923012,21.07351104,22.51970498,20.15152184,17.04002233,7.58956821,1.849872634,0.260303696,0.470801031,0.457351794,1.03184411,1.462446293,1.60278574,1.259068336,1.189213247,2.003783944,1.268910322,0.817324532,0.288217858
1958,249.397525,25.00862667,4.645435053,9.002716014,60.57538961,32.89843057,123.6796816,100.6323761,71.50691413,57.94962219,79.77640215,70.81942464,63.53232183,-9.18894611,-13.4616651,-4.767818892,0.790555542,4.480537643,11.20457828,15.64489192,15.8376598,11.3856599,4.789398687,-1.668842148,-5.729380911,-1.974707034,-3.890691759,5.648721323,15.5813113,23.40423152,23.08261717,26.36810335,28.30374618,23.43819556,18.9722495,7.223601823,3.793104257,-10.93862223,-14.31259088,-3.390592894,2.63413919,7.430451269,11.87659299,15.2563313,15.50941016,11.01844982,5.950671227,-1.285306964,-5.903417514,1.616850398,1.998975594,4.730009457,11.14502639,20.09584244,13.59889821,15.38153182,19.29381868,14.08161606,12.6632773,3.835976748,3.389829847,0.149285597,0.245195767,0.52840184,1.144955658,2.267008303,1.468990872,0.852010423,0.978159096,0.79947269,1.181640138,0.499024253,0.452836759
1991,264.5188551,28.15878381,10.59362602,110.0637794,62.8908187,73.94053156,81.88164724,21.19908063,59.78701469,98.72960555,134.8847572,74.29438378,58.06731675,-12.4657385,-7.325924182,-2.151558287,3.117134331,12.00480237,14.78693178,15.48640239,15.13381074,9.675855806,4.02437034,0.03932647,-8.275877276,-4.508766662,1.505461367,8.137935347,16.08773283,23.2766726,28.25261264,28.99752518,28.12698218,22.47957416,16.07197215,10.94012317,-0.867564865,-15.11359448,-7.942361922,-2.523111796,3.684234091,12.06204169,15.63322531,15.92449806,15.06423888,9.395798837,3.510086399,-0.926292548,-10.66470207,1.18350964,2.57854935,4.695475227,10.39509622,13.33579998,19.57023194,20.92873179,19.49196853,14.16026896,9.111199407,5.891213114,1.676590328,0.138530102,0.273454719,0.340868655,0.692965635,0.784589422,1.448670502,1.013445161,0.779727126,0.396620992,0.5072088,0.478240905,0.010398499
1950,263.1044146,68.5766202,32.09650145,43.15491751,124.8671949,54.90350349,184.9283401,140.978811,78.49793476,93.26544294,17.19625179,22.36479928,52.30571978,-9.197164242,-9.781569278,-6.446931021,-2.032780293,6.859148427,12.45720519,13.79199977,13.48489339,11.18628254,6.206755982,-2.173121388,-7.209485299,1.994001578,-0.549679326,3.159756994,10.91334453,21.96801492,25.87854026,27.20254835,25.75481818,22.3187756,20.22148829,9.190747164,2.71912942,-10.23303586,-10.2073884,-5.733568405,-0.530909881,8.337646322,13.44710054,13.67391237,13.04840168,10.38663955,6.420278274,-1.753422947,-7.67860003,1.989581408,1.946725952,2.838231157,6.881005686,14.75581247,16.34661493,18.71661292,15.35987684,12.11887529,12.86904042,5.719793616,2.780117751,0.308471983,0.308489093,0.503693342,0.783476831,1.560087559,1.654926397,0.848734569,0.747768238,0.431955363,0.731226816,0.508514471,0.354229385
1979,242.9929239,59.08934658,24.58773499,73.00754966,81.40819989,42.82212191,103.896692,98.11633848,227.2455962,3.977646529,66.98045637,69.31305707,43.56738971,-17.48691634,-15.36720804,-2.902297052,1.04977961,6.410759201,12.53659997,15.6628295,16.56002369,11.29847776,4.354946922,-1.396728134,-9.33373467,-8.910949624,-6.019144047,4.66513712,11.92922649,21.40123395,26.32863979,27.84169593,26.17258076,24.44525079,15.98223662,8.385258334,-1.670836504,-19.75243854,-17.16968049,-5.062105172,1.120315565,7.440110949,13.44054945,14.94426738,14.73951646,9.601315456,3.623799908,-2.527839439,-11.12588214,0.953326284,1.454770388,2.555380922,7.1204319,15.00495838,18.00720447,17.98521703,12.82190646,15.7905713,9.088410367,5.534463498,1.714408004,0.167970845,0.257007581,0.181942902,0.658281523,1.744182499,1.987428336,0.67840402,0.04356147,0.142870135,0.372193082,0.168386139,0.163128133
1948,247.0532157,18.51833675,54.13127488,101.1698807,50.54919053,132.5185436,70.88140314,67.58483903,71.59215811,57.52891406,39.29271112,63.52126512,41.86869537,-14.27152557,-9.960858878,-4.525554704,3.258950124,5.790958436,12.24674899,16.10589002,15.03050426,11.93943769,2.892745467,-3.852180643,-7.384775052,-3.71337113,0.331080317,6.723464201,18.20886798,20.03941277,26.42467877,29.99360265,28.8888948,25.7911585,16.37922154,3.979766322,1.949851701,-14.31198752,-10.94085138,-4.74194736,5.36962267,6.997988631,13.09860041,16.53237964,15.40488593,12.1919219,2.709954922,-4.004968159,-7.062443279,1.855271224,2.540975803,4.933916416,11.93012532,13.38418402,18.87400429,22.70701576,21.75769559,18.31359842,10.31264743,2.943332113,2.79546559,0.331797456,0.278571828,0.475418548,1.583325355,1.388890825,1.326985109,1.217826918,1.219568602,0.919186364,0.516926586,0.499386189,0.591426426
1931,256.4313213,19.05660946,8.770295311,48.28252795,44.49573263,71.25259509,85.39919015,60.28909502,66.97860495,134.4414024,123.100513,31.0645493,18.41505709,-7.236743246,-4.998969597,-4.421637224,0.800246246,5.24895316,14.63174962,16.64075761,15.03673724,14.37616882,7.9540256,-1.893921076,-7.538808231,1.665634379,5.014964742,4.797762645,16.6510234,19.33473532,29.2767567,32.09179772,29.54183681,26.84718229,18.00296215,9.819339317,0.253803645,-7.004793564,-4.558099199,-3.83179136,2.1326793,6.45626474,15.80807072,16.82607126,14.27753051,14.32152587,8.03820281,-2.214090849,-8.198257593,2.778400255,3.900375805,3.600925436,11.56296771,12.60168702,22.86149338,27.40636165,23.08206401,17.89099736,9.20448706,6.115134638,2.211167631,0.677787573,0.738977193,0.843583269,1.166324407,1.262575103,1.667725524,0.771213461,0.034254547,0.529867689,0.699602529,0.591625491,0.580380708
2003,251.0571238,9.765180227,7.645615209,43.48818543,57.72322262,169.2901032,70.97746874,95.66816733,39.76795536,82.07976969,28.61996814,11.04865213,27.94943249,-13.74533621,-11.87366302,-4.483427879,-0.216120549,6.637181978,10.90064777,15.73666814,16.18377185,9.400346737,2.763132046,-3.154754324,-7.073381573,-3.075252631,-0.939787309,6.895235434,15.33123807,19.39113629,25.01347773,27.65320577,29.54442813,23.31100113,17.4582923,6.466410738,2.458901006,-12.39583437,-12.25496802,-4.896111548,1.837544549,7.725972219,12.63642386,15.74045189,16.02284578,9.565205395,2.986294266,-3.123748066,-7.202525235,2.497871807,2.805572649,5.540527185,12.44327934,12.00377383,18.33420456,17.42039065,22.3378746,17.43391664,12.86626086,4.539613485,3.061631665,0.444669622,0.287594698,0.317015201,1.282967012,0.851728586,1.598891865,0.9390314,0.950938926,0.807363842,0.57377246,0.368690411,0.411381779
2000,254.5436326,34.12343617,65.11848654,16.20104102,85.73179824,146.1852578,226.5581284,89.06068522,60.89176668,163.0330567,24.31084909,20.79495998,31.81398484,-9.617611911,-4.787947736,-0.555246552,0.461306286,9.520975935,13.06536983,15.78369366,16.49377934,10.8313332,5.375896268,0.230630618,-6.179748912,-1.653679495,3.833485177,11.670755,14.59414093,21.96452555,24.54906722,26.68983382,27.15730422,23.38934703,19.02395502,13.07520964,1.220579591,-11.70486826,-6.733948752,-0.851187466,1.721015048,10.12337646,13.6775744,15.73020835,15.68525752,10.72298065,5.81790787,-0.904018569,-8.268833297,1.881689095,3.266686831,7.539073466,9.950097658,13.36273343,14.12682501,15.15998677,15.31993765,14.98522096,12.16420148,7.956404534,2.084905275,0.132773155,0.150677566,0.347824151,0.678180135,0.885203288,1.156471147,0.730987079,0.444878422,0.672623693,0.918645642,0.381996297,0.171073772
1997,257.0178306,39.2877244,81.92949771,32.70193119,40.39518186,136.009601,147.6449343,71.337742,97.8573887,95.07357598,34.60032967,27.20114695,35.0766465,-12.62958995,-6.665590529,-3.11610823,-1.157820329,3.68406947,13.64366683,16.53538105,15.11853172,12.2189108,4.906375132,-5.858759568,-7.70573129,-4.51083247,0.321494358,6.963758566,12.5283521,17.86806427,26.45856744,27.53458375,25.01619734,23.18190189,16.82896167,2.532969374,-1.479502352,-14.89114169,-8.084926363,-2.885593795,0.432235813,5.189553009,13.96934523,15.93348315,13.76375738,10.54608283,4.212915448,-5.549116455,-9.07699483,1.276126302,1.926714444,4.838471521,8.949609632,11.86442103,17.55478445,15.83153586,12.62050808,12.45218505,10.33129286,2.834053017,1.283292336,0.113730638,0.134683849,0.424029527,0.684372437,0.88469499,0.967177975,0.577177481,0.420500205,0.272301043,0.602931583,0.325986735,0.083968299
1998,246.3592763,42.78745279,52.71072212,107.1504635,111.9111904,88.40464449,157.2953729,54.19127411,141.4944739,80.12345453,118.8507746,51.69399553,28.65924854,-6.548857092,-1.820491062,-2.819016657,2.421797881,11.14735344,14.14837268,16.59144999,17.48435809,13.24516889,6.578171351,-2.581630646,-4.921363364,-0.302388883,5.294440472,6.317442014,14.29941168,23.84923563,24.96065788,27.90702009,27.36316576,25.45909031,16.83997935,4.927335724,0.968190315,-7.107958212,-1.714565821,-2.016714162,3.554092312,11.45517452,14.38250436,16.04239699,16.50955614,11.72931411,5.491621761,-2.510785809,-5.518115091,1.332948896,3.084513099,4.879299661,8.543141602,15.3876657,13.73698144,16.92590292,13.97997629,16.22632711,8.044669439,2.952231295,1.64329865,0.218063448,0.197175822,0.499265653,0.696041275,0.861721324,0.610839648,0.454165263,0.236845298,0.195833193,0.229408591,0.316738786,0.167665505
1995,266.2551193,44.26415492,2.912021323,41.27140798,121.7611893,150.0175772,59.42483803,92.83137136,89.08146688,61.92827939,134.0670127,105.8654267,32.41585842,-10.00759159,-10.00044466,-2.677000951,-0.069339388,7.035941445,14.78957673,17.0325237,19.8774911,8.868257601,4.699101197,0.385312134,-4.100946575,-3.639147517,-0.216583191,8.378603432,11.56842674,19.12886151,27.81765118,28.87203981,29.7763489,21.48801633,16.85262319,9.185444672,2.441436806,-11.83402758,-10.30891904,-3.209047472,0.385885104,7.783034467,15.2746412,16.65366945,19.36909398,8.1685876,3.688338598,-0.582923234,-6.051584326,1.101539672,2.655746815,5.705053961,7.156819091,10.96785155,19.31890747,18.55591114,15.28890968,13.61467178,10.33297187,4.426492392,1.928782773,0.014301453,0.262148768,0.237174991,0.445209338,0.996612938,1.36629041,0.604115604,0.359802916,0.478473759,0.197893846,0.153098318,0.037402442
2014,248.1503351,30.0784909,36.15595544,29.39671519,98.98617378,72.56857227,205.5887858,85.41886515,118.0689362,75.01451612,95.14016145,49.85497565,23.63915739,-14.92365788,-15.20760026,-7.108361707,0.829617604,7.589643336,14.56677714,14.2192407,16.67921375,11.2614522,4.640378792,-3.065505328,-10.37300941,-6.142833719,-5.881350949,2.408561734,14.50400004,20.98062079,26.49649468,25.48682208,26.92621929,22.92131487,15.4443879,6.703034944,-2.593350155,-17.8882497,-17.51124315,-8.451784617,1.440692741,8.708000301,15.2915087,13.94113734,15.47943401,9.319261333,3.756877876,-3.696954594,-12.62800675,1.339902386,1.684265645,3.458180413,10.51026042,15.04552498,17.16556164,15.4678474,15.22615381,14.59680105,8.752256242,3.893654138,1.638242392,0.153451692,0.277032866,0.422772876,0.857455422,1.215412655,1.414642127,1.066908566,0.633526612,0.233019283,0.506769328,0.438680319,0.141900683
2006,247.2293127,60.25203965,27.45933557,98.68453572,143.1433905,85.41971621,136.8511768,102.5367418,75.12094572,98.63763865,83.56915827,100.1677606,28.0882475,-2.963259374,-9.753903113,-3.330254746,2.510403646,8.330648854,12.3844252,17.91537541,16.68660772,10.64373005,2.136145524,-0.820760896,-9.523575948,3.873251759,1.236182533,6.766371703,17.79527002,20.63842905,25.90887638,29.25558592,27.53458714,21.40804027,13.91411305,9.314409396,-3.33201311,-3.671925707,-9.482046448,-3.148512871,4.232733174,9.087580317,13.58453955,17.7966481,16.21512713,9.894161278,2.31754388,-1.113036057,-10.93898031,2.427606523,3.596621941,4.664425973,13.28355278,13.4560644,18.43296881,18.55274221,16.76011367,12.20946233,9.17413686,5.564251781,1.146627426,0.17917661,0.377910166,0.376904668,0.939688521,0.847242613,1.369455537,1.020535321,1.083481186,0.507219423,0.549907549,0.454465733,0.106560851
1934,338.4916996,26.49650627,19.95773107,50.62195229,31.64275631,16.83458708,70.02418669,92.17959492,84.75645462,169.4459466,44.40090026,9.451369259,27.90339174,-4.162837973,-9.062739649,-4.48617996,1.950635362,9.35627894,16.00812521,18.3698249,16.51840164,12.21899991,6.351144436,-1.86948949,-4.271118546,4.746456411,1.612974712,7.410548974,18.26034793,28.43939272,34.26266457,34.70338325,30.39378408,23.86874918,21.14916746,10.73882002,5.560142731,-3.994460366,-9.366720936,-4.181762159,4.316053221,11.90162754,18.51443976,20.28864242,17.32279662,12.31896623,7.555805642,-1.30492365,-3.909051449,3.471393977,3.185125154,5.177410049,12.8182116,25.5946685,34.84858302,33.08150509,23.38191556,14.31775254,14.33313322,6.754629589,3.972010182,0.701673455,0.584705936,0.698249819,1.68915943,2.454241791,3.291726535,2.891902444,1.417394321,0.809887875,1.308987801,0.869259722,0.720138195
1952,204.3392388,35.04336011,35.38723812,83.76047861,114.5562867,109.6089777,160.1928979,68.82499673,107.563518,33.95832887,20.7318562,77.78157745,34.32080664,-6.112586975,-3.547689242,-3.073267754,2.85934848,8.634401073,17.2583499,17.88674093,15.6927686,10.63118902,-2.230252515,-4.487911913,-7.316783485,3.677462954,6.124913197,7.780708426,18.42843783,23.03460214,31.43395411,31.74552358,28.99629347,27.09154159,18.04569596,6.228811062,2.731417738,-6.684617006,-2.868614498,-2.394166245,5.031161644,10.4210538,18.68378957,19.32056989,16.25703866,11.53098178,2.070228847,-3.576638934,-7.521515298,2.763781649,3.971211114,4.892782315,13.31892748,16.47404786,23.79179346,24.16175641,20.42528589,21.60518055,15.69601397,4.213149448,3.485376675,0.3505858,0.475702699,0.515960597,1.622210199,1.967133265,3.199549941,2.938464747,1.667494383,1.663930804,1.822170276,0.535014113,0.466798543
1970,298.9327309,14.12077929,15.39276084,48.42257354,143.8872763,178.8090657,138.6203687,78.47227243,112.0418908,239.2358928,92.14610504,31.68002441,32.02364534,-12.85317941,-8.043595796,-3.611806392,4.192860812,11.35330861,15.18061222,16.68197706,17.1075724,13.668119,6.669141915,-1.309969842,-6.325093729,-3.684516648,3.627564531,7.478646131,17.74508167,24.73625227,26.93166859,30.6794311,28.83350058,26.34422951,18.80550279,9.168453986,1.413411017,-12.83569281,-7.750677544,-2.459883663,5.560479944,12.63937475,15.77855631,17.78112146,17.37493168,13.78002898,7.44508083,-1.339489952,-6.489278354,1.894663625,3.920790133,4.98367572,11.17421717,16.44321858,16.69682816,23.73147926,18.84451334,16.73562606,10.75012737,5.33092769,2.448803103,0.53780915,0.650065957,0.835567092,1.307935015,1.824881561,1.497584087,2.122170631,1.222455567,1.122169138,1.114971254,0.621137012,0.560342964
1991,225.7948208,29.46655463,13.31010423,66.85157763,70.95187696,142.5266001,28.31169654,36.39239563,79.30377471,69.68495709,184.0048245,128.0162379,113.9718729,-8.829419034,-4.460999859,0.071494608,5.731435702,14.60077915,16.50098837,16.92233848,16.5656873,11.34406255,6.004725927,2.50456963,-5.519080658,-1.526396116,4.600364351,11.77389455,19.64270018,25.7643314,30.48772267,31.05875993,30.08228967,25.74942121,19.11962893,13.85495052,3.359900876,-9.935842731,-4.379979468,0.096642613,6.943210929,14.48265145,17.64738114,18.26046922,17.17637589,12.21717791,6.561545885,1.792021677,-6.441223726,1.520969016,3.325366559,7.088207514,12.2131622,14.13976281,23.29267893,24.79118855,22.84010588,19.03931279,11.41410696,7.358825278,2.846696887,0.199789596,0.397143239,0.470040168,1.06486683,0.668865049,1.657651314,1.795368686,1.24677227,1.150616021,0.784733473,0.48484708,0.268331787
1957,210.3802716,48.30724798,32.00357716,50.71856842,193.283741,128.4181023,120.4992795,75.80404543,49.99129935,40.62453278,105.6260549,60.00058097,49.3388399,-10.31164415,-2.834238744,-2.845879458,5.386211217,9.632533751,15.69606938,18.60968603,17.00221463,11.31762589,4.225097006,-0.695690288,-2.547546204,-1.280758039,5.945431493,9.74889971,16.13885613,22.81667756,28.03931728,31.42532665,30.61910396,25.18452538,17.68385347,11.10456139,4.600025476,-11.49482968,-2.41207083,-1.670033409,5.875834527,10.7358446,16.41554207,19.16306143,17.41526574,11.82675925,4.816323288,-0.436750243,-3.488890012,2.067301284,3.589091227,6.908997946,8.898935926,14.45366923,18.94424751,23.60525217,24.11299604,18.27321543,11.87583755,7.171429826,2.877969964,0.262861462,0.467006342,0.763968723,0.750558229,1.610626394,1.542132821,2.012464491,1.419234814,0.983771724,0.891189476,0.583090288,0.258502822
1961,214.1150148,9.039494501,30.7413428,89.59124785,74.71325274,78.68503295,61.71659449,166.0339734,65.99690797,261.2201639,57.78514715,51.49795473,23.44291339,-9.71900835,-3.412842081,0.363435056,1.253494469,6.182612781,13.17008457,17.42299195,17.27092745,13.98076991,7.210276082,0.641354686,-8.708879034,0.53001589,6.263637761,10.77352313,13.88264235,21.19205496,28.74396159,29.73388125,29.4496318,26.94458845,19.36823618,11.64254822,1.490598852,-9.530512084,-4.17951159,0.596272133,2.114073203,7.567289813,14.36252613,17.61314303,16.87891442,13.80875642,7.174506453,0.533945103,-8.439483077,2.897699983,3.965205006,5.897433781,8.350846402,14.5080732,23.36077934,20.18281204,20.25593056,18.01624189,11.39728248,6.016490583,3.221877681,0.390668689,0.356359505,0.477660521,0.793405964,1.685474165,2.268063294,1.352623495,1.26095316,1.195209451,0.781398759,0.614492913,0.530914035
1941,126.6453077,69.95599401,20.91934963,34.69159443,110.1341237,109.8370958,99.16100824,64.27304693,71.0519986,134.4367494,280.6533997,57.55255435,38.4170315,-5.18536144,-7.852956693,-4.512578644,5.881573646,10.81656055,15.34573903,16.72309985,16.67201336,13.56331781,9.270148582,-1.964493783,-2.916629649,1.81278568,1.576445849,7.242971171,19.44179573,25.86653803,28.80384561,31.33379817,30.76273183,27.56123078,19.52210687,9.100480082,5.073697588,-5.112683591,-7.538141459,-3.243241688,7.588010347,12.78542626,16.76564234,18.10841345,17.85499073,14.62275671,9.334348077,-1.616957767,-2.379819309,2.263947177,2.883260395,5.065191548,12.22134094,19.07164881,20.95564219,25.49070043,24.07236035,20.10249612,10.01471152,5.541040255,3.225713051,0.702441626,0.714860879,0.954115982,1.600617182,2.094352954,1.990589701,2.088951843,1.824249947,1.583981221,0.663634047,0.816118527,0.773365835
1996,208.4548899,32.35697304,18.3205123,44.29907473,65.71732032,187.032967,79.39234971,115.8798826,27.02589736,44.43561754,49.60702198,58.07069714,12.38480551,-8.059581022,-7.00286984,-6.160788163,0.682093129,9.92619,15.6276199,15.58740531,17.15691218,11.45164432,6.066748713,-3.413031152,-7.102926313,0.169258448,4.276443558,6.92766726,15.95323236,21.14707551,27.38421164,28.8915475,28.90690378,24.68737688,19.42926419,6.973213188,2.399859285,-9.824900253,-7.418340099,-5.295806732,2.247637964,10.04506847,16.1011856,16.26817951,17.01295299,10.91042115,5.771692865,-3.808772464,-7.700772116,1.815617506,4.412396854,5.712566579,11.22706609,11.41662112,17.8698148,20.85820737,18.6965753,16.80918869,11.84928936,4.258398596,3.445691674,0.129264984,0.376852036,0.561719083,1.085552183,0.851641868,1.388742169,1.381758277,0.840252204,0.400895648,0.668710851,0.288052561,0.247157711
2002,258.9432019,67.16592483,44.63818073,59.30806299,116.3527198,166.6471378,104.6404236,98.0326103,128.0491146,19.41714521,52.53321702,67.05606902,34.83479122,-5.450997691,-4.13749525,-2.97914503,4.644331644,8.32282319,16.19471943,19.01821819,18.49813011,13.31287983,4.969652213,3.161384592,-2.287730683,5.776343955,6.171272316,7.96416292,17.07071022,20.51642142,29.15400965,31.74386685,29.17337401,27.55981313,16.90538001,16.30502172,6.250797669,-5.178825513,-4.438334944,-3.353953143,5.108815132,8.619211564,17.25643026,19.23838189,17.62044461,12.38766141,4.535234732,3.391687443,-3.411376212,5.254428037,4.663772925,5.151762117,11.40471806,12.3214532,22.67231872,23.92509142,17.33113826,21.37421897,11.21879283,10.42786989,3.594206609,0.436852786,0.390067089,0.36452564,0.86283704,0.700115517,1.278107463,0.962532414,0.347044068,0.33607935,0.292326713,0.759280773,0.202495407
2011,254.7602056,39.87850475,77.25257151,43.15631711,154.8257957,113.7733868,141.1779206,52.61118055,26.71565678,74.16375131,21.6569051,51.20042419,68.01474535,-9.188667294,-6.064819639,-1.181062059,4.13371562,9.787766859,15.87895725,19.94755573,16.63433677,10.12038082,4.078245858,-0.516074452,-8.126395154,-1.768141252,2.125615869,9.9062648,16.2401236,22.43082185,27.32157437,31.96496883,29.98366872,23.41858244,19.81843323,12.06226031,-1.445395318,-10.63694705,-6.9156978,-0.918763309,4.828755403,10.53575055,16.80962623,20.98316482,17.00970888,11.21937121,5.721079952,-0.424214735,-9.492059211,1.752495794,2.714400928,6.386094362,9.737440153,15.32328322,17.64316726,22.65526477,23.19829588,17.95692232,16.27121998,7.997873069,1.529301555,0.196447802,0.319922734,0.518578969,0.829318739,1.061973663,1.393022097,1.936421265,1.112205251,1.184637538,1.040579607,0.626352737,0.213194829
1975,237.4612292,111.7717864,72.21523351,62.56349774,82.40964152,96.12768519,130.0663101,82.44829692,170.7121864,60.41622377,52.83266804,74.06070003,58.57668501,-4.724652494,-5.460055452,-3.306279001,1.356782301,11.04085658,16.08523384,16.88161711,19.04534016,11.04796008,6.420037283,1.587109725,-2.784235794,3.047276762,1.754262366,7.136736261,14.83794516,25.39935535,28.17495717,29.12071533,29.34745218,22.5634168,20.40157632,10.08588457,3.171985628,-5.188888758,-5.499138018,-2.691968945,2.411506623,11.89392088,16.6015873,16.40287779,18.47459692,10.79990593,6.357215656,1.292930258,-3.072158963,2.306409967,2.173421927,4.809542918,9.013682802,17.18851755,18.39479052,18.89391756,16.43055063,12.91872486,13.74711198,4.779527228,1.943955627,0.428627545,0.437514017,0.709772698,1.20795592,1.930442586,2.126988566,1.398019401,1.166056024,1.030560981,1.129767474,0.486799846,0.380829513
1988,339.5755419,42.82120574,44.10571544,74.84921683,49.28001754,38.68326581,5.936148505,59.13536976,42.29411862,74.80668796,98.85479593,94.20679301,121.122048,-9.641565703,-8.086079423,-1.895168149,1.828979137,7.218362966,11.32269143,16.2835149,17.93582189,11.85857392,1.815435104,1.430394914,-2.273040367,0.185731101,1.314971769,10.40945992,17.75147122,26.40223149,31.74176398,32.60448654,32.36463397,26.89287948,15.18716595,12.97526811,4.381578669,-9.634049653,-9.174354261,-1.457469553,3.484163857,9.848913677,14.92634943,17.85043797,18.73725921,12.33746853,2.924402034,2.484915033,-2.043389351,2.503455895,2.632591968,6.878720265,11.98011325,23.27069906,32.83941175,29.8139402,26.86180874,19.87468521,9.62591943,7.382453712,2.322186251,0.377393708,0.230827015,0.632588643,1.286431768,2.460289912,4.305012161,2.162626677,1.846244497,1.414439781,0.803773918,0.83887848,0.31464016
1958,272.8793539,33.01517867,12.94534201,29.1201661,60.32454009,64.25636032,228.2899844,189.0283313,99.6104166,77.42752811,23.56424642,71.51613437,127.3076766,-6.812901528,-10.34656626,-2.388853608,3.727640371,7.449590335,13.66209973,18.06705527,17.45735319,12.90767659,5.59925643,0.569670465,-2.392839644,1.438328193,-0.071247183,5.959141575,17.67424061,23.85885501,25.22245052,27.98586941,29.07033616,25.46548088,20.3609128,9.900267639,6.498796655,-6.117148454,-10.20690018,-1.556256785,5.119882862,9.447111319,13.18418879,17.72886037,16.7657275,12.97935869,6.432426847,0.251643408,-2.683809563,2.60227529,3.017543915,3.996884103,11.97155195,18.93417973,15.19043845,16.15106192,19.06369445,17.08480531,14.66225974,4.815812247,3.89022637,0.436068173,0.394187644,0.451005964,1.282005021,2.023960568,0.966548314,0.903952228,0.816528048,1.110013398,1.171192738,0.45564997,0.470231023
1963,238.5461393,15.79606383,21.10267518,140.4569895,93.93561216,38.65978299,50.12182911,119.4711426,94.63961191,10.59897256,19.2826355,33.63700942,12.06872178,-12.93871088,-10.96913572,0.153176112,3.635245395,8.040508293,14.41343135,16.75564692,15.93526826,11.7349572,7.05264194,0.116280129,-7.755056262,-3.52983874,-0.506721827,11.9280162,19.77492952,22.88313906,30.24943474,29.81767158,27.395259,26.61222598,25.6194189,10.51723367,2.295571294,-12.83625547,-12.59897019,0.497198632,5.60740335,8.86161251,14.50605644,16.70175792,14.59802728,10.9707287,8.672478972,-0.004269812,-8.848536576,1.899994795,2.625717975,7.473719871,14.0844422,15.60521186,26.12579296,21.28902021,16.48026838,19.25162867,21.94118585,5.913335971,3.58458014,0.374138895,0.294484692,0.81320961,1.628184525,1.674293898,1.831112085,1.452270684,0.874554645,0.96868086,1.820351104,0.458484057,0.294906883
1936,334.7237021,32.90925118,66.89677816,51.48688194,72.38240274,79.66603228,19.36593487,36.15097471,93.90947629,141.6166603,108.4348787,118.0493366,31.0984005,-10.87182947,-12.10593458,-0.865351726,0.826652661,10.56246647,11.98595868,17.7918195,17.58717828,14.54404246,6.122234837,0.547126729,-7.7464922,-1.864006132,-1.293527339,12.20781508,15.4130453,25.80611929,31.01542018,36.81796717,33.97034139,27.77968775,18.96272983,9.330276388,0.29205081,-11.33294397,-12.53522081,0.13447221,1.928613726,11.65071528,13.61104994,19.63365967,18.88209481,14.88967885,6.412400102,0.502108707,-8.150169685,2.126132707,2.575122874,7.613080548,10.0051443,19.30919803,29.86180722,41.15289869,31.99230277,19.60934093,11.42957596,4.693771785,2.266900843,0.54998583,0.485375424,0.975538687,1.086216336,1.398786453,1.844799767,2.67476974,1.963821957,0.989933982,0.8416367,0.656234327,0.601609655
1989,267.1205868,41.85537386,31.912685,53.94713199,123.3046688,131.3558662,39.88455604,94.48984457,116.3638899,125.8212123,31.47412708,138.8130133,68.85690335,-3.240924621,-8.742259136,-0.889329492,3.615264607,7.807823862,15.03511225,17.8270126,16.76724231,11.49972447,5.843463899,1.396712772,-5.951153533,5.755391503,-1.025355373,10.43854202,16.39908469,20.76685351,28.01954442,29.54233818,28.31766146,23.47226106,19.92707523,10.86851328,4.410950568,-3.093515418,-9.460123543,-1.299216696,4.088439721,8.740961545,15.90605383,18.2787026,16.40357665,10.99987811,5.898043648,0.816304857,-6.100556145,3.441505191,2.031096517,6.260364554,9.745205746,13.07457181,18.99352124,19.31604543,17.11891948,13.21372791,13.4929193,4.864028235,3.895529222,0.46965983,0.253403254,0.493663958,0.824061628,1.357882307,1.50916718,1.445071447,1.220861349,0.858989003,0.885631952,0.632574292,0.493672089
1946,263.9008622,35.40715415,60.91295448,72.44843861,41.12036127,161.0909768,160.3969064,67.50526765,63.3610508,36.59544374,89.92336721,70.834001,63.57963291,-6.204860231,-5.314122231,3.239613423,3.853294715,8.665607576,14.42643607,16.4026079,14.99126579,10.988987,6.517652166,0.604702583,-8.285110433,3.578630336,6.062252368,17.37542474,19.36679767,20.87332821,28.35861177,31.02774359,27.65650111,27.11414104,23.2988582,10.81797039,-0.345093727,-6.65767918,-4.557245979,5.186539212,5.503718689,9.639114054,15.63884071,17.21906449,14.41418584,11.61717937,7.62952832,0.804458128,-8.885965178,3.171657678,4.456563072,10.91794601,13.44623034,12.08750414,20.63714129,25.14288779,18.72836681,21.40177398,17.59733565,5.702214492,2.083266992,0.442162871,0.691949263,1.407288123,1.426654995,1.173281287,1.906555734,1.617715878,0.378625404,1.351449529,1.345412963,0.697496394,0.406745389
1941,237.5197315,35.86761998,18.34604772,25.92893802,88.45410204,82.07034428,129.5757236,82.27903742,72.52898103,65.62967107,209.5393238,87.44875719,53.86342928,-5.310686306,-7.679112353,-4.642674623,5.647348876,10.099316,15.19756095,16.66102585,16.06515088,13.07184122,9.164382892,-1.18513769,-2.381660463,2.643793656,1.970296896,7.917167864,20.50237922,26.22885641,29.0322412,31.29560164,30.84834218,28.09561083,20.09850893,9.611979696,6.249400498,-5.023925153,-7.441037064,-3.469250208,6.873260046,11.33324498,16.05083801,17.33544909,16.55916696,14.0223945,8.971038956,-1.015964163,-2.035301527,2.666537462,3.01023166,5.545088148,13.78625733,20.53082125,21.72958736,25.61793415,25.15390774,21.74606864,10.90263924,5.625526407,3.693887855,0.720929058,0.720192012,0.907707655,1.287325763,1.527620694,1.430230056,1.388230085,1.108724179,1.455548187,0.559464259,0.786824978,0.732523197
1933,356.2593427,60.71028335,36.9985534,112.6771734,95.4832787,197.881357,18.56934753,31.66716129,64.60632124,122.4772067,79.39708067,59.99619262,97.11369219,-1.982029754,-7.077315803,-1.460727588,3.341829838,11.72909046,15.28930765,16.89755031,15.60349361,14.45780744,4.596357546,-2.566336051,-5.58030473,8.05840212,3.984802007,9.208737122,17.10146825,23.64483138,33.91817795,33.55367936,30.15851322,29.53765449,18.65956522,7.679205309,4.108995555,-1.911661395,-7.238188411,-0.787384895,4.602228196,12.5231227,17.13032316,17.89727462,15.49822274,15.21376819,5.117944182,-3.357836167,-6.280632233,4.786313184,3.876745738,5.394234001,10.700898,14.33350346,34.53830725,31.45093515,23.94690599,23.62434695,11.98827506,4.735987487,3.533999395,0.702178666,0.560617648,0.858043699,1.225850403,1.232477547,2.392950344,1.695824247,0.664045415,1.303954963,0.936738787,0.526085485,0.518611222
2006,259.7223364,51.73301042,20.22553622,98.95956301,118.5240234,96.41906951,70.04143367,153.6242104,97.50149405,57.08408524,105.9267822,80.77506546,42.46612782,-0.593897898,-6.979769418,-0.792743723,4.979428955,9.104101438,13.8632906,18.97609956,17.8887151,11.4965205,3.795904816,0.295186571,-6.68590541,7.430744324,5.202558166,9.846818323,20.30087321,21.72896197,27.82619873,30.0214646,28.39494137,23.5552943,16.84405129,12.51385034,-0.329303986,-0.797169926,-6.630343859,-0.6697313,6.376854325,10.33259875,15.57179407,18.85506598,17.64067438,11.38508144,4.733801018,1.085007145,-7.88015806,3.437239971,5.169879834,5.749014275,15.35874267,14.91131626,21.26426307,18.14810904,16.47851373,15.01201624,11.95339286,7.577509236,1.570497471,0.333015541,0.448825431,0.484511701,1.169500923,0.809653804,1.393311483,0.650113384,0.817495924,0.802499201,0.781932088,0.84539986,0.152061469
2013,270.6428617,86.39485784,68.70545661,36.91138819,201.6310871,100.5095982,115.2378769,96.45147571,31.72800325,45.63525227,76.25608202,25.88721305,66.38230728,-5.909249129,-5.701722877,-3.87412506,3.167183062,11.00953916,15.44141835,16.82074711,15.66549358,12.44354358,5.878561433,-0.898935324,-0.372110477,2.883211423,2.87806788,5.194760166,16.2227965,24.36943919,27.49343058,27.69189426,27.97593507,27.59660065,18.57868161,10.40832093,6.897587051,-7.017520682,-5.918183872,-3.197949336,4.321308814,12.40772293,16.43500757,17.12219877,15.42702516,13.21144268,5.666411791,-1.2968792,-1.158446236,2.621940594,2.878794555,3.94567217,9.756927089,17.42475528,18.73585965,17.24929364,19.71692813,22.333184,12.10972064,6.563192586,3.215191896,0.339340424,0.321048722,0.394154706,0.970796047,1.632620469,1.352731858,1.207601993,1.226465606,1.279070064,0.689107865,0.489141251,0.320290826
2016,252.5315639,23.60913031,36.54329069,104.0886947,88.28545781,90.19100527,122.4640725,161.5241147,148.1532124,93.43153417,58.84773206,94.71303883,187.6006225,-6.69896818,-4.097112051,2.81439786,4.29008646,9.008231294,15.91713302,19.01778227,19.60318261,15.22906725,9.617098741,2.800231305,2.265214038,1.030277767,5.050776616,13.5643427,17.4560314,21.89865483,29.34709551,28.24311206,28.92325381,27.49215726,21.38852101,13.37845643,8.692181163,-7.623322814,-4.699582787,2.775536594,4.893316343,10.49928024,17.07337656,18.49050044,18.90227599,15.40927098,9.181499985,1.725886233,1.033943136,2.28787159,4.154676311,7.518583002,12.19254139,15.02391117,22.40448507,13.61090965,14.37601838,18.5531284,12.64483218,7.6565928,3.071269988,0.435285936,0.451206296,0.785130702,1.094778952,1.170884146,1.848861345,0.449008117,0.294858064,0.739708987,0.782668889,0.515187877,0.268041604
1991,193.9917327,28.69502193,18.09112008,98.18176243,73.1607987,129.7517134,41.36707224,55.43858542,72.53714051,66.40911961,124.452881,97.25154047,70.86278614,-10.42183527,-5.355709207,-0.779924063,4.758027806,13.78991467,16.34082377,16.5588159,16.49081353,11.13189403,5.046655174,1.491936378,-7.141998322,-2.164925058,4.278715513,11.99325235,19.17797284,25.32047951,30.00162567,30.79117835,29.34818157,25.49647453,18.59517142,13.82157052,2.170402631,-11.26216905,-4.529263481,0.30639809,6.644397054,14.34728002,17.95681074,18.5038495,17.276226,12.48710722,6.439940288,1.484535366,-7.385980832,1.629299043,3.421845251,7.762610659,12.59749687,14.41811184,22.02314695,24.81365768,20.79420824,18.63064823,11.46131351,7.941899924,2.892427589,0.232788451,0.552806016,0.808290451,1.377034642,1.10157515,2.139409515,2.460668369,1.299292741,1.452783222,1.236986799,0.735060339,0.423775789
1948,172.4184614,35.54934363,46.64906572,115.6997697,43.66249862,58.51610904,88.23658842,184.8585144,38.41474236,86.62054859,37.19861722,64.07012049,55.51139814,-11.89403987,-7.459101444,-2.693431846,4.578209859,7.522701749,13.61410822,17.6892309,16.61276835,13.07920904,3.877320293,-2.706918899,-5.813698714,-1.805602159,2.334031611,8.343881856,19.35997353,21.99579712,27.69494906,29.75008261,29.83489318,26.81873754,18.32830333,6.116969331,4.422937758,-11.47771246,-7.836989602,-2.53552643,7.344256513,9.091055878,15.31998687,17.97738643,17.27574556,14.10135495,5.039929823,-2.664452536,-5.383087076,2.123187415,2.782760216,5.514796785,12.7732188,14.68386316,19.66068628,18.59238292,21.7450127,18.8775785,11.84830901,3.762230834,3.699932319,0.365501431,0.297685715,0.52052941,1.920771388,1.656454833,2.03170185,1.198028147,1.44389796,1.456152555,0.848816472,0.574480539,0.639685604
1973,169.1210271,50.68580795,42.73129296,127.4369799,180.5621735,160.9345392,136.6544697,122.8260043,57.42572806,143.7427384,125.8186841,72.36001764,49.94817032,-7.981908549,-5.854254432,2.485575202,3.660153646,7.612723194,15.44202217,17.91518647,18.02075939,14.55426453,9.123247227,-0.805223371,-8.458708896,1.785234009,3.296417108,12.62667079,15.29649264,20.61531873,28.46654066,29.75957684,29.23163056,24.61083785,21.21522066,6.090775935,-0.079937129,-6.988717293,-5.525741761,2.886121619,4.795123139,9.446546718,16.34174193,18.3306455,17.56289452,14.3683121,9.371684186,-0.260095903,-8.616706927,2.78705027,3.258577162,6.436874414,8.973451173,12.7135335,19.9288716,19.3899035,17.94879444,13.10522856,12.35255778,3.072599671,2.325770446,0.682162694,0.548667594,0.825782435,1.307923861,1.639888794,2.442360719,2.415204213,1.582604066,1.192260473,1.099703484,0.727599878,0.521458172
1963,176.6474186,22.05046849,11.81648921,86.61429107,86.41560623,70.29092037,17.88484278,148.5002884,91.18951206,50.78750395,26.22250059,27.20916624,10.96969181,-15.1834978,-11.81502998,-1.233106382,3.034249735,8.179295966,14.56407993,17.28610027,16.37323042,12.82811066,8.175381255,-1.292615054,-8.865196892,-5.529722405,-0.664553683,11.23793254,19.6170628,22.63048836,30.57639719,30.29667921,28.24775327,25.86642654,26.05265381,10.31299113,2.668180306,-14.67076332,-12.09937708,-0.303283932,6.016105477,9.422251112,15.99522528,17.5865612,16.07112307,12.55003146,11.0472198,-0.609720865,-8.537009399,1.658238482,2.607355135,7.553866127,14.22724049,15.135416,26.36222838,21.85880013,18.04397072,16.69351867,21.81395959,6.485569243,3.968903709,0.364320667,0.455409316,0.898934159,1.986966397,1.707889149,2.754965752,1.621090024,1.243666174,0.979338492,2.253920368,0.664402311,0.507650932
1957,211.862964,50.86437413,33.55207751,53.67917991,130.5905103,101.9622055,112.4195826,57.78940546,53.4043123,56.4521658,95.64282952,46.79633336,40.89675507,-11.83462295,-4.033023892,-3.721337476,4.273199196,8.887312698,15.24706771,18.78946234,17.07956877,11.00424616,3.816647933,-1.400715221,-3.98958172,-1.843840092,5.044113923,8.987114602,16.04520902,22.30705805,27.26507275,31.3095022,30.25864696,24.36378477,17.39366656,10.61050678,3.707942689,-12.49513471,-3.306410004,-2.445873727,5.426537067,10.22584156,15.89684973,19.32018687,17.05458725,11.288321,4.435437186,-0.624007801,-4.993571561,2.204122196,3.46373084,6.622983623,9.651133588,14.27125152,17.56636716,22.85656703,22.37182139,16.67909039,11.74880887,7.00118899,2.818105504,0.327833309,0.481370211,0.768260047,0.84970716,1.661893562,1.547008659,1.9430274,0.997886953,0.893073949,0.800599809,0.723073908,0.292264346
1928,129.2863843,10.00806014,40.18239665,41.72256123,86.26732485,51.86590427,149.9030527,108.9459714,84.3519688,82.50710911,96.38541685,81.16149295,52.11618903,-8.115428038,-5.312981706,-2.755156272,0.040435934,7.770693519,12.76525826,17.50947303,17.26250079,9.428039027,7.46144716,0.30056398,-9.005701559,1.73880728,4.594582217,10.69171623,14.62491898,24.55617441,24.43745861,29.97298323,29.55837482,23.09356371,19.75139687,10.99141564,1.561302841,-7.43018382,-4.487841427,-1.081286319,2.311501966,10.33957924,13.56421599,18.16415341,17.38178663,9.804363342,8.063003719,1.007768369,-8.80053531,3.058103455,3.764975238,7.067187728,9.58439892,18.9840701,14.76990983,21.12227899,20.40184273,15.30245314,11.68293433,6.134222767,3.19508497,0.737422724,0.788419462,1.121970948,1.485967667,2.262674127,1.262382617,1.378900034,0.792600902,0.929645621,0.980512683,0.882622027,0.636237386
1929,160.7509047,96.86383707,22.06402318,96.69403332,154.9339788,70.37877429,132.9048195,201.2909076,57.88212817,79.08587592,91.98564309,121.1982191,44.54148022,-13.81545856,-12.13742629,-0.709486551,4.891446563,7.671848185,13.14623781,17.61695226,15.47304492,12.03920424,5.513297152,0.648916526,-4.88050153,-2.840395929,-1.875585515,12.71599047,17.18491228,20.87910878,26.38205025,29.39610756,28.23476864,24.23518386,17.69271389,9.210609414,4.211009068,-14.4906825,-11.82456312,0.996219421,6.193116618,9.528427579,14.26523723,18.1336707,15.57119268,12.24879827,5.948699359,1.115033685,-4.803949241,2.354961255,2.412962557,8.059560748,10.04069686,13.14572701,18.04710227,19.39501613,19.47115878,15.09805837,10.26038673,4.585338508,3.442488993,0.447830902,0.615849449,1.213626065,1.312755502,1.736102133,1.560223248,1.288462561,0.745003173,0.863473612,0.88045959,0.846339137,0.662459595
1987,212.7612467,24.91865379,2.326569058,78.85207224,40.77404643,32.46127932,61.10549223,35.17219315,144.8694635,75.12717579,16.36233624,23.13617232,45.30777711,-7.984836933,-4.817458324,-1.215720573,2.072133077,9.997641937,15.18956448,19.16698989,17.21530556,11.85512439,0.480448277,-2.510769265,-4.757970953,0.611189351,7.404804306,12.25243353,19.08512307,27.09487857,30.52612071,32.27125933,29.31551648,25.20357128,16.11048424,7.084858639,2.961791814,-7.536988458,-3.618641764,0.867824251,5.098612295,12.43359338,17.31394002,19.33245453,17.09575585,11.93555916,2.557095675,-2.503296794,-4.265020384,2.282466946,5.342036778,8.24733378,14.80522113,22.14500916,25.03467957,24.99475924,19.95653253,16.9690796,11.48442507,4.175697296,2.494304836,0.396068167,0.583703705,0.942628957,1.763948629,2.5720448,2.761080148,1.641015292,0.756838492,0.889887455,1.195646966,0.453068657,0.307604706
1926,158.8655763,28.01444033,44.4967057,51.91769876,56.45933672,55.64579177,178.1491125,97.86181572,131.5662697,272.7906178,63.54096753,45.67905736,39.43416952,-8.351008636,-4.059483298,-5.132422244,-1.105974309,8.037478269,12.02262441,16.8301637,17.86429621,14.37492655,6.423979989,-2.983326384,-8.913476892,1.89955006,4.730333271,5.784659345,13.44587123,25.67777323,25.87355332,30.48022668,29.03427914,23.2696845,16.85128734,8.894105075,-0.01646815,-8.003967696,-3.553341851,-4.664155703,0.955043525,10.88158829,13.23530423,17.87688897,18.0632636,13.80178713,6.6396996,-2.697033991,-9.254533364,3.205515965,3.44711767,4.388572659,8.927060695,20.89568302,18.0571128,23.09806037,18.44733015,11.23614564,8.708325462,5.767068147,2.468888337,0.676772294,0.753038662,0.727943771,1.37126216,2.498187894,1.550134612,1.752430619,0.857936075,0.275026592,0.757767165,0.754800616,0.54449019
1993,235.3092073,48.03702762,40.11746643,90.91688216,110.6864201,98.50749338,168.7633317,273.1957605,225.7956326,131.1073751,30.90246861,152.1394635,95.91540011,-8.150485819,-8.305709103,-2.996484144,2.541113557,9.465986279,14.63071344,19.27404547,18.92495152,10.70279376,3.578276097,-0.171929939,-5.493392062,-0.175112981,-0.225469978,6.059768944,14.70179004,23.33287211,26.72878811,28.38481744,28.59181393,21.19080038,17.3819745,6.480440063,2.026442096,-8.193917844,-7.933983601,-3.087125953,3.718651887,11.68994075,15.35648088,19.05095318,18.50501699,10.93501022,4.932923713,0.36493905,-5.713165227,1.845368159,2.256386993,4.025726962,8.704753529,15.33806706,17.43208918,14.49080916,15.20251165,10.75442078,11.45168317,2.752124305,2.065121314,0.358703934,0.301621419,0.255935028,0.963740044,1.806252441,1.451374891,0.83146424,0.514454797,0.769845289,1.064184065,0.335388345,0.306696583
2003,171.7527864,9.960319479,24.85600204,36.87791364,70.97403058,139.6165986,93.40943339,99.46919792,37.80190955,129.2533835,47.75635613,9.068039906,34.99640318,-12.02418006,-9.258960785,-2.437744752,2.896815555,8.322554581,12.63636461,17.83015962,17.93734854,10.43281957,4.482310707,-2.056909996,-6.274321139,-1.106599912,0.618723232,9.360540083,17.49857278,22.07288581,26.24971457,29.26411813,30.50166543,23.68739928,18.93236388,8.458489633,5.125077633,-11.54278852,-10.29705467,-3.021588676,4.503819318,9.234944931,14.03837217,17.38564007,17.36663384,10.51588841,4.841242609,-2.17975162,-5.938728807,2.986766701,2.726991294,6.674254314,13.18923958,15.08268867,19.09636721,18.3319115,21.46487603,16.20612421,13.46655379,5.601176596,4.349384053,0.387228187,0.197533044,0.366092122,1.352198159,0.949865673,1.592799512,0.990046065,1.020636628,0.767511137,0.844103435,0.397108926,0.433905098
1992,173.5417186,22.72297464,40.97698792,40.42710349,76.68287463,19.72448911,34.02345843,240.1087862,22.43357997,149.27393,28.3362821,93.89768495,49.72375473,-5.296382408,-2.804531455,-1.170493416,2.383089974,5.997040781,11.15547757,17.31198793,14.18457244,11.64950138,4.086495096,-2.817683352,-4.621178567,3.02543773,5.937765425,11.16910877,15.70473124,23.685803,27.41722516,27.22087508,25.94702585,23.4619712,18.50513061,6.158461601,4.557071424,-4.958025963,-2.266197669,0.050332869,3.958774814,9.894490833,14.08588159,17.13277513,13.93794516,11.48744881,5.447372181,-3.166216398,-4.648218818,2.414641672,3.613906833,7.343284189,9.540342,19.66856329,23.11715626,14.25435725,15.79185415,13.44206143,12.94286328,3.378900052,3.114543128,0.372755465,0.396155078,0.686476597,1.143548431,2.656620899,2.750575621,0.63819971,0.787457637,0.854437821,1.107234343,0.335831691,0.395143284
2001,187.2168837,64.93850898,88.1398043,36.97428877,100.4216242,189.313088,104.8114887,63.76573922,70.69130111,95.9607322,109.2346058,47.92599347,43.74737907,-8.253754829,-7.425953751,-4.628671354,4.824740324,10.43720524,14.32527131,18.22603132,18.1857389,11.61403007,4.893968764,-2.667012945,-12.99592755,-0.692198575,1.304947105,6.727008167,20.21174764,23.28940017,25.688105,29.99376103,29.0691988,23.84499843,17.55851941,7.484339002,-5.109324899,-9.643931398,-8.660022504,-4.310471836,6.195840089,11.66538616,14.80642367,18.42635691,17.14844888,10.82374706,5.205308859,-2.476102632,-14.83733818,1.678039736,2.107544334,4.995157905,14.2172038,15.26444007,16.21865788,19.44881199,17.25863442,14.8474195,11.19513923,5.002668436,1.314196658,0.223095896,0.20608401,0.391747777,1.371124707,1.179084027,0.998942809,1.218939656,0.466957647,0.519591426,0.888501992,0.340025318,0.154186237
1994,140.5105033,30.17418915,74.28607539,18.86588013,82.38341741,56.92069869,79.8321339,68.63676469,78.7537125,27.61975756,44.33785056,51.32707473,25.46045683,-11.91622842,-9.75849901,-2.972871842,1.203992619,6.713704628,15.78741302,17.21201206,16.10188407,12.09435661,6.198774921,-2.238134243,-5.85524176,-3.958881843,0.707813131,10.58983768,18.30996327,23.04026898,29.25253437,28.70505454,27.58854732,24.89726611,20.03051381,7.895951144,2.190991458,-12.77149492,-9.99802472,-1.549505905,4.48648934,9.107960767,16.67546809,17.05211742,15.44582691,12.36724062,8.067870586,-1.284791495,-5.223031852,1.397254852,3.207334974,7.736468319,14.1350967,18.43489977,21.33791097,17.36123753,15.86297576,17.10286723,13.35112817,4.833967585,2.540379244,0.226029287,0.452154434,0.732614003,1.901037009,2.007770403,1.324159992,0.861020809,0.77133731,0.867329584,1.416202012,0.624350977,0.415870062
2005,226.1297438,85.85347927,34.84602062,34.10821363,77.90885265,48.6530797,37.86301587,47.70614571,71.94151213,94.01041658,37.77062249,88.76758243,32.19925703,-7.636824944,-3.008416797,-4.172610646,3.578891899,6.278139463,15.97142773,17.00870833,17.03701153,13.79539218,5.761282896,1.547775849,-6.310808612,0.456632771,5.863470959,9.043309732,19.41729079,22.16827446,30.06653448,31.32576328,29.80919375,28.09458432,19.2578743,11.02396125,3.509341378,-7.751580007,-3.41403872,-2.845348408,6.098077695,8.841204883,17.56299017,17.82407118,17.71550513,14.54036241,6.567568984,1.696582462,-6.353494997,1.976911562,3.653642412,7.352133236,14.53522349,17.33463136,23.58789967,26.22919953,21.78117582,21.86363327,13.23948648,5.679432391,3.237238718,0.26193495,0.2667963,0.580527935,1.6259139,1.457141387,1.793742133,1.416355879,1.607976371,1.377695576,1.025554907,0.471317552,0.336302843
2004,159.5263237,17.50956887,17.46797129,83.8891381,37.89158421,108.807604,62.71326964,105.4906754,146.0959788,67.31025048,156.6005822,103.6134367,101.0521738,-10.20946153,-7.134790149,0.151720944,2.174422022,12.13295358,14.07556654,17.06070486,14.40096329,11.73805999,5.981946243,0.319489689,-4.60784517,-0.518052127,2.040391886,11.84062911,18.62882118,24.13083252,26.01608758,27.47620686,25.53194392,26.63978087,17.79883329,10.6520168,4.145373811,-10.06985139,-7.624761926,0.870824811,4.852633562,11.90163279,15.0187058,16.62668361,13.6089067,12.2267057,6.58052306,-0.1612151,-4.590217491,2.659995067,2.953106059,7.014459072,14.66917508,14.75047484,16.36699604,14.80297109,14.19146362,20.28812221,10.31927724,5.420522952,3.340243447,0.344099185,0.42844651,0.573952448,1.626810826,0.923891176,1.123823896,0.602590683,0.477005924,1.036817573,0.900733351,0.473513058,0.379952036
2017,140.5525146,47.76486773,14.8354267,81.6318787,150.0984989,108.6778779,55.24745066,144.4127507,69.46505756,12.59743301,125.4619119,47.13944455,34.47384634,-5.320074051,-2.468854232,-1.639545967,5.905718912,8.977100875,13.90207746,18.92266455,15.8864737,13.07265267,8.30445512,2.877312886,-7.272261336,1.599760033,9.605815961,10.16808263,18.15742975,21.68849721,28.70637186,29.89071675,26.43532473,26.83291012,19.06398002,14.19081143,0.456302342,-6.237853013,-2.837388151,-0.902403332,6.291987967,9.800356412,15.79409986,17.51121576,14.61156501,12.28725621,8.069352892,2.402086733,-6.833850578,1.77333084,6.855678964,6.563948019,11.78548449,14.3386238,23.58255821,18.30702792,15.09936458,19.88528016,11.46210907,8.042127611,2.191127181,0.187834996,0.483391841,0.572083861,0.988354681,1.023918087,2.029700467,0.330359945,0.288559149,0.71475736,0.642849049,0.580949729,0.363970471
2014,170.0060699,38.36665287,81.21613497,32.22175154,108.0500989,57.27583545,178.9938797,109.7610084,129.8395093,151.3717942,96.86663714,41.37089746,29.10410999,-12.7229814,-13.27839512,-5.180382642,2.596030569,9.306343605,16.97548677,15.83773413,18.7524434,12.49789412,6.360506333,-2.529435253,-8.722434407,-3.419393897,-4.627546026,5.019632079,16.73690309,22.94616196,27.76968676,26.33986765,27.45716974,24.15804826,17.22294869,8.243442155,-0.58210862,-14.8816126,-15.76024786,-6.681532127,3.071254523,10.60085753,16.68842467,15.10315666,17.49466361,10.69115475,5.185839881,-2.598813712,-10.94281534,1.889470888,1.797812494,4.437737313,12.13578813,17.35941191,17.42374544,15.628328,14.14319021,15.50100293,9.665466467,4.487824183,2.040785296,0.274060657,0.276263579,0.298755116,1.108023216,1.645354385,0.691290216,0.608595874,0.281868663,0.388141384,0.415568981,0.567543806,0.19506535
1956,358.3372412,22.459284,119.2588074,37.79001108,73.46565548,112.0150394,91.08570815,140.5946534,81.99457579,56.32245582,26.46635215,74.71966199,6.740036892,-6.373983834,-1.713550416,-0.880925014,2.954891849,12.55773046,16.65275456,18.7184989,18.21381616,10.59488599,7.923214169,-1.209048035,-5.617381262,4.349332986,7.86361189,14.28431403,18.91880532,25.79552972,30.18861004,31.00810947,31.58465544,28.49456897,25.32904402,12.7924965,5.714100966,-6.242716783,-1.057043144,0.839682405,5.61945508,13.11223366,17.10994033,19.11180394,18.87508018,12.64924334,9.262585001,-0.118636077,-4.632445506,4.139990336,4.310352048,10.22148986,13.70239522,17.17149301,23.23612764,22.43428543,24.5631822,26.06906064,21.00740261,8.484852801,4.52204398,0.537646267,0.473020132,1.149654471,1.831832618,1.717874103,1.559644503,1.417287414,1.943053974,2.388261137,1.49264736,0.981038491,0.657632274
1939,351.480923,107.6567888,91.52759597,78.78857302,161.5556085,60.48462991,126.3094603,107.1731099,119.7549232,34.17928094,35.79997848,75.32086315,52.5091522,-1.805766245,-4.560208511,0.940517487,4.341461558,11.94648174,17.91870719,18.81295788,17.15554316,13.82103091,6.969334656,1.07391903,-3.359366649,8.796836089,7.703495768,15.84290972,17.53076792,26.84243939,29.9160735,32.58133302,30.99586043,32.30543702,24.35873585,15.51935552,7.623425414,-1.190229347,-4.202828506,2.357633547,5.72921173,13.23807437,18.24758978,19.5828724,17.59285266,15.89270787,8.16526031,1.617923359,-2.887902822,5.323233049,5.502976664,10.14331327,10.6373982,19.42286812,19.69113257,25.37341761,23.39766709,31.91370182,19.23052112,9.920448697,4.732287919,0.793430993,0.671850903,1.007813762,1.124826096,1.411858194,0.75579072,1.192576306,0.977139,2.502968193,1.258056831,0.940256193,0.568418943
1961,349.3239688,23.96137226,67.75880661,129.2737542,86.44756521,252.9551133,100.0571074,137.4847888,78.74955473,64.21379801,43.60954843,90.3564423,54.74664288,-7.88324897,-1.773683842,2.292537762,3.019948738,8.4666024,14.48155723,18.05443895,18.14658622,15.14361587,7.456514855,1.412737377,-6.700455607,4.423901869,9.240066289,13.930437,16.29551439,22.2139471,28.88009043,31.26834534,29.88847616,28.73342114,22.07630843,13.95254671,3.921903219,-7.591529284,-2.557101014,3.531805445,4.897276871,9.207648957,15.24724604,18.45861699,17.59383961,14.91834654,8.395288226,1.600739201,-5.387183662,4.673530033,5.844734035,8.365132355,10.42123761,14.99769109,22.01502342,23.37707362,20.4687303,20.98707145,15.8535818,8.241127949,4.103876584,0.450185158,0.464632194,0.929994577,1.379309033,1.571484978,1.958238903,1.670198234,0.928688021,1.153830472,1.377940919,0.81141471,0.743746789
1941,416.2396774,66.00827958,17.90084688,18.50624113,115.6454257,49.60639965,91.7214902,53.49309178,55.37922951,104.5010937,197.6202494,91.8162664,76.26395246,-3.305423137,-6.288018244,-3.428148119,7.677599287,12.0239477,15.97139671,17.61300285,17.20248765,14.65353963,11.17803457,-0.534195556,-0.998231134,6.110623859,5.022212582,10.47431991,21.65686817,27.73511243,31.21217921,33.80080897,34.07949062,29.65132644,22.9589937,12.30133288,9.656191835,-2.35089095,-4.536773035,-1.460343839,8.908552528,13.33158435,17.45329241,19.44951977,19.19451431,15.58357545,11.75450826,0.616043458,-0.164846448,3.612288283,4.183788969,6.905371351,13.68620973,21.49367027,26.03278932,30.48449673,31.56706901,23.00859938,12.75814352,7.483073388,5.173213163,0.673294966,0.815715163,1.032583764,1.219519051,1.568987701,1.940894611,2.717600319,2.712879198,1.47391006,0.930628587,0.880482466,0.728250057
1931,332.8519985,12.63967738,42.50104818,67.38476095,73.52504083,93.84916446,44.76190446,86.29013236,142.9940965,108.5830794,99.11603234,52.10174614,26.71529612,-3.710931294,-1.456791662,-1.470098988,4.86485259,9.048500609,16.30737781,18.47082787,17.31205767,16.30092721,9.856380083,0.730319361,-3.75212343,7.611898789,10.22296707,9.685327829,20.07994603,23.09141051,32.70107107,34.65784776,31.12875786,30.82423485,23.12780953,13.72171183,5.954095463,-2.920387784,-0.773689037,-0.252862428,6.561040137,10.05515999,18.02376062,19.65396164,18.09709527,17.49703466,10.18863163,2.089043923,-2.871138834,5.029869563,6.121384193,5.702120523,13.61368377,15.40306041,29.71166528,32.76025694,24.07394971,24.54672449,14.79480622,8.254076539,4.015658541,0.902384461,0.933754233,1.038182997,1.416839676,1.229297294,2.237441772,1.692939721,1.414517529,1.700178115,0.924097111,1.115753968,0.89022697
1985,361.1085995,48.09931028,100.8401168,157.4894753,58.86025493,87.90481658,171.2958466,38.49231835,121.8092135,9.61455265,75.37104347,136.3052002,113.8684545,-10.09408127,-7.686904349,1.771290647,7.295342209,11.76147171,15.36612964,17.81600425,17.69391602,13.32701296,8.469601958,0.201433633,0.12339995,-0.169594405,3.018840427,14.94853714,20.8273512,25.17190351,27.448202,31.14687352,28.60847434,27.21761266,22.1618488,12.64864089,10.35678683,-9.352513186,-6.796070184,3.69482673,9.00827852,12.94141249,16.65377679,18.84022301,17.96565139,14.22975292,10.06452391,1.576455209,0.039490352,2.25490036,3.120596494,8.680957377,13.01865434,16.30695158,17.01148417,22.43071921,16.30147621,19.17729001,13.21278816,6.961404522,4.588781853,0.504333389,0.643692844,1.236280317,1.806667711,2.074692014,1.866115379,2.592078132,1.830371892,2.230170047,1.413002262,1.051004863,0.643068521
1960,372.2994397,45.29837119,47.24578541,67.24927428,64.89984527,120.9668576,105.0005109,64.9518757,73.17071535,22.08555613,70.27945313,65.68731996,112.6829765,-2.905604066,-4.503445905,-6.076442008,6.265000683,10.35410013,15.6051726,17.80496333,18.68072842,15.12874909,8.23418399,-1.9851937,0.100076603,5.233175345,3.891180273,4.006749974,21.57591188,23.19134828,29.31339047,30.40111778,31.77787035,30.62270501,21.50221829,9.879654625,8.566646426,-2.519841711,-4.231563435,-6.171656783,7.840956393,10.48271307,16.4323713,18.08216242,18.85487833,15.90784232,8.620399084,-1.48180658,0.242772161,3.430618553,3.316103847,4.649210833,16.16938491,15.41529463,22.99645405,22.62163796,25.07828324,27.25661059,14.15961893,6.572247625,4.15308795,0.394713084,0.463093586,0.483839745,1.701623186,1.367426962,2.135854319,1.612073003,1.522486811,1.624324684,0.880967035,0.724823535,0.466819579
1929,360.0306287,88.87684331,41.53210991,82.83214488,132.641849,220.1162604,144.9038124,88.54256558,64.52268569,74.64094038,85.63895747,68.38828433,63.21037955,-8.501235833,-8.493315749,2.332981168,7.167562588,10.19116234,14.78609861,18.4001173,16.40221049,13.34597268,7.343506978,1.695826813,-2.703660096,4.080509656,2.908580565,16.68590122,20.81956603,23.08725576,28.60069062,32.28345902,31.11194025,27.09844166,20.62022841,12.6800814,8.323405388,-7.552860392,-7.655278517,4.140734961,8.52384821,10.82715727,15.55464551,19.47359993,16.48748939,13.64207229,7.96411697,2.679877075,-2.297786643,4.239045854,3.653643108,10.60141,13.20095774,14.46399562,20.85869833,25.90043062,25.15711669,19.21970786,12.83096798,6.837517617,5.169305742,0.845075393,0.79161494,1.34747282,1.337717191,1.054424831,1.262308253,1.657986359,0.78735607,0.944691117,1.002713106,1.029991295,0.812322383
1942,353.2755063,54.51501872,86.9780849,82.17144213,63.52610164,110.9020006,192.1503265,130.465165,83.39116401,37.13672387,80.72821786,89.70691554,42.39024609,-6.607978803,-4.374897355,0.628453252,5.983844692,11.14601551,17.30660882,18.85532515,17.71122579,12.98801492,7.04436187,1.406782617,-0.6603831,5.698020204,5.299525406,15.38510078,21.43920502,24.65278779,29.36482271,31.92749751,30.31459932,27.085967,22.26080558,13.62274206,9.189776279,-5.803444738,-3.451366156,2.609874548,8.215526395,12.24534806,17.95433786,19.71241228,17.65177706,13.52861663,8.318797756,1.945913408,0.007810746,4.685572765,3.487701557,9.398512419,14.67593117,15.99216248,19.08656452,23.4198178,20.62850692,19.32525565,16.067386,7.610817397,5.074123996,0.653163758,0.649478727,1.111820663,1.786479847,1.528554449,1.222075462,1.865527908,1.08368598,1.208469624,1.294326502,0.724118262,0.740113543
1958,364.4044841,51.20825736,33.37060029,99.63976383,95.60605373,96.72172188,124.0109943,225.1785428,103.7341845,76.00707711,35.05625032,120.6499676,109.2739841,-5.672279489,-9.46109168,-1.306980351,5.603140917,10.62496583,15.5338512,19.38400513,18.96260026,14.64861927,6.738981236,1.110210974,-1.252124236,4.071607802,2.008109375,7.531702705,19.17725884,25.33688092,28.39692372,29.84765756,30.60061641,26.88611766,21.88226282,12.20613174,10.13552642,-4.226576961,-8.617674192,-0.013506698,7.35538062,11.99926477,15.80859791,19.52343831,19.08527572,14.860725,7.636316664,1.653326312,0.08171982,3.655914056,3.782077212,4.485762564,12.63757609,19.07579506,20.16191561,18.68009481,21.12336956,18.28794477,16.28468307,6.617150485,5.976937042,0.650017242,0.574085665,0.585319181,1.483229607,1.797261368,1.680646379,1.295268869,1.314672401,1.22405018,1.243045403,0.708406315,0.849076065
1975,362.0339118,110.6463615,98.65310452,130.4450345,123.3974736,82.32237349,72.06229168,84.55998069,136.5950425,67.46305261,38.87265169,74.23477479,50.98153987,-2.799427927,-3.432296035,-0.981991796,4.995994382,13.83784553,16.8283119,17.70916529,19.72571503,13.10177101,8.166901085,2.542917895,-1.527389391,6.37723899,5.000361395,9.492588041,18.1731544,25.86616567,29.38479929,30.95420622,30.54998237,23.74879118,22.55527421,13.04714332,5.920103574,-3.15426316,-3.060177392,-0.593456711,5.878457483,14.05767129,17.84194389,18.54216788,19.44304554,12.57028623,8.51428261,3.024438356,-2.157487715,3.571418982,3.050851847,5.688683234,11.06822427,16.48441322,21.19039989,23.71184616,19.52811406,13.22967112,15.09370295,6.97792869,2.863554529,0.547844861,0.621316856,0.698375596,1.360687969,1.934351895,2.958947992,2.898575825,1.627686057,1.174264549,1.480850368,0.854896354,0.344056606
1926,357.7614495,43.54112296,69.89729328,73.57687183,74.38963675,41.34612872,45.88431253,55.29800824,129.5106831,173.2646925,117.8732088,94.54887013,36.44440741,-5.005354667,-1.702540858,-2.514777753,1.710977251,10.81248163,13.81061404,17.65513079,18.69798886,16.08128268,8.29491515,-0.615192062,-5.780222995,5.930885397,9.065475672,9.914924411,16.7591417,27.13579088,29.47103551,34.14757096,32.13735859,27.91003925,20.70212485,12.24006727,6.145154016,-4.204373316,-0.668739776,-1.19772988,3.453923211,12.37185564,14.83815825,19.08299657,19.39834496,16.42806381,8.750492186,0.476184641,-4.658177236,4.3843736,5.344412664,6.254618742,10.98069062,21.53044463,23.96743221,32.29426515,25.06062592,17.91177341,12.26347497,7.453370803,4.729859898,0.836741963,0.948602521,1.004731555,1.306766853,1.636093406,1.404867931,1.99684602,1.347626957,0.96193897,0.925381993,1.00648394,0.895893284
2003,385.8853158,14.15184572,88.69453895,63.19189194,108.3643276,200.0465617,160.7698125,68.12154598,90.9300291,78.8029258,49.14839814,34.83019504,76.85932098,-9.118807605,-5.234993085,1.588579948,6.171096409,12.43598951,14.63076659,19.07770779,18.8456441,12.69970752,7.089392022,0.252328249,-3.481218443,1.625061056,3.105325845,13.38543991,19.43843017,22.85878249,26.17346522,30.83547049,31.33494668,25.46689752,20.99238294,10.9897171,5.949393016,-7.935840343,-5.241916657,1.487842804,7.391375608,12.31739306,15.13045645,19.27166939,19.1700337,12.70027739,7.577035287,0.945730681,-3.270139597,3.492525395,2.853181612,8.094777738,12.36904816,11.59501456,17.23321843,21.81284651,23.63461421,17.1936937,15.23061507,6.503466037,3.991505434,0.500318496,0.29316737,0.526812134,1.284579204,0.601112526,0.675733348,0.936312304,1.213214398,0.9081645,0.970049779,0.495909634,0.371187617
1998,372.0060019,68.28890644,61.17264848,121.1365077,140.44734,93.59398317,199.2555499,126.0642837,58.59545006,45.47584207,63.86797979,58.78821227,53.66298281,-1.322291882,0.741277548,0.769126363,5.901889695,15.11861508,17.62897256,19.90045168,19.04783185,15.98812167,8.86246618,0.690799451,-2.166509017,5.808530493,10.1197475,10.80471072,18.49167406,26.24286382,29.29378234,30.2969985,30.14244323,29.55541866,22.26962973,9.457878578,5.332769387,-1.506192435,1.298833512,1.816473324,7.24613899,15.52014559,18.42468286,20.55553563,19.15500236,16.59161094,9.233397621,1.431966483,-1.726668682,2.963961822,5.520706126,6.62533712,11.32199681,15.888488,19.16474586,18.72734886,19.05088168,22.30423909,14.21602113,5.077848135,3.223770843,0.269555624,0.519327815,0.93099018,0.989892368,0.935140728,1.536133829,1.165442688,0.834952963,1.03654806,0.915735388,0.576533409,0.330545804
2000,364.9630295,37.48595933,79.67075379,62.77525635,72.83234492,118.7335877,248.8355154,174.0782527,88.06607699,73.06567831,32.13460444,12.45800937,77.47703951,-5.215696133,-0.653095284,2.016560958,4.237656861,13.484061,16.69241918,19.10728788,19.95284853,13.59665954,8.230464364,2.822405531,-2.512676639,5.41609232,10.57791465,15.28524835,19.04995784,25.10270159,28.16971312,29.0199075,30.24344159,26.56612975,22.33187269,18.18248827,7.95780843,-4.778682681,0.039366387,2.705387119,5.564849473,14.2080018,17.14822714,18.78941502,19.82166078,13.39926871,9.300938492,4.183056503,-2.202369439,4.496234262,6.830935371,10.11714801,12.81149786,14.53951667,17.72049072,15.57302271,16.63606219,17.19003247,14.98769464,12.53181696,4.735403466,0.487360652,0.731624681,0.843222758,1.008767409,1.159614944,0.970284989,0.552819061,0.659599202,0.60072512,1.01773788,0.981057996,0.487279969
2011,396.2254055,34.73852831,98.38987,106.3699217,298.4297826,138.9323378,232.7768842,142.8935687,28.98303877,80.33360699,52.65412589,125.8248747,36.20479672,-6.771902308,-3.074955633,1.499173298,7.872169772,12.41732745,17.61402755,21.52555239,18.25244492,11.76763548,5.550060659,0.026660213,-6.036728331,1.475753226,6.382739266,12.13024458,20.17625373,22.94438316,30.08790183,33.38062659,31.19451629,24.71211083,21.32274511,14.78822751,1.728497294,-7.257771093,-2.98303949,2.298154845,8.692999324,12.88141988,19.1456397,22.32343195,19.13224383,12.6631221,7.261680504,1.624732378,-5.998177058,2.534174717,4.513237358,7.634258626,11.8947352,13.08146343,22.21717128,24.21604424,23.62181606,18.53531404,17.29657776,10.3385099,2.496899939,0.307893174,0.642565982,0.699349361,1.033114076,0.856912954,1.610233783,1.308846525,1.253636379,0.879616905,0.861321903,1.080621964,0.347882223
1956,345.7400253,36.48149363,130.4974145,53.37615638,102.0196005,99.15287412,61.28586725,102.4804262,70.19160931,59.45435202,30.76306661,100.2142836,11.16891658,-5.63835353,-1.016011929,-0.721158153,3.147227521,12.19096711,16.37515888,18.56219146,18.02311317,10.59164496,8.088189402,-0.816902232,-5.077804781,4.546852577,8.059436289,13.83472955,18.62812428,25.53811052,30.45668652,31.08968328,31.45807605,28.03356246,25.14730563,12.50180339,5.816026556,-5.689627462,-0.552740228,1.134554168,5.464391784,12.8295089,16.62718869,18.59663062,18.02072472,11.93081773,8.76765058,-0.26485768,-4.506787873,3.935082503,4.072019358,9.557196307,13.20651534,16.99023859,24.23661992,22.80477151,24.29819465,24.7069802,20.3720021,7.794721923,4.293474693,0.447519125,0.461412357,1.17014393,1.712787046,1.842428557,1.426991708,1.287230657,1.47246067,2.03192612,1.206723868,0.823119276,0.566285782
1953,481.4588636,78.97731733,29.56555445,134.3180544,102.0409647,112.8522682,50.41085602,40.7170813,15.81165832,16.31769239,51.89630226,84.76864137,63.67923812,-1.508184337,-2.528652449,1.571756088,3.794362967,12.79829348,17.41202664,17.73105443,15.54770749,9.566459398,5.9121068,0.010976934,-1.703127847,6.881388198,11.11976929,14.09080979,17.37232815,25.48344273,33.38757454,33.3801181,33.41420206,31.30503114,24.5580932,14.51810581,7.106723986,-1.067865729,-1.074953314,2.395548175,5.292521106,13.19285382,19.53899876,18.98794687,16.89428104,12.60952395,7.408948724,2.06426018,-0.814722078,3.375312058,6.913625922,8.085661449,10.96035369,16.54739756,29.78396088,29.68845944,32.39207524,32.92863212,21.77527005,9.657824124,3.813470236,0.552290041,0.749616913,0.691247267,1.177766344,1.4887639,3.381318775,1.953857945,2.050648898,2.989941932,1.51412261,1.146989256,0.529559834
1966,358.9255368,55.98546839,74.87620185,31.57276443,163.0321598,110.7084772,39.49188404,40.29480218,74.29160311,94.70108158,40.60310102,21.55355863,55.35665839,-8.77223843,-4.887928608,-0.141901348,4.623688705,8.992368756,13.95772645,18.72853671,16.34821638,12.60662699,4.058469045,2.442695078,-1.124928182,2.155353638,5.454617664,14.22850349,17.1252261,23.5419705,30.1262084,34.36824056,29.86460439,25.06870425,19.1304785,16.41880894,10.44013703,-7.324921159,-4.41836026,1.743534617,6.100216678,9.843032717,14.83461471,19.84716655,15.96384204,12.58364517,4.914608526,3.647376801,0.189214586,3.384497775,4.087041264,9.27082533,9.970922161,16.37488246,25.61149213,31.67567802,22.25251292,16.14952898,12.88960856,10.23405347,6.162557526,0.824486723,0.701210242,1.291782384,1.298815176,1.354377848,1.58130512,2.158421909,0.609477299,0.792570299,1.14674174,1.12612838,1.087651509
1981,325.0119948,10.64138761,70.87305551,40.93010176,77.57758628,230.0411473,71.60059724,104.7831728,105.3948965,37.64676293,89.74230388,58.53605007,19.23607189,-7.878205394,-4.03066505,-1.703808721,8.290508427,9.877138107,17.31232363,19.75817537,17.73422256,12.66991573,5.746428893,0.231751057,-3.217180008,3.524232189,8.633791291,12.83350997,23.18958763,21.86672881,30.01990933,31.3264297,29.45415092,26.02944472,19.78820974,12.20471531,6.876607879,-6.818452369,-3.941631409,0.248660443,9.873440409,10.26071561,18.5497402,19.80303228,17.53602373,12.95389648,6.727617835,1.376100939,-2.807671708,3.954751093,6.185907514,8.962046553,15.39692002,12.4276167,20.68179247,20.25371471,18.13343789,16.8418458,12.28893914,8.101308987,4.127349486,0.592316135,0.610145854,1.107761798,1.919329223,1.233403339,2.588237451,1.496070875,1.211417718,1.438568168,1.399047369,1.004471971,0.725723648
1959,373.6120376,107.4633095,74.48544429,70.54300036,57.60618397,150.8287384,30.45948801,72.47963907,175.8696244,130.5683262,75.37240809,127.2628329,20.78254143,-6.39646805,-3.480368048,-0.766169156,5.191097086,14.16243843,15.84890679,17.65157003,20.2524685,14.62679498,8.174887153,2.274914053,-7.033883369,4.190436312,7.685228594,14.0063836,20.15371195,26.50964298,30.14132355,31.88869391,31.65916661,28.41138569,21.12567716,15.94706223,3.697317962,-6.706986523,-2.956948127,0.645167633,7.112599846,14.55509695,16.5300324,17.98437403,19.94128032,14.63722292,7.328450901,3.008509801,-6.944368785,3.267293384,5.053706917,9.746467199,14.2903744,17.60325427,24.29173182,26.93759612,21.85060697,21.02756819,13.70792837,10.26916308,3.840891157,0.427611068,0.632798193,0.900522977,1.778378045,1.523331137,1.808132516,1.522827432,0.95229937,1.091192096,0.642549967,0.806098186,0.454275903
1928,333.4126934,42.7423442,82.45199227,38.50075389,96.33076375,82.33881572,221.8197343,58.87096499,88.72781108,25.90674919,141.8283708,122.7274232,105.6246414,-4.858829974,-2.969415957,-0.613935106,3.164096725,10.09880616,14.98224785,18.49275161,18.33869604,10.77638445,9.308659047,3.440269113,-4.797021456,5.91317701,7.004512886,13.04008216,16.97856969,25.38484062,26.15004087,32.30204485,31.934077,26.6592188,22.43735982,15.52464141,6.370609636,-4.356206842,-2.05824564,0.813615845,4.704937876,11.28980981,14.89673758,19.74138127,19.0094617,10.82921745,9.593067537,3.75689875,-4.86320355,4.340809969,4.416171224,8.2308602,10.61481817,18.76241864,15.67278276,25.87721854,24.99928363,20.75779284,14.28165313,8.832078499,4.602904636,0.78782082,0.898913686,1.119416143,1.361135895,1.422389627,0.687625629,1.938686416,1.353499482,0.799915807,0.883521536,0.832764996,0.63819992
1963,300.9164934,18.10545912,9.16264577,195.031575,47.84650984,98.42992837,61.82806248,130.5097681,47.13274648,7.433211971,11.74149217,37.91936603,64.30404979,-10.3636094,-9.089885744,1.657666789,5.432681415,10.53557692,15.80309196,17.97836696,17.1675147,13.01096587,7.413031966,1.041582457,-6.18296006,1.555212826,4.168721287,15.2491547,21.72933767,24.01618804,31.2606059,30.54109276,30.50854494,29.23340196,27.81598442,12.4907615,5.636246583,-9.482081131,-8.186152476,2.608420097,8.130260326,11.07578824,16.34419415,17.95949532,16.53444668,12.44919706,9.365724892,1.775699707,-5.887673891,3.398863656,4.697425348,9.931237602,16.24859433,15.82512024,26.82303811,21.73455925,23.21808885,24.31997808,26.47896052,7.278399086,4.986266532,0.482096046,0.642101097,1.116109071,2.24878527,1.617997439,2.235870482,1.586225582,1.451318994,1.041671904,1.964203654,0.775848921,0.558527837
1977,328.8078188,41.10058744,61.48763089,188.1349564,72.67864063,46.31189279,131.3850009,95.69233051,177.3790259,79.80982859,88.50208303,20.01498009,16.85809457,-13.81802327,-5.06362513,1.848217003,7.238887111,13.56694618,15.49892407,20.04912427,18.69168081,16.47350159,6.942897046,-4.436712402,-7.072212475,-4.705707871,5.666648253,15.87961223,22.36972636,28.11580039,29.57189901,32.48423589,29.57512816,27.94782537,19.044551,9.169038565,4.802152257,-15.52630442,-5.620306406,3.740079594,8.827596987,13.89859978,16.50113748,20.17066601,18.3326163,15.96818336,6.20679548,-3.230908846,-7.243316393,1.456546868,4.280200213,10.56097743,16.59802035,21.42348434,22.05357191,23.36878727,17.77148433,17.37629721,10.50123729,6.77032986,4.248028405,0.140866165,0.641754468,1.523226734,1.956514912,1.690668624,2.352436836,2.236344179,1.609477416,1.109971456,0.739806358,0.882143332,0.552717738
1998,383.9448959,86.53027973,59.36006438,91.16099538,182.8353707,137.9102671,155.1623293,119.1748016,95.91254925,52.50839847,98.6915136,68.00428266,70.29387152,-0.84330884,0.734222986,0.902317584,5.947372764,14.85144668,17.62980321,19.74183694,18.81883152,15.64148824,8.691278688,0.637366801,-2.065647642,6.072331567,9.979975458,11.19000694,18.37505578,26.13542617,29.04875633,30.35318369,30.28432134,29.7357545,22.33176951,9.494616621,5.462463592,-1.10885852,0.846357894,1.669534635,6.992237931,14.86833629,18.21950307,20.02686182,18.50745697,15.82532379,8.46410184,0.71565272,-2.293438387,2.927211662,5.45428971,6.887639881,11.08213021,16.12273151,18.51013643,19.27862158,20.00357388,23.30188863,14.52229249,5.183311914,3.253111999,0.229743708,0.286200317,0.851823313,0.800409613,0.565465567,1.303795534,0.79025316,0.496475002,0.727573253,0.646196643,0.340741157,0.092594472
1999,369.005182,205.8908751,98.35072757,80.07635101,154.7300353,89.77190192,145.2730364,167.0574277,42.69324472,13.6287076,61.27883632,60.08309147,60.11394622,-3.873658276,-0.700891318,-2.555452949,8.539790472,11.39543444,17.4895338,20.65221359,16.63166522,10.16998325,5.706124103,3.112922497,-0.889032585,4.604517616,9.614175008,10.29021538,19.20043772,24.89261457,28.95465053,32.41645003,30.18741501,29.00308504,21.78041088,14.85163858,8.379857495,-5.424424478,-0.526082756,-0.684754777,8.933277844,11.6902807,17.58430402,20.46932567,16.55530578,11.24843296,5.828356665,3.027896432,-1.706061072,3.008690579,5.444844411,7.41649376,10.08757774,16.89876908,18.47673594,22.69554175,22.70506193,28.46394735,16.49789176,8.153194448,4.670440967,0.172251801,0.427967649,0.732081052,0.772392404,0.605000818,0.519731239,0.657426588,0.699499852,1.112991302,0.533362085,0.584531017,0.301098615
2017,371.3949391,60.11867574,11.73752254,64.80228655,174.524023,128.9807028,80.31197737,94.5872161,40.67002093,17.22892133,133.8159708,76.22850978,33.38242672,-0.737698792,0.64853446,1.638748233,9.329841299,12.0678059,15.84507235,20.55900264,17.40605896,14.17577437,9.676438926,4.036684748,-4.192775736,7.278436686,12.86091928,14.09146816,21.26649385,24.09086013,29.99856812,31.89671847,28.91632869,28.83269356,21.46955456,16.13423928,4.934788621,-1.572094856,0.280418467,2.546737452,9.376431004,13.21901645,16.94209856,19.91134788,16.36319785,14.08508605,9.501847492,3.500100015,-4.017250536,3.205445364,7.668323452,8.432525461,13.15058592,16.00826588,24.61991532,22.4975547,19.70922647,24.90358222,13.87489619,9.68765494,3.363731743,0.384918236,0.557445709,0.729801792,1.040205979,0.925699166,1.062327336,0.595709023,0.41836542,0.708418995,0.822640853,0.51360696,0.38861171
2007,388.1677566,101.8265502,86.52105774,55.9971878,78.19347302,65.01477466,89.70486338,51.94364745,36.60220542,56.26528101,128.7304175,108.0764878,122.6723401,-2.95229223,-9.535898423,3.638122344,2.930365584,11.90494537,15.42210643,16.62952211,17.89439175,12.35946341,8.496189838,2.162686472,-1.009124544,5.554276083,1.988896829,17.09043868,17.71856131,26.98791086,29.88103043,29.96871765,34.91415695,29.66256369,23.05615709,13.07753665,8.809832562,-2.64257316,-7.91462232,4.702678674,4.892606632,14.12560228,17.10625877,17.20879605,20.02061984,14.83769484,9.730765172,2.275435635,-1.055221296,3.294650185,3.579438114,11.42242114,13.82918397,21.80782806,24.80606988,23.14908522,37.79376165,28.39950218,17.92959058,7.1083058,4.720032305,0.391290365,0.472309219,0.941381942,1.035389981,1.248485613,1.220099878,0.779790961,1.892913361,1.718423573,1.461261274,0.610195013,0.482121211
2010,372.5955018,36.31511597,40.91899406,94.11838026,73.97949346,126.3047987,114.5967209,109.7094251,68.15772714,22.00887021,23.34520963,33.35024337,136.7281672,-7.288695895,-6.395195088,1.788780215,7.18260135,13.32945689,19.7289282,20.42332756,19.12304747,12.69423011,3.730243655,3.592228842,-3.976180185,0.768250004,2.365932421,12.87000483,22.86049955,24.91174017,31.27435776,31.87704624,32.81777477,28.52838064,23.63313715,15.75480959,4.601575165,-7.206232401,-6.320801868,2.189662631,9.145814172,13.97891354,20.14574281,20.77005773,19.33359301,13.62505928,6.439299645,4.041358173,-3.216027492,2.119739918,3.043267821,7.76057909,17.99570615,15.66869719,21.65533701,21.36996618,27.19201768,25.22924694,22.33311247,9.323735653,3.309293743,0.327743895,0.365896921,0.51832247,1.443736256,1.111065297,1.356222319,1.062838395,1.000750448,1.139819703,1.390178618,0.677904501,0.393697837
1927,254.9848533,140.1714938,28.33845394,167.2401623,208.9048412,221.5198276,96.80813721,114.2384161,71.44372048,121.2884493,49.92755526,80.85825624,62.14027137,-4.075182719,0.474269293,2.775884682,7.671566571,12.02430816,15.12879877,17.21739383,15.6913726,14.86498219,8.109017081,-0.879862271,-3.27775674,5.015131022,12.60016988,13.89964355,20.68003601,24.31106145,27.6223993,31.359344,28.3762039,30.38009596,24.45967742,11.07526919,5.857639227,-3.632654706,1.462869398,3.583211121,9.304625091,12.98963759,16.08970635,18.08322564,15.4551252,16.09916726,8.592453728,-0.248529649,-2.925917385,3.573829802,7.376163497,7.51913945,12.7485756,15.16045478,18.54594317,25.060735,19.58369212,25.33177219,18.63341927,6.606843105,3.802635687,0.771362557,1.008337135,1.090874139,1.56506729,1.359970315,1.497850266,1.460703272,0.5783799,1.734818283,0.993358876,0.901963688,0.770623782
1932,233.5301455,176.7369603,49.134139,85.46791769,82.5176307,28.39695209,50.3348733,76.47874294,151.0685134,190.9966013,120.7486057,139.2701109,114.6277986,0.962921278,0.631623011,-2.340992126,5.480685994,10.9728555,16.75795598,18.35952321,17.70126437,13.42466862,6.799484898,6.655907293,2.428147662,10.44541858,13.09495856,10.66414266,20.97895716,26.06333013,31.56483858,33.86423781,31.51664366,27.35152035,20.53390182,18.16550186,12.11232865,0.768868195,1.626293921,-1.100277136,7.832936612,12.09835424,18.23461244,19.78659468,18.50631824,14.30464349,7.341956096,7.227387272,2.887791243,5.324714498,7.759231787,6.81381696,14.60862444,19.35137449,26.18268952,30.59276843,24.90064957,19.79977238,13.15256265,10.03732773,6.029864199,0.724595476,1.003276377,0.995757812,1.85067355,1.423745537,2.100864005,2.144882722,1.484219906,1.383589283,0.984586262,0.979740598,0.853145617
1968,269.3174487,61.23492296,36.26027686,116.1327971,132.6768694,127.8371862,68.11776731,84.58843022,85.29847388,66.17546578,29.96608504,78.26770258,139.762907,-6.442714183,-8.300048015,-0.087808107,5.332435922,10.17039237,16.43017892,18.08450072,18.63010227,13.30292082,7.000407613,-0.505907976,-0.741696059,3.051897787,4.627742582,14.10699306,20.27599896,23.60368501,30.57286103,31.67696172,31.41851486,27.50536544,21.52243097,11.15132928,8.16406419,-6.464162327,-6.088301322,1.19811716,7.65537404,11.49561709,17.55260124,19.0936066,19.20144457,13.28987967,6.700905238,0.699704701,-1.267775394,3.18804526,4.612560867,9.275124937,13.80213346,15.52227154,24.01955194,24.88984235,23.26318809,20.29110358,14.64079363,6.620898299,4.317062154,0.650679123,1.023079521,1.158000308,1.896767631,1.624266602,2.037252287,2.070198092,1.592199293,0.974390349,0.768329751,1.039243722,0.562868198
1948,247.8548194,78.06969313,76.71773157,105.1133607,99.82896306,102.403384,93.28357053,164.6401274,31.37842643,88.5864023,63.53570237,68.53581784,52.84384574,-8.603874269,-2.851833978,1.880485333,8.1183408,10.8153665,15.61023747,18.95513886,17.17683815,14.04413856,5.809128004,0.406630185,-2.747183133,2.050808637,7.346415086,14.18438571,21.9048235,24.45360443,30.5445267,31.47939957,31.41764511,27.9315089,19.88533918,10.11382501,8.301460978,-8.050191594,-3.251940874,2.594631935,9.177542556,11.15680095,16.99983264,19.09743618,17.17673128,14.44005499,5.810376491,1.350743613,-2.078285743,3.168590052,4.278835876,7.813732053,13.85072402,15.56760647,24.19420711,22.13772328,25.25164174,20.4995392,12.91128832,5.235372885,4.995474166,0.407090759,0.336278415,0.762494938,1.565287151,1.358028351,1.971679918,1.137118378,1.209132842,1.066292986,0.601481025,0.757142972,0.712098357
1944,395.9751274,17.41241657,80.66227509,108.1772568,157.8800756,85.20260444,37.13904149,30.91834429,84.60802855,43.63294844,13.57260289,45.72212486,56.05675277,-2.904396433,-1.443703541,-0.400083904,5.267190471,13.99125646,17.03611146,16.06508288,17.79850832,14.20296125,6.187750594,-0.8022514,-4.545031485,8.39214569,10.73645835,12.96253979,19.62895357,27.67440249,33.29823504,33.91023677,32.16805424,28.18667524,23.36158781,12.99800656,6.355610729,-2.233643047,-0.843811255,0.63968047,7.3143667,15.16074256,19.30076807,18.16301478,18.86576981,14.65095671,6.812827388,0.59220868,-3.780883665,5.171402061,6.32871435,7.660747921,12.10985952,19.73758143,30.50550981,33.23362928,26.26023701,20.31919197,17.53613765,8.247237202,4.306896641,0.732947745,0.719491277,0.903329528,1.49239405,1.658798377,3.104164065,3.035079617,1.898490948,1.093843053,1.015929234,1.061505921,0.692922493
1992,238.7595405,38.38872404,39.79287631,107.7030576,55.80964407,87.07403945,45.80476629,150.2470658,86.99425849,119.645774,25.89348527,118.0199835,91.60914593,-2.6948566,-0.389710225,1.537386131,5.80374189,9.968621225,14.1364931,19.43550017,16.21223106,13.93582838,5.889513484,0.31103557,-0.914357867,5.639331315,11.01881113,13.74257236,19.39828732,23.14956142,27.22220441,30.7613994,28.18600531,26.08141611,20.71360241,10.29932495,8.688062293,-2.414040014,-0.348561704,1.840789255,6.964999927,11.17554335,15.3074907,19.9191836,15.78158564,13.54795319,6.088704528,1.398984676,-0.888030597,3.113574007,6.466539489,8.398537361,12.9520137,15.51371882,19.11649312,20.11524618,17.86191527,16.25090619,14.84673977,5.159148499,4.498337828,0.384851566,0.411102262,0.488846615,1.208439818,1.341703934,1.797464372,1.3389811,0.769030909,0.807804909,0.835708419,0.76880313,0.452402687
2017,308.8313939,54.96761228,11.48306548,80.17597629,239.2290598,129.770697,91.7879744,120.243671,49.18648985,29.79879768,76.88568115,64.61755163,70.3842665,-0.167457417,0.97202077,2.024713838,9.855582279,12.37082264,16.32236743,20.93350639,18.02460354,14.87046924,9.819216127,4.122125982,-3.487638927,7.641372178,12.82750074,14.12716237,21.69385303,24.50125402,29.87084922,31.4072408,28.46811971,28.31875192,21.49706187,16.43860832,5.918091141,-0.792049246,0.553250048,2.766463874,9.710942328,13.60023708,17.4504011,20.22400541,16.91949027,14.30486058,9.468504437,3.006104902,-3.432854355,3.214888922,7.502377447,8.608536493,13.34618923,16.41285972,23.95929521,20.26259226,16.646267,21.91779443,13.97830226,10.05443467,3.631500763,0.424771553,0.534645643,0.646255832,0.850016508,0.978657648,1.172098416,0.51056577,0.27392413,0.477439768,0.769634406,0.335154038,0.366753233
2010,322.3025824,54.52060995,44.28177085,116.3390913,88.86671109,112.1631726,94.61406267,90.13965007,43.42781138,14.38498028,15.07994506,32.86877888,120.2968757,-6.934611067,-6.382300786,1.662604995,6.973377064,13.1555438,19.52642882,19.70423572,18.46244011,12.28257191,3.737375583,3.269955136,-3.828537527,1.483490633,2.702196967,13.29318418,22.98013964,25.36131214,31.61183266,31.89937783,33.05553767,29.3067383,23.86671089,16.15686153,5.230261831,-6.737819958,-5.922330766,2.619074636,9.44742559,14.52634587,20.73418294,20.810556,19.47558905,14.04488937,6.753107875,4.338143473,-2.727166057,2.401206795,3.296385952,8.178376963,18.51440784,17.10127775,22.80573404,22.63410107,28.64557274,27.51469676,22.57582787,10.05698919,3.616836769,0.415193216,0.478421937,0.863567426,1.890199792,1.771828286,2.294082646,1.916004286,1.90194743,1.87551974,1.643486582,1.139938498,0.564933718
1944,214.0689448,24.65311081,50.47250431,117.3184485,112.2659972,133.7561544,122.948378,54.44163444,73.20209483,63.03643707,31.94616837,43.83888813,12.66215459,-7.481594574,-7.754912667,-4.680477444,0.555860903,10.85470238,15.05442356,14.66466776,15.69985115,12.02444621,3.463972454,-4.126134911,-8.687276039,5.146256496,3.0799272,5.191107929,13.82677844,25.00613934,28.99215415,30.34433041,30.0180419,25.2383452,19.06494468,6.885960514,3.019737901,-6.9796625,-7.418031356,-4.161833922,2.309122664,12.93606599,17.24898391,16.19253207,16.52026409,13.4850842,5.130862562,-3.249275083,-7.702207343,4.61294506,3.579436237,3.816003965,8.389943222,17.40913186,21.69629761,25.28740601,23.5192962,16.92441041,13.13777479,4.783421776,3.781457683,0.639583247,0.602032283,0.697180154,1.211704324,2.090908125,2.773619309,1.990889792,1.40533245,1.690189132,1.347290026,0.782180841,0.666521547
1984,286.0188934,19.72799825,15.91893858,69.94252802,100.4391147,114.1642589,84.31268948,79.30069579,30.1034927,52.97043531,146.5557908,110.2371794,50.83936846,-12.4183895,-4.868896751,-7.089260938,1.006015711,5.509516837,14.29396875,14.81598805,15.879706,9.588945031,6.760883526,0.994400067,-15.22883328,-2.903190645,5.524444743,2.8886813,13.95566589,20.21021667,28.44280371,28.55024205,30.3973236,23.61702519,18.59970653,9.860437958,-6.52277843,-12.84418939,-5.02813759,-5.504593291,3.675571091,7.595381324,15.66141336,15.34418395,15.54921712,9.895971942,6.076818461,0.481014381,-14.70637718,1.836935688,4.021335932,3.384902017,8.804492112,13.08908522,20.5503305,20.50385396,22.90095018,15.98349357,9.560530262,4.120701656,1.190107039,0.319666854,0.415175454,0.654981133,1.416126779,1.853613365,2.411240814,1.536315898,0.996396965,1.361733015,0.503625441,0.349834578,0.29494753
1952,222.2660299,46.97279745,14.23533015,99.09475038,50.18346775,78.47141564,127.8067182,102.710169,93.36520574,19.12576722,3.389858515,67.79138528,49.06939559,-8.832284588,-5.381169355,-4.743290617,1.523002208,7.244553217,15.96319203,17.08098585,14.91489391,9.914406588,-3.198290857,-6.004340297,-9.618388143,1.158173039,4.292170796,5.831167308,18.03493055,22.32910194,30.0408837,31.10452698,28.05867932,26.35134285,17.18382275,5.255613192,0.685358152,-9.447337692,-4.088378235,-3.886465809,4.061667233,9.696686807,17.4712445,18.75653707,15.56300699,10.60065983,0.808690617,-4.876676989,-9.632198304,2.080306678,3.365724131,4.051153485,13.41361794,16.25364856,21.41390495,23.0584745,19.03329741,20.53744753,14.91958732,4.007951115,3.063360536,0.349288998,0.530783849,0.496129463,1.515592362,2.001847153,2.670394898,2.703620009,1.409193367,1.31938444,1.515292821,0.541870357,0.462685751
1927,297.8239872,24.38676139,41.9854541,73.70016419,146.3019037,149.2924086,75.16343935,34.10410451,65.8013556,146.726127,130.1274743,94.73537018,20.72759425,-10.66516245,-4.852844632,-1.513404387,3.098202378,7.507902988,11.61225045,14.84272107,12.99197236,13.09900832,6.029053242,-3.84663312,-9.110402167,-1.047503272,5.5927595,11.06409534,15.47971525,20.31821787,25.6522536,30.42070611,27.44526153,27.00761282,20.56432339,5.931901618,0.286074165,-10.72635903,-4.253785008,-0.246024168,4.486526863,8.901755385,12.73518312,15.64292552,12.69904778,13.75674477,6.79921428,-3.39254057,-8.899306145,2.406525875,4.212544481,6.963241007,9.122945857,12.51604322,18.25155702,25.37329692,20.50774843,19.52684674,13.83654307,4.099223311,2.629208501,0.609438926,0.736692405,1.034000014,1.223565493,1.399262209,1.43091399,1.263345578,0.466072684,1.154881261,0.995646488,0.745780944,0.638656201
1926,276.0449014,23.21278296,56.76469767,42.48591187,54.189184,67.01557504,135.1234941,152.2435261,103.3554669,227.3325123,52.54418142,41.22423642,38.54497853,-9.567548521,-5.400595055,-6.270742121,-1.998201288,6.845165094,10.76765301,15.75463798,16.69587935,13.165114,5.031311755,-3.766575484,-10.15407587,1.378982204,3.459548325,4.656813819,13.5526741,25.3601418,25.77447291,29.73688688,28.90413054,22.85126321,16.28733943,8.138978164,-1.163859153,-9.288172353,-4.413596966,-6.086839396,0.185555141,9.617512074,11.93115105,16.81444494,16.97632844,12.72197548,5.279048221,-3.425526083,-10.69938824,3.229403586,3.158714619,4.066454306,9.431021151,21.23659301,19.12886354,22.72390882,19.74677191,11.81831731,8.963440599,5.5167227,2.250643474,0.641231739,0.818445121,0.643097283,1.328128308,2.258071643,1.399793317,1.579775667,0.875062311,0.390452496,0.750479622,0.744830961,0.515524281
1947,335.5572068,51.75016368,5.036808712,52.74795427,160.9868666,102.4004563,157.9356427,79.75542527,46.78751733,102.4896682,32.57022483,78.39040862,45.63101553,-8.154688863,-12.32885597,-5.995827076,1.727205933,5.609052603,12.690601,14.56434004,18.1113677,12.00167708,8.702685006,-0.9018547,-5.853015941,2.115467715,-2.07340722,4.993940511,15.13870795,19.27812949,25.17129165,28.84156635,33.8666783,26.49582842,23.48510579,10.42716366,5.680404542,-7.703255298,-11.40188619,-4.737510637,3.481411258,7.504459342,13.78971645,15.6822982,19.91432659,12.89163758,9.945117846,-0.384860051,-5.4725861,3.113968749,2.318123577,4.12385487,9.188778002,12.0740139,15.84246515,21.64741582,30.60139803,19.41606359,16.61554807,5.984133457,4.443589458,0.581206832,0.668424543,0.778921772,1.242513502,1.541563162,1.468665403,1.701580024,2.628157246,1.3482764,1.38057817,0.681217367,0.625565592
1945,262.6987819,17.99244846,28.14391803,67.91814255,103.4287945,172.6423751,128.1194824,34.41075849,94.6395127,155.3334472,22.27994894,63.31805542,36.91637954,-12.14921085,-7.927185502,0.55298673,2.685541222,5.063323125,11.87784788,14.19494365,15.27004208,11.7830109,2.620420507,0.985424093,-10.67117159,-2.888217746,1.764876613,15.68498545,16.62425157,19.32835469,25.02677353,29.48718145,29.34249631,23.78723332,17.37230407,9.684247944,-1.290624196,-11.87355135,-6.565518583,2.792726414,4.703744776,7.097458107,13.37444488,15.4410604,16.09742333,11.94859812,4.038494513,2.254360288,-10.28828179,1.933766036,2.919236313,10.32369994,10.43474255,12.38146762,16.41392612,23.54787808,22.04211203,14.72865713,11.42634404,4.899212753,2.253723673,0.547629971,0.723360674,1.445434707,1.45056765,1.574656458,1.651331436,1.71988162,1.383046806,0.798442274,1.187259701,1.058830583,0.57952826
1992,245.5535133,29.63558643,33.81803712,27.4873277,93.26388968,13.94388372,34.261115,258.434837,42.7252581,180.9727345,13.82550347,115.6187931,41.06987989,-6.248279782,-3.904946644,-2.229500947,1.426927997,5.0926556,10.00466994,15.81740947,13.25721219,10.87947798,3.335060331,-3.619489173,-5.705581085,1.092824109,4.153036573,9.343762953,13.85889382,22.95696767,26.81747516,25.65807584,25.18324972,22.34104739,17.14034708,5.694320943,3.007849008,-7.114749771,-3.798483204,-1.416869819,2.762196546,8.603548428,12.68717854,15.7766702,12.72707098,10.30248196,4.00526921,-4.08589979,-6.764373552,1.77014482,2.85259284,6.099164439,8.028364085,18.96463914,22.73693425,13.31433796,15.22105224,12.04670187,11.61443382,3.418516607,2.559517466,0.193158571,0.315540704,0.557823787,0.970435123,2.411329368,2.391195076,0.68479729,0.636043435,0.635740301,0.745750093,0.321294765,0.239245696
2014,264.9135455,37.42491074,50.66946085,22.0669584,91.76029323,102.6449083,212.6744495,82.40378916,90.8602895,104.4083897,79.36490752,50.83095614,34.82274745,-14.29138777,-14.94708507,-6.401342727,1.498908548,8.350979037,15.3609543,14.77283261,17.13008093,11.44620383,4.973013995,-3.179607828,-10.12331068,-5.044659951,-5.337946844,3.77520004,15.8778509,22.25394435,27.30329301,26.27473964,27.73001689,23.74660581,16.34887051,7.582362994,-1.822437407,-16.8294976,-17.33001189,-7.254320861,2.415385841,9.883491158,16.17371897,15.03690275,16.68259962,10.26071351,4.479624762,-3.079313649,-11.99060473,1.590097159,1.852577321,4.039291694,11.65972349,16.85759446,18.22581213,16.7555594,16.67058674,16.17524084,9.855902302,4.588422498,1.917524614,0.244175705,0.274716638,0.460008943,1.092275569,1.656870788,1.632299322,1.468999163,1.00282687,0.791451048,0.801924512,0.613448157,0.240254955
2007,251.2191642,20.45300518,43.94573434,94.68023248,96.70781387,38.11297243,108.6365347,155.0368673,179.999141,19.63396013,46.87625677,60.15767863,61.06280685,-7.466796311,-14.42765191,0.089364578,0.069382485,7.768191285,13.65870274,15.19748653,17.95512196,10.70281513,7.300101223,-0.59417235,-5.02982298,1.250323515,-4.569247769,11.11404078,14.52402304,25.85271864,27.71360208,28.62504711,29.00414041,27.08325166,20.71474474,11.00404046,4.264672032,-8.1175096,-13.95459262,0.166398442,2.530893592,11.93831695,15.43121636,16.07776825,18.35389809,11.67033949,8.242639669,0.102493753,-5.266281469,2.630282252,2.05098504,6.729850019,11.06534254,22.6197728,21.20481241,20.81024067,17.52524559,22.8651987,14.32894933,6.624295988,3.21962909,0.385334506,0.348046532,0.637511289,1.256604058,3.271269856,2.003164246,1.48761479,1.252147803,1.64831672,1.310305531,0.614914613,0.434335147
1968,299.9353746,30.07174266,40.69329266,33.09779948,80.79008569,78.39849773,141.9745798,71.76373847,126.8832952,83.56507046,22.9261461,59.65757393,91.14644641,-9.693898203,-11.57599723,-2.843781539,2.487066171,6.507240366,13.75931565,15.79411765,16.82661961,12.15411989,5.495005635,-2.254423258,-3.638299888,-0.935980291,1.094838024,11.90899524,17.38244633,20.38765511,28.44286443,29.15988035,29.1214634,24.79099913,18.92597221,6.91731932,3.006187364,-9.826227727,-9.853299007,-0.796142956,4.788194682,7.96436162,14.96650477,17.00683997,17.05092855,12.43087846,6.371543681,-1.030546159,-4.730978202,2.180038255,3.493026857,8.45705135,11.54554509,13.25735538,21.7853178,21.10257258,19.78008275,16.02611612,12.03107807,4.13485753,2.335265736,0.548808256,0.827834391,1.239660708,1.706958175,1.48844866,1.984081633,2.122014043,1.170318327,1.016882896,1.111808649,0.93197051,0.347344587
1979,273.9498621,82.08495126,28.33974451,107.0221372,145.4454208,53.55697178,103.6184904,111.1712342,186.9026784,1.12704028,63.57026566,53.34658271,71.57630936,-14.31513545,-12.99378332,-0.834788813,2.182705925,6.959778539,12.84276413,15.87423578,17.08012741,11.75668593,5.051803847,0.553557054,-6.729638613,-6.768570432,-4.745014975,6.928138969,12.58348459,21.47424896,27.39525206,28.00711752,26.97208082,25.41179895,17.35991164,10.35549047,0.665988275,-17.00363637,-15.21035696,-2.931959523,2.588339284,8.345949594,14.70453634,16.05231185,16.33175724,11.26250232,5.286924803,-0.024822079,-8.343006694,0.885032015,1.437259236,3.002058459,6.891477633,14.80551064,19.82465598,17.88422606,13.5309914,17.37362981,10.39722464,6.097521133,1.976993099,0.108540993,0.204780586,0.083220218,0.890999896,2.121594538,3.01683356,1.781040194,1.023539923,1.017355897,1.045589338,0.478021782,0.122363103
1956,311.9204426,13.64154891,56.64325584,22.47924012,103.1993412,102.0595893,66.15405749,77.90136066,76.8133285,19.71347735,11.46406889,38.64744649,15.19693308,-7.549638066,-5.783559233,-3.651187787,-0.422067399,8.032278789,14.21155441,15.7446261,16.42679669,8.890355687,6.180903734,-2.866431965,-8.773631636,1.724725633,2.163618906,8.312187359,15.80521685,22.67764752,29.3139186,28.23968833,28.75565446,26.31656237,23.0704777,7.740055205,0.914470156,-6.81971372,-6.363116042,-2.532086241,2.553113837,9.497011708,16.02493675,16.50005567,16.69701247,10.6155236,7.944670674,-3.102443118,-8.31049971,2.966675539,2.471728012,5.900168646,11.74497144,15.4986614,24.11542818,20.32498872,20.1358734,23.14865374,18.33878739,4.585469811,2.738586987,0.467956343,0.30940388,0.700712041,1.513326268,2.01994072,2.619694728,1.655692511,1.364464608,1.9691115,1.674165557,0.482820839,0.481465239
1991,422.5302788,32.32853938,16.03027603,101.3676588,112.9441553,156.424112,18.38078927,21.72500371,65.00954501,54.16908335,213.7639811,177.8458724,83.10822739,-9.755564177,-5.612628847,-0.823855201,4.142350279,12.63293356,14.82894102,15.69937118,15.34878885,9.945475292,5.158549052,1.388880627,-5.912656477,-1.822261974,3.21691985,9.798252801,17.50662255,25.08502134,29.75638959,30.70259857,29.48768773,24.53832354,18.00489868,12.76396151,2.949530253,-10.25730982,-5.329542993,-0.35750642,5.927088513,13.34665682,17.11089493,18.03399091,16.93493165,11.6892619,6.153955808,1.896094955,-6.307027303,1.638840253,2.886959496,5.55478877,10.82900776,15.28158147,23.21162147,25.4361032,22.98541528,17.89270388,10.56471453,6.934925634,2.787660442,0.27776226,0.452543672,0.67110538,1.374566015,1.306294922,2.740125,2.867139341,2.117804354,1.916946233,1.112399455,0.954945184,0.40815568
1974,380.573741,75.93056151,54.62122863,79.1143173,110.7875167,195.0804974,164.7688493,55.0939881,52.09988462,71.50215282,45.1059283,44.29995953,92.18656542,-8.22176636,-7.623427861,-1.318547887,3.489884804,8.199184129,12.23270863,15.71966189,15.44225351,8.915549029,3.747935135,0.733660433,-5.875723711,-0.196444804,2.348401554,9.344666827,17.58594044,19.67524285,25.1610778,30.9776893,28.01106064,23.2964921,18.27254001,10.25738203,1.643430335,-8.349822508,-7.249621575,-0.800656054,4.936271571,8.909718368,13.27799085,17.93653863,15.98060598,9.845249125,5.104433751,0.76404783,-6.329243145,2.012802536,3.112593992,5.268893942,10.9878683,10.31903856,16.15405201,26.41278318,19.35815844,16.74658179,11.69494498,4.889490075,2.313410828,0.433663798,0.653460884,0.842247877,1.720485822,1.463277603,2.187222028,3.659222523,2.035488893,1.603777388,1.422489509,0.812571594,0.468063023
1954,390.583132,106.4295181,65.56649907,34.58260494,81.56149127,99.93141099,101.4350094,48.10137378,101.3180018,85.89908988,83.30226711,28.48982896,38.99381592,-3.705818189,-0.559537509,-1.299560629,8.516487175,8.680728103,16.94287194,17.42387087,18.50812292,12.96975977,9.253145111,-0.706330323,-3.771230263,7.281370392,14.15426307,13.59396466,23.63043889,22.85819176,31.85621702,34.79453095,33.38473175,30.85287694,21.15287817,15.53035401,8.450700175,-3.880271087,0.53121957,0.293850235,9.77163393,9.651589498,17.94708768,20.28885664,20.18219973,14.57556087,8.825320814,0.581204972,-3.137427594,4.118223282,8.936010228,8.979315454,16.17363802,15.37223081,26.74105783,33.98322526,28.94880256,29.27141208,12.1080135,11.46988254,5.539669275,0.497376888,0.829623641,0.82332177,1.550487078,1.072964567,2.216009066,4.094336924,2.441004388,2.083033496,0.474801232,0.867481171,0.527241876
1982,326.8958461,253.1879432,44.36103511,87.139412,61.71115478,141.6000175,104.0604376,109.3876466,70.31753104,82.35249286,43.4621102,57.23634295,74.88272128,-8.838875019,-5.330864999,1.611600702,3.011777311,13.47850547,15.06738564,19.99926732,18.04590905,14.14518805,7.708905928,3.189652886,-4.826887904,2.113066632,4.873629342,15.17194701,17.45777261,27.4786223,27.41442571,31.38761546,29.87315224,26.03426352,21.7433494,15.65741653,5.596110112,-9.464338144,-6.658114818,1.935374651,4.06923588,13.83115067,14.91095896,19.64693587,16.56761438,12.67427933,6.823291136,2.852891444,-4.733207198,2.845221889,3.718884456,9.293839543,11.87475588,19.41490292,17.78973148,20.11382037,20.05051832,15.28442087,14.0143821,8.826480973,3.988771668,0.337028931,0.240023121,0.659244851,0.915633399,1.42494918,1.061114505,1.36744336,0.531698271,0.495812933,0.56551073,0.611558902,0.50280253
1938,333.2602912,87.42214814,71.27640111,166.6170417,54.86470782,108.1050058,132.4837606,125.4382841,83.99811901,56.86138594,21.63085668,53.06759238,76.8266704,-3.73473639,0.962094834,4.59160301,6.842030959,12.21000732,16.07387787,18.81153626,19.01277099,14.45996815,7.319599294,-1.071752333,-3.899075499,6.748913233,13.01877767,18.68678437,21.40605595,25.68377543,28.7644559,32.68287398,33.41143318,29.57090199,26.28923511,12.48442533,5.013217386,-3.543364793,2.39378665,6.138795325,8.581172604,13.01011277,16.5136439,19.37532378,20.15524458,14.67185194,7.492603532,0.237509108,-3.093736724,4.5779507,7.459452862,11.61890422,14.43680099,17.37756653,19.97829586,26.41913567,27.98610847,23.54759131,22.87032141,7.901098219,3.554550539,0.735085221,1.117557052,1.2867722,1.509009564,1.165419106,1.000245209,1.243490635,1.825608724,0.759098951,0.788231455,1.05522211,0.827991106
1950,361.8603169,379.9194578,164.9492198,123.5419712,163.9809352,139.5901281,92.25936158,79.04866266,209.7035581,116.5880303,41.40943424,13.63570119,129.147376,0.65998559,-2.33033209,-1.535326149,3.427645008,13.01369099,16.61404485,16.97812681,16.6718933,14.59595542,10.08007155,0.470284836,-1.943351486,10.86125595,8.796169432,12.3302603,17.70049775,25.24605561,28.97850106,29.62586002,27.82575563,24.63860939,24.33025661,15.28473311,10.78826098,-0.069995375,-1.411622745,0.172795409,5.218130044,13.75317131,17.19583995,17.12374116,16.59238168,14.32043908,10.40359741,1.63959561,-0.69887501,4.182241533,4.590679873,7.875370779,11.27411627,15.56731805,18.66713944,20.57107316,15.74468819,12.04962991,16.58553578,10.1380097,6.353474939,0.430678261,0.524550505,0.873660219,1.335536248,1.306584616,1.53026581,1.020563384,0.702719785,0.494992295,0.973847271,0.946751948,0.555242461
1974,374.9604627,100.4622863,49.45371274,129.6873765,97.65898736,143.2825762,96.07400312,24.54776702,195.586402,107.9519235,46.26169715,218.3897502,121.5198954,-1.943729223,-2.548197051,4.254590642,6.510229837,13.46059803,14.9108088,18.82081252,18.45132531,12.94713401,6.367742543,4.958522036,-2.52911794,5.487939689,9.041521866,15.51643453,20.26452589,24.35335026,26.42290073,32.238605,29.36002595,22.72111387,20.76779544,14.94754503,6.187665716,-3.021446003,-2.711999417,3.388450169,7.336351327,12.95488692,14.59295528,19.17477652,17.45980101,11.53708245,5.89429901,4.519240989,-2.841092012,3.076953722,5.551502092,8.081364044,12.91527784,13.32982832,15.66702306,25.34573436,17.73187139,10.61013556,13.50409521,7.16797534,3.935286996,0.297663395,0.586708123,0.673918249,1.516066539,1.035826594,1.314127599,2.13747405,0.975994023,0.728921894,0.953252814,0.911359846,0.548029149
1937,363.9187669,355.2077572,49.14062972,29.80981171,132.1597383,101.8013587,163.5067943,94.69826818,40.38050155,79.19730915,134.0027787,88.18982683,90.40734474,-2.614921518,-4.091482565,-1.802451314,5.619027564,12.11364,16.9574894,17.59636171,18.80480547,12.44625846,6.881750488,-0.932318917,-1.587272579,7.398971892,7.415604916,12.03564414,19.48141777,25.66715014,29.68589405,31.36640393,34.06031073,27.97285729,19.91636743,12.86705439,9.918009324,-2.648150484,-2.490530224,-0.295732873,7.393671296,12.95077327,17.65155884,17.92484792,19.55507653,12.98669251,7.006852773,-0.363834345,-0.962732393,4.57288262,5.092364987,7.778837599,12.39522966,17.59440667,21.11301497,24.53045408,30.50046444,22.01226668,12.21438943,8.210340677,6.003917951,0.63289722,1.052837031,1.09875079,1.520040209,1.258054667,1.292235254,0.876555663,1.431679205,1.09742399,0.820726407,0.937544782,0.840346878
1968,341.4607615,59.94034298,29.96618492,125.2061119,135.1904001,125.2678557,90.63896875,70.99211252,71.96538318,72.10453832,30.28003846,75.9741577,162.2015255,-6.179692664,-8.586336972,-0.219439898,5.596182899,10.31414268,16.60855847,18.24091788,18.72578098,13.47750539,7.282586647,-0.480953012,-0.948884953,4.115249396,4.993830705,14.33431511,20.49854532,23.90758049,30.45412497,31.66316022,31.47015709,27.43005737,21.44596639,11.67875646,8.415267684,-5.979562719,-6.100613799,1.442927467,7.767481812,11.42369477,17.67138753,19.19586204,19.37393725,13.39935444,7.127200451,1.040110357,-1.390879293,3.762340811,4.95391517,9.633134099,14.04127623,15.95261941,23.66840514,24.8589779,23.26298914,19.99325426,14.37491682,7.132543217,4.604385947,0.688899123,1.026707299,1.247194084,1.834920873,1.527655897,2.096008895,2.127464589,1.751223148,1.041733942,0.920336161,1.092255518,0.586055144
1946,327.2759718,79.09444578,108.8429946,43.90054725,76.34726829,196.9043525,25.33271316,94.00051578,244.6011967,49.96805769,54.95688634,98.77761572,36.84800237,-3.615219308,-2.581683844,5.531455274,6.929084079,11.35764399,15.9688168,17.76064814,16.60055112,12.91613796,7.858267042,2.141156802,-6.47906823,7.070202749,11.45212683,20.17207161,22.26681858,22.54364977,30.40189242,32.33076495,28.69585557,27.16449352,23.40718078,14.21033761,4.008833283,-3.26391368,-1.151391331,7.619967176,9.03182408,11.703457,17.5340525,18.88000304,16.69222351,13.46813874,8.315125181,3.129568242,-5.813783378,4.302725673,7.191465024,13.10119395,15.69654757,12.28360451,23.69317495,26.86583377,18.95652301,19.73231369,17.00830904,8.066140542,3.618365802,0.585076654,0.878120316,1.503567227,1.764769861,0.813308411,2.15285738,1.931028815,0.816742692,1.32251722,1.09039652,0.991858147,0.57255398
1951,368.9474426,128.3868377,132.2703113,86.15547915,77.90045663,52.20915401,207.4936281,88.82662618,89.32465861,125.9921025,77.68652035,108.999063,45.08227472,-3.467041109,-2.652565936,0.621496798,4.540317424,10.31865666,17.06621485,19.43687909,17.90215009,13.23622003,9.094680172,-1.626328202,-6.657802622,6.83864246,8.012739997,12.29690818,17.40650993,26.56970447,28.35647184,31.08685764,31.50647928,26.01690043,22.78821069,10.63099711,4.778963962,-3.339110837,-2.753178704,1.240884926,5.430744226,11.58155647,17.21989904,19.18812059,17.87992102,12.62399397,8.715039468,-1.148583877,-5.943615965,4.253129734,4.895231877,6.675868497,10.94024516,21.95160969,17.14481366,20.19494526,23.80431711,16.94876296,15.17044777,6.818174401,3.981491224,0.440333953,0.433596421,0.70552089,1.156678395,1.705063384,1.050198217,0.785818366,1.159812297,0.49776079,0.728555759,0.716322121,0.47750061
1947,372.7780203,76.17528784,5.607362642,72.48959332,157.6620736,104.5246782,107.8185084,54.19122527,77.76882068,96.65499328,107.9896938,126.2389664,72.89616419,-2.099983508,-8.384191496,-3.071546513,6.453688085,10.18496173,16.32332429,16.47082066,20.1847081,14.36896765,11.46894544,3.399469788,-0.76925507,7.468283493,3.451263973,8.627599692,19.2310807,23.62387723,28.09680648,29.89328207,34.75832654,28.14251778,25.19084138,15.56498897,10.81112858,-1.021496239,-6.940729098,-2.247322026,7.79794696,11.07659369,17.79532936,16.84392924,21.40390961,14.13460229,11.16137115,4.324323858,0.185832237,4.150453973,3.885166681,5.403644798,10.83033102,14.59395047,17.15632882,21.76291515,30.16430608,19.86463349,17.05070962,8.28616873,6.073386483,0.781907608,0.778022231,0.684227985,1.26000297,1.3570798,1.920925859,1.305755968,1.976050809,0.813009862,0.685131933,0.900043581,0.832143496
1999,406.456015,173.3019412,83.54416595,76.95136352,158.5510505,74.65802364,90.57979561,65.40469009,32.31955128,16.4590133,72.82847291,47.5907563,82.23028793,-3.211632784,-0.201292292,-2.206451932,8.888677549,11.68149495,17.65125637,20.62166425,16.52773596,10.36934533,5.911824272,3.388379369,-0.616312173,5.721490187,11.09053104,10.90057638,19.99380696,24.91260285,28.84731646,32.55635716,31.55666949,29.61536423,22.27241441,15.63789522,8.742129547,-4.032710766,0.291811238,-0.266401105,9.947745046,12.0094114,18.17154776,20.57573367,16.61734983,11.34090481,5.94210583,3.235952612,-1.349018434,3.40739613,6.309410771,7.737982677,10.9190722,16.4609347,17.77236765,23.09905121,26.59083418,29.57074326,17.06819092,8.848243094,4.749446636,0.385420426,0.603692558,0.811832232,1.026957406,0.591536265,0.741400015,0.792759139,0.77486059,1.024552362,0.566854506,0.658591652,0.251273017
1998,386.1671779,69.64591689,97.84768275,122.5678111,185.2612187,96.92352571,254.0633759,91.54934348,62.48883907,27.31830088,94.45624086,63.13682055,60.94722022,-0.411368344,1.021193303,1.263442049,6.59737651,15.39731275,18.17344498,20.49762815,19.28555534,16.15402512,9.22921979,0.940819886,-1.736841361,6.940285756,10.38654068,11.45574802,18.83764808,26.40070156,29.32498845,30.19357905,30.68465695,30.27125291,22.75968199,9.864278773,5.966231952,-0.877263735,1.170451139,2.001508355,7.235001615,15.01655454,18.7923897,20.91629749,18.82606176,15.93741216,8.577904145,1.192774835,-2.041151506,3.297212114,5.645898066,6.828278391,11.18299753,15.98260687,18.10858006,16.84331658,20.29474326,23.74086433,14.62087166,5.286501655,3.366035652,0.166002065,0.301209731,0.800010833,0.569245035,0.267276506,1.261471777,0.851096226,0.405657679,0.540649196,0.401982702,0.431813599,0.077726761
2010,373.3722494,54.80008091,45.58786592,110.2017004,102.9266053,156.4863472,116.0982269,70.08537108,78.06045218,25.39044523,19.19556518,19.07609596,125.5629907,-6.787779912,-6.348059726,1.805628636,7.447271804,13.895401,19.83787946,20.09195199,18.91186769,13.30391302,4.167186965,3.661084672,-3.953554663,2.30499095,3.748199614,13.55999679,22.87879233,25.16336076,31.26307284,32.25386481,33.27161872,28.33159365,23.62493886,16.34908624,5.660241732,-6.748459476,-5.380111386,2.688959268,9.72008286,14.78429511,20.92429103,21.40985026,19.42342057,14.47567627,6.841143603,4.501107845,-2.51334458,2.804588315,4.017193398,8.319533963,17.92179981,15.37891152,21.55838614,23.86412234,29.09894235,23.45010684,21.71977617,9.985136216,3.937513072,0.358592648,0.487010349,0.633314567,1.636584999,1.120964492,1.954156982,1.786719785,1.231153437,1.31430764,1.352599882,0.890486682,0.578405635
1969,264.9928116,50.13218454,2.690280953,27.56142734,88.21761837,87.02558761,228.7190236,108.3311133,36.13682825,47.17194081,129.2663665,58.43649005,75.04384077,-12.10995211,-7.343188711,-6.845076819,2.480374525,7.479788462,11.34523805,17.07329198,15.67961993,11.07652904,3.524372049,-1.063590484,-7.676775522,-4.377267462,0.72373268,6.061264718,15.97114356,22.1622645,23.44246923,28.15381472,28.81564279,23.62246109,15.39037543,7.689433531,0.375430124,-12.43858168,-6.738108597,-6.231135286,3.015127306,8.601353626,11.72097337,17.26699144,15.84521935,11.45962459,4.155804769,-0.706816922,-7.995688404,1.458804144,2.382071612,5.206755759,9.962010122,15.36511591,14.56396259,17.5202307,20.54170864,14.97371886,8.850186058,4.29176523,2.272482946,0.519055089,0.705653708,0.728731454,0.905744968,1.393774856,1.145001948,0.997768,0.96586425,1.018706857,0.931382089,0.751877999,0.614489238
1963,302.3039563,15.88447048,11.62982294,60.01617101,87.61810133,44.58885089,86.16186573,92.47968259,72.05295639,81.11775547,17.75864209,17.66665203,14.52757815,-16.4124753,-13.46935964,-2.285286261,1.710306834,5.573324121,13.22334133,15.53242361,14.35671432,11.76085222,8.141945241,-1.958043111,-9.785062255,-8.106208723,-3.206793345,8.385773128,17.55068913,20.64096551,28.82980423,29.89035185,27.42727846,23.90342884,23.53808809,8.660259974,0.113978356,-17.23454584,-14.3581191,-2.330906796,3.593587959,7.658614563,14.26824491,16.35196075,14.50139644,10.92013846,9.423318225,-1.411708702,-10.02126303,1.130053237,1.863498313,5.789088033,12.59015668,14.25196635,23.32923684,23.74480166,19.33603573,14.1962776,17.06774394,5.517831806,2.949275979,0.164497421,0.331646369,0.580008853,1.26606794,2.048115451,2.078826177,1.791107574,1.563149446,0.966526657,1.535198353,0.511938347,0.35515134
1975,282.1171082,46.89812119,47.1402596,73.86346654,80.29580412,74.08366178,117.6291462,56.65925549,121.5043737,27.32244011,14.45188976,56.21732436,39.93222671,-8.65478639,-9.298545455,-6.611485227,-1.156961051,8.804882817,14.22008003,15.23789947,16.05145061,8.456812377,3.730734016,-0.65277876,-5.612887139,0.117551566,-0.721016939,3.046304842,11.36474382,23.69990989,26.92276072,28.97311853,28.42993673,21.28755249,19.63666403,8.480124282,0.872260537,-9.083554521,-8.708889482,-6.702828929,0.104283024,10.69358825,15.29958595,16.2712681,16.76336524,8.567128336,4.446985486,-0.203805213,-6.088772242,1.975217118,2.114827719,3.143744096,7.211757514,16.82216675,17.53299725,21.45260705,18.92279946,12.8869198,14.3471374,4.635430064,1.755527088,0.410901732,0.571720226,0.519034657,1.10900742,2.541014775,2.592847046,2.688278391,2.289819525,1.209828445,1.398078606,0.643425289,0.352327801
1929,308.8704865,77.75926846,19.43562722,55.36575717,133.0058972,57.17990609,121.4783436,83.05762579,46.93245584,98.97166074,76.81154147,132.9988779,46.54627399,-15.52468952,-13.6028252,-2.33315209,2.994423934,5.434459337,11.2689905,15.78042664,14.09530294,10.74126222,4.46169591,-0.340618474,-5.992723416,-5.261407697,-3.537209751,10.01569109,15.82922898,19.98378929,25.41363093,29.58355079,27.84429633,23.3341867,15.37180301,8.065491967,2.529369484,-17.78703552,-14.90819473,-1.020394145,4.53538833,7.056914587,12.18809149,16.27045795,14.01229602,10.55991772,4.511074963,0.538170654,-5.863016971,1.79426236,2.047155532,6.482886408,9.577843961,13.40890477,17.99419643,22.28942204,20.23094758,14.75880285,8.338751525,4.197756802,2.856550205,0.259200185,0.462806945,0.990371692,1.312038671,1.450273804,1.252071339,1.017929283,0.493597086,0.575210353,0.679568535,0.911153904,0.679007408
1984,301.8994855,12.14041102,28.71136592,37.99158683,83.62638284,106.1601105,91.62653445,80.63715907,44.98081019,68.88224989,147.1414582,103.1353357,52.40521225,-12.69254182,-4.921923094,-7.69041431,0.072320344,4.780245399,13.93295772,14.47500827,15.83109497,9.456794894,6.641203583,0.740847609,-15.12829404,-4.133303221,4.544943299,2.20675531,13.15292587,19.16233614,27.62261969,28.01617673,29.89221152,23.30302406,17.90772488,9.030487389,-6.890255643,-13.52600776,-5.006440549,-6.07889815,2.666407236,6.786129019,14.91363544,14.60624127,14.94644189,9.259273282,5.815415304,0.017675647,-14.94478135,1.418499859,3.357466402,3.216339047,8.416348714,12.50000941,18.63716312,19.54905447,21.77629913,15.3929559,8.706963597,3.600393022,1.117180647,0.225935874,0.366496192,0.568284641,1.22046153,1.598450256,2.097270666,1.240126132,0.448569817,0.970990945,0.388876716,0.214396255,0.222588134
1972,262.8074004,16.43087641,16.35710097,64.14176794,122.4040041,109.0106142,115.0997502,140.3586769,208.9654095,182.3271576,82.86164328,66.26772868,109.8745127,-13.26059358,-11.01875055,-5.539594346,0.346680314,8.576661835,11.00593681,16.26447437,17.09418918,13.39377978,3.876027348,-1.366235568,-4.149631754,-2.864625905,-1.684998128,5.340546126,12.67505712,23.70223355,25.95246722,27.6643735,26.9581242,23.44157588,14.40841604,8.795662476,2.836120166,-13.15690118,-11.75771064,-4.932552157,1.042632434,9.872959,12.17991699,16.19468482,16.71034179,12.49412728,4.317146359,-1.089396076,-4.743611739,2.214068377,2.207936303,4.251933329,7.687811139,17.2198876,19.14747718,17.35546945,15.05203023,12.34600817,7.580677961,5.168930423,2.403114231,0.597339282,0.497532204,0.783493093,0.912497377,1.498286904,1.664696428,0.799553541,0.632387979,0.482036024,0.804479659,0.727040652,0.480757364
1944,285.8673722,34.2485432,55.85259057,101.8673733,89.18648307,103.4221187,128.7542547,69.33114454,73.07483197,69.5081451,16.28560913,52.89242936,14.75989595,-7.154975213,-7.866655338,-5.210721568,-0.100871244,10.27663123,14.5209886,14.57056947,15.52765655,11.94018176,3.602187741,-3.967143107,-8.527965035,3.867369481,1.750706746,3.676247367,12.65735485,23.82391493,27.90354017,29.71828286,29.49793478,24.3344709,18.46269358,5.657662642,1.99989523,-7.311352403,-8.04350173,-5.00658983,1.315072045,11.9969832,16.37937523,15.72522954,15.91111426,12.83321601,3.812739958,-3.579521589,-8.390476282,3.841664982,2.978824975,3.226767562,7.739180919,15.95396781,19.96596674,23.87337751,22.34333663,15.44662408,12.34233296,3.971788562,3.249207448,0.583508371,0.582025769,0.678723924,1.131257475,1.781701222,2.349518634,1.596389554,0.976587637,1.280845416,0.724588434,0.705128523,0.597813889
1955,230.9585208,56.55840501,55.14685697,38.37576227,105.4705513,102.0809324,94.10217057,59.70874682,102.2276902,58.19776775,112.04063,44.78350094,46.91828407,-7.486796525,-5.975470634,-2.651654685,6.186378277,9.58742984,12.55461325,19.9399467,16.9074116,10.91811655,6.170178468,0.343695053,-4.441912892,0.884091039,3.050961131,9.972564825,21.66966233,24.93728475,25.93799401,33.38933743,32.26798574,26.89744131,19.65992374,10.89815984,3.025970986,-8.314495471,-6.844372866,-2.559561159,7.836554559,11.02031329,13.70698238,20.42052083,18.13002462,12.68672244,6.702484064,0.391326594,-4.159593727,2.366613345,2.767829863,6.595108608,15.64195137,19.03985786,18.96781875,27.47601147,28.79386241,22.01047158,12.51492657,6.03788067,2.337044145,0.301562783,0.358603751,0.604091984,1.502619875,1.958054462,1.846040363,1.677786169,2.215628292,2.276182763,1.050561754,0.341003162,0.338954554
1943,184.2385268,43.39366588,28.03820757,51.56274374,129.8138671,210.0030331,74.87736003,42.10888577,121.0833899,40.13871985,38.98740277,137.2284728,73.17670301,-8.991950869,-6.758166511,-4.988617386,1.107179243,8.763028348,16.7861728,16.80092243,17.35605125,9.786105977,4.501035983,0.485185752,-8.241711894,0.478566304,5.119962267,7.972877076,16.26229652,21.01826944,28.88891952,31.95525529,30.24327746,23.58003338,19.03238497,10.91796495,-0.002225485,-8.552029166,-6.438733655,-4.211770318,3.012779923,9.685000378,17.68906375,17.65318461,18.20233576,10.12270474,5.539769534,0.626117651,-8.827234605,2.60148905,4.385368267,5.697185282,10.8194531,12.30176804,19.4508768,26.67386418,21.82082822,15.88304136,12.6189423,5.90997809,2.219777477,0.626535684,0.651247576,0.790703064,1.403374847,1.201147235,1.667122548,1.5737722,1.607278313,0.972676128,1.14645023,0.728208638,0.474863851
1962,159.987316,60.92478872,34.82052252,62.7328203,37.30879829,140.9425938,44.45775859,136.0677731,43.42094996,58.05682367,86.81660369,67.39532642,49.20689362,-12.01905461,-6.152951231,-3.499848834,0.961757451,12.8185606,14.57701205,16.82085376,15.62247654,10.4660418,8.027415478,0.670185535,-6.9417583,-2.91668449,1.811565739,6.110908412,17.41555029,27.18554933,29.38187868,28.73077442,30.19553365,24.97142659,20.43822663,10.0512893,1.069668757,-12.44477194,-7.077978877,-3.194765786,4.020871203,14.2866073,15.12153456,16.40964749,15.69550368,10.42069193,8.144479211,0.467514328,-8.06888414,1.781873653,2.146938802,4.42013889,13.41368505,19.60315682,22.57089998,18.03846786,23.81469191,18.06719635,12.05100383,4.820737526,2.304352548,0.332479746,0.325618027,0.572496198,1.985607918,2.425588304,2.01649157,1.171603334,1.620245441,0.948573043,0.804883819,0.412580435,0.289225891
1953,232.577565,39.17123012,33.04987386,105.5399049,68.38753515,74.45636011,83.40137545,152.1758745,28.6968006,54.86639857,28.71808292,72.55244871,47.92549222,-4.842803146,-5.115227816,-1.3469173,0.852407533,9.449970702,15.9452086,16.88293932,14.94645306,8.768831991,4.956147248,-1.496371861,-3.766029608,2.13159577,6.452848626,9.770478472,14.63411441,23.58873019,31.01718836,30.99689137,30.74817297,28.035318,23.01605504,12.37381249,3.541268101,-5.362298351,-4.610637121,-0.829180117,2.779892152,10.12647697,17.1008777,17.92185763,16.08431052,11.47739529,7.291563964,0.095105822,-3.498535969,1.869250979,4.396824661,5.96648589,9.278012213,14.86866686,24.17049198,23.92920339,25.85757971,26.27840738,19.39586491,8.506310006,2.421160833,0.308398165,0.487717398,0.547303482,1.094050813,1.531689727,2.520917911,1.821086772,1.837554726,2.7240743,2.075804728,0.921152281,0.321416364
1965,165.2671224,163.8221636,29.39296914,78.16079513,163.0086395,96.72686002,39.88164041,75.05309632,172.116087,186.5692633,32.066569,70.48855054,34.78854423,-7.839564934,-8.47257019,-5.222615004,4.576769905,11.50649178,13.95565388,16.78692524,16.06217258,13.78931394,5.712932819,1.309582285,-6.527332197,1.362222932,3.293954904,3.379056935,16.41597353,26.65511539,28.95089043,29.8108917,28.34114397,24.51847777,19.08615235,13.47489163,1.159258089,-8.64093452,-8.095923525,-5.789676628,4.996560454,12.95487867,14.87967885,16.60842265,15.93621648,13.35092181,6.40058522,1.334829173,-7.534398168,2.741566396,3.811056551,3.04377307,9.279225018,20.15599065,22.57263122,21.51196269,19.02686811,13.68560033,11.85056996,8.304327305,1.947261561,0.432622318,0.638858619,0.438791187,0.801809046,1.831481048,1.53400551,0.656433388,0.702025438,0.457371598,0.95842287,0.785403976,0.296427695
1954,201.8561899,30.71854189,55.7788088,102.0944058,125.6023392,81.44861945,106.0552862,91.55952294,145.3279575,25.05114749,113.2135083,17.88835374,62.29282595,-7.78917974,-2.637109346,-4.613920087,5.099148193,5.253471078,16.13665205,16.72930372,17.4683071,11.91514758,7.232361247,-0.840920888,-5.365028906,2.457542387,8.986342033,7.405791796,19.98076282,21.4706565,30.62771923,32.50490718,29.12162884,28.4282335,18.97798914,12.21330192,4.589692072,-7.261884755,-1.76700434,-3.212601749,6.640687858,7.264987481,17.62693212,18.14382433,17.0275324,13.26995384,7.646730366,0.576785499,-5.170459034,2.603073942,5.28703808,5.265422641,12.08077479,14.59041964,23.73896855,27.65972405,17.67216559,23.19685559,10.12243764,8.134033105,3.231248413,0.457184898,0.605044777,0.605114956,1.356580479,1.506609265,2.584267766,2.069072843,0.342228514,1.882110491,0.708542643,0.837942467,0.423343488
1928,161.6078893,17.29596648,45.00740736,32.56221038,67.35956112,55.15833435,132.4181773,92.72316872,81.67817847,68.20761245,84.84207988,110.4623247,71.23807028,-7.646077372,-4.913868193,-2.636435934,0.238420236,7.611164025,12.5655492,17.1676388,17.0470421,9.18269138,7.549049535,1.249525817,-7.900480392,1.501541185,4.651107292,10.19977948,14.9977623,24.58028349,24.91861385,30.53810609,30.15273694,23.85671832,19.87214072,11.97677454,2.428135984,-7.703483758,-4.606845457,-1.665809243,1.860747853,9.419783612,13.0253339,17.80793887,17.38017294,9.438533019,7.952258606,1.695648373,-7.915222796,2.791925273,3.646719459,6.583257978,9.834269727,19.10455925,15.81488907,22.92394805,22.17589525,16.82214365,11.76429721,6.53584211,3.307604134,0.651183173,0.708701573,0.908189282,1.279858835,1.747231716,1.026634226,1.280977563,0.995014051,0.868747928,0.899639721,0.84891235,0.618743139
1961,181.8288324,8.594232486,26.73861939,83.98899912,66.27539128,65.06540799,61.90694108,130.8714564,60.57181257,285.9631648,61.83074319,44.99098706,16.90996483,-9.931182788,-3.615355529,0.098756098,1.023429859,5.801170281,12.91575738,17.16200139,17.11355545,13.86147439,7.135945829,0.659697834,-8.907289574,0.241296894,6.170984305,10.62761712,13.6953302,21.36246114,28.64785907,29.78182375,29.6042906,27.18547144,19.31425687,11.07551541,1.202154907,-9.860805214,-4.200467637,0.208963119,1.65969902,7.221256096,14.09090316,17.25616078,16.51582431,13.53961287,7.032190441,0.40945496,-8.793117079,2.82784199,3.994083859,5.905692088,8.310018778,15.23784445,23.46799136,20.89727754,21.18549018,18.66213649,11.4164501,5.55770036,3.131100559,0.36968511,0.379877042,0.432462376,0.686423344,1.676407934,2.262354119,1.280798083,1.117257827,1.093270248,0.742682945,0.576929449,0.503065777
1935,186.9054888,51.73618702,55.69452364,92.95577315,62.15477593,185.4589822,138.8595827,90.58954742,58.93605118,80.97303027,30.51535557,126.5114161,35.96457918,-7.776566434,-4.471088607,0.297644351,2.409667611,7.356666507,13.18395307,18.60722642,17.31378231,11.37443306,5.27653857,2.484738945,-7.195271654,1.67097185,3.371470078,12.63936282,14.50975596,18.47462085,25.44644575,32.26781443,30.05999527,25.88926627,19.06370935,12.45314047,0.496985307,-7.556815412,-3.939018786,1.618340836,3.69039309,7.985430837,13.97589741,19.71066598,17.60742004,11.98666012,6.097700674,2.896351041,-7.243503129,2.918954049,2.821242493,7.517849246,8.374974709,10.06059341,16.24324607,25.57734308,21.57158444,18.78966304,12.11941699,6.375139788,2.233755208,0.656894005,0.764900378,1.110155509,1.248422912,1.002005347,1.296951072,1.911056543,0.940137428,1.147746987,1.062571091,0.85927326,0.611283337
1974,274.8484737,78.87969953,47.3592009,80.80496888,97.02737906,164.7871343,200.7427729,47.89267532,39.99820132,45.13857201,45.34285617,40.82238393,94.70790284,-8.042521619,-6.451824203,-0.15648918,4.057243271,9.589350323,13.0768056,17.00177714,16.35797995,9.892099433,4.350389231,1.632949776,-5.807668404,-0.419048595,3.78959819,11.90292882,19.02392925,20.80890681,25.86398868,31.89190633,28.37071901,24.09798773,19.18813756,10.96083524,1.313453891,-8.521404508,-5.505308097,0.325173893,6.085416346,10.40254835,13.90803395,18.42119588,15.9816011,9.878084957,5.680824667,1.107267972,-7.004097965,2.003190242,3.527016369,6.797581589,12.41694046,10.78882296,16.6924321,27.02423211,18.66651861,16.97334489,12.30552897,4.932044505,2.079013102,0.370445466,0.766270609,0.838109879,1.996607775,1.555799873,1.97527961,2.935879841,1.316270615,1.096000444,1.434589057,0.613171522,0.305541285
2001,194.5704354,72.96414653,80.72879182,29.16143179,88.05025819,101.5808861,105.2063272,90.38132601,82.71327491,74.21742315,135.3756016,72.13257968,41.00370566,-7.353425781,-6.117127588,-4.513924986,4.652023095,10.02911722,14.31030057,17.68863401,18.19950163,11.49683879,5.196071067,-1.86101825,-11.99831527,-0.309690242,2.807158955,7.565395784,20.39208726,24.31842136,26.4657134,30.2008724,29.55047936,24.31814327,17.60558612,7.899248581,-3.888720055,-9.313080348,-7.308339939,-3.930393794,6.297961508,11.55643922,14.58881812,17.94410489,17.03988175,10.58381384,5.773675635,-1.481723948,-14.15739486,1.624763439,2.506294181,5.645385241,14.41493779,17.58107265,18.11579602,20.8727049,18.84704423,16.25415789,11.15822247,5.023350745,1.533293168,0.106792126,0.219649448,0.384586525,1.406191022,1.350541218,0.747121598,1.086381095,0.17743233,0.367789716,0.689673949,0.400448247,0.162921661
1992,184.2569168,24.01097947,35.94685982,54.13852495,40.14931273,7.710484075,43.99219915,260.9234268,33.0308333,128.560598,21.29146261,87.30788849,44.78259835,-4.79085946,-2.342029015,-0.584165371,2.9142824,6.464057092,11.29226575,17.24913286,14.18646932,11.69537706,4.351909448,-1.847229103,-3.947430706,2.864887262,5.940133473,10.95167266,15.54126996,23.73010212,27.59542935,27.33800773,26.03662588,23.9108945,18.47888651,6.944026796,4.485849441,-5.862867661,-2.471485049,-0.3592127,3.1859508,8.256931649,13.03333591,16.59310464,13.23620609,10.63183282,4.351923231,-2.851027148,-4.602478644,2.162787369,3.371323505,6.746801731,8.920744053,19.10413375,23.20828055,14.51515548,15.87255957,14.52422956,12.60538058,3.504664945,2.773028149,0.171785627,0.28721286,0.454060963,0.658020963,1.638236354,1.903250474,0.177886507,0.469776474,0.473762531,0.521296418,0.223975189,0.305343674
2007,166.7642954,71.40397095,58.85997074,151.655392,95.63966142,62.55181015,96.60624878,89.83815784,141.5033672,13.2776001,74.99453705,91.60986491,78.13075662,-5.317966458,-12.61734923,1.768177842,1.375439105,8.974893107,14.25682986,15.57119736,18.60952701,11.09090488,7.82620111,0.822165952,-3.143126351,2.369499096,-3.204108133,13.26539352,15.63295041,26.51579539,28.27743848,28.43805048,30.59951474,28.62320762,21.90075881,11.66905884,5.165477585,-6.559674674,-12.81995646,1.460191322,3.210347006,12.54579664,16.00325744,16.04748735,19.0688447,12.42435736,8.523959774,1.274870018,-4.134290606,2.425607182,2.023915282,7.854085375,11.58045655,22.98173501,21.75440522,19.82591445,20.86846382,26.35991438,16.79444675,6.492407167,2.986456686,0.149739783,0.242343094,0.412380335,1.031550221,2.642745043,1.665834584,1.169015485,1.152769547,1.651839628,1.149820111,0.566315453,0.291645475
2016,166.6301477,15.59964405,19.57376164,64.38761551,39.18924685,100.0934595,84.38565491,149.7705979,200.5804663,101.6651194,91.24035056,139.5901214,153.4190804,-7.133985371,-4.729355696,2.356410961,3.705285988,8.824953175,15.58262573,18.94790354,19.29287875,15.16212585,9.670330648,2.567040928,1.490295521,0.326550861,4.973143611,13.36284891,17.37822682,22.65803607,29.78013149,28.84532341,29.35667916,27.55570661,20.97975721,12.88877764,8.317457985,-8.531553594,-5.017845073,2.005608209,4.545583627,10.59396419,16.89159091,18.80584771,18.96646606,15.64985792,9.07291047,1.811680847,0.237770704,2.201335755,4.554392373,7.748105099,12.61363211,16.84574465,23.93196746,16.2784519,16.39545241,19.32176805,11.97671709,7.265462926,3.471200612,0.340839816,0.470394484,0.692986894,1.154893873,1.262127824,2.020144425,0.737265207,0.49676438,0.684832266,0.485096039,0.673723396,0.279486192
2004,185.5379062,18.61078852,12.64689927,91.52772407,48.56259641,156.1750895,66.81578205,62.77916921,114.1597169,30.43519668,98.14891161,93.30989459,42.51415998,-9.420810369,-6.428655772,-0.07955939,1.746024621,11.85668192,13.85634047,16.62108556,14.22463124,11.78316757,6.263513378,1.896277684,-3.948699956,-0.741474576,2.85998408,12.29821007,18.93635536,24.34120626,26.51329527,28.22919839,26.18460993,27.59182003,18.53000738,11.46731916,4.519865175,-10.13568701,-7.81773238,1.077234354,4.618595097,12.11508344,14.92734057,16.68280982,13.22243194,11.82697759,5.688683851,0.506118119,-4.629212981,2.352784279,3.355029956,7.664659516,15.78562039,16.25844162,18.1635145,18.2388828,16.68718316,23.27394568,11.5964268,5.451078424,3.285985593,0.222524687,0.262797208,0.724331229,1.672487252,1.33325432,1.010784005,0.87901066,0.429277248,0.66410325,0.361580947,0.28138317,0.245450885
2014,177.4732386,47.79169106,65.6679502,41.12603321,97.06536254,74.05328746,182.2834263,75.6458961,148.0399303,116.112449,74.17320245,72.23597509,38.34411175,-12.29963344,-12.8267768,-5.235868659,2.594958613,9.286996238,16.31465549,15.30009215,18.05648453,12.20872428,6.597968168,-1.949288081,-7.912609814,-3.126176205,-3.575320548,5.407808028,17.24251908,23.22135719,28.1314318,26.68032323,28.26877274,24.50989063,17.4960283,8.726631433,0.541262194,-14.12684685,-14.98841274,-6.114337214,3.583055963,10.69459907,16.71105512,15.19300725,17.34843459,11.21703173,5.510808607,-2.040704952,-9.506128569,1.990927758,2.010469639,4.65009678,12.73357707,18.26878995,18.98091832,17.11626596,16.44076527,16.75861135,10.26559455,4.951939293,2.313412365,0.34570756,0.359748077,0.538108908,1.35191183,1.681678438,1.335519289,1.202259896,0.89305635,0.87086786,0.575537673,0.670686223,0.326254286
