year,Loss,tmin6,dpt6,dpt11,tmax12,dpt12,tmin6_2,dpt6_2,dpt11_2,tmax12_2,dpt12_2,tmin6_dpt6,tmin6_dpt11,tmin6_tmax12,tmin6_dpt12,dpt6_dpt11,dpt6_tmax12,dpt6_dpt12,dpt11_tmax12,dpt11_dpt12,tmax12_dpt12
1942,267.0902278,17.42266167,16.2464046,0.43973755,7.415413646,-1.746871963,303.5491397,263.9456623,0.193369113,54.98835955,3.051561655,283.0556107,7.661398553,129.1962431,-30.43515919,7.144154149,120.4738103,-28.38038869,3.260835827,-0.768165197,-12.95377819
1975,291.5811889,17.17940438,15.76027574,0.178151413,3.094400352,-4.401536032,295.1319348,248.3862915,0.031737926,9.575313539,19.37351944,270.7521501,3.06053517,53.15995496,-75.61576738,2.807715398,48.76860281,-69.36942155,0.551271796,-0.784139865,-13.62011465
1953,328.7104956,19.07476467,17.30982475,-1.487228235,4.918142747,-3.657221056,363.8466471,299.630033,2.211847824,24.18812808,13.37526585,330.1808336,-28.36852859,93.81241549,-69.76063097,-25.74366012,85.13218907,-63.30585556,-7.314400758,5.439122416,-17.98673521
1969,325.1754597,14.71645268,13.89659459,0.623123163,3.261490394,-6.437183449,216.5739796,193.1153413,0.388282477,10.63731959,41.43733076,204.5085768,9.170162551,47.99756907,-94.73250565,8.659289983,45.32360978,-89.45492871,2.032310212,-4.011158114,-20.99481199
1970,313.945595,16.36220917,15.91348831,-0.753817147,1.990706042,-5.592139564,267.7218889,253.2391102,0.568240291,3.962910547,31.27202491,260.3798244,-12.33411383,32.57234866,-91.49975726,-11.99586035,31.67907733,-88.99044759,-1.500628349,4.21545069,-11.13230602
1991,314.3273807,18.62951726,16.37096888,2.370965939,3.654574367,-6.535614235,347.0589132,268.0086222,5.621479485,13.3559138,42.71425343,304.9832473,44.16995088,68.08295623,-121.7553382,38.81500961,59.82892324,-106.9943373,8.664871346,-15.49571874,-23.88488825
1928,224.6567526,14.40448873,13.65921433,1.090063418,3.520020944,-8.113842171,207.4892955,186.5741362,1.188238255,12.39054745,65.83443478,196.7539989,15.70180622,50.70410201,-116.8757481,14.88940987,48.08072054,-110.8287093,3.837046062,-8.844602531,-28.56089438
1933,296.6254739,19.17723742,16.02661993,-3.357018497,3.295667265,-6.691741743,367.7664351,256.8525465,11.26957319,10.86142272,44.77940756,307.3462955,-64.37834075,63.20179361,-128.3291202,-53.80165957,52.81840669,-107.2460016,-11.06361597,22.46430081,-22.05375421
1939,274.2292084,17.89409085,16.79256335,-0.032456365,4.383298997,-5.092205249,320.1984874,281.9901838,0.001053416,19.2133101,25.9305543,300.4876542,-0.580777142,78.43515049,-91.12038337,-0.545025563,73.60682608,-85.51117923,-0.142265952,0.165274472,-22.32065816
1998,309.9546923,17.03532523,15.77749519,-0.796386272,2.737520712,-3.59956171,290.2023059,248.9293545,0.634231094,7.494019647,12.9568445,268.774762,-13.56669916,46.63455566,-61.31970443,-12.56498058,43.19121986,-56.79206757,-2.180123914,2.866641531,-9.853874734
1992,255.0406412,14.64522484,11.24389705,-2.064183058,5.720440882,-3.594857523,214.4826105,126.4252209,4.260851696,32.72344388,12.92300061,164.6694004,-30.23042498,83.77714287,-52.64749668,-23.2094618,64.32004837,-40.42020791,-11.80803715,7.420443994,-20.56416994
1994,269.2770698,17.91005145,15.90262432,-2.051547312,3.631442619,-5.055116818,320.7699428,252.8934601,4.208846373,13.1873755,25.55420604,284.8168196,-36.7433179,65.03932414,-90.53740227,-32.62498617,57.7494677,-80.38962363,-7.450076344,10.37081132,-18.35736666
1996,286.907647,16.66281066,16.14934547,-4.42450948,3.085581241,-6.965275391,277.6492592,260.8013592,19.57628414,9.520811597,48.51506127,269.0934859,-73.72476374,51.41445601,-116.0610651,-71.45293213,49.83011745,-112.4846386,-13.65218345,30.817927,-21.49192309
1997,302.2113746,16.46907597,15.43817519,-3.812269286,3.068920353,-5.533783299,271.2304632,238.3372533,14.53339711,9.418272132,30.6227576,254.2524801,-62.78455249,50.54228243,-91.13629754,-58.85448113,47.37853006,-85.43151605,-11.6995508,21.09627211,-16.98274019
2000,246.9521426,16.0996979,14.9825577,0.479959476,4.934974394,-4.303724466,259.2002726,224.4770352,0.230361099,24.35397227,18.52204428,241.2146528,7.727202569,79.45159691,-69.28866377,7.191020542,73.9385386,-64.48080013,2.368587724,-2.06561334,-21.23877004
1962,281.2206442,18.53407462,18.05112938,3.064725663,7.05998509,-2.378233234,343.5119219,325.843272,9.392543388,49.84338947,5.655993315,334.5609789,56.80185411,130.8502904,-44.07835221,55.32175947,127.4407043,-42.92979581,21.63691748,-7.288632424,-16.79029117
1933,211.6372542,19.0295218,16.65522769,-0.933350914,7.49236945,-2.682745389,362.1227001,277.3966094,0.871143929,56.13559997,7.197122821,316.9410185,-17.76122157,142.5762078,-51.05136187,-15.54517199,124.7871191,-44.68173529,-6.993009874,2.503942861,-20.10011959
1935,295.8056846,17.03161071,16.295236,3.864293145,6.779892389,-2.996977237,290.0757635,265.5347162,14.93276151,45.9669408,8.98187256,277.534116,65.81513654,115.4724878,-51.04334962,62.96956876,110.4799465,-48.83645135,26.19949168,-11.58119859,-20.31918316
1972,245.5781552,16.5735238,14.80602255,1.672348425,12.06854612,2.631374922,274.6816912,219.2183038,2.796749253,145.6498055,6.92413398,245.3879672,27.71670642,200.0183364,43.6111549,24.76082849,178.687166,38.96019644,20.18281409,4.400575705,31.75686961
1979,232.5481101,18.04144731,16.57174625,5.217273698,7.933719427,-1.545798695,325.4938209,274.6227737,27.21994484,62.94390395,2.389493604,298.9782867,94.1271685,143.135781,-27.88844569,86.45933582,131.4755851,-25.61658372,41.39238569,-8.064854871,-12.26393313
1970,413.2219952,18.13834443,17.31024394,0.854115902,5.99500218,-3.37662411,328.9995386,299.6445453,0.729513973,35.94005114,11.40159038,313.9791667,15.49224841,108.7394144,-61.24637111,14.78495461,103.7749502,-58.45018704,5.120426693,-2.884028346,-20.2428689
1983,386.1650553,16.37543706,16.07173663,3.605475757,11.20864191,3.237698562,268.154939,258.3007184,12.99945543,125.6336534,10.48269198,263.1817117,59.04124134,183.5464101,53.01872903,57.94625681,180.1423408,52.03543859,40.41248666,11.67344367,36.29020379
1968,269.8211022,18.74099893,17.25395347,0.046772582,8.829098936,-0.105745443,351.2250409,297.6989104,0.002187674,77.95298802,0.011182099,323.3563236,0.8765649,165.4661337,-1.981775227,0.807011945,152.3368622,-1.824526947,0.41295975,-0.004945987,-0.933636975
1969,253.6379929,18.20028328,17.02973528,2.998792524,7.040229233,-3.758947059,331.2503115,290.0118837,8.992756604,49.56482766,14.12968299,309.9460063,54.57887344,128.1341664,-68.41390131,51.06864285,119.8932402,-64.01387334,21.11218679,-11.27230234,-26.46384897
1974,319.7412988,16.08888537,15.76304759,6.264916996,6.976402191,-1.337296935,258.8522323,248.4736695,39.24918497,48.67018752,1.788363093,253.6098658,100.7955314,112.2425351,-21.51561709,98.75418479,109.9693598,-21.07987524,43.70658066,-8.378054298,-9.329521268
1955,342.624662,15.73229548,14.93128393,1.672229362,8.301640487,-1.571466894,247.5051212,222.9432399,2.796351039,68.91723477,2.469508198,234.9033708,26.30800644,130.6038611,-24.72278152,24.9685314,123.9541512,-23.46401838,13.88224697,-2.627853081,-13.04575319
1943,310.2614551,20.68667853,19.10545487,3.522186025,6.603332503,-2.528145492,427.9386687,365.0184057,12.4057944,43.60400015,6.391519629,395.2284031,72.86233003,136.6010167,-52.29893308,67.29296613,126.1596711,-48.3013696,23.25816546,-8.904598722,-16.6941853
1996,287.0931139,18.37673427,17.77856999,-0.840641686,6.532492225,-3.363507377,337.7043624,316.0775509,0.706678445,42.67345468,11.31318187,326.7120564,-15.44824889,120.0458737,-61.81028128,-14.94540706,116.1383702,-59.79835131,-5.49148528,2.827504513,-21.97208579
1992,243.5586815,16.80340767,15.3502931,0.29705886,9.262977587,-0.385446816,282.3545095,235.6314982,0.088243966,85.80275378,0.148569248,257.9372328,4.991601125,155.6495887,-6.476819979,4.559940565,142.1894209,-5.916721593,2.751649561,-0.114500392,-3.570385214
1994,231.1681086,19.55840768,19.13883501,1.091701578,7.689072324,-1.503180112,382.5313111,366.2950054,1.191812335,59.12183321,2.259550448,374.3251376,21.35194453,150.3860112,-29.39980945,20.89389637,147.1598866,-28.76911614,8.394172388,-1.6410241,-11.5580606
1942,262.6322265,14.54542378,13.46548803,-0.687008695,4.140615231,-3.759668286,211.5693529,181.3193678,0.471980947,17.14469449,14.13510562,195.8612297,-9.99283261,60.22700324,-54.68596848,-9.25090736,55.75540482,-50.62576829,-2.844638667,2.582924803,-15.56733977
1956,263.6777133,15.27176419,13.65713943,-4.174472052,-1.053858135,-10.49822714,233.2267814,186.5174575,17.42621692,1.11061697,110.2127731,208.5686129,-63.7515528,-16.09427293,-160.3264493,-57.01134687,-14.3926875,-143.3757519,4.399301334,43.8245558,11.06364208
1946,279.8193887,13.49350487,12.29418677,-1.814010073,-2.844019287,-10.91296148,182.0746736,151.1470283,3.290632544,8.088445706,119.0927282,165.891669,-24.47735374,-38.37578809,-147.2540988,-22.30177863,-34.96490429,-134.1659866,5.159079634,19.79622204,31.03667292
1967,254.311202,14.98972468,13.39599789,-0.913244645,0.291028168,-7.678565508,224.691846,179.4527595,0.834015782,0.084697395,58.96036826,200.8023202,-13.6892858,4.362432119,-115.0995829,-12.23382334,3.89861273,-102.8620473,-0.265779916,7.012408834,-2.234678856
1973,274.3410903,15.43447276,14.32012476,-0.919691277,-1.311251114,-8.78071405,238.2229493,205.0659733,0.845832045,1.719379483,77.10093923,221.0235756,-14.19494997,-20.23846959,-135.5256918,-13.17009384,-18.77727955,-125.7409207,1.205946212,8.07554612,11.51372108
1960,291.7758229,13.07603503,11.90267483,-5.373427664,4.012084564,-3.116082884,170.9826921,141.6736682,28.87372487,16.09682255,9.709972542,155.6397931,-70.26312838,52.46215831,-40.74600896,-63.95816223,47.75453796,-37.08972133,-21.55864619,16.74404598,-12.50198804
1953,259.3072225,14.92631499,14.26525791,-2.665414788,1.500467141,-5.351795058,222.7948793,203.4975833,7.104435994,2.25140164,28.64171034,212.9277331,-39.78482072,22.39644518,-79.88257881,-38.0228294,21.40455075,-76.3447368,-3.999367306,14.26475369,-8.030192627
1965,267.9282928,12.41912699,11.56062004,0.540124271,-1.043719242,-8.430392085,154.2347153,133.6479357,0.291734229,1.089349856,71.0715107,143.5728084,6.70787192,-12.96208181,-104.6981099,6.244171477,-12.06604158,-97.46055968,-0.563738095,-4.553459383,8.798962435
1970,328.1343318,15.97337607,15.85002641,-0.737783084,2.072844785,-5.482719545,255.1487431,251.2233371,0.544323879,4.296685504,30.06021361,253.1784325,-11.78488665,33.11032929,-87.57754119,-11.69388136,32.85464458,-86.90124957,-1.529309818,4.045057733,-11.36482662
1945,336.8605083,15.01033177,14.19852507,2.453151337,0.293870126,-8.180048316,225.3100598,201.5981143,6.017951482,0.086359651,66.91319046,213.124572,36.82261544,4.411088086,-122.7852391,34.83113077,4.172522351,-116.1446211,0.720907892,-20.06689646,-2.403871828
1980,303.8395944,15.60254843,14.86445797,-0.316411839,6.737585997,-4.359503779,243.4395175,220.9521107,0.100116452,45.39506507,19.0052732,231.9234253,-4.936831047,105.1235118,-68.01936885,-4.703290486,100.1505639,-64.80166068,-2.131851978,1.379398609,-29.37253162
1960,325.4919678,15.65784729,14.84757512,-3.69233513,6.738192825,-1.259299173,245.1681816,220.4504868,13.63333871,45.40324254,1.585834406,232.4810637,-57.81401959,105.5055942,-19.71791413,-54.82222319,100.0458241,-18.69753906,-24.87966608,4.649754574,-8.485400649
1950,305.9978645,15.40665463,14.79038976,-0.31046581,7.763409364,-4.198662604,237.3650069,218.7556294,0.096389019,60.27052496,17.62876766,227.8704269,-4.783239507,119.6081668,-64.68734465,-4.591910336,114.8238504,-62.0998564,-2.410273176,1.303541186,-32.59593658
1964,312.258961,16.14633871,15.38877191,1.488945,-1.600454979,-12.34284774,260.7042536,236.8143008,2.216957212,2.561456139,152.3458904,248.4723235,24.04101028,-25.84148817,-199.2918002,22.91303498,-24.62903661,-189.9412686,-2.382989438,-18.37782143,19.75417212
1929,295.8599813,15.09755184,13.85704098,1.195789901,6.132083967,-3.844096142,227.9360715,192.0175846,1.429913486,37.60245378,14.77707515,209.2073945,18.05350001,92.57945556,-58.03644078,16.57010965,84.9725388,-53.26779776,7.332684077,-4.596731344,-23.57232032
1932,276.5142538,16.99241143,15.80796773,4.716396457,8.310327071,0.089203943,288.7420461,249.8918438,22.24439554,69.06153603,0.007957344,268.6154915,80.14294904,141.2124967,1.515790108,74.556643,131.3693822,1.41013306,39.19479715,0.420721163,0.741313946
1931,234.8426185,17.00111134,14.8945586,-1.37704314,1.800406163,-6.521671852,289.0377866,221.8478758,1.896247811,3.241462351,42.53220374,253.224049,-23.41126374,30.60890562,-110.8756692,-20.51044975,26.81625509,-97.13742355,-2.479236956,8.980623487,-11.74165819
1933,263.5119438,17.63701404,14.92638495,-4.347258762,2.034774292,-7.977506559,311.0642641,222.7969677,18.89865875,4.14030642,63.6406109,263.2568609,-76.67266381,35.88734275,-140.6993952,-64.88885776,30.37182437,-119.0753338,-8.84569037,34.68028529,-16.23242526
1929,212.488049,13.39381673,11.89523005,0.121381768,3.598366565,-5.421617678,179.3943265,141.496498,0.014733534,12.94824193,29.39393825,159.3225313,1.625765152,48.19586229,-72.61615355,1.443864052,42.80339811,-64.49138955,0.436776095,-0.658085538,-19.50896778
1943,203.5086437,17.6494719,15.88736835,-0.671747362,-1.021134913,-9.39274555,311.5038584,252.4084731,0.451244518,1.04271651,88.22366896,280.4036613,-11.85598619,-18.02249195,-165.7769987,-10.67229777,-16.2231465,-149.2260084,0.685944684,6.309552043,9.591260409
1945,268.8833826,13.54911457,12.15576775,1.344077212,-1.041179583,-10.01272158,183.5785057,147.7626895,1.806543553,1.084054924,100.2545935,164.6998899,18.21105615,-14.10706146,-135.6635119,16.33829043,-12.65633719,-121.7123181,-1.399425752,-13.45787091,10.42504128
1990,259.3484208,15.49914641,14.37088497,-3.158610976,-4.285360244,-14.24792204,240.2235395,206.5223349,9.976823299,18.36431242,203.0032824,222.7364503,-48.95577398,-66.41942584,-220.8306297,-45.39203501,-61.58441913,-204.7552487,13.5357859,45.00364294,61.05747866
1938,239.689241,14.56774899,13.42906834,-3.833502305,-0.545700719,-8.051633803,212.2193105,180.3398765,14.69573992,0.297789274,64.8288069,195.6312967,-55.84549931,-7.949631091,-117.2941802,-51.48036444,-7.328252245,-108.1259406,2.091944963,30.86595674,4.393782353
1952,221.9940344,17.85273953,16.38035106,-5.421968252,1.342318493,-8.96637935,318.7203087,268.3159008,29.39773973,1.801818937,80.39595864,292.4341409,-96.79698694,23.96406242,-160.0744351,-88.8137434,21.98764815,-146.8724415,-7.278008254,48.61542417,-12.03573682
1974,291.2829457,13.42320893,12.3256523,0.389752892,0.394043621,-6.964031164,180.182538,151.9217045,0.151907317,0.155270375,48.49773006,165.449806,5.231734498,5.289329849,-93.47964532,4.803958625,4.856844659,-85.8362267,0.153579641,-2.714251285,-2.744132055
1996,232.3293685,15.58755845,15.01248692,-4.825397321,0.852477151,-8.573593455,242.9719783,225.3747636,23.28445931,0.726717293,73.50650474,234.0080173,-75.21616277,13.28803742,-133.6413891,-72.44121418,12.79780208,-128.7109596,-4.113540961,41.37099489,-7.308792523
1993,252.4399063,14.370728,13.75375231,-0.495919049,1.419412681,-5.868779366,206.5178232,189.1657027,0.245935703,2.014732358,34.44257124,197.6514335,-7.126717767,20.39799355,-84.33863195,-6.820747771,19.52225044,-80.71773777,-0.703913787,2.910439483,-8.330219851
1999,265.4126078,16.02557677,14.77470688,0.500660415,5.962832894,-4.281354184,256.8191108,218.2919634,0.250660851,35.55537613,18.32999365,236.7731993,8.02337192,95.55783632,-68.61117016,7.397110881,88.09910818,-63.25575312,2.985354393,-2.143504564,-25.52899956
2017,209.1266393,15.4912073,13.15650795,2.741283024,-0.320258096,-7.692987741,239.9775037,173.0937013,7.514632618,0.102565248,59.18206039,203.810192,42.4657836,-4.96118456,-119.1736679,36.06571189,-4.213478188,-101.2128543,-0.877918083,-21.0886567,2.463741609
2004,200.0835858,15.28114767,13.26276657,0.175664734,3.694259758,-5.259438452,233.5134742,175.9009772,0.030858099,13.64755516,27.66169283,202.6702945,2.684358738,56.45252891,-80.37025566,2.329800359,48.99610483,-69.7547045,0.648951157,-0.923897856,-19.42973182
2011,243.7385332,16.49142012,14.71198508,-1.245672603,-2.940115805,-9.808480968,271.9669377,216.442505,1.551700233,8.644280944,96.2062989,242.6215268,-20.54291023,-48.48668494,-161.7557804,-18.32631675,-43.25493985,-144.3022256,3.662421707,12.21815602,28.83806991
1969,199.0950595,12.10697636,11.59508627,-1.125300974,0.511038149,-8.190715309,146.5788766,134.4460256,1.266302282,0.26115999,67.08781727,140.3814354,-13.62399229,6.187126788,-99.16479664,-13.04796187,5.925531424,-94.97205063,-0.575071727,9.217019914,-4.185767989
1926,202.0617775,11.03861528,10.52344869,-3.857280113,-1.667485503,-10.38705701,121.8510273,110.7429722,14.87860987,2.780507903,107.8909533,116.1643015,-42.5790312,-18.40673096,-114.6587262,-40.59188933,-17.54769813,-109.3076614,6.431958669,40.06578843,17.32026698
1975,201.3302471,15.02022281,14.46725954,-0.51242394,1.132164586,-5.484122832,225.6070933,209.3015985,0.262578294,1.28179665,30.07560323,217.3014617,-7.696721749,17.00536434,-82.37274686,-7.413370129,16.3793189,-79.34022833,-0.580148238,2.810195828,-6.208929655
1971,200.9529949,16.81766362,15.6266182,-1.583678212,1.958621908,-7.409672436,282.8338098,244.1911965,2.508036678,3.83619978,54.90324562,262.8032085,-26.63376745,32.93944442,-124.6133786,-24.74753477,30.60663677,-115.7881222,-3.101826841,11.73453679,-14.51274677
1973,204.4576856,15.54662365,14.35301037,-1.366067931,-0.93797962,-9.300023827,241.6975069,206.0089065,1.866141592,0.879805767,86.49044318,223.1408504,-21.237744,-14.58241614,-144.5839704,-19.60718717,-13.46283121,-133.4833384,1.281343878,12.70446431,8.723232813
1944,199.8587399,16.72620579,14.76161471,-4.173129285,2.654906152,-8.849981545,279.7659602,217.9052687,17.41500803,7.048526678,78.32217334,246.9058054,-69.80061922,44.40650667,-148.0266126,-61.60212662,39.1907017,-130.6400177,-11.07926661,36.93211715,-23.49587045
1987,201.1045705,14.84900049,14.01256197,-3.957189376,1.23055668,-5.878018594,220.4928154,196.3518929,15.65934776,1.514269743,34.55110259,208.0725394,-58.76030697,18.27253674,-87.28270095,-55.45036135,17.24325173,-82.36609978,-4.869545821,23.26043273,-7.233235046
1950,203.2871396,13.92744467,12.50480888,-2.080429818,3.687988302,-7.014790381,193.9737149,156.3702452,4.328188229,13.60125771,49.20728409,174.1600338,-28.97507118,51.364253,-97.69810488,-26.01537728,46.11758888,-87.71861309,-7.672600833,14.59377908,-25.87046487
2001,201.967509,13.63553808,12.93518165,-3.247263536,-5.505177233,-14.27942672,185.9278989,167.3189244,10.54472047,30.30697637,203.9020274,176.3781621,-44.27818561,-75.06605383,-194.7076668,-42.00394371,-71.21046754,-184.7069785,17.87676129,46.36906169,78.61077486
2000,203.7230075,13.69941502,13.02968369,-0.471446849,1.789106432,-6.241103678,187.6739719,169.7726571,0.222262131,3.200901825,38.95137512,178.4990445,-6.458546045,24.50971153,-85.49946947,-6.142803321,23.3114909,-81.31960682,-0.84346859,2.942348664,-11.16599873
1993,207.888979,13.33506389,13.17361822,-1.330054927,0.642626648,-6.709920797,177.8239289,173.5442169,1.769046109,0.412969009,45.0230371,175.6710405,-17.73636742,8.569467405,-89.4772225,-17.52163582,8.465718115,-88.39393484,-0.854728739,8.924563215,-4.311973909
2015,201.8203804,14.18542058,13.99392772,-5.432608782,2.432791985,-4.453138405,201.2261572,195.8300131,29.51323817,5.918476844,19.83044166,198.5097504,-77.06384044,34.51017751,-63.1696412,-76.02353463,34.04431521,-62.31689698,-13.2164071,24.19215881,-10.83355942
2005,203.5721957,16.09838141,14.79923571,0.308570493,1.708505927,-7.306150236,259.1578841,219.0173775,0.095215749,2.918992503,53.37983128,238.243741,4.967485495,27.50418006,-117.6171932,4.566607463,25.28458192,-108.1254395,0.527194517,-2.254462383,-12.48260098
2009,201.6227294,14.99197769,13.39562388,-2.079621696,-1.089236066,-10.36094342,224.7593951,179.4427392,4.3248264,1.186435207,107.3491485,200.8268944,-31.17764208,-16.3298028,-155.3310325,-27.85783006,-14.59099666,-138.7913011,2.265198955,21.54684272,11.28551324
1925,197.3937161,17.44109975,15.85425222,-0.399558556,1.292065157,-9.009130838,304.1919604,251.3573135,0.15964704,1.66943237,81.16443845,276.5155944,-6.968740626,22.53503728,-157.1291496,-6.334702121,20.48472688,-142.8330326,-0.516255688,3.599675307,-11.64038405
1946,229.1517388,16.26841147,14.80793274,-0.292323058,-0.322725059,-8.760473061,264.6612117,219.2748721,0.08545277,0.104151464,76.74588826,240.9015429,-4.755631788,-5.250224048,-142.5189804,-4.328700181,-4.778890965,-129.7244959,0.094339976,2.560888274,2.827224184
1987,235.0323011,17.32913822,15.99836105,-1.250245776,3.973254563,-3.630735715,300.2990314,255.9475562,1.563114499,15.78675182,13.18224184,277.2378099,-21.66568185,68.8530775,-62.91752104,-20.00188332,63.56556104,-58.08582085,-4.967544733,4.539311991,-14.42583725
1991,239.9893749,17.90276387,16.7997699,2.772952294,4.139509913,-5.50826895,320.5089541,282.2322688,7.689264427,17.13554232,30.34102682,300.7623136,49.64351015,74.1086685,-98.61323833,46.5849605,69.54281405,-92.53765093,11.47866351,-15.27416702,-22.80153392
1949,244.8949014,17.6605352,16.78645299,2.19482113,6.29119323,-3.979705116,311.8945036,281.7850039,4.817239794,39.57911225,15.83805281,296.4577439,38.76171583,111.1058395,-70.28372229,36.84326172,105.6068194,-66.80513283,13.80804383,-8.73474088,-25.03709388
1975,221.9784798,16.63436136,16.1096817,1.265685288,3.311205281,-3.110312378,276.7019778,259.5218444,1.601959248,10.96408041,9.674043086,267.9742667,21.05386645,55.07978517,-51.73806002,20.38978712,53.3424631,-50.10614238,4.190943809,-3.936676617,-10.29888277
1999,243.290854,16.47934863,16.02781636,1.565853938,7.028463133,-3.316740727,271.5689314,256.8908974,2.451898554,49.39929401,11.00076905,264.1279737,25.80425295,115.8244943,-54.65772677,25.09721936,112.6509164,-53.1601113,11.00554667,-5.193531527,-23.31158992
2003,231.8920517,14.141036,13.23832525,-1.251216566,5.703193482,-5.639536712,199.9688992,175.2532555,1.565542894,32.52641589,31.80437433,187.203634,-17.6934985,80.64906435,-79.74889168,-16.56401186,75.50073029,-74.65802127,-7.135930162,7.056281757,-32.16336902
2013,243.2938666,16.78770794,15.69188851,-0.651058006,7.344047376,-1.397323438,281.827138,246.2353649,0.423876527,53.93503186,1.952512789,263.4308413,-10.92977165,123.2897225,-23.45785777,-10.21632964,115.2419726,-21.92664359,-4.781400838,0.90973861,-10.26200953
1931,210.5423918,17.0162834,15.44667487,0.056218329,3.305858112,-4.757976082,289.5539008,238.5997646,0.003160501,10.92869785,22.6383364,262.8449973,0.956627025,56.25341851,-80.96306944,0.868386256,51.06451543,-73.4949096,0.18584982,-0.267485467,-15.72919383
1979,192.592422,15.70459609,12.74986056,1.973929143,3.577619815,-5.011942724,246.6343383,162.5589443,3.89639626,12.79936354,25.11956986,200.2314103,30.99975989,56.18507416,-78.71053609,25.16732133,45.61415378,-63.90157086,7.061968015,-9.893219804,-17.9308256
1957,255.5365968,16.5443391,16.17437107,-0.209649216,5.480776703,-1.323276301,273.7151561,261.6102795,0.043952794,30.03891327,1.751060169,267.5942796,-3.468507723,90.67582828,-21.89273184,-3.390944217,88.64811614,-21.40316192,-1.14904054,0.277423839,-7.252581922
1961,254.1281714,14.290812,13.37776102,1.161443578,0.717251318,-8.13835138,204.2273078,178.9644899,1.348951185,0.514449453,66.23276318,191.1790678,16.59797183,10.25010374,-116.3036496,15.53751462,9.595216724,-108.8729199,0.833046937,-9.452235944,-5.837243253
1960,252.1726149,14.92238769,14.35585408,-2.847768303,5.883430164,-1.071115511,222.6776543,206.0905463,8.109784308,34.61475049,1.147288438,214.2236201,-42.49550266,87.79482583,-15.98360092,-40.88214621,84.46166491,-15.37677798,-16.75464593,3.050288802,-6.301833307
1926,152.6455313,12.95289718,12.22884003,-1.467478415,1.611497831,-7.144870177,167.7775455,149.5445284,2.153492898,2.596925259,51.04916985,158.3989075,-19.00809703,20.87356571,-92.5467688,-17.94555878,19.70674917,-87.37347441,-2.364838282,10.48494276,-11.51394279
1958,254.3350267,13.09465705,13.66548582,0.508121826,6.42247643,-2.47168517,171.4700433,186.7455028,0.25818779,41.24820349,6.109227579,178.9448503,6.653681049,84.10012626,-32.36586964,6.943731608,87.76626061,-33.77677865,3.26340045,-1.255917181,-15.87433975
1965,193.5515428,15.38264722,14.24514038,1.725882792,2.057775456,-5.001224559,236.6258355,202.9240245,2.978671411,4.234439829,25.01224709,219.1279691,26.54864613,31.6540339,-76.93207306,24.58544265,29.31330025,-71.24314593,3.55147925,-8.631527405,-10.29139715
2010,257.409011,18.27395754,18.46611053,2.629066122,2.116838983,-5.367280295,333.9375241,340.997238,6.911988676,4.481007281,28.80769776,337.4489196,48.04344268,38.68302569,-98.08145219,48.5486256,39.08978263,-99.11279115,5.565309657,-14.11093479,-11.36166816
2011,267.7432631,17.26137184,16.14839984,-0.386858646,-1.857066909,-8.003732497,297.9549578,260.7708175,0.149659612,3.448697506,64.05973388,278.7435343,-6.677710944,-32.05552245,-138.1554027,-6.247148105,-29.98865899,-129.2474726,0.718422391,3.09631312,14.86346677
2007,223.7276096,16.52109282,14.05693899,1.044538463,5.978406041,-2.192659459,272.946508,197.5975339,1.091060602,35.74133879,4.807755501,232.2359939,17.25691691,98.76980111,-36.22513044,14.68301346,84.03808899,-30.82208024,6.244675059,-2.290317142,-13.10860855
1954,330.910628,18.25069339,16.44991257,-0.696043627,6.694436741,-4.610213597,333.0878093,270.5996234,0.484476731,44.81548328,21.25406941,300.2223106,-12.70327883,122.1781124,-84.13959483,-11.44985681,110.1228991,-75.83761057,-4.659620032,3.208909794,-30.86278329
1960,228.1972632,15.58566973,15.00249972,-2.805092434,6.927274347,-0.64619596,242.9131009,225.0749979,7.868543561,47.98712988,0.417569218,233.8240058,-43.71924423,107.9662101,-10.07139681,-42.08339845,103.9264315,-9.694554704,-19.43164486,1.812639397,-4.476376694
1941,185.9759559,17.0001697,15.61116922,-1.042480017,7.030453235,-1.831671218,289.0057697,243.7086043,1.086764586,49.42727269,3.355019452,265.3925258,-17.72233719,119.518898,-31.13872154,-16.27433195,109.7535951,-28.59452934,-7.329107008,1.909480643,-12.87747884
1946,200.0670455,16.5408636,15.0265854,0.633260661,0.549714598,-7.912010728,273.6001688,225.7982688,0.401019065,0.30218614,62.59991376,248.5526995,10.47467822,9.092754193,-130.8714903,9.515745405,8.260333358,-118.8905049,0.34811263,-5.010365145,-4.3493478
1949,224.6473657,17.212965,16.89299899,2.810038289,6.898811474,-3.106871486,296.286164,285.3734147,7.896315183,47.59359975,9.652650428,290.7786002,48.3690907,118.7490004,-53.47847013,47.46997396,116.5416152,-52.48437686,19.38592439,-8.730427832,-21.43372065
1942,209.6525961,17.31138984,16.35198087,0.949640971,7.506933804,-0.865229553,299.6842183,267.3872785,0.901817973,56.35405514,0.74862218,283.0755156,16.43960505,129.9554576,-14.9783261,15.52851099,122.753238,-14.14821711,7.128891904,-0.821657433,-6.495220981
1940,205.1680487,16.65166937,15.28212571,-0.57845968,7.43619006,-2.560283431,277.2780929,233.5433661,0.334615601,55.2969226,6.555051245,254.4729046,-9.632319337,123.8249783,-42.63299318,-8.840093546,113.6407913,-39.12657323,-4.301536122,1.481020734,-19.0387542
1985,197.1796148,15.14838112,13.9852507,-0.072309212,8.015917879,-1.000425365,229.4734506,195.5872373,0.005228622,64.25493944,1.000850911,211.8539077,-1.095367501,121.4281791,-15.15482471,-1.011262457,112.1046212,-13.99119954,-0.579624705,0.07233997,-8.01932757
1947,272.5659751,15.85789228,15.19172563,2.16454974,8.263271644,-2.184446946,251.4727474,230.7885276,4.685275576,68.28165826,4.771808459,240.9087485,34.3251966,131.0380716,-34.64072435,32.88324576,125.5333556,-33.18551865,17.88626249,-4.728344068,-18.0506785
1996,220.9842822,16.92765401,16.5063014,-2.66280632,2.720965454,-6.088958938,286.5454701,272.4579857,7.090537498,7.403653004,37.07542094,279.4129589,-45.07506407,46.05956178,-103.0717902,-43.95308368,44.91307588,-100.5061914,-7.245404009,16.21371834,-16.56784692
1995,240.2293869,16.43940294,15.85911969,3.352195614,7.282570009,-0.979701516,270.2539691,251.5116774,11.23721543,53.03582593,0.959815061,260.7144589,55.10809444,119.7211028,-16.10570799,53.16287147,115.4951494,-15.53720361,24.41259924,-3.284151125,-7.134744879
2015,221.933863,17.56938788,17.38439892,-3.055775045,4.521078047,-1.335140604,308.6833906,302.2173257,9.337761127,20.44014671,1.782600432,305.4332477,-53.68809706,79.43257387,-23.45760315,-53.12281239,78.59622432,-23.21061687,-13.81539747,4.07988934,-6.036274875
2009,217.3177818,17.80474294,16.60037279,-0.472722144,3.448385842,-5.699625747,317.0088713,275.5723767,0.223466225,11.89136492,32.48573366,295.5653702,-8.416696258,61.39762349,-101.4803713,-7.847363816,57.2444905,-94.61591215,-1.630128349,2.694339303,-19.65450873
1955,338.9678205,13.80459455,13.3290155,1.162032294,5.128250885,-3.068392711,190.5668307,177.6626542,1.350319052,26.29895714,9.415033829,184.0016547,16.04138467,70.79342421,-42.35791729,15.48874646,68.35453553,-40.898654,5.95919314,-3.565571421,-15.73548764
1980,291.2822189,15.34528143,14.77794959,1.036330596,7.302566716,-3.36358169,235.4776622,218.3877942,1.073981104,53.32748064,11.31368179,226.7717955,15.90278465,112.0599414,-51.61510765,15.31484131,107.9169628,-49.70684067,7.567873317,-3.485782618,-24.5627797
1926,74.96101238,13.53830703,12.88772114,-0.645592769,4.184206202,-6.166603886,183.2857572,166.0933561,0.416790023,17.50758154,38.02700349,174.4779256,-8.740233116,56.64706823,-83.48537673,-8.320219568,53.92488271,-79.47347124,-2.701293266,3.981114875,-25.80234223
1967,175.2046329,16.32249666,16.15340406,1.902083518,5.224022743,-4.105389901,266.4238971,260.9324628,3.617921711,27.29041362,16.85422624,263.6638838,31.04675187,85.26909375,-67.01021293,30.72512363,84.3857502,-66.31602191,9.936527559,-7.808794467,-21.44665021
1943,332.7808787,19.14188718,17.90103517,2.246404794,2.959262202,-5.454772386,366.4118449,320.4470603,5.046334499,8.757232781,29.75454178,342.6595957,43.00042713,56.64586322,-104.4146376,40.21297124,52.97385677,-97.64607235,6.647700798,-12.25362684,-16.14210174
1958,396.4418869,14.14671517,14.59745788,1.257835487,8.178069676,-1.473719447,200.1295502,213.0857766,1.582150113,66.88082362,2.171849007,206.5060789,17.79424037,115.6928224,-20.84828926,18.36120055,119.3790276,-21.51255755,10.28666626,-1.853696618,-12.05218032
1933,251.4724036,18.10342333,15.70329272,-1.891942819,5.573757856,-4.633734805,327.7339364,246.5934022,3.579447629,31.06677664,21.47149824,284.2833558,-34.25064177,100.904098,-83.88646279,-29.70973189,87.52635115,-72.76489402,-10.54523115,8.766761288,-25.82731577
1988,372.1634541,15.71373381,11.66933428,1.661610627,5.854533191,-1.690302655,246.9214303,136.1733624,2.760949877,34.27555889,2.857123065,183.3688126,26.11010709,91.99657615,-26.56096598,19.38988985,68.31850484,-19.72470671,9.727954568,-2.808624855,-9.895932996
2004,203.9369693,15.94302688,15.014357,4.149535693,5.926011897,-2.667661756,254.1801062,225.430916,17.21864647,35.117617,7.116419242,239.3742972,66.15615911,94.47856699,-42.53060309,62.30261026,88.97525818,-40.05322594,24.59019788,-11.06955767,-15.8085953
2018,256.0520285,18.811619,19.11894511,1.34780245,4.882837772,-5.521681788,353.8770095,365.5340621,1.816571444,23.84210471,30.48896977,359.6583111,25.35434618,91.85408381,-103.871774,25.76856106,93.35470734,-105.568731,6.581100712,-7.442136242,-26.9614764
1951,391.1475282,16.54775596,16.07610035,-2.181817908,2.290581779,-7.982395094,273.8282274,258.4410024,4.760329385,5.246764886,63.71863143,266.0233854,-36.1041903,37.90398829,-132.090726,-35.07512363,36.82362253,-128.3257845,-4.997632346,17.41613257,-18.28432875
1978,367.4851806,16.24966112,15.15846231,2.992378156,3.84810805,-5.209524066,264.0514866,229.7789796,8.954327028,14.80793556,27.139141,246.3198757,48.62513098,62.53045177,-84.65300068,45.35985149,58.33140084,-78.96837421,11.51499447,-15.58886602,-20.0468115
1952,451.2561078,19.39609645,17.72443969,-2.645912844,5.865927981,-4.098021378,376.2085575,314.1557625,7.000854775,34.40911108,16.79377922,343.7849419,-51.32038071,113.7761049,-79.48561791,-46.89732263,103.9702868,-72.63513279,-15.52073418,10.8430074,-24.03869827
1967,309.2361124,17.08588419,16.44326291,2.213112352,6.103595656,-3.734378754,291.9274384,270.3808952,4.897866283,37.25387993,13.94558468,280.9476857,37.81298134,104.2853285,-63.8051629,36.39078826,100.3630281,-61.40537167,13.50794294,-8.264599749,-22.79313794
1998,415.0444955,18.03475019,17.26367021,0.657661693,5.210520182,-2.189012382,325.2522143,298.0343089,0.432518903,27.14952056,4.79177521,311.3459794,11.86076434,93.97042981,-39.47829147,11.35365458,89.95270201,-37.79038784,3.426759525,-1.43962959,-11.4058932
2000,365.3130818,16.94550215,16.26107891,3.042900098,7.414440424,-2.47177916,287.150043,264.4226872,9.259241004,54.9739268,6.109692214,275.5521475,51.56347013,125.6414161,-41.88553905,49.48083859,120.5668008,-40.19379595,22.56140149,-7.521377046,-18.32685932
2010,387.19754,19.96510485,19.60064037,3.596277949,4.100755564,-4.072995241,398.6054116,384.1851028,12.93321509,16.8161962,16.58929023,391.32884,71.80006632,81.8720148,-81.31777704,70.48935074,80.37743505,-79.83331494,14.74745681,-14.64762297,-16.7023579
1973,345.7049807,17.60703558,17.43047126,1.40920368,3.50092585,-4.254865627,310.0077021,303.8213283,1.985855011,12.25648181,18.1038815,306.8989277,24.81189933,61.64092601,-74.91557049,24.56308424,61.02278741,-74.16431302,4.93351759,-5.995972297,-14.89596906
1983,375.1613586,16.49428803,15.53161982,2.01369023,9.59830798,1.025857462,272.0615375,241.2312143,4.054948344,92.12751607,1.052383532,256.1830109,33.21438666,158.3172564,16.92078845,31.2758711,149.0772705,15.93322809,19.32801901,2.065759149,9.846495864
1976,354.4867333,16.43140392,14.94754034,3.81997451,6.235373133,-2.204264164,269.9910349,223.4289623,14.59220526,38.8798781,4.858780506,245.609073,62.76754416,102.4559346,-36.21915484,57.0992231,93.20349145,-32.94832752,23.81896643,-8.420232922,-13.74440955
1951,336.3102146,16.91668561,16.28729515,-2.444380687,2.849973226,-7.700769264,286.174252,265.2759835,5.974996945,8.12234739,59.30184726,275.5270515,-41.3508196,48.21210106,-130.2714926,-39.81234973,46.41835512,-125.4247019,-6.966419514,18.82361167,-21.94698622
1977,329.5374474,16.99984219,15.59760458,-4.917251592,4.539771862,-7.521485677,288.9946346,243.2852686,24.17936322,20.60952856,56.57274679,265.1568165,-83.59250109,77.17540525,-127.8640696,-76.69734594,70.80956639,-117.3171594,-22.32320041,36.98503742,-34.14582904
1965,335.3978218,16.96923783,15.84099095,2.077903441,4.729005696,-4.202060744,287.9550326,250.9369941,4.317682711,22.36349487,17.6573145,268.8095429,35.26043769,80.24762237,-71.30576816,32.9160496,74.91213641,-66.5648062,9.82641721,-8.731476481,-19.8715692
1929,341.9994447,15.54461058,14.70276111,1.576057708,7.97485771,-2.915384327,241.634918,216.1711843,2.483957899,63.59835549,8.499465774,228.5486959,24.49920332,123.9660575,-45.31851405,23.17239998,117.2524278,-42.8641993,12.56883596,-4.59481394,-23.24977518
1963,331.5246119,16.92037212,15.85292437,0.176076577,5.590815901,-6.923651614,286.2989926,251.3152112,0.031002961,31.25722244,47.93695168,268.2373795,2.979281209,94.59868549,-117.1507617,2.791328664,88.63078167,-109.7601254,0.984411728,-1.219092879,-38.70886154
2010,334.3953532,20.41372714,19.6481753,3.278475471,4.120852219,-4.935737125,416.7202556,386.0507925,10.74840141,16.98142301,24.36150097,401.0924892,66.92590368,84.12195277,-100.7567909,64.41606075,80.96722677,-96.97822825,13.51011292,-16.1816931,-20.33944329
1948,200.9319446,15.97352155,14.61195134,-0.48469536,5.729553584,-3.747843708,255.1533908,213.5091219,0.234929592,32.82778427,14.04633246,233.4043196,-7.742291777,91.52114766,-59.86626224,-7.082345012,83.71995816,-54.76330988,-2.777088036,1.816562455,-21.47347135
1959,291.192179,16.0853435,15.01957598,1.679073872,1.540950517,-8.186026605,258.7382755,225.5876627,2.819289066,2.374528496,67.01103159,241.5950389,27.00847998,24.78671838,-131.6750498,25.21897759,23.14442337,-122.9506486,2.58736975,-13.74494338,-12.61426193
1950,301.0917784,15.60104771,15.23849764,0.088866094,7.914380424,-3.082743487,243.3926897,232.2118103,0.007897183,62.6374175,9.503307405,237.7365287,1.386404175,123.4726266,-48.09402822,1.354185766,120.6032674,-46.97637935,0.703320076,-0.273951373,-24.3980047
1943,246.0297152,18.83152099,17.69531803,2.057615384,2.35477945,-5.797078752,354.626183,313.1242803,4.233781067,5.544986257,33.60612205,333.229753,38.74802729,44.34407865,-109.1678102,36.4101586,41.66857126,-102.5811522,4.845230421,-11.92815842,-13.65084191
1931,208.8865795,17.30408557,15.81504526,0.587344881,4.312074953,-4.142077901,299.4313773,250.1156564,0.344974009,18.5939904,17.15680934,273.6648964,10.16346607,74.61651395,-71.67487042,9.288885867,68.19566052,-65.50714945,2.532675148,-2.43282825,-17.86095037
1980,300.1489261,15.33320504,14.45658719,0.754564508,7.003676393,-3.35225315,235.1071769,208.9929132,0.569367597,49.05148302,11.23760118,221.6658156,11.56989232,107.3888062,-51.40078491,10.90842761,101.2492584,-48.46213996,5.284725634,-2.52949125,-23.47809625
1975,207.8502655,17.14257471,16.32279194,2.058912057,4.44119313,-2.112714631,293.8678678,266.4335369,4.239118859,19.72419642,4.463563112,279.8146804,35.29505377,76.13348505,-36.21736841,33.60719314,72.49267145,-34.48540136,9.144026084,-4.349893627,-9.382973705
1930,308.4292361,14.64594168,13.70538149,-1.116309772,3.947402816,-4.458954658,214.5036076,187.8374818,1.246147507,15.58198899,19.88227664,200.728218,-16.34940781,57.81343142,-65.30558986,-15.29945129,54.10066149,-61.11167463,-4.406524338,4.977574657,-17.60129017
1991,285.6893673,18.36114692,16.89255993,3.683609972,5.256475064,-3.379097892,337.1317163,285.358581,13.56898242,27.63053009,11.41830256,310.1667748,67.6353039,96.51491094,-62.04411285,62.2256022,88.79532003,-57.08161364,19.36280396,-12.44727869,-17.7621438
1997,270.3593541,16.87685168,15.81440428,-2.428811903,4.905391563,-3.072748262,284.8281228,250.0953826,5.89912726,24.06286639,9.441781881,266.8973554,-40.99069826,82.78756586,-51.85831668,-38.41021334,77.57584531,-48.59368325,-11.91427342,7.463127553,-15.0730334
2017,230.602683,16.57484565,14.78557066,3.52523731,2.666860023,-5.656371561,274.7255085,218.6130998,12.42729809,7.112142382,31.99453924,245.0685516,58.43026431,44.20279326,-93.75348559,52.12264536,39.43104732,-83.63268141,9.401314455,-19.94005207,-15.08475119
2008,255.1314267,17.70274843,15.38599731,-0.436369232,4.075934856,-3.018262007,313.3873018,236.7289132,0.190418107,16.61324495,9.109905543,272.3744396,-7.724934733,72.15524935,-53.43153299,-6.713975827,62.71232272,-46.43897112,-1.778612562,1.317076674,-12.30223932
2015,251.3401085,17.76315951,17.12113767,-3.07110726,4.641701904,-1.189780063,315.5298357,293.1333552,9.431699802,21.54539657,1.415576599,304.1254995,-54.55256812,82.45129131,-21.13425304,-52.58085021,79.47121734,-20.37038827,-14.25516442,3.65394219,-5.522604385
2018,200.5041064,18.75285629,19.14486626,1.3915225,4.448123464,-5.693765349,351.6696191,366.525904,1.936334869,19.78580235,32.41896385,359.0209256,26.09502147,83.41502008,-106.7743633,26.64051216,85.15872881,-109.0063761,6.189663884,-7.923002594,-25.32657124
1981,323.4551063,18.18838906,16.65497926,-0.050874058,5.945502166,-3.432647951,330.8174964,277.3883342,0.00258817,35.34899601,11.78307196,302.9272425,-0.925317162,108.1391065,-62.43433643,-0.847306383,99.02221528,-57.17068044,-0.302471823,0.174632731,-20.40881583
1956,348.3828338,16.47593645,16.09843426,-0.862520307,5.018548524,-5.423450139,271.456482,259.1595857,0.74394128,25.18582929,29.41381141,265.2367799,-14.21082977,82.68528657,-89.35641985,-13.88522646,80.7907735,-87.30905554,-4.328600013,4.677835878,-27.21784769
1949,384.0201996,18.17823122,17.21940608,3.740845429,7.961362738,-2.065565884,330.4480903,296.5079457,13.99392452,63.38329664,4.266562421,313.0183452,68.00195317,144.7234927,-37.54833424,64.41513652,137.0899379,-35.56781774,29.78222741,-7.726962695,-16.44471926
1933,386.1054035,18.32667569,15.84284068,-1.607166269,6.068982248,-4.151845586,335.8670417,250.9956007,2.582983418,36.83254553,17.23782177,290.346603,-29.45401499,111.2242694,-76.08952755,-25.46207915,96.14991882,-65.77702813,-9.753863559,6.672706182,-25.19747716
1941,342.9529547,17.2492988,15.9425631,-0.149899398,8.69110055,-1.005026532,297.5383091,254.1653181,0.022469829,75.53522876,1.01007833,274.9980345,-2.5856595,149.9153903,-17.33600295,-2.389780605,138.5584189,-16.0226989,-1.302790737,0.150652872,-8.734786643
1953,422.9622807,19.07747,16.93033062,0.16489091,6.391385352,-1.72352117,363.9498618,286.6360948,0.027189012,40.84980672,2.970525223,322.9878745,3.145701397,121.9314623,-32.88042342,2.791657629,108.2082671,-29.17978323,1.053881349,-0.284192975,-11.01568796
1945,394.9686839,15.93574484,14.88896895,2.708457547,2.209698107,-6.468986358,253.9479635,221.6813964,7.335742282,4.882765724,41.8477845,237.2668101,43.16128837,35.2131852,-103.088116,40.32614031,32.9001265,-96.31653701,5.984873514,-17.52097492,-14.29450691
1998,358.4726494,17.97821415,17.38850394,0.418414817,5.435835627,-2.182058935,323.216184,302.3600693,0.175070959,29.54830896,4.761381194,312.6142476,7.522351182,97.72661698,-39.22952281,7.275607693,94.52104922,-37.94274039,2.274434168,-0.91300579,-11.8613137
1960,352.7635358,13.56882137,12.28238712,-4.86442276,4.345614055,-2.649924653,184.1129133,150.8570333,23.66260879,18.88436151,7.022100669,166.6575167,-66.00448349,58.96486085,-35.95635426,-59.74672343,53.37451408,-32.54740042,-21.13890392,12.8903538,-11.51554982
1936,388.4562687,11.71148638,10.32673977,-1.497853935,-1.664459914,-9.339380194,137.1589132,106.6415543,2.24356641,2.770426805,87.22402241,120.9414721,-17.54209595,-19.49329961,-109.3780239,-15.4679478,-17.18844439,-96.44534888,2.493117831,13.98902737,15.54502395
1941,131.2109885,14.6444857,13.60380255,-3.01362259,2.594945485,-4.934096456,214.4609613,185.0634438,9.081921116,6.733742068,24.34530784,199.2206919,-44.13295292,38.00164204,-72.25730498,-40.99672668,35.301126,-67.12247396,-7.820186333,14.86950454,-12.80371132
1988,445.9463766,14.16698024,9.855252369,0.58816927,1.85275064,-4.176350074,200.7033292,97.12599926,0.34594309,3.432684933,17.44189994,139.6191656,8.332582427,26.24788171,-59.16626899,5.796556591,18.25932513,-41.15898396,1.089730991,-2.456400774,-7.737735272
1948,221.8440737,13.09963725,12.42402955,-3.200160217,2.242036775,-6.538494967,171.6004961,154.3565102,10.24102541,5.026728899,42.75191643,162.7502802,-41.92093798,29.36986845,-85.65191223,-39.75888509,27.85513113,-81.23445466,-7.174876891,20.92423147,-14.65954617
1931,273.1967149,15.69776707,14.30424576,-1.549018791,0.84730875,-6.893288904,246.4198911,204.6114469,2.399459215,0.717932118,47.51743192,224.5447182,-24.31613617,13.3008554,-108.2092436,-22.15754548,12.1201126,-98.60329861,-1.312497176,10.67783405,-5.840744005
1981,167.1827553,15.14615108,14.12804292,-2.907371198,0.796733439,-7.748220141,229.4058926,199.6015969,8.452807283,0.634784173,60.03491535,213.9854726,-44.03548341,12.06744504,-117.3557129,-41.07546508,11.25628422,-109.4671867,-2.316399853,22.52695207,-6.173266078
1985,144.2952323,12.32739778,10.27165,-2.232470101,3.871638822,-4.641884985,151.9647361,105.5067938,4.983922754,14.98958717,21.54709622,126.6227155,-27.52054698,47.72723183,-57.22236268,-22.93115153,39.76811892,-47.67981793,-8.643317913,10.36286944,-17.97170211
1989,231.9467386,14.15721049,13.0573356,-0.038744228,1.647674131,-8.015324834,200.4266089,170.494013,0.001501115,2.714830043,64.2454322,184.8554485,-0.548510196,23.3264695,-113.4746408,-0.505896392,21.51423409,-104.6587863,-0.063837863,0.310547575,-13.20664338
1929,231.4895679,12.0980802,11.19302474,-0.02199023,2.664671654,-5.547209636,146.3635445,125.2838029,0.00048357,7.100475026,30.77153475,135.414111,-0.266039561,32.23741138,-67.11058707,-0.246137183,29.82573576,-62.0900547,-0.058596741,0.121984413,-14.78149228
1963,249.662702,14.14147124,13.17816853,-1.3617358,0.208087295,-9.426641216,199.9812089,173.6641259,1.85432439,0.043300322,88.86156461,186.3586914,-19.25694766,2.942660501,-133.3065757,-17.94518387,2.742209446,-124.2258667,-0.283359919,12.83659482,-1.961564273
1927,292.5487512,11.83467501,11.09201185,-3.405157134,-0.560575135,-8.694628359,140.0595326,123.0327268,11.59509511,0.314244481,75.5965623,131.2703554,-40.29892805,-6.634224537,-102.898101,-37.77004327,-6.217906033,-96.44092076,1.908846418,29.60657578,4.873992462
2014,236.3695214,15.49513008,14.56404226,-2.536349777,-1.79173099,-9.323127092,240.0990562,212.1113269,6.433070191,3.21029994,86.92069877,225.6717293,-39.30106972,-27.76310475,-144.463067,-36.93950533,-26.09484585,-135.7824169,4.544456496,23.64671132,16.70453573
1964,193.1071013,16.34185533,15.10954192,1.752731465,-2.587174513,-12.03805527,267.0562355,228.2982569,3.072067589,6.693471959,144.9147746,246.917948,28.64288403,-42.27923159,-196.7241576,26.48296954,-39.09102174,-181.8895006,-4.534622174,-21.09947825,31.14454977
1933,359.6573493,17.66964046,15.42566038,-3.043075841,3.366228592,-5.922579996,312.2161939,237.9509982,9.260310575,11.33149493,35.07695381,272.5658728,-53.770056,59.48004892,-104.6498591,-46.94145444,51.92629903,-91.3597076,-10.2436889,18.0228601,-19.93675812
1976,175.8380724,15.4995249,13.43317237,3.658365504,4.539700475,-2.961723246,240.2352722,180.45012,13.38363816,20.6088804,8.771804584,208.2077897,56.70292724,70.36320056,-45.9053032,49.14345443,60.982579,-39.78533888,16.60788362,-10.83506616,-13.44533642
1981,216.9065702,17.00162943,15.66520579,-1.065818308,3.960665856,-4.694629766,289.0554031,245.3986724,1.135968665,15.68687403,22.03954864,266.3340237,-18.1206479,67.33777317,-79.81635557,-16.69626312,62.0446457,-73.54234138,-4.22135018,5.003622352,-18.59385982
1967,181.4572265,16.56426581,15.69924858,1.06169312,3.698467224,-4.977467836,274.3749018,246.466406,1.12719228,13.67865981,24.77518606,260.0465265,17.58616704,61.26239419,-82.44810029,16.6677842,58.06315632,-78.14250487,3.926637205,-5.284543355,-18.40900165
1962,190.5328016,15.89283141,15.25303954,1.14817092,2.030598395,-6.074479276,252.5820903,232.6552151,1.318296461,4.123329841,36.89929848,242.4139859,18.24768686,32.27195796,-96.54067507,17.51309643,30.9727976,-92.65427256,2.331474027,-6.974540458,-12.33482787
1968,233.0931617,16.38798676,14.94207752,-1.670181037,3.758838869,-2.77904052,268.56611,223.2656805,2.789504695,14.12886964,7.723066215,244.8705685,-27.37090471,61.59980161,-45.54287925,-24.95597452,56.16486175,-41.52463888,-6.277941398,4.641500777,-10.44596553
1945,238.4506205,14.60404051,13.85768881,2.373160841,-0.089443385,-8.115799745,213.2779992,192.0355392,5.631892376,0.008000119,65.8662055,202.3782488,34.65773705,-1.30623482,-118.5234682,32.88652443,-1.239478598,-112.4662273,-0.212263539,-19.26009815,0.725904602
1947,297.9322714,15.18397082,14.46074553,1.57663275,7.14438842,-2.969021229,230.5529698,209.1131614,2.485770829,51.0422859,8.815087061,219.5715382,23.93954567,108.4801853,-45.08153171,22.799285,103.3131829,-42.93426048,11.26407676,-4.681056106,-21.21184089
1958,229.9183,13.50290406,13.6330384,0.275190726,6.935011469,-2.658733007,182.3284179,185.8597361,0.075729935,48.09438407,7.0688612,184.0856095,3.715873964,93.64279449,-35.9006167,3.751685729,94.54527768,-36.24660918,1.908450838,-0.731658665,-18.43834389
1994,184.5296366,16.78888623,16.04174584,-0.563054465,2.92093672,-4.372622981,281.8667008,257.3376096,0.31703033,8.531871323,19.11983173,269.3230459,-9.453057347,49.03927428,-73.41146976,-9.032376615,46.85692448,-70.14450652,-1.644646461,2.462024891,-12.77215503
2009,214.2137073,16.70280567,15.6792832,-1.156209466,1.765830783,-6.642011051,278.9837174,245.8399215,1.33682033,3.118158354,44.1163108,261.8880203,-19.31194204,29.49432842,-110.9402199,-18.12853566,27.68696092,-104.1419723,-2.041670267,7.679556053,-11.72866757
2016,204.8233904,17.42554579,16.111015,2.989057819,8.775337657,2.184820155,303.6496461,259.5648042,8.934466647,77.006551,4.77343911,280.7432296,52.0859639,152.9150482,38.07168365,48.15675535,141.3795966,35.19967028,26.22999164,6.530553768,19.17253458
1983,374.9101848,16.11199849,14.64615784,1.698072247,7.961436032,0.579224516,259.5964954,214.5099395,2.883449356,63.38446369,0.33550104,235.978873,27.35933748,128.2746453,9.332464527,24.87023415,116.6044488,8.483413685,13.51909357,0.983565075,4.611458932
1935,248.0414268,14.54791596,14.05507648,2.996945716,2.004513086,-5.458263667,211.6418589,197.5451749,8.981683626,4.018072711,29.79264226,204.4720715,43.59931443,29.16148792,-79.40636113,42.12230126,28.17358473,-76.7163133,6.007416905,-16.35811991,-10.94116095
1984,269.7158483,18.04292892,15.68681934,3.316134255,-3.788016599,-10.23159258,325.5472842,246.076301,10.9967464,14.34906976,104.6854867,283.0361664,59.83277467,-68.34691427,-184.6078977,52.01959896,-59.42193204,-160.5011444,-12.5615716,-33.92933464,38.75744253
1963,139.1016671,15.13902177,14.74942105,0.348846396,2.849049254,-7.302520965,229.1899801,217.5454214,0.121693808,8.117081649,53.32681244,223.2918064,5.281193181,43.13181867,-110.5530239,5.145282376,42.02182705,-107.7079565,0.993880564,-2.547458119,-20.8052419
1946,208.5523221,16.31288122,14.7397447,0.922138122,0.110742101,-7.809530095,266.1100935,217.2600739,0.850338716,0.012263813,60.98876031,240.4477045,15.04272965,1.806522732,-127.3959368,13.5920805,1.63231029,-115.1104799,0.102119513,-7.201465415,-0.864843767
1953,271.5540354,18.27463482,16.40501008,-0.389565254,4.988282183,-2.404865033,333.9622776,269.1243556,0.151761087,24.88295914,5.783375827,299.7955683,-7.119162755,91.15903525,-43.94803026,-6.390821918,81.83281948,-39.4518351,-1.943261416,0.936851858,-11.9961454
1949,252.524045,17.82153626,16.67326409,3.123357457,6.409103591,-3.035494556,317.6071548,277.9977355,9.755361806,41.07660884,9.214227198,297.1431806,55.66302819,114.2200721,-54.09717631,52.07656374,106.8606768,-50.61160238,20.0179215,-9.480934558,-19.45479906
1973,199.0820454,16.80309018,16.33021824,1.134835721,2.139354074,-4.663526894,282.3438395,266.6760279,1.287852114,4.576835856,21.7484831,274.3981298,19.06874696,35.94775944,-78.36166296,18.532115,34.93611894,-76.15641197,2.427815424,-5.292336907,-9.976935263
1937,194.7602561,15.98907398,15.43860201,-1.633132424,6.341568471,-2.763847837,255.6504867,238.350432,2.667121514,40.21549068,7.638854866,246.8489497,-26.11227515,101.3958074,-44.19136753,-25.21328152,97.90495175,-42.66994677,-10.35662109,4.513729517,-17.5271303
2009,244.1370079,17.50796046,16.05433662,-0.90358853,2.500982545,-5.769068251,306.5286795,257.7417244,0.816472231,6.254913689,33.28214848,281.0786908,-15.81999225,43.7871035,-101.0046188,-14.50651442,40.15161566,-92.61856369,-2.259859141,5.212863899,-14.42833899
1983,309.5839431,16.1408062,14.46186161,1.942746759,8.498444038,0.609177857,260.5256248,209.1454412,3.774264971,72.22355106,0.371097661,233.4261055,31.35749894,137.1717382,9.83262173,28.09573477,122.9033216,8.809845861,16.51032461,1.183478307,5.177063926
1945,285.749019,15.08907253,14.25218346,2.522194375,0.723578566,-7.245563743,227.6801099,203.1247333,6.361464465,0.523565941,52.49819396,215.0522299,38.05757387,10.91812947,-109.3288369,35.94677695,10.31257447,-103.2651037,1.825005789,-18.27472012,-5.242734624
1972,232.4927393,13.61786261,12.70124514,0.736651589,7.963634506,-0.186309898,185.4461822,161.3216281,0.542655563,63.41947455,0.034711378,172.9638114,10.03162013,108.4476806,-2.537142589,9.356392415,101.1480741,-2.366367681,5.866424013,-0.137245482,-1.483703929
1954,302.9138509,18.05270756,16.05333669,-0.527681791,6.063381739,-4.393487267,325.9002501,257.7096189,0.278448073,36.76459812,19.30273036,289.8061926,-9.52608506,109.4604573,-79.31434078,-8.471053461,97.33750855,-70.53013034,-3.199536137,2.318363231,-26.63939047
1938,266.9296319,15.53754062,14.77764338,-1.632287431,1.929506937,-5.255442628,241.4151685,218.3787438,2.664362257,3.722997021,27.61967721,229.6082343,-25.36173226,29.97979242,-81.65665331,-24.12136154,28.51356541,-77.66305694,-3.149509921,8.578392945,-10.14041301
1961,260.4083581,14.62488754,13.74293862,1.552665736,1.48367766,-7.641817358,213.8873355,188.868362,2.410770886,2.2012994,58.39737253,200.9889318,22.70756176,21.69861892,-111.7607194,21.33818991,20.39009102,-105.0210269,2.303655466,-11.86518797,-11.3379937
1932,232.2659858,16.52148081,15.49900456,5.682309885,8.736920381,0.698383998,272.959328,240.2191423,32.28864563,76.33377774,0.487740208,256.0665063,93.8801737,144.3468624,11.53833781,88.07014681,135.4135688,10.82425676,49.64588905,3.968434293,6.101725382
1989,244.5146217,16.48553177,15.37631283,1.880439091,5.376337911,-5.420872376,271.7727577,236.4309962,3.536051175,28.90500933,29.38585732,253.4866936,31.00003837,88.63178943,-89.36596377,28.91421972,82.66825359,-83.35302945,10.10987597,-10.19362032,-29.14444167
1965,226.6252747,15.7615208,14.56835944,2.146525968,3.571894422,-3.929113,248.4255379,212.2370967,4.607573731,12.75842976,15.43792897,229.6195003,33.83251369,56.29848823,-61.92879628,31.27136185,52.03664182,-57.24073046,7.667164132,-8.433943086,-14.03437681
1960,283.0606257,15.21965635,14.71683769,-2.073769227,6.679823928,-0.658967949,231.6379393,216.5853115,4.300518806,44.62004771,0.434238758,223.9852121,-31.56205498,101.6646246,-10.02926573,-30.51932511,98.30588453,-9.697924347,-13.8524133,1.366547454,-4.401789874
1963,222.7818387,15.25138637,14.73662813,0.647397828,3.024648715,-7.208022155,232.6047863,217.1682085,0.419123948,9.148499849,51.95558338,224.7540094,9.873714419,46.13008619,-109.9323309,9.540461048,44.57312332,-106.221942,1.95815101,-4.666457891,-21.80173495
1935,250.3710668,14.7505797,14.09822413,3.108549869,2.220182201,-5.319449635,217.5796014,198.7599235,9.663082288,4.929209005,28.29654442,207.9569785,45.85291258,32.7489745,-78.46496578,43.82503276,31.30062627,-74.99479318,6.90154709,-16.53577447,-11.8101474
2003,252.0677952,14.38733525,13.00097783,-0.135115433,4.409025775,-5.069340073,206.9954156,169.0254246,0.01825618,19.43950828,25.69820878,187.0494266,-1.943951027,63.43413195,-72.93429513,-1.756632744,57.32164636,-65.90637791,-0.595727425,0.684946077,-22.35085104
1999,259.0165677,17.46493106,16.54716527,2.380420272,7.272681531,-1.636959296,305.0238168,273.8086785,5.666400673,52.89189666,2.679635737,288.9951006,41.57387594,127.0168815,-28.58938125,39.38920766,120.3422633,-27.08703601,17.31203855,-3.896651093,-11.90508364
1927,333.6344658,15.68514822,14.97299932,-1.005885187,5.218387828,-3.693800487,246.0238746,224.1907087,1.011805009,27.23157152,13.64416204,234.8537136,-15.77745824,81.85118654,-57.93780813,-15.06111822,78.13491741,-55.30727219,-5.249099015,3.715539193,-19.2756835
1949,374.0363168,18.57637739,17.70509594,3.994087951,9.048024877,-1.513821961,345.0817968,313.4704222,15.95273856,81.86675417,2.29165693,328.8965438,74.19568509,168.0795247,-28.12132805,70.71571036,160.1961485,-26.80236306,36.13860714,-6.046338056,-13.69709876
1928,381.3485133,15.1779995,15.07411423,3.694805239,6.555030525,-4.433462192,230.3716688,227.2289198,13.65158575,42.96842518,19.65558701,228.7948982,56.07975206,99.49225002,-67.29108692,55.69591623,98.81127892,-66.83051552,24.21956113,-16.38077933,-29.06148
1934,352.7516627,19.3099675,17.20760412,-0.002712534,10.44644255,-0.991478259,372.8748448,296.1016396,7.36E-06,109.128162,0.983029139,332.2782763,-0.052378935,201.7204662,-19.14541296,-0.046676204,179.7582479,-17.06096538,-0.028336326,0.002689418,-10.35742068
1985,365.9021373,16.79312966,15.16692641,0.338155691,10.8558057,1.158282769,282.0092038,230.0356568,0.114349271,117.8485174,1.341618973,254.7001618,5.678692365,182.3029527,19.45119272,5.128782482,164.6492062,17.56758952,3.670952478,0.39167991,12.57409268
1939,391.1725102,18.29935498,17.85910949,1.411197081,7.70402586,-3.203755142,334.8663927,318.9477917,1.991477201,59.35201445,10.26404701,326.8101841,25.82399633,140.978704,-58.62665261,25.20272318,137.5870413,-57.21621384,10.8718988,-4.521129904,-24.68181246
1987,349.0780262,18.18589499,17.46588838,2.032060716,5.516980396,-2.183326124,330.7267765,305.057257,4.129270754,30.43707269,4.766912963,317.632812,36.95484279,100.3312261,-39.70573961,35.49174566,96.35896381,-38.13373038,11.21083914,-4.436651247,-12.04536742
1961,356.383025,15.38031796,14.85450245,1.840718863,3.990179027,-6.380690811,236.5541804,220.6562431,3.388245932,15.92152866,40.71321523,228.4669708,28.31084138,61.37022213,-98.13705346,27.34296286,59.27212413,-94.78198729,7.3447978,-11.74505793,-25.46009865
1958,380.8035096,15.46813288,15.46129487,1.872730464,10.22405191,-0.614067387,239.2631349,239.0516391,3.507119392,104.5312375,0.377078756,239.1573636,28.96764368,158.1469936,-9.498475939,28.95483792,158.0770814,-9.494276939,19.14689348,-1.149982702,-6.278256839
1998,381.5775922,18.42194367,17.85756029,0.669707753,5.633719398,-1.953308297,339.3680087,318.8924595,0.448508475,31.73879425,3.815413302,328.9709698,12.33731851,103.7840614,-35.98373542,11.95934658,100.6044838,-34.88132067,3.772945561,-1.308145711,-11.00439084
2010,376.4568645,20.38011603,19.6656434,3.430778173,5.062118547,-3.86878413,415.3491295,386.7375303,11.77023887,25.62504418,14.96749065,400.7880943,69.91965724,103.1665633,-78.84626947,67.46846013,99.54981818,-76.08212909,17.36700582,-13.27294015,-19.5842439
2017,367.5778804,17.05837458,15.95696075,3.898022982,5.035217688,-3.986334136,290.9881433,254.6245963,15.19458317,25.35341716,15.89085985,272.1998135,66.49393615,85.8926294,-68.0003809,62.20059972,80.34677099,-63.60977734,19.62739427,-15.53882208,-20.07206015
1942,347.0406112,17.32782319,16.54024683,1.236615705,8.158565508,-0.647966896,300.2534565,273.5797653,1.529218402,66.56219116,0.419861098,286.6064727,21.42785829,141.3701806,-11.2278558,20.453929,134.9446873,-10.71753239,10.08901024,-0.801286039,-5.286480365
1984,380.6359643,18.41915589,16.17848033,3.211881939,-2.924112734,-10.05344979,339.2653036,261.7432258,10.31618559,8.550435284,101.0718526,297.9939512,59.16015412,-53.85968829,-185.1760588,51.96336877,-47.30770035,-162.6495396,-9.391904879,-32.29049379,29.39742055
1938,305.0338713,15.96804324,15.2564381,-1.561825216,2.528153313,-4.815405614,254.9784049,232.7589036,2.439298004,6.391559174,23.18813123,243.6154633,-24.93929257,40.36966141,-76.89260505,-23.82788973,38.57061453,-73.46593768,-3.948533593,7.520821911,-12.17408366
1953,337.6655523,18.78082802,16.92950649,-0.28707172,5.898611207,-2.113410833,352.7195011,286.6081899,0.082410173,34.79361417,4.46650535,317.9501498,-5.391444609,110.7808026,-39.69160539,-4.859982552,99.86057669,-35.77900241,-1.693324467,0.606700484,-12.46618883
1927,238.6896799,14.27255085,14.25049728,-1.379959526,3.902453798,-4.845498885,203.7057078,203.0766727,1.904288293,15.22914564,23.47885945,203.3909471,-19.69554251,55.69797028,-69.15762925,-19.66510947,55.61190722,-69.05076868,-5.385228293,6.686592345,-18.90933553
1975,280.4728289,16.88763973,16.45254316,2.308326454,5.058020094,-1.780267296,285.1923757,270.6861765,5.328371019,25.58356727,3.169351647,277.8446216,38.98218554,85.41802109,-30.06451273,37.97784062,83.21729391,-29.28992454,11.67556159,-4.109438096,-9.004627758
1946,301.1059265,16.25482317,15.18313071,1.366420535,1.586052013,-7.361411534,264.2192764,230.5274582,1.867105079,2.515560987,54.19037977,246.7991049,22.21092418,25.78099501,-119.6584428,20.74654159,24.08123503,-111.7692735,2.16721404,-10.05878389,-11.67558158
1930,370.3079639,14.67551741,13.95569464,-0.943163635,4.833626168,-4.059932191,215.3708112,194.7614129,0.889557643,23.36394193,16.4830494,204.8070397,-13.84141435,70.93596497,-59.58160555,-13.16250369,67.45661081,-56.65917393,-4.558900427,3.829180404,-19.62419448
2002,370.9010133,18.18026788,16.6473518,3.086375161,7.598525419,-0.871993919,330.5221401,277.1343219,9.525711636,57.73758854,0.760373394,302.6533151,56.1111272,138.1432276,-15.85308303,51.3799731,126.4953258,-14.51638953,23.45190012,-2.691300371,-6.625867956
1945,274.7641622,14.1493889,13.25605911,1.924871123,-0.276979072,-8.59099001,200.2052064,175.7231031,3.705128839,0.076717406,73.80510935,187.5651356,27.23575011,-3.919084601,-121.5572587,25.51620538,-3.671650944,-113.8826714,-0.533149016,-16.53654859,2.379524437
1941,224.5437451,16.24603947,14.8315986,-1.716695659,5.152638887,-3.131539968,263.9337985,219.9763171,2.947043984,26.5496875,9.806542573,240.9547363,-27.88950543,83.70997475,-50.87512193,-25.46134093,76.42187173,-46.44574382,-8.845512808,5.375901068,-16.13569462
1927,243.0670209,13.13601491,12.54522747,-2.223489148,1.493307103,-6.843674764,172.5548876,157.3827322,4.94390399,2.229966105,46.83588427,164.794295,-29.20778659,19.61610437,-89.8986137,-27.89417713,18.73387729,-85.85545662,-3.320352138,15.21683657,-10.21970814
1937,228.7951015,15.17484198,14.55865389,-2.345000157,5.678346507,-3.871209308,230.275829,211.954403,5.499025734,32.24361906,14.98626151,220.9252721,-35.58500681,86.16801094,-58.74498952,-34.14004564,82.66908145,-56.35959645,-13.31572345,9.077986434,-21.98206786
1952,286.744367,18.07463194,16.82117638,-4.263622538,2.419178683,-7.031867252,326.6923197,282.9519748,18.17847714,5.852425499,49.44715705,304.0365718,-77.0634081,43.72576428,-127.0984124,-71.71914672,40.69343131,-118.2842793,-10.31446475,29.9812277,-17.01134335
1984,274.2688349,17.34106086,15.08996781,2.418794168,-5.162528195,-11.94513679,300.7123916,227.7071285,5.850565226,26.65169736,142.686293,261.6760501,41.94445686,-89.52371559,-207.1413441,36.49952613,-77.90238427,-180.2517297,-12.48709309,-28.89282721,61.66710549
1992,244.6277219,13.1669673,11.44501705,-1.553582575,4.328185854,-3.584169915,173.369028,130.9884153,2.413618817,18.73319279,12.84627398,150.6961653,-20.45597097,56.98908163,-47.19264809,-17.78077906,49.53616091,-41.0208858,-6.724194124,5.568303926,-15.51295353
2006,259.243275,14.90747587,13.24188975,-0.031520261,-1.274700679,-7.491879955,222.2328369,175.3476441,0.000993527,1.62486182,56.12826526,197.403152,-0.469887537,-19.00256961,-111.6850197,-0.417387827,-16.87944585,-99.20664838,0.040178899,0.236146015,9.549904463
1967,322.5770575,17.4015999,17.12558817,2.36162862,7.19004791,-3.376514205,302.8156789,293.2857703,5.57728974,51.69678895,11.40084817,298.0126334,41.09611635,125.118337,-58.75674923,40.44427917,123.1337995,-57.82479173,16.98022292,-7.974072582,-24.2772989
1964,422.378973,17.98717809,16.63626143,2.216956455,1.864789857,-10.13987874,323.5385755,276.7651945,4.914895925,3.477441213,102.8171409,299.2393971,39.87679057,33.54230726,-182.3878047,36.88186718,31.02313159,-168.6896737,4.134157912,-22.47966963,-18.90874303
1950,401.2072773,17.45546455,16.61893089,0.547701783,10.54456237,-1.999524335,304.6932426,276.188864,0.299977244,111.1877955,3.998097567,290.091159,9.560389064,184.0602346,-34.90262615,9.102218089,175.2393533,-33.22995675,5.775275614,-1.095143044,-21.08410906
1928,387.7152718,15.30177183,15.42276899,3.431995077,7.156864581,-4.776099815,234.1442212,237.8618033,11.77859021,51.22071063,22.81112944,235.9956921,52.51560559,109.5127089,-73.08278962,52.93086724,110.3786691,-73.66068411,24.56232401,-16.39155105,-34.1818996
1980,486.8149959,16.40064461,15.50877891,1.52414777,7.879053716,-2.667876987,268.9811437,240.5222231,2.323026424,62.07948746,7.117567619,254.3539712,24.99700591,129.2215599,-43.75490234,23.63767078,122.1945021,-41.37551434,12.00884215,-4.06623876,-21.02034609
1960,382.9015013,16.49984053,16.02548565,-1.386702095,9.127742999,0.215336533,272.2447377,256.8161904,1.9229427,83.31569225,0.046369822,264.4179577,-22.88036343,150.6063039,3.553018458,-22.22257452,146.2765145,3.450872522,-12.65746034,-0.298607622,1.965536532
1989,359.9016558,16.62237306,16.67808212,2.409510713,8.222431505,-4.335076627,276.3032861,278.1584233,5.805741877,67.60837985,18.79288936,277.2293029,40.05178596,136.6763239,-72.05926094,40.18601755,137.1343879,-72.30076399,19.8120368,-10.44541358,-35.64487063
1955,447.2251932,14.5885643,14.16584447,1.324164332,7.094445598,-2.3544325,212.8262084,200.6711494,1.753411178,50.33115834,5.543352397,206.6593329,19.3176565,103.4977758,-34.34778992,18.75790597,100.4988129,-33.3525246,9.394211814,-3.117655538,-16.70339328
1973,421.547208,17.50241439,17.90324081,1.781613094,4.804665391,-3.286711457,306.3345096,320.5260313,3.174145215,23.08480952,10.8024722,313.3499396,31.18253065,84.0932447,-57.52538592,31.89664824,86.01908149,-58.84278668,8.560054772,-5.855648167,-15.79154879
1945,402.6202311,16.4489818,15.64975978,3.088021013,3.549146125,-6.082235403,270.5690022,244.9149813,9.53587378,12.59643822,36.9935875,257.4226138,50.79480144,58.37984,-100.0465794,48.32678707,55.54328429,-95.18552301,10.95983781,-18.78207073,-21.58674221
1981,370.486532,18.61723003,17.66893181,0.468158025,7.600425188,-2.964620476,346.601254,312.1911513,0.219171936,57.76646304,8.788974568,328.9465679,8.715805636,141.4988641,-55.19302136,8.271852214,134.2913944,-52.38167704,3.558200043,-1.387910866,-22.53237614
2000,381.6096665,17.24491898,17.20855355,3.464957832,8.2728077,-2.151628256,297.3872306,296.1343152,12.00593278,68.43934724,4.629504152,296.7601117,59.75291708,142.6638985,-37.10465495,59.62691239,142.3630543,-37.02641006,28.66492983,-7.455301177,-17.8000068
2017,395.092461,17.28658056,16.70095773,4.217819531,5.849277052,-3.949417304,298.8258674,278.9219891,17.79000159,34.21404203,15.59789704,288.7024512,72.9116771,101.113999,-68.27192037,70.4416257,97.6885288,-65.95905145,24.67119499,-16.65792944,-23.101236
2018,401.1631811,20.11018497,20.11028456,2.783305521,6.651998805,-3.981746298,404.4195396,404.4235451,7.746789621,44.24908811,15.85430358,404.4215424,55.97278885,133.7729264,-80.07365456,55.97306604,133.7735889,-80.07405109,18.514545,-11.08241645,-26.48657161
1971,237.3546943,18.01470744,16.94141399,-0.600102242,4.82601359,-5.332197294,324.5296842,287.0115081,0.3601227,23.29040717,28.43232798,305.1946168,-10.81066632,86.93922293,-96.05797427,-10.16658051,81.75949417,-90.33496186,-2.896101573,3.199863549,-25.73325661
1941,244.5436895,16.58949979,15.50578799,-2.335105856,5.03774601,-3.428844466,275.2115032,240.4294612,5.452719361,25.37888486,11.75697437,257.2332666,-38.73823811,83.57368636,-56.88281454,-36.20765635,78.11422158,-53.16693534,-11.76367021,8.006714793,-17.27364753
1938,254.7409089,15.36423886,14.63043698,-3.11025265,0.357306318,-6.858358524,236.0598358,214.0496862,9.673671546,0.127667805,47.03708164,224.7855284,-47.78666463,5.489739615,-105.3734586,-45.50435539,5.227547567,-100.3407822,-1.111312922,21.33122777,-2.450534831
1959,267.9799881,16.7867323,14.35031412,0.060015151,1.315470039,-9.821772229,281.7943814,205.9315153,0.003601818,1.730461424,96.46720972,240.8948816,1.007458279,22.0824434,-164.8754611,0.861236273,18.87740828,-140.9455167,0.078948133,-0.589455147,-12.9202471
1960,297.000448,15.30316546,14.51685732,-4.164894221,6.049839248,-1.949675845,234.1868731,210.7391466,17.34634387,36.60055493,3.801235902,222.1538696,-63.73606538,92.58169101,-29.83621205,-60.46117518,87.8246532,-28.30316608,-25.19694052,8.120193661,-11.79522545
1975,235.2805789,16.39336141,16.00458449,0.770265807,2.713189692,-3.752092154,268.7422983,256.1467248,0.593309414,7.361398303,14.07819553,262.3689378,12.62724576,44.47829919,-61.50940273,12.32778419,43.42347366,-60.05067591,2.089877248,-2.890108292,-10.18013776
1981,247.0806227,16.74512526,15.81580481,-1.64215053,3.489452311,-5.821617762,280.3992198,250.1396818,2.696658363,12.17627743,33.89123336,264.8376326,-27.49801631,58.43131602,-97.48371861,-25.97193225,55.18849664,-92.0735702,-5.730205961,9.559972692,-20.31425755
1970,296.9876471,15.9349055,15.44842875,-1.305166535,1.579645964,-6.318866808,253.9212133,238.653951,1.703459685,2.495281371,39.92807773,246.1692523,-20.7977054,25.17150916,-100.6905454,-20.16277223,24.40304813,-97.61656369,-2.06170105,8.247173499,-9.98157245
1987,268.5994316,17.17886608,15.6302156,-1.922600139,3.342326366,-4.20117034,295.1134398,244.3036398,3.696391293,11.17114554,17.64983223,268.5093806,-33.02809031,57.41737704,-72.17134266,-30.05065469,52.24128172,-65.6651982,-6.425957135,8.077170679,-14.0416824
1999,252.5301077,16.27566818,15.76702606,1.156959131,6.438100921,-3.840377687,264.8973747,248.5991107,1.338554431,41.44914348,14.74850078,256.6188843,18.83028291,104.7843943,-62.50471291,18.24180477,101.509705,-60.55133506,7.448619647,-4.443160031,-24.72473912
1998,265.2427299,16.30034894,15.71816073,-1.136234026,2.696439905,-3.80948784,265.7013755,247.0605766,1.291027761,7.27078816,14.5121976,256.2115045,-18.52101109,43.95291134,-62.09598107,-17.85950904,42.38307581,-59.87814216,-3.063786768,4.328469704,-10.27205503
1992,241.2648374,13.85824162,11.6855121,-2.177896084,5.168587401,-4.009664826,192.0508607,136.551193,4.743231352,26.71429572,16.07741201,161.9406501,-30.18181014,71.62753301,-55.56690395,-25.44983104,60.3975906,-46.85498683,-11.25664626,8.732633322,-20.7243031
2008,240.6498022,16.82647932,14.98732019,-2.363724134,1.916681374,-5.456428524,283.1304062,224.6197665,5.587191782,3.673667489,29.77261223,252.1838332,-39.77315525,32.2509995,-91.8124817,-35.42589044,28.72591745,-81.77724137,-4.530506021,12.89749179,-10.45823492
2018,244.0257325,18.21825165,18.20362375,-0.74531948,3.392930544,-7.595339387,331.9046931,331.3719176,0.555501127,11.51197768,57.6891804,331.6381984,-13.57841784,61.81326248,-138.3738043,-13.56751538,61.76363104,-138.2627005,-2.528817227,5.660954399,-25.770459
2017,254.8962426,16.16035845,14.06137819,3.125491211,1.293665333,-6.978874985,261.1571852,197.7223565,9.768695309,1.673569993,48.70469606,227.2369118,50.50905829,20.90609549,-112.7811213,43.94871394,18.19071749,-98.13260049,4.043339628,-21.81241243,-9.028328631
1970,437.7910731,17.37337525,16.74676774,0.529208123,5.073009212,-3.997310827,301.8341674,280.4542299,0.280061237,25.73542246,15.97849385,290.9478802,9.194131299,88.13529266,-69.44678098,8.862525519,84.95650703,-66.94203603,2.684677681,-2.115409359,-20.27839465
1967,210.2622687,17.39943486,16.9514283,2.629394452,7.450119068,-2.871686917,302.7403336,287.3509213,6.913715186,55.50427413,8.246585747,294.9452725,45.74997751,129.6278615,-49.96572946,44.57199153,126.2901592,-48.67919486,19.58930175,-7.550797647,-21.39440945
1988,328.4092924,15.27291803,12.40544055,1.761731177,8.606530608,-0.795188707,233.2620252,153.8949553,3.103696742,74.0723691,0.632325079,189.4672767,26.90677587,131.4468365,-12.14485194,21.85505139,106.7678038,-9.864666228,15.1623933,-1.400908736,-6.843815942
1953,327.9151848,19.89798795,17.83872562,0.397651459,8.015429393,-1.049337247,395.9299245,318.2201316,0.158126683,64.24710835,1.101108657,354.9547473,7.912463945,159.4909175,-20.87969989,7.093595273,142.9850456,-18.71883922,3.187347195,-0.417270487,-8.410888609
1999,349.1230647,18.4519553,17.63601976,3.504491069,9.427695131,0.01353154,340.4746546,311.0291929,12.28145765,88.88143549,0.000183103,325.4190483,64.66471256,173.9594092,0.249683371,61.80527372,166.2670176,0.238642507,33.03927339,0.047421161,0.127571234
2003,334.9970086,15.25432569,14.71750813,1.154580932,6.599318273,-2.355984688,232.6944522,216.6050455,1.333057128,43.55100166,5.55066385,224.5056623,17.61235357,100.6681503,-35.93895775,16.99255425,97.12552032,-34.6742238,7.61944704,-2.720174996,-15.5478928
1966,284.3975459,14.86179788,13.72649351,1.78589692,9.78489474,-1.22121381,220.8730363,188.4166241,3.18942781,95.74416507,1.49136317,204.0003721,26.54163907,145.4211279,-18.14943281,24.51410249,134.3122941,-16.76298344,17.47481338,-2.180961982,-11.94944859
1967,270.9401665,16.63600005,16.5657943,1.359213987,5.117755597,-4.655922752,276.7564976,274.4255409,1.847462664,26.19142235,21.67761667,275.5885548,22.61188396,85.13898236,-77.45593113,22.51645933,84.77968651,-77.1290586,6.956124992,-6.328395329,-23.82787472
1971,280.388479,18.29797813,17.78574672,0.06780633,7.140567874,-3.721319626,334.8160037,316.3327866,0.004597698,50.98770956,13.84821976,325.4432046,1.240718752,130.6579548,-68.09262514,1.20598622,127.0003317,-66.18644835,0.484175705,-0.252329028,-26.57233537
1987,277.1243548,17.35711255,16.43830068,-0.600528657,4.489970222,-3.279516112,301.269356,270.2177294,0.360634667,20.15983259,10.75522593,285.3214351,-10.42344348,77.93291848,-56.92293025,-9.871670627,73.80748058,-53.90967195,-2.696355786,1.969443405,-14.72492968
1981,278.1235866,17.49637837,16.65701672,-0.721489231,5.746701245,-4.285924263,306.1232561,277.4562059,0.52054671,33.0245752,18.36914679,291.437467,-12.62344857,100.5464594,-74.98815257,-12.01785818,95.72289872,-71.3907121,-4.14618306,3.092248199,-24.6299263
1952,266.1538512,17.23983229,15.94618902,-4.932330413,1.707323573,-8.0473195,297.2118172,254.2809441,24.3278833,2.914953781,64.75935114,274.9096242,-85.03254909,29.43397205,-138.7344385,-78.65187305,27.2253044,-128.3240778,-8.421083981,39.69203871,-13.73937828
1953,281.3648278,16.08776131,14.74249946,-1.634110847,3.005643108,-3.979972832,258.8160639,217.3412904,2.67031826,9.033890493,15.84018374,237.1738125,-26.28918526,48.3540689,-64.02885293,-24.09087829,44.31069191,-58.67474734,-4.911554005,6.503716775,-11.96237791
1983,345.3847846,15.39801652,12.98437956,0.074073341,6.534461996,-1.442956925,237.0989126,168.5941126,0.00548686,42.69919358,2.082124688,199.9336909,1.140582531,100.6177537,-22.21867456,0.961796377,84.84593477,-18.7359004,0.484029433,-0.106884641,-9.428947188
1951,283.2017503,13.68722565,13.23552011,-3.851178586,-2.325110786,-11.09181647,187.3401461,175.1789927,14.8315765,5.406140167,123.0283926,181.1575504,-52.71195034,-31.824316,-151.8161949,-50.97235163,-30.77405057,-146.80596,8.954416869,42.71656607,25.78970211
1927,244.5572104,12.46732078,11.39765918,-2.821210648,0.793892295,-7.749825114,155.4340874,129.9066347,7.959229518,0.630264976,60.05978931,142.0982731,-35.17293813,9.897709904,-96.61955569,-32.15519743,9.048513799,-88.32986533,-2.239737395,21.86388913,-6.152526444
1986,217.6704035,14.49493618,14.27624139,0.728661008,-2.556417817,-11.34253444,210.1031748,203.8110681,0.530946865,6.535272055,128.6530875,206.9332078,10.56189481,-37.05511311,-164.4093128,10.40254044,-36.49603784,-161.9287596,-1.862761984,-8.264862583,28.99625714
1936,317.6428046,12.22718968,10.50833267,-0.806938404,-0.730759401,-8.756231563,149.5041674,110.4250554,0.651149588,0.534009302,76.67159119,128.4873767,-9.866588921,-8.935133806,-107.0641042,-8.47957719,-7.679062887,-92.01339418,0.589677825,7.065739521,6.398698534
1939,198.0914132,16.40852343,15.0128273,-0.529283991,2.878732387,-6.125837243,269.2396413,225.3849835,0.280141543,8.287100157,37.52588193,246.3383285,-8.684768772,47.23574783,-100.515944,-7.946049151,43.21791217,-91.96613659,-1.523666967,3.242307585,-17.63464607
1960,257.515792,14.10020659,12.77471283,-3.986819179,5.738919153,-2.051620392,198.8158258,163.1932879,15.89472717,32.93519304,4.209146234,180.12609,-56.21497405,80.91994564,-28.92827137,-50.93047011,73.31304412,-26.20886135,-22.88003295,8.179439529,-11.77408356
1987,257.6759641,16.2361691,14.24377059,-3.08557615,2.664253458,-4.469662849,263.6131871,202.8850008,9.52078018,7.098246491,19.97788598,231.264268,-50.09793615,43.25726968,-72.57020184,-43.95023884,37.94901507,-63.66485226,-8.22075693,13.79148509,-11.9083147
1969,208.7667705,12.81840196,12.00636729,0.268760793,1.790362603,-6.566952673,164.3114289,144.1528556,0.072232364,3.20539825,43.12486741,153.9024421,3.445083872,22.94958751,-84.17783904,3.22684079,21.495751,-78.84524579,0.481179272,-1.764939405,-11.75722648
2000,252.823531,14.84641523,13.48058951,0.464930389,2.888603972,-5.05172772,220.4160453,181.7262935,0.216160267,8.344032908,25.51995295,200.1384294,6.902549617,42.88541402,-75.00004737,6.26753573,38.9400844,-68.10026769,1.34299977,-2.348701736,-14.59244076
1996,271.3644044,14.95958738,15.05570796,-4.106446005,0.853217927,-8.21030481,223.7892546,226.674342,16.86289879,0.727980831,67.40910507,225.2271787,-61.43073783,12.76378813,-122.8227722,-61.82545179,12.84579993,-123.6119514,-3.503693348,33.71517339,-7.005179251
1994,183.2093273,15.2890902,14.06250407,-1.446033363,1.392719877,-5.582244191,233.7562791,197.7540206,2.091012487,1.939668656,31.16145021,215.0028931,-22.10853452,21.29341982,-85.34743495,-20.33485005,19.58512894,-78.50033164,-2.013919408,8.072111341,-7.774502445
1971,345.4707635,18.63130301,18.66683807,0.916278616,9.221740543,-1.843861392,347.125452,348.4508436,0.839566503,85.04049864,3.399824835,347.7875164,17.07146454,171.8130424,-34.35354032,17.10402456,172.1407375,-34.41906204,8.449683664,-1.689490765,-17.00361136
1932,221.4413583,17.83926474,16.708346,6.319575162,11.86933954,1.998050821,318.2393665,279.168826,39.93703023,140.8812211,3.992207083,298.0646076,112.7365744,211.7402904,35.64375756,105.5896484,198.3170318,33.38412444,75.00918335,12.62683234,23.71554361
1925,254.7657557,18.71735023,17.02083846,1.068654528,5.856637874,-5.954461803,350.3391995,289.708942,1.1420225,34.30020719,35.45561536,318.5849946,20.00238106,109.6207422,-111.451747,18.18939609,99.6848872,-101.3499325,6.258722581,-6.363262566,-34.87312651
1959,368.3266884,16.75223617,16.03624843,2.328107523,4.178419812,-6.77715806,280.6374165,257.1612638,5.420084636,17.45919212,45.92987137,268.643021,39.00100704,69.99787549,-113.5325523,37.33411061,67.00617817,-108.6801903,9.727810596,-15.77795266,-28.31781151
1943,388.751423,18.90893956,18.60737676,3.004423399,5.254812724,-4.209297353,357.5479953,346.2344699,9.026559958,27.61305677,17.7181842,351.8457625,56.81046046,99.3629362,-79.59334923,55.90443813,97.77828017,-78.32398174,15.7876823,-12.64651146,-22.11906929
1981,314.5595633,18.66840233,17.52085745,0.348160645,7.316556606,-3.073129377,348.5092455,306.9804459,0.121215835,53.53200057,9.444124169,327.0864161,6.499603002,136.5884224,-57.37041563,6.100073037,128.1923453,-53.84386175,2.547337069,-1.069942707,-22.48472505
1999,373.1462786,17.72005807,17.64368715,3.192341176,8.586093552,-0.726544644,314.0004578,311.2996962,10.19104218,73.72100248,0.52786712,312.6471608,56.56847099,152.1460763,-12.87441328,56.32466898,151.4903485,-12.8189264,27.40973998,-2.319378384,-6.238180285
1998,383.7967771,18.27780253,17.82899492,0.674803494,5.821957626,-1.955831566,334.0780654,317.8730599,0.455359755,33.8951906,3.825277115,325.8748485,12.333925,106.4125918,-35.74830315,12.03106806,103.7996529,-34.87051106,3.928677345,-1.319801974,-11.3867685
2010,362.6515171,20.44349891,19.48562366,3.307801506,4.951549716,-4.114270142,417.9366478,379.6895293,10.9415508,24.51784459,16.9272188,398.3543261,67.62303649,101.2270012,-84.11007717,64.45457528,96.48403428,-80.1691196,16.37874361,-13.60918897,-20.37201315
2013,309.7511196,18.04243601,17.35002206,0.219850249,10.09929241,1.058447971,325.5294971,301.0232657,0.048334132,101.9957072,1.120312108,313.0366628,3.966634057,182.2158371,19.09697979,3.814406679,175.2229462,18.36409566,2.220331956,0.23270005,10.68957556
1934,549.0383758,19.67206595,16.33144485,-2.062298847,6.312933,-4.859823294,386.9901786,266.716091,4.253076533,39.85312306,23.61788245,321.2732602,-40.56967892,124.1884343,-95.60276433,-33.68031988,103.0993171,-79.36793612,-13.01915444,10.02240797,-30.67973884
1939,210.3334752,17.81569564,16.82787894,-0.302417809,4.001265763,-5.399785792,317.3990113,283.1775096,0.091456531,16.01012771,29.1576866,299.8003695,-5.387783651,71.28533303,-96.20094022,-5.089050287,67.33281586,-90.86694161,-1.210054027,1.632991391,-21.60597802
1956,259.4584647,17.3945091,15.70440125,-3.98041391,2.644684122,-8.947649398,302.5689467,246.6282185,15.84369489,6.994354103,80.06042974,273.1703503,-69.23734597,46.00298201,-155.6399688,-62.51001717,41.53318062,-140.5174764,-10.52693746,35.61534812,-23.66370629
1940,200.0797223,16.93938844,15.42857939,-1.142959061,7.508162787,-3.323844291,286.9428807,238.041062,1.306355416,56.37250843,11.04794087,261.3506994,-19.36102751,127.1836859,-56.30388955,-17.63423462,115.8402856,-51.28219552,-8.581522691,3.799017951,-24.95596401
1985,191.3908894,14.50003202,13.16408898,-1.388028739,6.591339761,-3.17910277,210.2509286,173.2932387,1.92662378,43.44575985,10.10669442,190.8797118,-20.12646116,95.57463761,-46.09709197,-18.27213383,86.76898312,-41.84999175,-9.148969017,4.412686009,-20.95454649
1950,240.9833955,15.52245147,14.69250521,-0.802533404,6.564891616,-5.136257178,240.9464995,215.8697093,0.644059864,43.09780193,26.3811378,228.063699,-12.45728581,101.9032115,-79.72730277,-11.79122621,96.45470426,-75.46448535,-5.268544814,4.122017956,-33.71897169
1961,218.0528033,15.19178921,13.63030589,0.11275837,2.565886579,-8.706602885,230.7904593,185.7852388,0.01271445,6.583773936,75.80493379,207.0687339,1.713001393,38.98040803,-132.2688757,1.536931079,34.97381896,-118.6736606,0.289325189,-0.981742352,-22.34015549
1982,186.0190159,13.64643495,13.43091014,1.214204972,1.917414204,-7.407853986,186.2251868,180.3893473,1.474293714,3.67647723,54.87630068,183.2840415,16.56956916,26.1658682,-101.0907975,16.30787787,25.75261788,-99.49422124,2.32813386,-8.994653141,-14.20392445
1928,177.2210336,13.95442257,13.46135725,0.631116381,2.72382697,-8.571205613,194.7259094,181.208139,0.398307887,7.419233361,73.46556565,187.8454675,8.806864679,38.00943255,-119.6062251,8.495683076,36.66640792,-115.3800608,1.719051821,-5.409428271,-23.34648101
1999,271.002415,16.61046438,16.07555013,1.260428018,6.549369559,-4.111129277,275.9075269,258.4233121,1.588678789,42.89424162,16.90138393,267.0223529,20.9362947,108.7880698,-68.28776642,20.2620738,105.2847187,-66.08866481,8.255008894,-5.181782528,-26.92530494
1961,245.0436402,14.73656301,13.19847934,-0.073624417,2.225767392,-9.073965395,217.1662894,174.1998568,0.005420555,4.954040484,82.33684799,194.5002224,-1.084970855,32.80016142,-133.7190628,-0.971730342,29.37674493,-119.7625448,-0.163870826,0.668065409,-20.19653629
1978,198.1553449,15.51245252,14.14177536,-0.389873646,-0.031130918,-9.28867478,240.6361831,199.9898104,0.15200146,0.000969134,86.27947916,219.3736188,-6.047896421,-0.482916882,-144.0901265,-5.51350552,-0.440246445,-131.3583521,0.012137124,3.621409502,0.28916497
1957,279.8796363,16.12670924,15.45218612,-1.425704888,3.880286103,-4.092236774,260.070751,238.770056,2.032634426,15.05662024,16.74640181,249.1929128,-22.99192819,62.57624576,-65.99431261,-22.03025728,59.95890307,-63.23400429,-5.532142862,5.83432197,-15.87904948
1946,227.5544395,15.69052411,14.29803967,-1.447330159,-1.538985178,-10.13485258,246.1925469,204.4339383,2.094764591,2.368475379,102.7152369,224.3437361,-22.70936877,-24.14748405,-159.0211489,-20.69398403,-22.00447112,-144.9085243,2.227419663,14.66847781,15.59738791
1983,317.2681788,16.31179839,14.37911722,-0.122020179,6.405260612,-2.039044147,266.0747666,206.7590121,0.014888924,41.02736351,4.157701032,234.5492611,-1.990368558,104.4813197,-33.26047702,-1.754542457,92.1019932,-29.31965481,-0.781571046,0.248804532,-13.06060916
1968,265.2028613,16.41869141,15.01208982,-2.005555782,3.594495034,-3.707474922,269.5734276,225.3628408,4.022253996,12.92039455,13.7453703,246.4788702,-32.92860149,59.01690473,-60.87188666,-30.10758354,53.9608823,-55.65694654,-7.208960299,7.435547768,-13.3265002
1931,199.3221377,17.94138313,16.32623294,-0.660519079,2.407133289,-5.228132353,321.8932285,266.5458821,0.436285454,5.794290672,27.3333679,292.9152002,-11.85062587,43.18730058,-93.79992558,-10.78378835,39.29941881,-85.35570665,-1.589957464,3.453281169,-12.58481143
1986,177.6096381,17.20087968,16.12948222,-0.770492103,-2.699276715,-12.03976475,295.8702618,260.1601968,0.593658081,7.286094784,144.9559353,277.441283,-13.25314196,-46.429934,-207.0945449,-12.42763869,-43.53793579,-194.1951715,2.079771394,9.276543668,32.49865665
1996,229.391293,16.43909589,15.82121505,-4.47803622,2.006462476,-7.913870972,270.2438736,250.3108457,20.05280838,4.025891669,62.62935377,260.0864713,-73.6148668,32.98442904,-130.0968838,-70.84797404,31.74467433,-125.2070546,-8.985011642,35.43860085,-15.87888515
2002,231.7095323,17.30871531,16.49970395,3.172147989,5.960964257,-3.179446178,299.5916255,272.2402306,10.06252286,35.53309488,10.108878,285.5886784,54.90580644,103.1766333,-55.03212873,52.33950271,98.35414552,-52.45992068,18.90906078,-10.0856738,-18.95256503
2001,235.6000132,15.11516833,14.51915716,-2.724765392,-5.041960977,-12.94568559,228.4683138,210.8059246,7.424346439,25.42137049,167.5907754,219.4595045,-41.18528757,-76.2100889,-195.6762169,-39.56129694,-73.20502381,-187.9604436,13.73816077,35.27395606,65.27164155
1973,206.4259009,16.70868112,14.84184929,-1.394316371,-0.883603016,-8.785338606,279.1800249,220.2804903,1.944118143,0.78075429,77.18217441,247.987727,-23.29718763,-14.76384103,-146.7914213,-20.69423344,-13.11430279,-130.3906715,1.232022151,12.24954144,7.762751688
1989,333.0680076,14.84485233,13.19694512,-0.696439546,3.124911354,-8.100664643,220.3696406,174.1593606,0.485028041,9.765070968,65.62076766,195.9067015,-10.33854221,46.38884757,-120.2531704,-9.190874465,41.23928365,-106.9040268,-2.176311843,5.641623203,-25.31385891
1962,201.5935372,15.15119945,14.29373782,-0.320245217,0.034403355,-8.332807554,229.5588449,204.3109409,0.102556999,0.001183591,69.43568173,216.5672726,-4.852099153,0.521252091,-126.2520293,-4.577501166,0.491752534,-119.1069665,-0.01101751,2.668541761,-0.286676535
1956,225.5837747,16.29184274,14.53709686,-4.432071849,0.709714027,-9.925488894,265.42414,211.327185,19.64326087,0.503694,98.51532978,236.836096,-72.20661759,11.56254931,-161.7045042,-64.42945774,10.31718155,-144.2877934,-3.145503558,43.99047991,-7.044258689
1960,298.9487938,14.71181423,13.428337,-5.189067162,5.150422497,-2.821859771,216.4374778,180.3202345,26.92641801,26.5268519,7.962892565,197.5551993,-76.34059209,75.77205897,-41.51467672,-69.68054255,69.16160898,-37.89288396,-26.72588825,14.64281987,-14.53377005
1932,144.9226215,16.36195254,14.74747322,3.317645547,5.833468624,-1.821996547,267.713491,217.4879662,11.00677197,34.02935619,3.319671418,241.2974569,54.28315899,95.44693679,-29.81142104,48.92688884,86.02892229,-26.86984528,19.3533812,-6.044738732,-10.62855969
1967,164.5124792,16.19369391,15.20817963,-0.617439649,1.975745469,-7.195476473,262.2357223,231.2887276,0.38123172,3.90357016,51.77488167,246.2766058,-9.998628685,31.99461737,-116.5213435,-9.390133095,30.047492,-109.4300987,-1.21990359,4.442772469,-14.21643004
1938,222.5982977,14.94332567,13.75363412,-4.167002292,-0.850137914,-8.275196133,223.3029821,189.1624514,17.3639081,0.722734473,68.47887103,205.5250337,-62.26887231,-12.70388772,-123.6589508,-57.31142488,-11.69248582,-113.8140198,3.542526636,34.48276125,7.035057979
1940,224.7810524,16.47060488,14.35623024,-2.093042849,5.994929278,-4.301843158,271.280825,206.1013466,4.380828368,35.93917705,18.50585455,236.4557957,-34.47368176,98.74011141,-70.85395889,-30.04820504,86.06458497,-61.75825081,-12.54764386,9.003942059,-25.7892455
1977,194.6169469,14.35489676,12.62480981,-7.837607465,-1.549721613,-12.70348769,206.0630609,159.3858227,61.42809078,2.401637078,161.3785994,181.2278414,-112.508046,-22.24609376,-182.3572542,-98.9483036,-19.56494062,-160.3791159,12.14610968,99.56494992,19.68686943
2002,218.227695,16.72189378,15.32810054,2.700539074,4.860234796,-3.677846408,279.6217317,234.9506662,7.292911292,23.62188227,13.5265542,256.3148691,45.15812755,81.27233002,-61.50055698,41.39413444,74.4981676,-56.37439951,13.12525398,-9.932167933,-17.87519709
1999,269.9155423,16.19403951,14.91825839,0.41210381,5.762092546,-4.662791246,262.2469155,222.5544334,0.169829551,33.20171051,21.7416222,241.5868657,6.673625387,93.31155433,-75.50942565,6.147871127,85.96038546,-69.56072462,2.374580294,-1.92155404,-26.86743468
2011,258.0207484,16.27592619,15.07786199,-1.377263521,-2.842496039,-9.814022481,264.9057735,227.3419221,1.896854808,8.079783733,96.31503726,245.4061689,-22.41623942,-46.26425574,-159.7323056,-20.7661893,-42.85876298,-147.9744765,3.914866105,13.51649516,27.89632003
2004,186.0937193,15.37744856,13.66504613,-0.421579744,3.678363252,-5.497697361,236.4659242,186.7334857,0.17772948,13.53035621,30.22467628,210.1335439,-6.482820826,56.56384168,-84.54055837,-5.760906647,50.26500351,-75.12628804,-1.550723438,2.317717846,-20.22252794
2006,236.1156131,14.92160869,12.93828467,-1.003363308,-2.309043797,-9.096428113,222.6544059,167.3992102,1.006737929,5.331683256,82.74500442,193.060021,-14.97179466,-34.45464799,-135.7333408,-12.98180011,-29.87506596,-117.6921764,2.316809823,9.127022206,21.00405091
1965,267.8666894,14.68556002,13.24890817,1.294639419,1.719338176,-5.745700043,215.6656731,175.5335677,1.676091226,2.956123762,33.01306898,194.5676361,19.0125049,25.24944397,-84.37882284,17.15255878,22.7793536,-76.12425223,2.225922977,-7.438609768,-9.878801429
1930,261.6501463,13.96718322,12.54708024,-2.348564098,1.834198876,-6.13675407,195.082207,157.4292225,5.515753322,3.364285515,37.65975052,175.2473685,-32.80282505,25.61859175,-85.71316845,-29.46762218,23.01384046,-76.99834571,-4.307733628,14.41256029,-11.25602741
1955,262.1041331,13.15251071,12.20042915,0.475272278,2.95637419,-4.525427133,172.988538,148.8504715,0.225883738,8.740148349,20.47949074,160.4662751,6.251023729,38.88374319,-59.52072883,5.798525759,36.06903385,-55.21215313,1.405082696,-2.150810063,-13.37885597
1989,265.9814821,14.97486087,14.1918687,0.881278762,3.642195142,-6.676569957,224.2464581,201.4091372,0.776652256,13.26558545,44.57658639,212.5212593,13.19702685,54.54136551,-99.9807062,12.50699248,51.68955524,-94.75300421,3.209789225,-5.883919305,-24.31737066
1971,268.5372917,17.02299148,16.28413104,-0.003644421,4.607091129,-4.888954619,289.782239,265.1729238,1.33E-05,21.22528867,23.90187726,277.204624,-0.062038952,78.42647305,-83.22463284,-0.059346234,75.02247566,-79.61237767,-0.016790181,0.01781741,-22.52385945
1956,265.9869093,16.0646736,14.65808608,-2.337817309,1.642741437,-7.988790659,258.0737379,214.8594874,5.465389772,2.698599427,63.82077619,235.4773684,-37.55627201,26.39010499,-128.3373144,-34.26792735,24.07944538,-117.1003811,-3.840429365,18.67633308,-13.12351744
1972,267.7394354,12.66696597,11.72413664,-0.200764439,5.948518119,-1.768892353,160.4520269,137.4553799,0.04030636,35.38486781,3.128980158,148.5092398,-2.543076313,75.34967659,-22.40649925,-2.353789711,69.74123922,-20.73873565,-1.194250901,0.35513068,-10.52228821
1986,264.4511365,15.25755861,15.03630205,1.985067363,-1.74548609,-10.39760908,232.7930946,226.0903793,3.940492435,3.04672169,108.1102747,229.4172597,30.28728162,-26.63185631,-158.64213,29.84807245,-26.24565607,-156.3415908,-3.464907469,-20.63995444,18.14888203
2000,264.25915,15.22428332,14.13582141,1.293339254,3.539582774,-4.561528514,231.7788025,199.8214469,1.672726426,12.52864621,20.80754238,215.20775,19.69016323,53.88761097,-69.44600245,18.28241271,50.03490994,-64.48095242,4.577881344,-5.899603885,-16.14590775
1999,265.8748842,16.35770496,15.47763031,1.375435215,6.587863169,-2.842850808,267.5745117,239.55704,1.891822032,43.39994113,8.081800715,253.1785101,22.49896345,107.7623221,-46.50251477,21.28847778,101.9645107,-44.00059383,9.061178997,-3.910157113,-18.72831213
1996,264.2681212,15.6294558,15.4261125,-3.474748718,1.688756871,-7.648524083,244.2798887,237.9649468,12.07387865,2.85189977,58.49992065,241.1017435,-54.30843151,26.39435088,-119.5422691,-53.60186461,26.05095347,-117.9869929,-5.868005772,26.57669925,-12.9164976
2001,265.3512182,14.48260834,14.07332163,-1.407742895,-4.422579568,-11.35854911,209.7459442,198.0583817,1.981740059,19.55921004,129.0166378,203.8184052,-20.38778899,-64.05048772,-164.501418,-19.81161854,-62.2403847,-159.8525148,6.225854966,15.9899168,50.23408721
2004,267.0346618,14.56043482,13.81331361,2.672483202,3.818857633,-3.532380491,212.0062622,190.8076329,7.142166463,14.58367362,12.47771193,201.1278525,38.91251747,55.60422765,-51.4329959,36.91584858,52.75107812,-48.79387951,10.20583287,-9.440227524,-13.4896582
2010,262.1672683,17.3138852,17.22541548,2.143419365,1.482445341,-6.013887183,299.7706208,296.7149385,4.594246573,2.19764419,36.16683905,298.2388662,37.11091682,25.66688846,-104.1237523,36.92128911,25.53573693,-103.5917054,3.177502052,-12.89028225,-8.915259039
2014,265.2279848,16.57932246,16.02746259,-1.761953222,0.935991053,-7.203736947,274.8739332,256.8795572,3.104479158,0.876079251,51.893826,265.7244706,-29.21199063,15.51809748,-119.4330777,-28.23963936,15.00156159,-115.4576245,-1.649172451,12.69264753,-6.742633328
2012,256.9612311,14.9024108,11.68809963,2.031188162,5.500267279,-1.983581206,222.0818478,136.6116731,4.125725351,30.25294014,3.934594399,174.1808623,30.26960042,81.96724252,-29.56014199,23.74072962,64.28767197,-23.18429476,11.17207779,-4.029026664,-10.9102268
1975,342.4086898,17.72436321,17.32218488,2.976478149,6.822255775,-1.120764612,314.1530511,300.0580892,8.859422173,46.54317386,1.256113314,307.0246964,52.75617979,120.9201393,-19.86483904,51.55910481,118.1763759,-19.41409181,20.30629524,-3.335931377,-7.646142844
1980,465.6135912,16.63960625,15.75749608,1.553217554,8.194712255,-2.613873404,276.8764962,248.2986829,2.412484771,67.15330894,6.832334175,262.1985303,25.84492853,136.3567853,-43.49382424,24.47481953,129.1281463,-41.18809994,12.72817093,-4.059914057,-21.41994042
1930,450.9796156,15.77327945,14.86332585,-0.470754016,8.465669639,-3.136276493,248.7963445,220.9184552,0.221609343,71.66756243,9.836230238,234.4433921,-7.425334644,133.5313729,-49.46936554,-6.996970332,125.8280064,-46.61549946,-3.98524798,1.476414754,-26.55068068
1928,352.6919188,15.49751699,15.6301397,3.380678587,7.482627986,-4.844733691,240.1730328,244.3012669,11.42898771,55.98972158,23.47144454,242.2283555,52.39212383,115.9621543,-75.08134268,52.84047858,116.9545207,-75.72386438,25.29636021,-16.37848745,-36.2513399
1961,321.5905896,15.67588152,15.12909738,1.754594681,4.783156278,-6.075066299,245.7332614,228.8895877,3.078602495,22.87858398,36.90643053,237.1619381,27.50481834,74.9801911,-95.23201951,26.5454338,72.36483714,-91.91026965,8.392500565,-10.65927902,-29.05799151
1941,369.8758245,17.93746224,16.49592219,-0.018679641,10.84948082,-0.545321718,321.7525516,272.1154489,0.000348929,117.711234,0.297375776,295.8949814,-0.335065357,194.6121525,-9.781687723,-0.308137906,178.9721914,-8.995584628,-0.202664408,0.010186414,-5.916457517
1933,331.2705013,18.18914573,16.46286751,-1.674757197,7.075276631,-3.892623831,330.8450225,271.0260066,2.804811668,50.05953941,15.15252029,299.4454963,-30.46240272,128.6932377,-70.80350215,-27.57130584,116.4793418,-64.0837504,-11.84937046,6.519199776,-27.54139043
1959,373.8797378,17.07759919,16.40166918,2.364799256,5.417944308,-6.492874238,291.6443941,269.0147518,5.59227552,29.35412053,42.15741587,280.1011323,40.38509385,92.52548133,-110.8827038,38.78665506,88.86333017,-106.4939753,12.81235067,-15.35434417,-35.17803102
2003,362.5955517,14.83969157,14.99623094,0.894224381,6.805899646,-2.68924045,220.2164459,224.8869424,0.799637244,46.32026999,7.232014196,222.5394419,13.27001401,100.9974516,-39.90749883,13.40999533,102.0628428,-40.32847084,6.086001398,-2.404784377,-18.30270062
1998,392.2865792,19.05729893,18.41599294,1.11151347,6.210112773,-1.659984809,363.1806427,339.1487961,1.235462195,38.56550065,2.755549566,350.9590827,21.18244448,118.3479755,-31.63482673,20.46962423,114.365393,-30.57026853,6.902624,-1.845095476,-10.30869286
1993,362.7338834,17.17465129,17.06992531,2.308815669,6.502344185,-2.217667058,294.9686469,291.3823501,5.330629795,42.28047989,4.91804718,293.1700148,39.65310401,111.6754939,-38.0876584,39.41131103,110.9945296,-37.85541104,15.01271414,-5.120184453,-14.4200345
2010,398.74251,21.15334559,19.94657005,3.800043838,5.634143571,-4.098217935,447.4640295,397.8656566,14.44033317,31.74357378,16.79539024,421.9366894,80.38364056,119.1809861,-86.69102027,75.79784059,112.3818394,-81.7453911,21.40999256,-15.57340781,-23.08994823
2004,343.7885387,17.08055076,16.86958177,4.648458583,8.149684504,-1.950780171,291.7452143,284.582789,21.6081672,66.41735752,3.805543277,288.1417477,79.39823278,139.2010999,-33.32039974,78.41755216,137.4817691,-32.90884561,37.88347088,-9.06812083,-15.89824293
1950,363.1016016,15.93760848,15.78749092,0.306262671,8.950675969,-2.615558054,254.0073642,249.2448697,0.093796823,80.1146003,6.841143935,251.6148493,4.881094537,142.6523693,-41.68574023,4.835119132,141.3087156,-41.29309904,2.741257926,-0.801047795,-23.41101262
1932,221.6999822,17.05405223,16.12039916,6.046438743,10.26668767,1.330655407,290.8406975,259.8672691,36.55942147,105.4048756,1.770643812,274.9181293,103.1162821,175.0886277,22.69306681,97.47100603,165.5031032,21.4506963,62.07689807,8.045726406,13.66142345
1937,330.1217837,16.9808817,16.15825117,-1.193971442,7.787003247,-2.224199775,288.3503434,261.089081,1.425567805,60.63741957,4.947064638,274.3813517,-20.27468782,132.2301809,-37.76887325,-19.29249046,125.8243544,-35.93917862,-9.297459498,2.655631013,-17.31985087
1981,318.1556971,17.95416555,16.69800705,-0.066685846,5.679345765,-3.582844766,322.3520607,278.8234395,0.004447002,32.25496832,12.83677661,299.798783,-1.19728872,101.9679141,-64.32698807,-1.113520728,94.83375563,-59.82636716,-0.378731978,0.238925035,-20.34821425
1930,392.2149708,15.11390493,13.98384796,-0.626679876,5.270560936,-3.849927512,228.4301223,195.5480038,0.392727667,27.77881258,14.82194185,211.3505486,-9.47158007,79.65875693,-58.18743841,-8.763396107,73.7027228,-53.83680099,-3.302954475,2.412672097,-20.29127756
1988,407.6380892,15.24508321,11.81450255,1.704587031,6.161873627,-1.593599122,232.4125621,139.5824705,2.905616947,37.9686866,2.539558162,180.1130744,25.98657113,93.93827617,-24.29455122,20.13884782,72.79947167,-18.82758089,10.50344987,-2.716428396,-9.819556403
1973,328.0516955,17.25795936,17.18589678,1.608203591,3.52205358,-3.826736636,297.8371614,295.3550483,2.586318789,12.40486142,14.64391328,296.5935083,27.75431222,60.78345757,-66.04166537,27.63842092,60.5296493,-65.76590085,5.664179214,-6.154171599,-13.47797147
1931,250.2739713,17.55026292,16.0176222,0.948162736,5.162014602,-3.738223865,308.0117285,256.5642211,0.899012574,26.64639475,13.97431767,281.113481,16.64050531,90.59471345,-65.60681168,15.18731249,82.6831997,-59.87745758,4.894429888,-3.544444567,-19.29676618
1978,309.8332994,16.45078182,15.05311032,2.805751781,2.707443079,-5.463192946,270.6282226,226.5961303,7.872243057,7.330248027,29.84647717,247.6354336,46.1568104,44.53955539,-89.87379522,42.23529109,40.75543936,-82.23804612,7.596413242,-15.32836334,-14.79128393
1954,520.5700457,18.31823156,16.44905693,-0.467400605,7.23704975,-4.056299514,335.5576074,270.5714737,0.218463325,52.37488909,16.45356574,301.3176337,-8.561952507,132.5699531,-74.30423376,-7.688299154,119.0426433,-66.72230161,-3.38260143,1.895916846,-29.35564138
1984,349.944708,18.65109775,16.19995546,3.135070169,-2.437164719,-9.607309814,347.8634472,262.4385568,9.828664963,5.93977187,92.30040186,302.1469527,58.47250016,-45.45579741,-179.1868744,50.78799709,-39.48195989,-155.637991,-7.640682408,-30.1195904,23.41459653
2017,330.1061539,16.53233892,15.3295058,3.908280035,3.606444313,-4.636397444,273.3182301,234.993748,15.27465284,13.00644058,21.49618126,253.4325853,64.61301013,59.62295968,-76.6504939,59.91200146,55.28500901,-71.0736815,14.09499431,-18.12033957,-16.7209092
2008,328.677001,18.05655046,15.90246423,-0.055264231,5.610254892,-2.324553377,326.0390145,252.8883687,0.003054135,31.47495995,5.403548403,287.1436478,-0.997881369,101.3018505,-41.97341535,-0.878837451,89.21687775,-36.96612694,-0.31004642,0.128464654,-13.04133695
1934,548.2036352,19.10205449,16.91022795,-0.329408438,10.17084108,-1.744026284,364.8884856,285.9558093,0.108509919,103.4460083,3.04162768,323.0200957,-6.292377934,194.2839605,-33.31448511,-5.570371778,171.9912411,-29.49188201,-3.350360875,0.574496974,-17.73821418
1990,505.6123068,16.80670586,16.79048141,-0.077439659,-0.569513182,-11.15722214,282.4653618,281.9202659,0.005996901,0.324345264,124.4836059,282.1926822,-1.301505564,-9.571640532,-187.5161507,-1.300249148,-9.562400494,-187.3351309,0.044102906,0.864011473,6.354185083
1951,436.6206479,16.95911925,16.52025602,-2.201626393,3.492443465,-7.491603218,287.6117257,272.9188589,4.847158772,12.19716136,56.12411878,280.1689918,-37.33764453,59.22876519,-127.0509923,-36.37143166,57.69606017,-123.7632031,-7.689055707,16.49371137,-26.1640007
1974,467.4615857,14.75641214,14.61936629,4.211197323,5.267850738,-3.23426229,217.7516992,213.7258708,17.7341829,27.7502514,10.46045256,215.7293942,62.1421633,77.73457658,-47.72610731,61.5650362,77.01263951,-47.2828651,22.18395893,-13.6201167,-17.03761099
1979,339.8344174,16.3411562,15.38936107,3.561302123,6.467798746,-3.490902057,267.033386,236.8324343,12.68287281,41.83242062,12.18639717,251.4799532,58.19579428,105.6913096,-57.0453758,54.80616427,99.53529026,-53.72275223,23.03378541,-12.43215691,-22.57845195
1967,315.0125635,17.23105309,16.80156108,1.972665314,6.678612056,-3.858527994,296.9091905,282.2924548,3.891408439,44.603859,14.88823828,289.508591,33.99110074,115.0795189,-66.4865007,33.14385676,112.2111084,-64.82929378,13.17466635,-7.611584335,-25.76961158
1975,407.7351293,17.53628192,16.78715651,2.465436681,5.977665456,-1.585143242,307.5211836,281.8086238,6.07837803,35.73248431,2.512679099,294.3843093,43.2345927,104.8260267,-27.79751878,41.38767145,100.3480056,-26.61004771,14.73755569,-3.908070295,-9.475456004
1939,456.9307012,18.05091763,17.74664581,1.028051518,7.726393731,-3.531896142,325.8356271,314.9434374,1.056889923,59.69716008,12.47429036,320.3432416,18.55727326,139.4684968,-63.75396633,18.24446616,137.1175729,-62.67930987,7.943130802,-3.63097119,-27.28882021
1928,339.2917809,14.8388719,15.04345458,2.968420994,6.345333758,-5.377526945,220.1921194,226.3055257,8.811523199,40.2632605,28.91779604,223.2278955,44.04801889,94.15759481,-79.79643349,44.6553064,95.45574017,-80.89658234,18.83562194,-15.96276388,-34.12220325
1968,378.7487038,17.2539078,16.35727875,-0.737764526,7.402500897,-1.470990779,297.6973344,267.5605681,0.544296495,54.79701953,2.163813873,282.2269794,-12.72932111,127.722068,-25.38033929,-12.06782,121.0847706,-24.06140622,-5.461302564,1.085244815,-10.88901056
1956,442.0138213,16.46888234,16.44919276,-1.196562531,5.884897878,-5.519169238,271.2240856,270.5759425,1.431761889,34.63202303,30.46122907,270.8998202,-19.70604753,96.91769075,-90.8945488,-19.68248771,96.80181957,-90.78587867,-7.041648297,6.604031109,-32.47974733
1941,563.934824,17.1634127,16.03663653,-0.401354384,9.698071926,-1.085517204,294.5827355,257.1737111,0.161085341,94.05259908,1.178347601,275.243411,-6.88861093,166.4520109,-18.63117977,-6.436374373,155.5244545,-17.40804485,-3.892363683,0.435677089,-10.52742392
2000,382.228922,17.06593077,17.25522887,3.338937655,7.815425799,-2.364465663,291.2459932,297.7429232,11.14850466,61.08088042,5.590697872,294.4765413,56.98207888,133.3775157,-40.35180733,57.6141334,134.8569608,-40.79939616,26.09521949,-7.894803436,-18.47930594
2018,408.9531603,19.7080831,19.84931799,2.40729155,6.209334654,-4.40465234,388.4085395,393.9954246,5.795052609,38.55583685,19.40096223,391.1920084,47.44310192,122.3740834,-86.80725433,47.78309548,123.2510581,-87.42934492,14.94767885,-10.60328236,-27.34996041
1972,262.4312133,12.28500106,11.07865919,-1.86291756,2.256037251,-5.160819622,150.921251,122.7366895,3.470461836,5.089704078,26.63405917,136.1013399,-22.8859442,27.71542002,-63.40067452,-20.63862875,24.99386783,-57.17496174,-4.202811411,9.614181498,-11.64300131
1952,258.4267506,16.09105795,15.32066431,-6.672698544,-0.530547798,-10.36259625,258.9221459,234.7227548,44.52490585,0.281480966,107.383401,246.5256971,-107.3707789,-8.537075356,-166.7451367,-102.2301744,-8.128344707,-158.7618585,3.540185517,69.14648091,5.497852619
1936,275.45025,12.01106319,10.73035033,-2.556617312,-2.038128453,-10.28286322,144.2656391,115.1404183,6.53629208,4.153967592,105.737276,128.882916,-30.7076921,-24.48008965,-123.5081199,-27.43339943,-21.86983233,-110.3387248,5.210714488,26.28934612,20.9577961
1937,271.2481797,13.95980127,13.15558163,-4.257537834,2.946667904,-6.493708221,194.8760514,173.0693281,18.12662841,8.682851738,42.16824646,183.6493052,-59.43438205,41.13489835,-90.65087626,-56.01038653,38.76513016,-85.4285086,-12.54555009,27.64720843,-19.13480159
1931,268.132947,16.00677287,14.60619611,-2.110968902,0.211774286,-7.795142081,256.2167776,213.3409649,4.456189704,0.044848348,60.76424006,233.7980636,-33.78979974,3.389822894,-124.7750687,-30.83322577,3.093216753,-113.857374,-0.447048932,16.45530252,-1.650810648
1971,263.1093335,16.7472035,15.53510063,-1.781404799,1.179322115,-7.993770161,280.4688251,241.3393515,3.173403057,1.390800651,63.90036138,260.1694916,-29.83354868,19.75034746,-133.8732956,-27.6743028,18.32088773,-124.1840238,-2.100850075,14.24014052,-9.427229934
1969,263.4032769,11.70518866,11.3468349,-1.471525948,0.017444028,-8.626827376,137.0114416,128.7506623,2.165388615,0.000304294,74.42215057,132.8168432,-17.22448884,0.20418564,-100.978642,-16.69716199,0.197934507,-97.88718597,-0.02566934,12.69460033,-0.150486619
1985,264.4091821,12.19899335,10.27324062,-3.038050314,2.574559887,-6.316492087,148.8154388,105.5394729,9.229749713,6.628358613,39.89807229,125.3231941,-37.06115559,31.40703895,-77.05484498,-31.21062191,26.44907322,-64.89084311,-7.821642475,19.18982077,-16.26218716
1998,261.4859619,14.14343427,13.88779723,-2.808116738,1.163415993,-5.190139968,200.0367328,192.870912,7.885519614,1.353536772,26.93755289,196.4211473,-39.7164145,16.45469762,-73.40640347,-38.99855586,16.15728541,-72.07961149,-3.267007923,14.57451892,-6.038291844
2001,267.6614295,13.51768118,13.02552338,-3.387438866,-6.381110446,-14.71740256,182.7277046,169.6642593,11.47474207,40.71857052,216.601938,176.0748723,-45.79031862,-86.25781661,-198.9451556,-44.12316414,-83.1173033,-191.7018711,21.61562153,49.85430142,93.91337119
2014,266.1762411,15.64287412,14.7272349,-3.598598129,-3.024858097,-11.07967625,244.6995108,216.8914477,12.94990849,9.149766505,122.7592259,230.3762817,-56.29241754,-47.31747444,-173.317981,-52.99739995,-44.54779572,-163.1729948,10.88524869,39.87130224,33.51444843
2016,261.4537095,14.98876852,14.47980617,1.039875078,5.51679117,-0.526306621,224.6631818,209.6647867,1.081340178,30.43498481,0.27699866,217.0344629,15.58644684,82.68990582,-7.888688118,15.05718957,79.88206681,-7.620817862,5.736773649,-0.547293139,-2.903523721
1947,347.2081944,12.47690199,12.09408217,-0.245115104,4.404341246,-5.55417312,155.6730832,146.2668236,0.060081414,19.39822181,30.84883905,150.8966779,-3.058277122,54.95253405,-69.29887364,-2.964442203,53.26646495,-67.17262611,-1.07957056,1.361411719,-24.46247376
1980,258.4411469,12.52952267,12.26235353,-1.127615172,3.836607494,-5.591391777,156.9889384,150.3653142,1.271515977,14.71955706,31.263662,153.6414366,-14.12847987,48.07086058,-70.05747004,-13.82721589,47.04583746,-68.56362271,-4.32621682,6.304938202,-21.45197559
1971,256.9395834,15.84369925,15.53200608,-0.964111166,2.502913343,-6.630772133,251.0228061,241.2432128,0.92951034,6.264575203,43.96713908,246.0844331,-15.27508736,39.65540627,-105.0559595,-14.97458049,38.87526526,-102.9891931,-2.413086701,6.392801452,-16.59624805
1938,254.6923096,13.38270147,12.82941476,-3.873228588,-0.992331037,-8.467190696,179.0966986,164.5938831,15.0018997,0.984720887,71.69331828,171.6922278,-51.83426192,-13.28007002,-113.3138854,-49.69125603,-12.73102645,-108.6291013,3.843524941,32.79536507,8.402256122
1970,340.3839688,14.36222147,13.87995249,-1.71857052,0.25522363,-7.157447293,206.2734056,192.6530811,2.953484632,0.065139102,51.22905175,199.3469516,-24.68249042,3.665578305,-102.7968432,-23.85367716,3.542491865,-99.34502836,-0.438619807,12.30057791,-1.826749683
1940,253.3964282,14.00805985,12.71719808,-2.063444812,5.085388221,-4.225578816,196.2257408,161.727127,4.257804491,25.86117336,17.85551633,178.1432719,-28.90485842,71.23642256,-59.19216096,-26.2412364,64.67188933,-53.73752281,-10.49341794,8.719248685,-21.48870874
1932,234.367605,14.63616464,13.39107829,3.163267086,5.059705925,-2.151106062,214.2173152,179.3209779,10.00625866,25.60062405,4.627257288,195.9940266,46.29809786,74.05468893,-31.48394247,42.35955721,67.75491819,-28.80562969,16.00520122,-6.804523003,-10.88396409
1937,227.6844516,13.33903825,12.82677111,-3.534915549,3.991325124,-5.343617866,177.9299414,164.526057,12.49562794,15.93067625,28.5542519,171.0967904,-47.15237371,53.2404385,-71.2787231,-45.34155262,51.19581378,-68.54136324,-14.10899724,18.88923788,-21.32811624
1967,236.3462787,15.28345524,14.07032314,-0.319047372,0.561908877,-7.20267787,233.5840041,197.9739932,0.101791225,0.315741586,51.87856851,215.0431539,-4.876146222,8.587909167,-110.0818049,-4.489099613,7.906239468,-101.3440051,-0.17927555,2.297995442,-4.047248631
1929,253.2676155,11.70777974,10.95640701,-0.080198577,2.85152349,-5.623337699,137.0721065,120.0428546,0.006431812,8.131186216,31.62192688,128.2752001,-0.938947271,33.38500896,-65.83679921,-0.878688247,31.24245197,-61.6115766,-0.228688125,0.450983679,-16.03507954
1994,209.0076644,14.11922656,14.4905431,-1.862730882,0.803692701,-6.296943295,199.3525587,209.9758393,3.469766338,0.645921957,39.65149486,204.595261,-26.30031934,11.34751933,-88.90796903,-26.99198212,11.64594372,-91.24612821,-1.497063213,11.72951074,-5.060807364
1999,270.369937,15.44479498,14.58933606,0.505707034,6.007969532,-3.936627249,238.5416919,212.8487267,0.255739604,36.09569789,15.4970341,225.3293043,7.810541462,92.79185766,-60.80040077,7.377929869,87.65228653,-57.43277788,3.038272453,-1.990780091,-23.65113657
2014,266.3454829,15.60840654,14.44765964,-2.726514489,-1.319604028,-9.270426259,243.6223546,208.734869,7.433881259,1.741354792,85.94080302,225.5049451,-42.55654657,-20.59691614,-144.6965818,-39.39175334,-19.06518986,-133.9359633,3.597919503,25.27595151,12.23329184
1971,279.6199352,16.62660048,15.94447751,-0.133051008,4.006283691,-5.197574836,276.4438434,254.226363,0.017702571,16.05030902,27.01478418,265.1024573,-2.212185957,66.61087833,-86.41800026,-2.121428808,63.87810021,-82.87261507,-0.533040084,0.691542572,-20.8229593
1947,326.7656011,13.90901892,12.85311165,0.860962546,5.982949567,-4.199841065,193.4608073,165.2024791,0.741256505,35.79568552,17.63866497,178.7741731,11.97514434,83.21695872,-58.41566883,11.06604773,76.89951878,-53.98102612,5.151095489,-3.615905854,-25.12743728
1930,307.0024301,14.05461276,12.21361264,-2.734897828,1.339662167,-6.472910276,197.5321398,149.1723336,7.47966613,1.794694722,41.89856745,171.657596,-38.4379299,18.82843299,-90.97424735,-33.40298267,16.36211477,-79.05761874,-3.663839151,17.70274826,-8.671513009
1976,294.5160925,15.22653088,13.14582534,3.426618629,3.139979635,-3.940088958,231.8472426,172.812724,11.74171523,9.85947211,15.524301,200.1653155,52.17551436,47.81099687,-59.99388618,45.04573001,41.27762387,-51.79572128,10.75951271,-13.50118222,-12.37179909
1987,296.4474801,16.21259287,14.62346484,-2.274199975,2.825794036,-4.138203549,262.8481677,213.845724,5.171985528,7.985111932,17.12472861,237.0842819,-36.87067831,45.81344825,-67.09100937,-33.25668338,41.32289973,-60.51487411,-6.426420726,9.411102409,-11.69371091
1991,367.7375167,16.82062008,15.0681834,1.794031599,3.354598485,-5.47693195,282.9332597,227.050151,3.218549377,11.253331,29.99678358,253.4561882,30.17672392,56.42642662,-92.12539151,27.03279716,50.54770521,-82.5274151,6.018255682,-9.825788981,-18.37290762
1991,368.613704,16.45641485,14.46466658,1.158155993,2.417210134,-6.392233184,270.8135897,209.2265792,1.341325303,5.842904832,40.86064508,238.0365539,19.05909548,39.77861274,-105.1932411,16.75234028,34.96413864,-92.4615217,2.799506402,-7.403203169,-15.45137083
1957,235.4136888,15.23423591,14.2532455,-1.076569927,3.498693718,-3.557956473,232.0819436,203.1550073,1.159002808,12.24085773,12.65905427,217.1373044,-16.40072024,53.29992547,-54.20274826,-15.34461547,49.86774049,-50.71242709,-3.766588442,3.830388942,-12.44819996
1985,225.7253229,12.5932288,10.35039415,-1.876756585,4.670733004,-3.987659859,158.5894117,107.1306592,3.522215278,21.81574679,15.90143115,130.3448818,-23.63442508,58.8196094,-50.217513,-19.42517038,48.34392758,-41.27385129,-8.76582892,7.483866897,-18.62529451
1966,219.9559842,14.0548554,12.40428053,0.142344905,5.347307637,-2.476436201,197.5389604,153.8661755,0.020262072,28.59369896,6.132736257,174.3403693,2.000637054,75.15563562,-34.80595272,1.765686131,66.32950402,-30.71840936,0.761161996,-0.352508075,-13.24226621
1942,190.6845714,14.99864819,13.72125207,-0.171551467,5.203942879,-2.991103992,224.9594475,188.2727585,0.029429906,27.08102148,8.94670309,205.8002326,-2.573040094,78.05210843,-44.86251647,-2.353900917,71.40461202,-41.04169185,-0.892744033,0.513128277,-15.56553432
1953,260.2763265,15.21442093,14.39986204,-1.852840987,2.537516122,-4.290828386,231.4786041,207.3560267,3.433019724,6.438988071,18.41120824,219.0855623,-28.18990269,38.60683839,-65.28246919,-26.68065459,36.53988208,-61.78733679,-4.701613877,7.950222703,-10.88804621
1932,222.9923019,14.89836492,13.52931332,3.518605897,5.929332788,-1.678082924,221.9612772,183.0423189,12.38058746,35.15698731,2.8159623,201.5646469,52.42147466,88.3373636,-25.00069176,47.60432163,80.21980106,-22.70330965,20.86298532,-5.904512472,-9.949912102
1992,225.6597445,11.83550283,9.725874811,-2.628053619,3.492674787,-4.805946486,140.0791273,94.59264084,6.906665825,12.19877717,23.09712163,115.1106189,-31.10433605,41.33756234,-56.88079325,-25.5601205,33.96931773,-46.74203387,-9.178936615,12.63028506,-16.78560812
1998,227.4797807,14.78883536,14.51243088,-1.178010374,2.018295747,-3.896221656,218.7096513,210.6106501,1.38770844,4.073517722,15.18054319,214.621951,-17.42140147,29.84824351,-57.6205806,-17.09579413,29.29037753,-56.54364748,-2.377573327,4.589789529,-7.863727598
2003,227.9926469,12.34565093,10.60094693,-1.921811604,3.07376224,-6.475804174,152.415097,112.3800759,3.693359843,9.448014306,41.93603971,130.8755904,-23.72601523,37.94759567,-79.94801786,-20.37302283,32.58479039,-68.6496564,-5.907191941,12.44527561,-19.90508234
1996,258.4961227,14.21652688,14.86843058,-4.484769662,0.565400878,-8.588028636,202.1096364,221.0702278,20.11315893,0.319678152,73.75423585,211.3774429,-63.75784844,8.038036772,-122.0919399,-66.68148637,8.406623696,-127.6905076,-2.535692703,38.51533029,-4.855678927
2001,271.8280099,13.76725667,13.03539453,-2.130695119,-4.55218578,-12.48019085,189.5373561,169.9215106,4.53986169,20.72239538,155.7551636,179.4616223,-29.33382658,-62.67111003,-171.8179907,-27.7744515,-59.33953763,-162.6842116,9.699320023,26.59148173,56.81214732
2006,221.9610229,14.04038752,11.96848343,-0.534381321,-1.811617556,-8.597696002,197.1324817,143.2445956,0.285563396,3.281958168,73.92037655,168.0421454,-7.502920826,-25.43581252,-120.7149836,-6.395733982,-21.68231469,-102.9013821,0.968094582,4.594448145,15.57573701
1965,191.9242955,14.9276793,13.94701429,0.529347014,0.44191145,-7.649890487,222.8356092,194.5192077,0.280208262,0.19528573,58.52082447,208.1965565,7.901922466,6.596712405,-114.1951119,7.382810373,6.16334531,-106.693132,0.233924507,-4.049446689,-3.380574198
1977,199.7214311,14.60841059,13.16170629,-7.453285213,-0.513623252,-11.99561509,213.4056599,173.2305124,55.55146046,0.263808845,143.8947813,192.2716095,-108.8806506,-7.503219359,-175.2368704,-98.09795085,-6.760158392,-157.8827625,3.828180593,89.40674055,6.161226837
1926,185.2598595,12.88759729,11.60742164,-3.288773057,-0.118039785,-9.144378405,166.0901639,134.7322371,10.81602822,0.013933391,83.61965642,149.5917757,-42.38438274,-1.521249218,-117.8490663,-38.17417556,-1.370137559,-106.1426558,0.388206066,30.07378533,1.079400464
1978,191.9033833,15.2241187,13.42247364,-0.708264511,-0.84099159,-9.432165873,231.7737902,180.1627986,0.501638617,0.707266854,88.96575306,204.3453319,-10.78270298,-12.80335579,-143.5964128,-9.506661726,-11.28818745,-126.6029978,0.595644497,6.680468348,7.932372175
1967,182.7313156,16.11802292,15.33352178,-0.43978473,2.60117889,-6.682433538,259.7906629,235.1168901,0.193410609,6.766131616,44.65491799,247.1460555,-7.088460354,41.92586096,-107.7076169,-6.74344873,39.88523315,-102.4652402,-1.143958755,2.938832228,-17.38220505
1956,197.0630451,16.23429585,14.89049542,-4.173530274,1.243771129,-9.476289439,263.5523617,221.7268538,17.41835495,1.546966621,89.80006154,241.736708,-67.7543252,20.19174848,-153.8408863,-62.14593343,18.5203683,-141.1066445,-5.190916461,39.54958086,-11.78633522
1963,200.4476901,15.87463301,14.18981929,-1.514285888,2.096017778,-9.269795156,252.0039733,201.3509715,2.29306175,4.393290525,85.92910224,225.2581738,-24.03873274,33.27351301,-147.1545962,-21.4874431,29.7421135,-131.5367181,-3.173970142,14.03711999,-19.42965545
1990,202.3706554,15.95545783,15.27211427,-3.083349422,-3.836794514,-14.02415852,254.5766345,233.2374743,9.50704366,14.72099214,196.6770222,243.6735752,-49.19625168,-61.21781307,-223.7618698,-47.08926472,-58.59596426,-214.1785515,11.83017815,43.24138107,53.80781447
1947,240.9873146,14.28177635,13.65579626,-0.309773789,6.062636118,-4.853099851,203.9691358,186.4807715,0.0959598,36.7555567,23.55257816,195.0290281,-4.424119977,86.58521314,-69.31088668,-4.230207752,82.79012362,-66.27294279,-1.878045763,1.50336313,-29.42257844
1991,207.8602463,17.80834682,16.03804611,1.236546744,1.797903893,-7.114818622,317.1372165,257.2189232,1.529047849,3.232458407,50.62064402,285.6110876,22.02085327,32.01769607,-126.7031576,19.8317937,28.83486554,-114.1077892,2.223192204,-8.797805799,-12.7917601
1933,224.9503704,18.20709405,15.43275402,-4.374846593,2.046473141,-7.759163977,331.4982736,238.1698967,19.13928271,4.188052315,60.20462562,280.9856039,-79.65324336,37.26032894,-141.2718283,-67.51593135,31.58271659,-119.7452691,-8.953006047,33.94515209,-15.87892067
1974,208.8111664,13.6120786,12.84996245,0.602204128,0.916214228,-6.887372735,185.2886837,165.121535,0.362649812,0.839448511,47.43590319,174.9146989,8.197249928,12.47158008,-93.751459,7.73830044,11.77331843,-88.50248104,0.551747991,-4.147604295,-6.310308892
1951,199.0584531,14.88047141,13.94800375,-4.70852179,-1.87112737,-11.27543185,221.4284293,194.5468087,22.17017745,3.501117634,127.1353633,207.552871,-70.06502387,-27.84325732,-167.7837412,-65.6744796,-26.09849158,-157.2697657,8.810243993,53.09061655,21.09776914
1993,208.1714179,14.96740904,14.39234234,-0.36684769,1.885748097,-5.642225616,224.0233334,207.1395181,0.134577228,3.556045885,31.83470991,215.4160749,-5.490759437,28.22476311,-84.44949869,-5.279797547,27.14033218,-81.20484265,-0.691782334,2.069837436,-10.63981622
1994,186.9159966,16.22789054,15.28851981,-2.316475082,1.817655285,-5.953778398,263.3444313,233.7388379,5.366056807,3.303870736,35.44747721,248.1004259,-37.59150407,29.496711,-96.61726413,-35.41547518,27.78925883,-91.02445896,-4.210553176,13.7917793,-10.82191677
2003,193.4515289,13.73723425,12.18698969,-2.319653929,4.617662734,-6.473063674,188.7116049,148.5227177,5.380794353,21.32280913,41.90055333,167.4155322,-31.86562942,63.43391468,-88.92199202,-28.26959852,56.27540814,-78.88716026,-10.71137951,15.01526759,-29.8904249
1996,204.5101716,15.87868679,15.40843545,-4.709429542,1.450325882,-8.134614346,252.1326943,237.4198829,22.17872661,2.103445163,66.17195055,244.6657204,-74.77955667,23.02927042,-129.1669934,-72.56494108,22.34725272,-125.34168,-6.830207553,38.30939311,-11.79784172
2001,199.0146547,14.97571787,14.04463976,-2.800357681,-5.040552384,-13.18641707,224.2721258,197.2519059,7.842003144,25.40716834,173.8815951,210.3285626,-41.93736657,-75.48589042,-197.4760617,-39.33001482,-70.79274241,-185.1984774,14.11534959,36.92668433,66.46682599
2013,203.2085359,15.76677355,14.70534483,-1.644523234,5.071682677,-3.067339876,248.591148,216.2471667,2.704456666,25.72196518,9.408573915,231.8558419,-25.92882541,79.96407227,-48.36205321,-24.18328124,74.58084265,-45.1062906,-8.340499996,5.044311691,-15.55657451
2015,198.5796884,15.81607976,16.13853118,-4.594802265,2.935551449,-3.404188538,250.148379,260.4521887,21.11220785,8.617462313,11.5884996,255.2482964,-72.6717591,46.42891586,-53.84091744,-74.15335963,47.37548861,-54.93860288,-13.48827845,15.6415732,-9.993170598
1969,193.9522916,12.98435659,12.1021098,0.058363701,1.541090759,-6.854285504,168.593516,146.4610617,0.003406322,2.374960729,46.98122976,157.1381092,0.757815109,20.01007196,-88.99848713,0.706323921,18.65044959,-82.95131579,0.089943761,-0.400041471,-10.56307605
1977,219.2807647,13.71538292,12.62473318,-6.752402438,-1.14807929,-11.71219512,188.1117288,159.3838879,45.59493868,1.318086057,137.1755146,173.1530499,-92.61178509,-15.74634709,-160.637241,-85.24727912,-14.49419471,-147.8633384,7.752293398,79.08545489,13.44652866
1943,228.4979629,17.63042385,15.67056002,-0.265375342,-0.726051277,-8.909368699,310.831845,245.5664514,0.070424072,0.527150456,79.37685062,276.2786151,-4.678679751,-12.80059174,-157.0759464,-4.158580219,-11.37763011,-139.6147969,0.192676106,2.364326762,6.468658518
1926,202.6311291,12.20901143,10.95864549,-2.768422166,-0.257948053,-8.988110942,149.0599602,120.0919111,7.664161289,0.066537198,80.7861383,133.7942281,-33.79969787,-3.149290726,-109.7359492,-30.3381571,-2.826761267,-98.49752147,0.714109107,24.88288556,2.318465716
1958,238.9028464,12.97177847,12.06803483,-0.57825667,5.751578721,-4.172886881,168.2670366,145.6374647,0.334380776,33.08065778,17.41298492,156.5438744,-7.501017417,74.608205,-54.12976419,-6.978421632,69.41025234,-50.35854423,-3.325888757,2.412999671,-24.00068739
1946,223.4548199,14.73545307,13.12426876,-1.030262801,-1.947949828,-9.920950076,217.1335771,172.2464305,1.06144144,3.794508533,98.42525041,193.3920463,-15.18138916,-28.70392327,-146.1896942,-13.5214459,-25.56541708,-130.2052152,2.006900247,10.22118582,19.325513
1996,247.1367276,15.39530591,15.15932497,-4.274990125,1.120970084,-8.358422963,237.015444,229.8051336,18.27554057,1.25657393,69.86323443,233.3824453,-65.81478072,17.25767736,-128.6804784,-64.80596455,16.99314979,-126.70805,-4.79213604,35.73217563,-9.369542093
1993,258.9026588,14.58071449,13.72905522,0.070940612,1.747246741,-5.395158742,212.5972352,188.4869573,0.00503257,3.052871174,29.10773785,200.1794345,1.03436481,25.47610588,-78.66526927,0.97394758,23.988047,-74.0704323,0.123950753,-0.382735863,-9.426673529
2001,236.4196319,14.39296323,13.43059373,-2.259656702,-4.934893536,-12.63287361,207.1573907,180.3808479,5.106048412,24.35317421,159.5894957,193.3060418,-32.52315584,-71.02774123,-181.8244854,-30.34853114,-66.27855018,-169.6669931,11.15116525,28.54595752,62.34188633
2015,260.5314608,15.45618685,15.0692283,-4.467040296,3.21888177,-3.141832535,238.8937118,227.0816416,19.95444901,10.36119985,9.871111679,232.9128083,-69.04340946,49.75163807,-48.5607507,-67.31485005,48.50606427,-47.34499176,-14.37887457,14.03469254,-10.11318747
2004,214.5254332,15.00611149,13.27270156,0.983511401,3.895545208,-4.722375799,225.183382,176.1646066,0.967294676,15.17527247,22.30083319,199.1716393,14.75868173,58.4569857,-70.86449774,13.0538533,51.70440894,-62.67868462,3.831313124,-4.644510438,-18.39622841
2013,239.5986208,15.30558664,14.19255726,-1.488344004,5.807397159,-1.786670048,234.2609825,201.4286817,2.215167875,33.72586176,3.19218986,217.2254149,-22.77997811,88.88562039,-27.34603322,-21.12340751,82.42181673,-25.35741696,-8.643404741,2.659179653,-10.37590256
2008,210.8030972,16.0751654,14.08572135,-2.454498527,0.52358143,-5.990192026,258.4109428,198.4075461,6.024563021,0.274137514,35.8824005,226.4303006,-39.45646981,8.416658086,-96.29332762,-34.57338232,7.375022126,-84.37617574,-1.285129848,14.70291751,-3.136353305
1973,361.1999681,17.52220528,17.67216384,1.700802981,4.41702128,-3.21514435,307.0276778,312.3053749,2.892730782,19.51007699,10.33715319,309.6552826,29.80181898,77.39595359,-56.33641931,30.05686895,78.05832376,-56.81855774,7.512482962,-5.468327097,-14.20136101
1984,349.1898437,18.94862215,16.35761795,3.011641657,-1.382036727,-8.852240882,359.0502812,267.5716652,9.06998547,1.910025514,78.36216863,309.9543218,57.0664598,-26.18769172,-167.7377676,49.26328364,-22.60682877,-144.8015744,-4.162199377,-26.6597774,12.23412201
1939,359.0447819,18.46703503,17.71289863,1.246225357,7.073058398,-3.420903043,341.0313827,313.746778,1.55307764,50.0281551,11.70257763,327.1047195,23.01408732,130.6184172,-63.17393631,22.07426342,125.2843664,-60.59410883,8.814624726,-4.263216115,-24.19624699
1925,307.830761,18.62832875,16.76283191,0.98444347,4.745607534,-6.098279149,347.0146318,280.9925338,0.969128946,22.52079087,37.18900858,312.2635436,18.33853659,88.40273724,-113.6007488,16.50206042,79.54982143,-102.2244283,4.671782348,-6.003411087,-28.94003948
1947,364.9596594,17.08184438,15.83911422,3.171315111,9.819935,-1.347374384,291.7894073,250.8775392,10.05723953,96.43112341,1.81541773,270.5612841,54.1719112,167.7426015,-23.01563954,50.23082226,155.5390721,-21.34121676,31.14210826,-4.272948744,-13.23112887
1990,369.016913,17.29386729,16.35453631,0.435274932,-1.209194433,-10.8344168,299.0778457,267.4708581,0.189464267,1.462151176,117.3845874,282.8331805,7.527586909,-20.91164804,-187.3689662,7.118719684,-19.77581426,-177.191863,-0.526332025,-4.715950037,13.10091647
1991,399.8813281,18.75872667,17.63998618,3.856105084,7.416236214,-2.106348513,351.8898261,311.1691124,14.86954642,55.00055958,4.436704058,330.9036791,72.33562127,139.119148,-39.51241601,68.02164039,130.8223043,-37.15595865,28.59778617,-8.12230121,-15.62117812
1958,380.0232152,15.29100222,15.20449738,1.75273815,9.120279681,-0.835641463,233.8147489,231.1767407,3.072091023,83.17950147,0.698296655,232.4920032,26.80112295,139.4582168,-12.77779546,26.64950262,138.6692686,-12.70550844,15.98546214,-1.464660672,-7.621283856
1998,364.3147748,18.32897679,17.78919935,0.509551879,5.371111847,-2.072940185,335.95139,316.4556133,0.259643117,28.84884247,4.297081011,326.0578218,9.339564553,98.44698435,-37.99487253,9.064519944,95.54777934,-36.87594618,2.736860131,-1.056270565,-11.13399359
2002,389.7114385,18.43656281,16.85171049,3.647106321,8.065389252,-0.361314058,339.9068481,283.9801463,13.30138452,65.05050379,0.130547848,310.6876188,67.24010475,148.6980555,-6.661389317,61.45997984,135.9156046,-6.088759895,29.41533212,-1.317750784,-2.914138517
1942,181.3875724,15.3688802,13.92212843,-0.800152249,4.920041923,-3.661946094,236.2024787,193.82566,0.640243622,24.20681252,13.40984919,213.967524,-12.29744406,75.6155349,-56.28001082,-11.13982238,68.49745553,-50.98208382,-3.936782611,2.930114403,-18.0169283
1970,327.2086935,14.74565512,13.98831917,-2.312102454,-0.242099253,-7.691361362,217.434345,195.6730731,5.34581776,0.058612048,59.15703959,206.2669302,-34.0934654,-3.569912095,-113.4141621,-32.34242708,-3.386561626,-107.5892176,0.559758278,17.78321548,1.862072843
1980,238.1112261,13.10943636,12.55007566,-1.667659802,3.886856459,-6.126148882,171.8573216,157.504399,2.781089215,15.10765313,37.52970012,164.5244181,-21.86208004,50.95449739,-80.31035889,-20.92925669,48.78034264,-76.88363196,-6.481954273,10.21633223,-23.81146135
1964,239.565664,14.84259367,13.48415483,0.810508318,-5.126998826,-14.15551186,220.3025868,181.8224315,0.656923734,26.28611696,200.378516,200.1398311,12.03004563,-76.09796031,-210.1045107,10.92901966,-69.13324599,-190.8751136,-4.155475197,-11.47316011,72.57529268
1987,277.1038562,15.72964583,14.04399981,-3.851181931,1.653244605,-5.6314928,247.421758,197.2339307,14.83160227,2.733217724,31.71371115,220.9071431,-60.57772782,26.00495211,-88.58138725,-54.08599832,23.21816692,-79.08868383,-6.36694575,21.68790332,-9.310235089
1953,276.654765,15.8592637,14.66381549,-2.723964638,1.999539473,-5.286418278,251.5162451,215.0274847,7.419983351,3.998158102,27.94621821,232.5573167,-43.20007351,31.71122378,-83.8387015,-39.94371486,29.32087789,-77.51906222,-5.446674816,14.40001645,-10.57040201
1991,310.927506,16.42177029,14.74833527,0.421444606,0.627501739,-7.681424942,269.6745394,217.5133932,0.177615556,0.393758433,59.00428915,242.1937739,6.920866509,10.30468942,-126.1425959,6.215606347,9.254606032,-113.2882304,0.264457223,-3.237295109,-4.820107511
1955,320.0193607,13.12806804,11.68656888,-0.823787453,1.76893058,-6.000318618,172.3461705,136.5758922,0.678625768,3.129115396,36.00382352,153.4220714,-10.81473774,23.22264101,-78.7725911,-9.627248814,20.67272906,-70.12313683,-1.457222817,4.942987192,-10.61414709
1983,318.9946156,14.7398955,12.63444938,-1.119326082,5.40618622,-3.025415486,217.2645195,159.6293111,1.252890877,29.22684944,9.153138863,186.2304636,-16.49874948,79.68661995,-44.59430812,-14.14206871,68.30418612,-38.2244588,-6.051285238,3.386426461,-16.35595951
1965,221.8011848,13.81528587,12.29462817,0.366028313,-0.80438728,-8.35670201,190.8621238,151.1578818,0.133976726,0.647038897,69.83446848,169.8538028,5.056785787,-11.11284023,-115.4502272,4.500182011,-9.889642513,-102.7425439,-0.294428519,-3.058789542,6.722024802
1999,267.7981238,15.53577851,14.47751131,0.060283261,5.515927595,-4.706420954,241.360414,209.5983336,0.003634072,30.42545723,22.1503982,224.9194091,0.936547387,85.69422941,-73.11791353,0.872751589,79.85690412,-68.13726258,0.332518101,-0.283718402,-25.96027721
2002,246.890597,15.85341199,13.95937839,2.446086895,4.366189464,-3.780255352,251.3306717,194.8642451,5.983341096,19.06361043,14.29033053,221.3037768,38.7788233,69.21900039,-59.92994552,34.14585255,60.94929086,-52.77001489,10.68007883,-9.246833075,-16.50531109
2008,239.5478568,15.49478332,13.78497451,-3.536646236,-0.723358376,-7.30318653,240.0883101,190.0255223,12.5078666,0.52324734,53.33653349,213.5951931,-54.7995671,-11.20828129,-113.1612928,-48.75257822,-9.971476771,-100.6742402,2.558262676,25.82878715,5.282821145
2015,260.53825,14.62114793,14.36901142,-5.307962136,2.336155473,-4.161458241,213.7779668,206.4684892,28.17446204,5.457622396,17.31773469,210.0914416,-77.6084996,34.15727477,-60.84529655,-76.27016856,33.56824468,-59.79604099,-12.4002248,22.08886277,-9.721813446
1938,233.0253458,15.00403974,13.96484,-2.798415107,0.202700362,-6.86858971,225.1212084,195.0167563,7.831127111,0.041087437,47.17752461,209.5290143,-41.98753147,3.041324293,-103.0565929,-39.07941923,2.83067813,-95.91875635,-0.567239756,19.22116521,-1.392265624
1970,267.0217931,15.43187673,14.93374975,-0.941712458,1.060585444,-6.154375581,238.1428194,223.0168816,0.886822353,1.124841483,37.8763388,230.4557853,-14.53239056,16.36682383,-94.97356532,-14.06329818,15.83851761,-91.9079048,-0.998766525,5.795652155,-6.527241157
1932,206.5325421,16.11537014,14.65605178,4.408754688,7.204519146,-0.680237819,259.7051548,214.7998537,19.4371179,51.90509613,0.46272349,236.1876992,71.04871367,116.1034927,-10.96228423,64.61493698,105.5898056,-9.969600688,31.76295756,-2.999001671,-4.900786387
1991,386.1152161,17.3114059,15.68521379,2.130329961,3.069102094,-5.479722239,299.6847741,246.0259318,4.538305744,9.419387661,30.02735581,271.5331026,36.87900665,53.13047208,-94.86169587,33.4146809,48.1395225,-85.95061484,6.538200144,-11.67361646,-16.817827
1989,216.9243148,14.81684634,14.12674112,0.705186686,3.468315968,-6.835609924,219.5389356,199.5648146,0.497288263,12.02921565,46.72556303,209.3137525,10.44864277,51.38950477,-101.2821819,9.961989758,48.9960018,-96.56489178,2.445810245,-4.820381111,-23.70805505
1965,193.6196499,14.97060688,13.5862415,1.40433957,1.333071005,-6.188241639,224.1190703,184.5859582,1.972169628,1.777078303,38.29433458,203.3942805,21.02381562,19.95688195,-92.64173285,19.07969655,18.11142461,-84.07494539,1.872084361,-8.690392602,-8.249365499
2010,261.9748941,17.16907098,17.25325054,2.147615922,1.268813296,-6.076758502,294.7769983,297.6746543,4.612254148,1.60988718,36.92699389,296.2222832,36.8725702,21.78434554,-104.332298,37.05335557,21.89115369,-104.8438369,2.724923637,-13.05054331,-7.710271985
2018,236.2330424,17.53699679,18.25014425,-0.237963283,2.728201445,-7.596788119,307.5462566,333.067765,0.056626524,7.443083125,57.71118972,320.0527211,-4.173161324,47.84446,-133.2248489,-4.342864232,49.79006991,-138.642479,-0.649211771,1.807756638,-20.72556832
2008,227.9215323,16.54829094,14.34217188,-1.61614387,1.307650777,-4.958987717,273.8459332,205.6978942,2.61192101,1.709950555,24.59155918,237.338433,-26.74441898,21.63938551,-82.06277154,-23.17901317,18.7545522,-71.12265418,-2.113351788,8.014437603,-6.484624143
1929,200.0155085,13.9897043,13.43455055,1.275932538,5.770711294,-3.523053196,195.7118265,180.4871484,1.628003841,33.30110884,12.41190382,187.9453896,17.84991892,80.73054463,-49.28647246,17.14158018,77.52691257,-47.33063624,7.363038307,-4.495178206,-20.33052287
1988,258.0193102,15.14888598,11.38130823,1.251049578,4.733263185,-2.252870001,229.4887463,129.5341771,1.565125047,22.40378037,5.07542324,172.4141407,18.95200741,71.70366428,-34.12847076,14.23858086,53.87072724,-25.64060788,5.92154691,-2.818452064,-10.66342663
1975,200.9345637,16.97427253,16.0446347,1.707265945,3.606187766,-2.548301144,288.125928,257.4303028,2.914757007,13.0045902,6.493838722,272.3460021,28.97959743,61.21241394,-43.25555811,27.39245843,57.85996538,-40.88656097,6.156721564,-4.350627761,-9.189652411
1974,223.4286291,14.25512781,13.68566645,2.653359295,2.519049527,-4.725659249,203.2086689,187.2974662,7.040315551,6.345610518,22.33185533,195.0909244,37.82397588,35.90937296,-67.36487658,36.31299029,34.4748716,-64.67379624,6.683943477,-12.53887189,-11.90416969
1952,218.1324394,18.62685325,17.28926054,-4.011612106,3.247034702,-6.446206893,346.959662,298.9185302,16.09303169,10.54323436,41.5535833,322.044519,-74.72371,60.48203889,-120.0725498,-69.35780691,56.13882896,-111.4501505,-13.02584372,25.85968161,-20.93105748
1971,202.3875332,18.11863534,16.79357482,5.42E-06,5.88777594,-4.117564145,328.2849464,282.0241552,2.94E-11,34.66590552,16.95433449,304.2766581,9.82E-05,106.6784652,-74.60464321,9.10E-05,98.87680577,-69.14862154,3.19E-05,-2.23E-05,-24.2432951
1986,202.5524375,17.01857989,16.46840835,1.969314266,-0.784548434,-9.971476008,289.6320616,271.2084735,3.87819868,0.615516245,99.43033379,280.2689232,33.51493218,-13.3519002,-169.7003611,32.43147151,-12.92026398,-164.2143387,-1.545022423,-19.63696996,7.823105885
1946,214.0541758,16.16792518,14.72489253,0.033430729,-0.474717855,-8.353894991,261.4018046,216.82246,0.001117614,0.225357042,69.78756152,238.0709607,0.540505531,-7.675202757,-135.0651492,0.492263897,-6.990169394,-123.010206,-0.015870164,-0.279276803,3.965743109
1980,246.4120758,15.24973975,14.44194639,0.136242091,6.909720127,-3.672463171,232.5545625,208.5698155,0.018561907,47.74423223,13.48698574,220.2359239,2.077656426,105.3714337,-56.0041076,1.96760097,99.78980764,-53.03751623,0.941394716,-0.50034406,-25.37569268
1999,215.7948969,16.77057241,16.13537541,1.665967997,6.855278858,-2.673411166,281.2520988,260.3503395,2.775449367,46.99484822,7.14712726,270.5994815,27.93923692,114.9669505,-44.83463552,26.88101904,110.6124979,-43.13649277,11.42067519,-4.453817444,-18.32697904
1992,206.5754181,13.93935634,11.97625942,-1.140970315,5.813164709,-2.762947918,194.3056552,143.4307896,1.30181326,33.79288393,7.6338812,166.9413477,-15.9043918,81.03177435,-38.51371559,-13.66455648,69.61996859,-33.08978103,-6.632648371,3.152441558,-16.06147133
2015,223.4484738,17.32662283,17.1824347,-3.36965805,4.441533332,-1.62154876,300.2118587,295.2360622,11.35459537,19.72721834,2.629420382,297.7135653,-58.38479409,76.95677283,-28.09596377,-57.89892939,76.31635643,-27.86215568,-14.96644854,5.464064833,-7.202162867
2016,208.0949838,17.76157262,16.5256882,3.204695404,8.9208667,2.283408248,315.4734619,273.0983704,10.27007263,79.58186268,5.213953229,293.522211,56.92043014,158.4486217,40.55692143,52.95979701,147.4234615,37.73489274,28.58866051,7.317627919,20.36998061
2009,212.8285115,17.17089051,15.97394768,-1.155819412,2.212389842,-6.603084209,294.8394809,255.1670046,1.335918513,4.894668813,43.60072107,274.2869067,-19.84644857,37.98870374,-113.380836,-18.46299882,35.34059959,-105.4773217,-2.557123126,7.631972908,-14.60859643
2017,210.9193288,16.59538756,14.38556319,3.809927239,2.035891818,-5.995010265,275.4068882,206.9444282,14.51554557,4.144855493,35.94014808,238.7339963,63.2272191,33.78641374,-99.48951877,54.80794904,29.28745039,-86.24159898,7.756599692,-22.84055291,-12.20519235
2004,208.4891237,15.24842103,14.21826586,2.763944255,5.029729642,-2.769382693,232.5143439,202.1590841,7.639387847,25.29818027,7.669480499,216.8061042,42.14578571,76.69543525,-42.22871329,39.29849425,71.51403327,-39.3758194,13.90189235,-7.654419385,-13.92924622
1969,195.7722648,13.78427671,13.38732119,0.222661811,2.744552221,-6.770907219,190.0062845,179.2203685,0.049578282,7.532566894,45.84518457,184.5345397,3.06923201,37.83166727,-93.33205871,2.980845174,36.74220209,-90.64430966,0.611106967,-1.507622461,-18.58310845
1944,199.7705026,18.2269444,16.38317115,-3.142896004,2.259503879,-7.306892072,332.2215022,268.4082968,9.877795291,5.10535778,53.39067176,298.6151496,-57.28539072,41.18385158,-133.1823155,-51.49060313,37.01783876,-119.7100634,-7.101385712,22.96480189,-16.50995098
1936,293.8404701,14.96138344,12.37748099,-0.716498354,-0.01266029,-8.392444877,223.8429946,153.2020356,0.513369891,0.000160283,70.43313102,185.1842391,-10.71980661,-0.18941546,-125.5625858,-8.868444751,-0.156702505,-103.8773269,0.009071077,6.01317294,0.10625079
1971,184.1464476,17.9560337,17.31399834,-0.705053185,4.806572952,-5.491278534,322.4191462,299.7745385,0.497099994,23.10314354,30.15413994,310.8907376,-12.65995875,86.30698589,-98.6015824,-12.20728968,83.2209961,-95.07598742,-3.388889569,3.87164342,-26.39423087
1989,239.811276,14.88437307,14.09223558,-0.100834512,4.764086998,-6.984910659,221.5445618,198.5911035,0.010167599,22.69652492,48.78897691,209.7540917,-1.500858495,70.91044823,-103.9660161,-1.420983697,67.13663628,-98.43300648,-0.480384387,0.704320057,-33.27672205
1960,223.8616101,15.24967006,14.51949423,-4.304926024,5.925969547,-1.868240588,232.552437,210.8157126,18.53238808,35.11711508,3.490322893,221.4174964,-65.64870152,90.3690804,-28.49005256,-62.50534855,86.04208062,-27.12590842,-25.51086052,8.042637525,-11.07113683
1982,186.8029254,13.33079526,13.08775617,1.271146988,1.533626279,-7.41180239,177.7101022,171.2893616,1.615814666,2.352009564,54.93481466,174.4701979,16.94540024,20.44445793,-98.80522014,16.63646184,20.0717268,-97.00386246,1.949464426,-9.421490285,-11.36693492
1937,171.6298269,16.08245221,15.39861123,-2.528914189,5.743000496,-4.002283302,258.6452691,237.1172279,6.395406976,32.98205469,16.01827163,247.6474292,-40.67114159,92.36153101,-64.36652993,-38.94176644,88.43423194,-61.6296046,-14.52355544,10.12143103,-22.98511498
1945,234.9184981,14.67874236,13.86075887,2.18371535,-0.525962043,-8.87561027,215.4654773,192.1206365,4.768612732,0.276636071,78.77645767,203.4585084,32.05419502,-7.720461323,-130.2827964,30.26795192,-7.290233057,-123.0226938,-1.148551387,-19.38180639,4.668234112
1938,204.4176161,15.3101206,14.77648651,-3.121695638,0.341226539,-6.887319612,234.3997927,218.3445535,9.744983655,0.116435551,47.43517144,226.2297904,-47.79353669,5.224219469,-105.4456939,-46.12769347,5.042129355,-101.7703853,-1.065205399,21.50011559,-2.350136237
1925,166.626285,16.83148953,15.59774398,-0.77394418,-0.306060361,-10.07603361,283.2990398,243.2896173,0.598989594,0.093672945,101.5264533,262.5332646,-13.02663336,-5.15145176,-169.5946542,-12.07178318,-4.773851152,-157.1633926,0.236873635,7.798287569,3.083874483
1992,190.0366018,14.18015988,11.50900415,-2.380660356,5.075113576,-4.073419387,201.0769343,132.4571764,5.667543731,25.75677781,16.5927455,163.1995189,-33.75814447,71.96592192,-57.76173817,-27.39902991,58.40950318,-46.88100061,-12.08212169,9.697428048,-20.67306603
1999,203.5998317,16.33365574,15.80695125,1.188445823,6.363512426,-3.963408467,266.7883098,249.8597077,1.412403473,40.4942904,15.70860668,258.1853,19.41166493,103.9394213,-64.73694946,18.78570518,100.5877307,-62.64940442,7.56268976,-4.710296237,-25.22119903
1998,206.4908762,16.23119967,15.6861053,-1.218370129,2.517349619,-3.846309365,263.4518428,246.0538995,1.48442577,6.337049102,14.79409573,254.6043072,-19.77560883,40.8596043,-62.43021529,-19.11148213,39.4874112,-60.33361371,-3.067063578,4.686228435,-9.682505412
2002,203.3127917,17.28697998,16.66169043,3.226790295,6.498527183,-2.578143933,298.8396769,277.6119279,10.41217561,42.23085555,6.64682614,288.0303088,55.78145923,112.3399093,-44.56832256,53.76378096,108.2764482,-42.95623609,20.96938444,-8.319129822,-16.75413843
2004,188.4147377,14.96298284,14.44907512,0.780920874,4.594970665,-4.220702544,223.8908555,208.7757719,0.609837411,21.11375541,17.81432997,216.2012631,11.68490563,68.75446721,-63.15429974,11.28358437,66.39307632,-60.98524812,3.588308506,-3.296034718,-19.39400438
2009,200.8595078,16.956413,16.32836398,-1.011834591,1.74297719,-7.8114309,287.5199418,266.6154702,1.02380924,3.037969486,61.01845271,276.8704832,-17.15708521,29.55464109,-132.4538484,-16.52160349,28.45996597,-127.5478869,-1.763604613,7.903875991,-13.61514588
2015,215.6781862,16.49848055,17.06868175,-3.976753779,3.496144054,-2.568206985,272.1998606,291.3398966,15.81457062,12.22302324,6.59568712,281.6073139,-65.61039489,57.68106469,-42.37151301,-67.87794464,59.6745702,-43.8359077,-13.90330408,10.21312683,-8.978821581
1940,251.3170169,13.64718465,12.44790506,-2.188033642,4.835856335,-4.388316578,186.2456489,154.9503404,4.787491219,23.3855065,19.25732239,169.8788589,-29.86049914,65.99582436,-59.88816666,-27.23643504,60.19628054,-54.62534814,-10.58101635,9.601784306,-21.22126853
1958,317.6346378,10.8376918,10.80598736,-1.092015846,3.912903468,-5.139595647,117.4555636,116.7693629,1.192498608,15.31081355,26.41544341,117.1119607,-11.83493118,42.40684184,-55.70135361,-11.80030943,42.28278543,-55.53840562,-4.272952591,5.612519888,-20.11074163
1928,193.0322163,11.29852967,10.50606122,-0.196690613,0.332684534,-9.463058492,127.6567727,110.3773224,0.038687197,0.110678999,89.54947602,118.7030444,-2.222314724,3.758846074,-106.9186471,-2.06644362,3.495204078,-99.41947186,-0.065435925,1.861294774,-3.148213201
1980,257.7057207,12.23099016,11.83946591,-1.301293356,3.58070349,-5.80063008,149.5971203,140.1729531,1.693364397,12.82143748,33.64730933,144.8083911,-15.91610623,43.79554916,-70.94744945,-15.40661833,42.39361691,-68.67636211,-4.65954566,7.548321382,-20.77033637
1952,260.6612926,15.56678961,14.96232409,-5.976824636,-0.503923359,-9.421013011,242.3249389,223.8711422,35.72243273,0.253938752,88.75548616,232.9153512,-93.03997167,-7.844468908,-146.6549275,-89.42718723,-7.539864611,-140.9602499,3.011861546,56.30774266,4.74746852
1949,258.7949454,15.39268053,14.3054716,1.280620529,1.732644418,-6.647586213,236.934614,204.6465178,1.639988938,3.00205668,44.19040246,220.1995543,19.71218268,26.67004201,-102.3241709,18.31988061,24.78629552,-95.0968558,2.218860011,-8.51303537,-11.51790315
1987,282.3287818,15.17326686,13.64441583,-3.82970452,1.476381671,-5.553744013,230.2280271,186.1700832,14.66663671,2.179702839,30.84407256,207.0303624,-58.10912866,22.40153308,-84.26843996,-52.25408095,20.14436544,-75.7775927,-5.654105559,21.26919855,-8.199445867
1979,251.1659211,13.42025104,12.05988488,-0.727728777,-0.990615492,-8.493148114,180.1031379,145.4408234,0.529589172,0.981319052,72.13356489,161.8466826,-9.766302869,-13.29430858,-113.9801798,-8.776325273,-11.94670879,-102.4263886,0.7208994,6.180708287,8.413444095
1961,298.3643293,12.53338166,11.42490193,-0.10151601,-0.050884968,-10.25044534,157.0856559,130.5283842,0.0103055,0.00258928,105.0716296,143.1926564,-1.2723389,-0.637760722,-128.4727436,-1.159810461,-0.581355766,-117.1103328,0.005165639,1.040584313,0.52159358
1943,217.2724604,15.58758005,14.24002117,-1.251479876,-2.341192521,-10.08050579,242.9726519,202.7782031,1.566201881,5.48118242,101.6165969,221.96747,-19.50754276,-36.49352584,-157.1306909,-17.82109994,-33.33863107,-143.5466158,2.929955327,12.61555014,23.60040475
1991,441.5266234,15.24322664,14.15463192,0.469692948,1.115655968,-7.404377722,232.3559585,200.3536047,0.220611465,1.24468824,54.82480944,215.7622624,7.159636057,17.00619678,-112.8666078,6.648330791,15.79169958,-104.8062412,0.524015741,-3.477783999,-8.260738196
1956,297.6294027,14.93906385,13.52353589,-3.963338734,-0.950345245,-10.36797246,223.1756287,182.8860229,15.70805392,0.903156084,107.4948529,202.0289661,-59.20857041,-14.19726829,-154.8878026,-53.59835361,-12.85202803,-140.2116477,3.76654012,41.09178685,9.853153327
2006,266.0831397,13.25554312,11.8094994,-0.897210484,-2.972636023,-9.268665452,175.7094235,139.4642761,0.804986652,8.836564924,85.90815925,156.5413286,-11.89301225,-39.40390499,-122.8611946,-10.59560667,-35.10534333,-109.4582991,2.667080203,8.315943812,27.5523688
2016,256.8627,14.44625599,13.49179214,1.118410906,6.267219891,-0.034405638,208.6943123,182.028455,1.250842954,39.27804516,0.001183748,194.905883,16.15685025,90.53786292,-0.497032654,15.08936746,84.55602804,-0.464193716,7.009327075,-0.038479641,-0.215627699
1929,181.9101316,14.03529726,12.98566377,1.116519488,5.00581717,-4.086471444,196.9895691,168.6274636,1.246615768,25.05820554,16.69924886,182.2576511,15.67068291,70.258132,-57.35484145,14.49874667,65.00385867,-53.06554419,5.589092425,-4.562625006,-20.45612892
1958,213.0446267,13.54844152,13.42321585,0.122317574,6.615615199,-3.097853083,183.5602676,180.1827239,0.014961589,43.76636447,9.596693722,181.863655,1.657212499,89.63127563,-41.97108132,1.6418952,88.80283083,-41.58315061,0.809206002,-0.378921874,-20.49420394
1976,161.8601095,15.58937395,13.53328678,3.544957562,3.940928671,-3.437409986,243.0285801,183.1498512,12.56672411,15.53091879,11.81578741,210.9754684,55.26366907,61.43661076,-53.58706968,47.97492732,53.3337179,-46.51945513,13.97042489,-12.18547252,-13.54658757
1953,266.6026269,17.7762927,16.16080472,-1.148971574,3.742089495,-3.402369883,315.9965823,261.1716092,1.320135678,14.00323379,11.57612082,287.2791951,-20.42445501,66.52047819,-60.48152294,-18.56830524,60.47517757,-54.98503527,-4.299554457,3.90922628,-12.7319726
1944,227.9053738,17.73201971,15.86745645,-2.385948746,2.475345233,-7.072571608,314.4245229,251.7761742,5.692751417,6.127334021,50.02126916,281.3620505,-42.30769018,43.89287045,-125.4109791,-37.85893781,39.27743268,-112.223722,-5.906046853,16.87479336,-17.50705641
1966,237.549174,14.91096851,13.43553652,1.221560942,7.09137382,-1.612008803,222.3369818,180.5136417,1.492211134,50.28758266,2.59857238,200.3368619,18.21465673,105.7392517,-24.03661249,16.41232664,95.27641196,-21.65820315,8.66254528,-1.969166991,-11.43135702
1978,187.5145909,16.09855946,13.66385103,0.997448612,0.567315416,-7.647767927,259.1636167,186.7008251,0.994903735,0.321846781,58.48835426,219.9683183,16.0574858,9.13296096,-123.1180467,13.62898925,7.751713335,-104.4979617,0.565867975,-7.628255507,-4.338696644
1993,224.0360309,15.22916528,14.34793567,1.040860431,2.546453929,-4.392120703,231.927475,205.8632579,1.083390437,6.484427612,19.29072427,218.5070836,15.85143553,38.78036775,-66.88833209,14.9341985,36.53635715,-63.01786528,2.650503134,-4.571584647,-11.18433302
2009,209.9105847,16.22505666,15.30572439,-1.250894556,1.195230513,-7.157376516,263.2524637,234.265199,1.564737191,1.428575979,51.2280386,248.3362454,-20.29583505,19.39268279,-116.1288395,-19.14584731,18.29386881,-109.5488323,-1.495107342,8.953123321,-8.554714805
2013,220.6617887,15.97929425,15.17710463,-0.998160654,6.526445076,-1.069455907,255.3378447,230.3445049,0.996324692,42.59448533,1.143735938,242.5194207,-15.94990281,104.2879863,-17.08915063,-15.14918869,99.05253977,-16.2312442,-6.514440689,1.067488808,-6.97974524
1955,192.8575988,13.69269673,13.03901478,0.781778322,4.764933835,-3.401492373,187.4899437,170.0159065,0.611177345,22.70459446,11.57015037,178.5392751,10.70465347,65.24479394,-46.57560349,10.1936191,62.13004272,-44.35210934,3.725121978,-2.659213,-16.2078861
1929,184.0709604,14.22525119,13.49549964,1.449518866,6.210519716,-3.326005723,202.3577713,182.1285106,2.101104944,38.57055514,11.06231407,191.9768723,20.61976997,88.34620295,-47.31326686,19.56198135,83.81406661,-44.88610905,9.002265499,-4.821108046,-20.65622412
1940,188.5358672,16.87060047,15.06683392,-0.680755527,7.22448026,-2.58826253,284.6171601,227.0094843,0.463428088,52.19311503,6.699102922,254.1865353,-11.48475451,121.88132,-43.66554304,-10.25683046,108.8500442,-38.99692167,-4.918104867,1.761974022,-18.69885155
1975,184.8148364,17.01085124,16.03265111,1.921321744,4.12315477,-2.179940806,289.36906,257.0459017,3.691477244,17.00040526,4.75214192,272.7290431,32.68331838,70.13837245,-37.08264878,30.8038812,66.10510192,-34.9502304,7.921906914,-4.188367672,-8.988233335
1954,202.503696,18.37994043,16.29963428,-0.69017603,6.047522127,-4.606395079,337.8222102,265.6780778,0.476342952,36.57252388,21.21887563,299.5863072,-12.68539431,111.1530964,-84.66526715,-11.24961688,98.57239901,-75.08255517,-4.173854812,3.179223468,-27.85727617
1970,193.4771351,15.83648843,15.58092469,-0.486307366,2.339325448,-5.220172569,250.7943658,242.7652141,0.236494854,5.472443549,27.25020165,246.7471336,-7.701400976,37.04670039,-82.66920249,-7.577118444,36.44885362,-81.33511564,-1.137631197,2.538608372,-12.21168253
1948,187.0637839,15.92405663,14.24314518,-0.868574864,5.352708532,-3.784884239,253.5755795,202.8671846,0.754422294,28.65148863,14.3253487,226.8086504,-13.83123531,85.23683377,-60.27071094,-12.37123788,76.23940473,-53.9086557,-4.649228083,3.287455312,-20.25938216
1961,187.6296953,14.36207595,13.55057369,1.164786068,1.737055211,-7.762432923,206.2692255,183.6180475,1.356726585,3.017360806,60.25536488,194.6143685,16.72874597,24.94771887,-111.4846512,15.78351946,23.53809465,-105.1854194,2.02329771,-9.041573724,-13.48377456
1960,188.7722921,15.2645397,14.69293145,-2.929355785,6.732616074,-0.760670797,233.0061724,215.8822346,8.581125316,45.3281192,0.578620061,224.2808355,-44.71526769,102.7702854,-11.61128958,-43.04082374,98.92186645,-11.17648387,-19.72222785,2.228275399,-5.121304433
1993,187.573677,15.95034716,15.68301268,1.642171693,3.947923945,-3.43147291,254.4135745,245.9568869,2.69672787,15.58610348,11.77500634,250.1494968,26.1932086,62.97075749,-54.73318419,25.75419949,61.91534131,-53.81583318,6.48316895,-5.635067679,-13.54719407
1995,193.8327755,16.28825921,15.78997278,3.163622762,7.051531633,-1.070218269,265.307388,249.3232404,10.00850898,49.72409837,1.145367142,257.1911695,51.52990758,114.857175,-17.43199256,49.9535173,111.3434925,-16.89871733,22.30838598,-3.385766875,-7.546677975
2003,187.8487583,13.83804908,13.26990802,-0.833848289,4.877793723,-5.236408897,191.4916024,176.0904588,0.695302969,23.79287161,27.41997813,183.6296385,-11.53883355,67.49914896,-72.46168333,-11.06509009,64.72787403,-69.4866644,-4.06733995,4.366370599,-25.54212245
1997,190.6617776,16.21907285,15.41332489,-2.801620971,4.266649578,-3.568926061,263.0583242,237.5705842,7.849080065,18.20429862,12.73723323,249.9898393,-45.43969464,69.20110034,-57.88467179,-43.18229425,65.76325614,-55.00901688,-11.95353493,9.998778096,-15.22735687
1999,189.1714398,16.88218076,16.69633976,1.899150705,7.01006932,-2.178687128,285.0080271,278.7677614,3.606773399,49.14107187,4.746677604,281.8706258,32.06180548,118.3452574,-36.78098991,31.70886542,117.0424991,-36.37610053,13.31317809,-4.137655195,-15.2727478
2018,186.4777534,18.57862024,18.65702844,0.71550411,4.186570393,-6.379770761,345.16513,348.0847101,0.511946132,17.52737166,40.70147496,346.6218461,13.29307914,77.78070144,-118.5273382,13.34918053,78.10896288,-119.0275645,2.995508324,-4.564752202,-26.70935938
1985,270.8128447,15.57701411,14.42569346,-0.10438608,8.487380962,-0.930089638,242.6433687,208.1006317,0.010896454,72.0356356,0.865066735,224.7092306,-1.626023447,132.208053,-14.48801942,-1.505841597,122.436356,-13.41718801,-0.885964431,0.097088412,-7.89402509
1950,293.3193299,16.35312438,15.44410823,-0.017546212,8.529236774,-3.156322385,267.4246769,238.520479,0.00030787,72.74787995,9.962370999,252.5594228,-0.286935381,139.4796698,-51.61573254,-0.270985592,131.7264559,-48.74658453,-0.149655794,0.055381501,-26.92102096
1951,285.2603701,15.81370121,15.59333408,-2.956139498,1.269931474,-8.41326575,250.0731459,243.1520679,8.738760731,1.612725948,70.78304058,246.5883261,-46.74750675,20.08231688,-133.0448708,-46.09607079,19.80246574,-131.1908636,-3.75409459,24.87078719,-10.68427097
1958,285.9552626,15.13831627,14.7754954,0.627592953,8.985883245,-1.926136695,229.1686195,218.3152643,0.393872915,80.74609769,3.71000257,223.6761224,9.500700618,136.0311425,-29.15846648,9.272996795,132.7708765,-28.45962388,5.639477005,-1.208829817,-17.30803946
1959,300.4180447,17.10601712,15.18043961,1.425443176,3.041943057,-7.824374946,292.6158218,230.4457468,2.031888249,9.253417563,61.2208433,259.6768599,24.38365538,52.03553002,-133.8438918,21.63885406,46.17803288,-118.7774514,4.336116973,-11.15320188,-23.80130304
1928,239.1587576,14.28256517,14.4983335,2.224556802,4.582407977,-6.38178027,203.9916679,210.2016744,4.948652965,20.99846287,40.72711941,207.0733931,31.7723775,65.44854057,-91.14819261,32.25236641,66.4372791,-92.52517869,10.19382683,-14.19663271,-29.24392081
1987,277.8214751,18.19685903,16.56877615,-0.197342038,4.543338844,-2.910997036,331.1256786,274.524343,0.03894388,20.64192785,8.473903745,301.4996838,-3.591005241,82.67449648,-52.97100271,-3.269716047,75.27756427,-48.23165826,-0.896591746,0.574462087,-13.22564591
1936,373.3064471,15.59074148,13.13508349,0.546769398,1.603814738,-7.086055182,243.0712199,172.5304183,0.298956774,2.572221713,50.21217804,204.785691,8.524540329,25.00466096,-110.4768545,7.18186169,21.06624049,-93.07592645,0.876916818,-3.874438124,-11.36471973
2002,291.4040686,18.77317502,17.01966025,3.295177031,7.255994906,-1.495596119,352.4321003,289.668835,10.85819167,52.64946207,2.236807752,319.5130607,61.86093513,136.2180623,-28.07708771,56.08279354,123.4945681,-25.45453782,23.90978775,-4.928253981,-10.85203782
2000,271.5808407,16.45076883,16.00451011,2.134341731,6.212087296,-3.070048168,270.6277952,256.144344,4.555414625,38.59002857,9.425195753,263.2864962,35.11156243,102.1936121,-50.50465272,34.15909382,99.42141395,-49.13461696,13.25871715,-6.552531921,-19.07140722
2005,288.8617299,18.20431441,16.26651605,3.777473851,5.265662739,-4.3398463,331.3970633,264.5995443,14.2693087,27.72720408,18.83426591,296.1207725,68.76632167,95.8577801,-79.00392655,61.44633902,85.65398745,-70.59417948,19.89090331,-16.39365592,-22.85216696
1985,302.4119057,15.89581713,15.18124705,0.087768839,9.727631417,-0.352620741,252.6770022,230.4702619,0.007703369,94.62681298,0.124341387,241.3183269,1.39515742,154.6286501,-5.605194815,1.332440433,147.6775757,-5.353222584,0.853782919,-0.030949113,-3.430164599
1961,302.2471535,15.76111307,14.14750348,1.399069296,3.760943025,-6.917685931,248.4126853,200.1518548,1.957394895,14.14469244,47.85437864,222.9804021,22.05088938,59.27664828,-109.0304302,19.79333774,53.20795455,-97.8679858,5.261819911,-9.678321987,-26.01702265
1937,301.6659554,18.00253862,16.63840493,-1.702331717,8.264273027,-2.605761205,324.0913969,276.8365187,2.897933275,68.29820866,6.789991456,299.5335274,-30.64629249,148.7778944,-46.91031673,-28.32408444,137.5043211,-43.35571008,-14.06853409,4.435869946,-21.53472204
1990,305.2002422,18.05442599,16.96694714,-0.833926747,-0.110445138,-11.54853903,325.9622979,287.8772953,0.69543382,0.012198128,133.3687538,306.3284915,-15.05606874,-1.994023566,-208.5022433,-14.14919104,-1.873916815,-195.9434513,0.092103155,9.630635592,1.275479985
1940,301.7694186,17.53139857,15.50148988,-0.565067314,8.88898116,-2.500224278,307.3499359,240.2961886,0.31930107,79.01398606,6.251121442,271.7627976,-9.906420309,155.8362716,-43.83242834,-8.759385258,137.7924515,-38.75720136,-5.022872712,1.412795018,-22.22444651
2002,307.7222064,19.21382675,17.28946787,3.630141444,8.163046658,-1.06589524,369.1711384,298.9256994,13.1779269,66.63533075,1.136132662,332.1968403,69.74890878,156.8433643,-20.47992647,62.76321387,141.134733,-18.42876151,29.63301398,-3.869350485,-8.700952576
1998,305.9348308,18.46482834,17.63248502,0.886761519,4.800387927,-2.102055765,340.9498855,310.9045279,0.786345991,23.04372425,4.418638437,325.580809,16.37389922,88.63833902,-38.81409885,15.63580919,84.6427682,-37.06446678,4.256799288,-1.864022162,-10.09068311
2006,313.6463079,17.78695976,15.34456516,0.916197358,2.964365562,-5.13204508,316.3759375,235.4556799,0.839417599,8.787463183,26.3378867,272.933163,16.29636554,52.72705096,-91.28347932,14.05865006,45.48690052,-78.74900013,2.715943896,-4.701966144,-15.2132577
1991,403.5233691,18.82328092,17.43774792,3.668075904,7.29419581,-3.29005579,354.3159045,304.0750525,13.45478084,53.20529251,10.8244671,328.2356276,69.04522316,137.3006968,-61.92964438,63.96298295,127.1943478,-57.37116351,26.75566389,-12.06817437,-23.99831116
1935,382.6087262,15.26759313,14.90296343,3.141813841,4.079904966,-4.717303401,233.0994,222.098319,9.870994211,16.64562453,22.25295137,227.5323821,47.96793542,62.29032903,-72.021869,46.82233678,60.80267451,-70.30180008,12.81830189,-14.82088912,-19.24614957
1950,386.6379218,17.02405783,15.94873923,0.179305237,9.608585118,-2.568507462,289.8185448,254.362283,0.032150368,92.32490798,6.597230585,271.5122589,3.052502726,163.5771087,-43.72641956,2.85969247,153.2448184,-40.96445573,1.722869633,-0.46054684,-24.67972258
1940,403.3109878,16.87818442,15.52962306,-0.502476219,8.729172377,-2.292436894,284.8731092,241.1691925,0.252482351,76.19845038,5.255266911,262.111842,-8.480886292,147.3325812,-38.69217265,-7.803266282,135.5607567,-35.60068085,-4.386201532,1.151895023,-20.01107681
1980,424.9267225,16.19804653,14.88239747,0.953735238,7.74803222,-3.155556639,262.3767115,221.4857545,0.909610904,60.03200329,9.957537703,241.0657668,15.44864777,125.5029865,-51.11385328,14.1938669,115.3092951,-46.96224815,7.389571354,-3.009565563,-24.44935451
1979,335.1960626,16.48469397,15.03005398,3.292548542,6.216148819,-3.652620057,271.7451353,225.9025225,10.8408759,38.64050614,13.34163328,247.7658402,54.2766551,102.471311,-60.21232383,49.48718231,93.42905228,-54.89907662,20.46697173,-12.02642884,-22.70522986
1928,345.0366536,14.52707083,14.74139141,2.816332693,5.668633557,-5.526514422,211.0357869,217.3086208,7.931729837,32.13340641,30.54236166,214.1492372,40.91306451,82.3486412,-80.28406646,41.51666258,83.56354605,-81.46851225,15.96475801,-15.56450325,-31.32778511
1937,379.6787188,17.05296387,16.35318094,-1.430158387,8.433762109,-2.310817157,290.8035767,267.4265268,2.045353013,71.12834331,5.339875931,278.8702037,-24.38843931,143.8206405,-39.40628148,-23.38763888,137.9188378,-37.78921108,-12.06161562,3.304834538,-19.48888217
1969,359.9097649,15.78311241,15.35978112,2.327491283,4.935596693,-4.757840301,249.1066375,235.9228761,5.417215674,24.36011471,22.63704433,242.4251521,36.73505657,77.89907743,-75.09352832,35.74975667,75.8096849,-73.07938563,11.48755828,-11.07383183,-23.48278085
1968,354.8771524,16.8491876,16.1418557,-0.749256308,6.743417263,-1.486930359,283.8951229,260.5595055,0.561385015,45.47367639,2.210961892,271.977155,-12.62436009,113.6211026,-25.05356857,-12.0943872,108.8512684,-24.00181529,-5.052547921,1.114091951,-10.02699185
1998,379.2015075,17.90676869,17.28599353,0.426027458,4.956289252,-2.328552964,320.6523648,298.8055723,0.181499395,24.56480315,5.422158904,309.5362876,7.628775146,88.75112517,-41.69685929,7.364307884,85.67438394,-40.25135146,2.111515311,-0.9920275,-11.54098203
1946,214.2870068,14.76580409,13.62416813,-0.972029159,-1.542499868,-9.72852525,218.0289705,185.6179573,0.944840687,2.379305844,94.64420354,201.1717976,-14.35279214,-22.77625087,-143.6494979,-13.2430887,-21.01527755,-132.5430637,1.499354851,9.456410222,15.00624892
1960,239.2310359,14.57659472,13.60451619,-4.163236983,5.736789215,-2.109307534,212.4771135,185.0828609,17.33254218,32.9107505,4.449178274,198.3075189,-60.68581821,83.62285136,-30.74652106,-56.63882496,78.04624178,-28.69610851,-23.88361303,8.781547135,-12.10065271
1985,186.9666975,14.22550273,11.80372176,-1.487922083,5.741698759,-3.448685623,202.3649278,139.3278475,2.213912124,32.96710464,11.89343253,167.9138761,-21.16643964,81.67855136,-49.05928674,-17.56301827,67.7734146,-40.70732554,-8.543200376,5.131375495,-19.80131396
1963,194.43548,14.99095509,13.87786716,-0.869945994,1.784438806,-8.851396597,224.7287346,192.5951968,0.756806033,3.184221853,78.34722173,208.0424833,-13.04132133,26.75044201,-132.6908889,-12.07299494,24.7642047,-122.8385061,-1.552365392,7.700237014,-15.79477558
1976,184.1705811,14.88403716,12.92658049,2.899136638,3.682877951,-4.372231498,221.5345623,167.0964831,8.404993248,13.56359,19.11640827,192.3997044,43.15085747,54.81609229,-65.07645609,37.4759231,47.60701827,-56.51800236,10.6771664,-12.67569653,-16.10239498
1939,173.0728282,16.67252827,15.71378902,-0.380599635,2.919361629,-5.841085404,277.9731988,246.9231653,0.144856082,8.522672322,34.1182787,261.9885916,-6.345558179,48.67313928,-97.38566151,-5.98066237,45.87423271,-91.78558368,-1.111107971,2.223114975,-17.0522406
1953,255.385188,16.75924896,15.66299843,-1.747406063,3.436344993,-4.022431419,280.8724259,245.3295197,3.05342795,11.80846691,16.17995452,262.5000901,-29.28521326,57.59056127,-67.41292959,-27.36961842,53.82346622,-63.00333697,-6.004690076,7.028821049,-13.82246207
1969,180.8250925,13.23243884,12.51365049,0.1798253,2.166699668,-6.74382627,175.0974376,156.5914486,0.032337139,4.694587453,45.47919276,165.5861147,2.37952729,28.67072084,-89.23726865,2.250270959,27.11332237,-84.3898849,0.389627419,-1.212710585,-14.61184614
1933,283.6715537,17.38736272,15.12354157,-3.771611738,2.606414128,-7.199583038,302.3203822,228.7215096,14.2250551,6.793394605,51.83399592,262.9585028,-65.57838132,45.31866783,-125.1817617,-57.04012691,39.41821241,-108.8831934,-9.830382119,27.15403189,-18.76509494
1951,235.4999025,14.26390071,13.81703238,-3.856705563,-1.728891952,-10.69917792,203.4588635,190.9103838,14.8741778,2.989067381,114.4724081,197.084778,-55.01166522,-24.66074314,-152.6120115,-53.28822564,-23.88815608,-147.8308877,6.667827208,41.26357899,18.49772259
1968,235.6692863,15.80909366,14.34451735,-2.53286382,3.173275427,-3.917245623,249.9274425,205.7651779,6.415399129,10.06967694,15.34481327,226.7738183,-40.04228136,50.16660846,-61.92810296,-36.332709,45.51910442,-56.19099779,-8.037474519,9.92184971,-12.43049928
1931,214.0358968,16.73010917,15.12592153,-0.807334619,2.51113758,-5.742309095,279.8965528,228.7935021,0.651789187,6.305811947,32.97411374,253.0583184,-13.50679631,42.01160586,-96.06945805,-12.21168009,37.98326998,-86.85771676,-2.027328301,4.635964925,-14.41972817
2012,323.1444182,15.5320065,12.41513079,1.170885258,5.489780406,-2.58405051,241.2432259,154.1354724,1.370972286,30.13768891,6.677317039,192.8318921,18.18619743,85.26730495,-40.13548931,14.53669361,68.15634174,-32.08132504,6.427902945,-3.025626647,-14.18586986
2004,200.2589752,15.23115685,13.56076254,1.39646714,4.48172823,-4.232581302,231.988139,183.8942808,1.950120474,20.08588792,17.91474448,206.5461013,21.26981005,68.26190563,-64.46710969,18.93715929,60.77565231,-57.39702998,6.258586205,-5.910660707,-18.9692791
1962,200.007483,15.27272758,14.74176387,-0.112267607,0.579151414,-8.072121107,233.2562079,217.3196019,0.012604016,0.33541636,65.15913916,225.1469437,-1.714632579,8.845221775,-123.2833067,-1.655022553,8.537713388,-118.9973033,-0.065019943,0.90623772,-4.674980352
1943,194.6000301,17.79354841,16.72762457,-0.700119958,-0.803507272,-9.319867877,316.6103651,279.8134238,0.490167955,0.645623936,86.85993725,297.6437977,-12.45761836,-14.29724555,-165.8335203,-11.71134381,-13.44076799,-155.8992509,0.562551477,6.525025503,7.488581615
1965,189.4628529,14.91265408,14.1013504,0.595467088,0.153275163,-7.956107823,222.3872516,198.848083,0.354581053,0.023493275,63.29965169,210.2885605,8.879994702,2.285739478,-118.6466838,8.396890062,2.161386774,-112.1918642,0.091270315,-4.73760036,-1.21947372
1956,239.1037365,16.40224794,14.93502198,-4.41993388,0.844654421,-9.671918108,269.0337374,223.0548814,19.5358155,0.713441091,93.54599989,244.9679334,-72.49685136,13.85423123,-158.6411988,-66.01180963,12.61493234,-144.4503095,-3.733316691,42.74923853,-8.169428387
1961,227.5348267,14.19261597,12.94324171,-0.269764509,1.732152163,-9.586121969,201.4303479,167.5275059,0.07277289,3.000351117,91.89373441,183.6984589,-3.828664077,24.58377045,-136.0521477,-3.491627244,22.41966412,-124.0754937,-0.467273178,2.585995486,-16.60462191
1989,413.0834651,15.15738961,13.48269688,-0.622427904,3.684366046,-7.696830313,229.7464599,181.7831152,0.387416496,13.57455316,59.24119686,204.3624897,-9.43438225,55.84537164,-116.6638558,-8.392006764,49.67519061,-103.7740301,-2.293252237,4.790721961,-28.35794027
1960,291.8086349,14.67547523,13.8588434,-5.061352501,5.345968432,-2.466386933,215.3695733,192.0675403,25.61728914,28.57937848,6.083064504,203.385113,-74.27775327,78.45462732,-36.19540035,-70.14449168,74.0889393,-34.18127026,-27.05783069,12.48325367,-13.18522669
1971,167.4995992,18.14557805,16.78097594,-1.359812814,3.28368648,-6.574299293,329.2620027,281.6011534,1.84909089,10.7825969,43.2214112,304.5005086,-24.67458955,59.58438932,-119.2944609,-22.81898612,55.10346381,-110.3231582,-4.465198954,8.939816424,-21.58793771
2013,253.9225725,16.1038788,14.72575691,-1.712606499,4.548259554,-3.68053674,259.3349125,216.8479166,2.933021021,20.68666497,13.54635069,237.1418046,-27.5796075,73.24462063,-59.27091759,-25.21942699,66.97656456,-54.19868933,-7.789378873,6.303311141,-16.74003639
2005,259.5250472,17.51031441,15.89193419,1.165885963,2.812910482,-6.722349881,306.6111106,252.5535723,1.359290079,7.91246538,45.18998793,278.2727642,20.41502978,49.25494694,-117.71046,18.528183,44.70258826,-106.8311419,3.279532847,-7.837493367,-18.90936844
2018,183.4684515,18.02309704,17.68681052,-1.66865405,2.240587781,-8.298600774,324.832027,312.8232665,2.78440634,5.020233605,68.8667748,318.7711024,-30.07431388,40.38233101,-149.5664871,-29.51316802,39.62885155,-146.7757795,-3.738765876,13.84749379,-18.59374349
1988,436.0330708,16.24598684,12.0130947,1.079823015,7.033327177,-1.970148973,263.9320883,144.3144443,1.166017743,49.46769118,3.881486974,195.1645784,17.54279048,114.2633407,-32.00701427,12.97201614,84.49202544,-23.66758618,7.594748555,-2.127412203,-13.85670231
1934,540.0202823,19.59191496,16.84180974,-0.431854041,9.942601576,-2.111594317,383.843132,283.6465555,0.186497913,98.85532611,4.458830561,329.9633044,-8.460847645,194.7946046,-41.3701763,-7.273203593,167.4514041,-35.56306975,-4.293752667,0.911900538,-20.99474099
1983,438.2637958,16.25837743,15.67814361,2.220963476,10.18790739,1.363330261,264.3348365,245.8041872,4.932678763,103.793457,1.8586694,254.9011762,36.10926244,165.6388436,22.16553794,34.82058434,159.7274752,21.37448762,22.62697022,3.027906715,13.88948244
1968,353.8229665,17.20646557,16.84184021,-0.406768667,7.09516599,-1.387238679,296.0624574,283.6475816,0.165460749,50.34138043,1.924431153,289.7885437,-6.999051065,122.0827293,-23.86947457,-6.850732894,119.4956519,-23.36365217,-2.886091213,0.564285228,-9.842688696
1986,375.37994,18.6252142,17.93629207,3.696495222,2.415965524,-8.211790215,346.8986039,321.7105734,13.66407693,5.836889414,67.43349853,334.0672818,68.84801529,44.99787538,-152.9463517,66.30141795,43.33346328,-147.2890677,8.930605017,-30.35484329,-19.83940205
1991,380.6185616,18.83654817,17.7841556,3.649037681,6.729102632,-3.762084712,354.8155468,316.2761904,13.315476,45.28082223,14.15328138,334.9921036,68.73527404,126.7530658,-70.86468988,64.8950539,119.6714083,-66.90549989,24.55474906,-13.72798887,-25.31545413
1984,347.8826442,19.04637979,16.74228863,3.307698749,-1.767017219,-10.07045866,362.7645829,280.3042285,10.94087102,3.122349851,101.4141377,318.8799877,62.99968659,-33.65528103,-191.8057803,55.37844715,-29.58391229,-168.6025256,-5.844760644,-33.31004353,17.79467386
1965,343.9310563,17.11590107,15.91811037,2.269154952,5.864951955,-4.038736929,292.9540696,253.3862377,5.149064198,34.39766143,16.31139598,272.4528023,38.83863169,100.3839375,-69.12662175,36.12065897,93.35895251,-64.28906019,13.30848477,-9.164519905,-23.68699805
1982,336.3148822,15.31371998,14.8454203,3.018036568,4.858041805,-5.421786013,234.5100198,220.3865038,9.108544723,23.60057018,29.39576357,227.3386095,46.2173669,74.39469188,-83.02771281,44.80402131,72.11967241,-80.48869211,14.66174782,-16.36314845,-26.33926311
1926,342.5255685,15.18835363,13.84921216,-0.66012088,6.047754168,-5.771327493,230.6860859,191.8006775,0.435759577,36.57533047,33.30822103,210.3467318,-10.02614937,91.85542895,-87.65696286,-9.142154123,83.75663057,-79.9283389,-3.992248805,3.809773785,-34.9035699
1971,376.7599496,18.4801302,18.79616917,0.512647893,9.822891645,-2.383909218,341.5152122,353.2959756,0.262807862,96.48920028,5.683023158,347.3556536,9.473799804,181.5283166,-44.05495273,9.635816517,184.6327331,-44.80836095,5.035684702,-1.222106037,-23.41688194
1943,387.5383615,19.2665159,18.68166993,2.63544383,5.205561377,-4.646129401,371.1986348,349.0047915,6.945564182,27.09786925,21.58651841,359.9306907,50.77582045,100.293031,-89.51472595,49.23449176,97.24857946,-86.79745593,13.71896461,-12.24461306,-24.18571176
1998,385.2102193,18.30528447,17.63338667,0.943134666,5.458270914,-2.065553348,335.0834396,310.9363253,0.889502998,29.79272137,4.266510634,322.7841591,17.26434835,99.9152018,-37.81054163,16.63065824,96.24780155,-36.42270087,5.147884514,-1.948094967,-11.27434976
2003,373.0345791,15.18254545,14.71157549,0.243651864,7.425299696,-3.394799311,230.5096864,216.4304533,0.059366231,55.13507558,11.52466236,223.3591635,3.699255503,112.7349501,-51.54169484,3.584502794,109.237857,-49.94284633,1.809188114,-0.827149181,-25.20740229
2011,418.1779705,19.05175152,17.65130736,0.264538472,2.619693963,-6.090570649,362.9692361,311.5686517,0.069980603,6.862796458,37.09505083,336.2883219,5.039921239,49.90975844,-116.0360386,4.669449881,46.24102333,-107.5065346,0.693009838,-1.611190254,-15.95543116
2004,306.6258639,16.56473799,16.44505539,3.965571524,7.645204821,-2.338850991,274.3905448,270.4398468,15.72575751,58.44915675,5.470223959,272.4080339,65.68865328,126.6408148,-38.74245387,65.21404337,125.7258168,-38.4625341,30.31760653,-9.274880888,-17.88099487
1952,271.0753525,19.0187709,17.53203411,-3.372354807,4.343117554,-5.351594697,361.7136466,307.37222,11.37277694,18.86267008,28.6395658,333.4377401,-64.13804347,82.60075775,-101.7807535,-59.12423949,76.14368508,-93.82434076,-14.64653336,18.0474761,-23.24260487
1946,251.4529338,16.89979482,15.14965783,0.922061068,1.089191944,-7.680773759,285.603065,229.5121324,0.850196613,1.186339092,58.99428554,256.026109,15.58264286,18.40712038,-129.8035006,13.96890968,16.50088527,-116.3610943,1.004301487,-7.082142453,-8.365836905
1931,272.6944877,17.56092723,16.01336586,0.458579145,4.723228085,-3.979390732,308.3861651,256.4278861,0.210294832,22.30888355,15.8355506,281.2095525,8.053074992,82.94426468,-69.88179106,7.343395623,75.63477937,-63.72343969,2.165973897,-1.824865599,-18.79557007
1977,253.9295093,16.14947171,15.04755819,-4.957467391,3.338321927,-8.215232889,260.8054367,226.4290074,24.57648293,11.14439329,67.49005142,243.0101153,-80.06047941,53.91213553,-132.6716712,-74.59777902,50.23359344,-123.6191949,-16.54962209,40.72674916,-27.42509209
1967,228.8124676,16.90268544,16.47001802,1.716315478,5.133440022,-4.145989979,285.700775,271.2614936,2.94573882,26.35220646,17.18923291,278.3875337,29.01034063,86.7689219,-70.07836444,28.26774685,84.54784967,-68.28452966,8.810602564,-7.115826772,-21.28319089
1983,377.6600184,16.32921621,15.12402027,1.765690228,8.783805362,0.690823807,266.6433021,228.7359892,3.117661981,77.15523664,0.477237532,246.963397,28.83233749,143.4326569,11.2806113,26.7043348,132.8464504,10.44803326,15.50947929,1.219780844,6.068061856
1986,231.6352519,17.60109245,17.11238104,2.986962317,0.307218184,-8.98687089,309.7984554,292.8335848,8.921943886,0.094383013,80.7638484,301.1966007,52.57379989,5.407375662,-158.1787454,51.11403732,5.25723463,-153.786759,0.91764914,-26.8434447,-2.760930157
1961,259.8361953,14.69531427,13.89201824,1.357280086,2.582111109,-7.321714808,215.9522614,192.9881708,1.842209231,6.667297781,53.60750773,204.1475739,19.94565741,37.94493423,-107.5949001,18.85535971,35.87073463,-101.7133957,3.504647988,-9.937617701,-18.90548115
1930,318.0863027,15.02077001,14.00375942,-1.446482717,4.821395691,-4.405871957,225.6235317,196.105278,2.09231225,23.24585641,19.4117077,210.3472496,-21.72728421,72.42107581,-66.17958936,-20.25619598,67.51766534,-61.69877093,-6.974065538,6.373017638,-21.24245207
1987,261.9099317,18.10991618,16.50327253,-0.00438463,4.525223611,-2.860901923,327.9690642,272.3580043,1.92E-05,20.47764873,8.184759811,298.8728823,-0.079405285,81.95142031,-51.81069403,-0.072360747,74.68099852,-47.21424412,-0.019841432,0.012543997,-12.94622093
1957,300.2114354,17.51150505,16.8565728,0.084640667,7.136596441,-0.814270711,306.6528092,284.1440466,0.007164043,50.93100876,0.663036791,295.1839598,1.482185468,124.9725446,-14.25910567,1.426751565,120.2985575,-13.72581352,0.604046283,-0.068920416,-5.811121457
1933,391.8532364,17.86160122,15.74586347,-2.596018694,5.099293399,-5.130043579,319.0367983,247.9322165,6.739313061,26.00279317,26.31734712,281.2463343,-46.36905069,91.08154522,-91.63079266,-40.87655593,80.29277768,-80.7769658,-13.23786099,13.31768903,-26.15959736
1948,228.9829804,15.91571928,14.85336856,-0.310715119,6.654735011,-3.310945289,253.3101201,220.6225577,0.096543885,44.28549806,10.9623587,236.4020444,-4.945254602,105.9148943,-52.69607575,-4.615166174,98.84523181,-49.17869067,-2.067726778,1.028760758,-22.03346353
1975,261.9194173,16.69128146,16.44220528,2.239462683,4.613003165,-1.958595184,278.5988768,270.3461144,5.015193107,21.2797982,3.836095093,274.4414761,37.37950196,76.9969342,-32.69146348,36.82170514,75.84794497,-32.20362406,10.33064844,-4.386200824,-9.03500578
1941,245.1653435,17.20745485,15.68405801,-0.865798109,7.549794164,-1.588356406,296.0965026,245.9896755,0.749606365,56.99939192,2.522876071,269.8827201,-14.89818187,129.9127422,-27.33157114,-13.57922776,118.4114096,-24.911874,-6.536597509,1.375195972,-11.99176392
2002,304.3569715,18.54853585,16.72314361,3.224222259,6.962305605,-1.336455177,344.0481821,279.6635323,10.39560918,48.47369934,1.786112439,310.1898288,59.80460216,129.1405751,-24.78928675,53.91913189,116.4316365,-22.34973185,22.44802071,-4.30902853,-9.304809369
1998,271.8713239,17.66024339,16.92882619,0.442701999,3.809707575,-2.543481375,311.8841967,286.5851563,0.19598506,14.5138718,6.469297505,298.967191,7.818225052,67.28036302,-44.91850015,7.494425197,64.49387738,-43.05815413,1.686565159,-1.126004289,-9.68992026
1992,233.3103458,14.92013316,12.68900621,-0.622512148,6.712787199,-2.234071036,222.6103735,161.0108785,0.387521374,45.06151198,4.991073394,189.3216623,-9.287964136,100.1556789,-33.33263735,-7.899060505,85.17859844,-28.34814124,-4.178791576,1.390736358,-14.99684345
2012,407.3112829,16.13200607,13.00470276,2.954339989,7.061574206,-0.939912671,260.2416198,169.1222939,8.728124772,49.86583027,0.883435829,209.7919439,47.65943064,113.917358,-15.16267691,38.42031341,91.83367357,-12.2232849,20.86229106,-2.776821589,-6.637263071
2008,257.0038692,17.8528822,15.51795236,-0.647529364,4.057732653,-3.215271904,318.7254028,240.8068455,0.419294278,16.46519428,10.33797342,277.0401754,-11.56026546,72.44222304,-57.40187054,-10.04832983,62.967702,-49.89443623,-2.627501045,2.081982972,-13.04671379
1948,219.8529609,15.78676985,14.45285727,-0.986897485,6.457087473,-3.850440857,249.2221023,208.8850834,0.973966645,41.69397863,14.82589479,228.1639314,-15.57992346,101.9365538,-60.78602362,-14.26348849,93.32336365,-55.64987215,-6.372483386,3.799990397,-24.86263342
1970,236.9477686,16.03725608,15.82185973,-0.648236172,2.078889468,-5.33872129,257.1935825,250.3312453,0.420210134,4.321781419,28.50194502,253.7392161,-10.39592948,33.33968275,-85.61844046,-10.25630178,32.89189755,-84.46849939,-1.34761135,3.460752251,-11.09861146
1980,226.6563851,14.9337426,14.80071405,0.164365133,6.851867956,-3.78944834,223.0166681,219.0611365,0.027015897,46.94809449,14.35991872,221.030054,2.454586596,102.3240324,-56.59064612,2.432721341,101.4125384,-56.0865413,1.126208191,-0.622853182,-25.96479965
1958,226.0806557,14.73021157,14.23732729,0.257665959,8.566608802,-2.48932295,216.9791328,202.7014884,0.066391747,73.38678636,6.196728749,209.7188431,3.795474094,126.1879601,-36.66825371,3.668474595,121.9656133,-35.44130557,2.207323475,-0.641413786,-21.32505589
1966,234.9262675,14.80285561,13.80973186,1.690655055,9.103993726,-1.059367843,219.1245343,190.7086939,2.858314516,82.88270177,1.122260226,204.4234667,25.02652267,134.7651046,-15.68166922,23.34749297,125.7237122,-14.62958585,15.39171302,-1.791025599,-9.644478194
1947,246.9008091,15.94633716,15.14317056,1.699113734,8.46587298,-2.606220038,254.2856689,229.3156147,2.886987481,71.67100532,6.792382884,241.4781035,27.09464048,134.9996649,-41.55966344,25.72996908,128.2001585,-39.46643455,14.38448105,-4.42826426,-22.0639278
2001,225.7704636,15.22392251,15.04747782,-1.422440915,-2.929103051,-11.30126573,231.7678167,226.4265888,2.023338155,8.579644682,127.7186071,229.0816364,-21.65513026,-44.59243788,-172.0495938,-21.40414811,-44.07561319,-170.0555454,4.166476022,16.07538276,33.10257193
1992,217.9836134,13.73669053,12.22843267,-1.250886413,6.307884445,-2.823603297,188.6966668,149.5345655,1.564716819,39.78940617,7.972735578,167.9781953,-17.18303955,86.64945653,-38.78696467,-15.29638028,77.13554021,-34.5282428,-7.890446948,3.532007001,-17.81096331
2000,222.4947071,15.44400808,15.33116067,1.313742366,5.694474015,-3.633964682,238.5173855,235.0444875,1.725919003,32.4270343,13.20569931,236.7745692,20.28944771,87.94550268,-56.1229799,20.14119529,87.30289605,-55.71289641,7.481071763,-4.774093358,-20.69351745
2008,221.7269289,17.44213711,15.51594683,-0.93516359,3.248536847,-3.883448863,304.2281471,240.744606,0.874530941,10.55299165,15.08117507,270.631272,-16.31125157,56.6614251,-67.73564754,-14.50994854,50.40412499,-60.25538607,-3.037913381,3.631659982,-12.61552673
1981,174.2551872,17.30549733,16.01503642,-0.643579131,4.907065316,-4.02742082,299.4802379,256.4813914,0.414194097,24.07929002,16.22011846,277.14817,-11.13745693,84.91920573,-69.69652025,-10.30694321,78.58682973,-64.4992911,-3.15808483,2.59196399,-19.76281702
1939,156.5761692,17.5985364,16.84583559,0.710735166,4.869830399,-4.13047002,309.7084834,283.7821766,0.505144477,23.71524812,17.06078259,296.4620507,12.50789869,85.70188753,-72.69022699,11.97292776,82.03636224,-69.58121886,3.461159719,-2.935670297,-20.11468847
1970,261.5224802,15.97481837,15.68949775,-0.31456565,2.44222371,-5.152249528,255.194822,246.1603397,0.098951548,5.96445665,26.5456752,250.6368769,-5.025129131,39.01408019,-82.30625041,-4.935377064,38.3172634,-80.83620737,-0.76823969,1.620720724,-12.58294596
1944,265.922855,17.9775157,16.15460242,-1.772435077,3.118637059,-6.13775837,323.1910708,260.9711793,3.141526102,9.725897105,37.67207781,290.4196186,-31.86397942,56.06534669,-110.3416475,-28.63298398,50.38034178,-99.15304621,-5.527581715,10.87877823,-19.14144071
1942,227.4359441,17.08124811,16.1038814,1.027669119,7.490651884,-0.920719,291.769037,259.3349962,1.056103817,56.10986564,0.847723476,275.0743938,17.55387119,127.9496833,-15.72702967,16.54946161,120.6285696,-14.82714958,7.69791162,-0.946194483,-6.89678551
1936,398.380694,14.55011172,12.48451935,0.754833093,0.618796158,-7.244358398,211.7057511,155.8632233,0.569772998,0.382908686,52.4807286,181.6511513,10.98290583,9.003553236,-105.406224,9.423728349,7.72537261,-90.44233257,0.467087818,-5.468281454,-4.482781146
1986,168.3623578,16.97536872,16.42238632,3.199334264,-0.307367623,-8.944128265,288.1631432,269.6947724,10.23573973,0.094474856,79.99743042,278.776063,54.30987879,-5.217678733,-151.8298752,52.54070324,-5.047709846,-146.8839296,-0.983371768,-28.61525602,2.749135444
1962,194.3913964,16.11469225,15.75197298,1.632284698,3.016528278,-5.246397691,259.6833064,248.1246529,2.664353336,9.099442853,27.52468873,253.838197,26.30376558,48.61042487,-84.54408423,25.71170447,47.51627194,-82.64111469,4.92383295,-8.563614672,-15.82590699
1988,334.8785903,15.40533663,11.56481801,1.713975349,5.218896748,-1.781340708,237.3243967,133.7450157,2.937711496,27.23688327,3.173174717,178.1599145,26.40436722,80.39886124,-27.44215325,19.82181298,60.35559112,-20.6008811,8.945060373,-3.05317406,-9.296633226
2002,284.9356064,17.9487652,16.22507318,3.275505503,6.790663299,-1.327675131,322.1581723,263.2529998,10.7289363,46.11310804,1.762721254,291.2200289,58.79127919,121.8840211,-23.83012919,53.1453165,110.179009,-21.54162616,22.24285501,-4.348807198,-9.015794786
1994,180.1809674,17.27048353,16.59716504,0.014034138,3.49098267,-3.519481935,298.2696015,275.4658873,0.000196957,12.18696,12.38675309,286.6410655,0.242376349,60.29095871,-60.78315481,0.232926905,57.94041551,-58.41342252,0.048992933,-0.049392895,-12.28645044
2001,211.7003971,15.28059444,15.01987089,-0.896159571,-2.812729733,-10.74057373,233.4965663,225.5965215,0.803101977,7.911448551,115.359924,229.5125555,-13.69385096,-42.98018231,-164.1223512,-13.46020106,-42.24683743,-161.3220307,2.520654672,9.625267949,30.21033108
1992,170.8073887,14.21955823,12.18628364,-0.598805973,6.088631582,-2.324103002,202.1958361,148.5055088,0.358568594,37.07143455,5.401454762,173.2835697,-8.514756404,86.5776513,-33.04771796,-7.297219434,74.19779141,-28.32217838,-3.645908961,1.39168676,-14.15060694
2006,231.2239326,16.0405112,14.0739314,0.665680703,0.852545225,-6.108530595,257.2979996,198.0755452,0.443130798,0.72683336,37.31414603,225.7530544,10.67785877,13.67526122,-97.98395343,9.368744546,11.99866301,-85.97104057,0.567522904,-4.066330938,-5.207798588
2005,229.4921232,17.26482477,16.13920106,3.24574483,4.155977757,-4.804012074,298.0741744,260.4738108,10.5348595,17.27215111,23.07853201,278.6404782,56.03721574,71.75222772,-82.94042666,52.38372839,67.0741606,-77.53291675,13.48924332,-15.59259735,-19.96536732
2018,189.5961118,18.6982573,18.84546821,1.09524361,4.434885674,-5.993850116,349.624826,355.1516722,1.199558566,19.66821094,35.92623921,352.3774136,20.47914683,82.92463342,-112.0745517,20.64037865,83.57749701,-112.9569118,4.857280198,-6.564726042,-26.58204001
1939,220.8933269,15.37005887,14.58892034,-1.457678847,1.505678828,-7.304339729,236.2387096,212.8365967,2.124827621,2.267068732,53.35337887,224.2325645,-22.40460969,23.14237222,-112.2681316,-21.26596058,21.96622848,-106.5624304,-2.194796177,10.64738151,-10.99798968
1935,276.9539523,12.52908752,11.78647121,1.243207035,-1.374296291,-9.284179742,156.9780342,138.9209035,1.545563732,1.888690296,86.19599349,147.6737293,15.57624975,-17.21867851,-116.3223006,14.65302392,-16.19810366,-109.4277172,-1.708534817,-11.54215757,12.75921379
1961,256.6576629,13.43862109,11.79404521,-0.559252308,-0.06220073,-10.49376724,180.5965367,139.0995024,0.312763144,0.003868931,110.119151,158.4957047,-7.515579856,-0.835892039,-141.0217618,-6.595847002,-0.73359822,-123.7639653,0.034785902,5.868663549,0.652719981
1964,228.8266268,14.31312622,13.35500282,0.919292993,-5.240599426,-14.3158137,204.8655823,178.3561003,0.845099606,27.46388235,204.942522,191.1518411,13.15795664,-75.00936107,-204.9040485,12.27716051,-69.98822011,-191.1877324,-4.81764633,-13.16042722,75.02344508
1926,263.4305032,11.03943336,10.44709043,-3.669690543,-1.629449045,-10.198126,121.8690889,109.1416985,13.46662868,2.655104189,104.0017739,115.3299586,-40.51130419,-17.98819414,-112.5815323,-38.33758896,-17.02300152,-106.5407445,5.979573749,37.42396653,16.61732666
1982,220.486294,10.95744496,10.60465423,-0.584482011,-0.317194579,-8.957890828,120.0656001,112.4586914,0.341619222,0.100612401,80.24380809,116.1999151,-6.404429472,-3.475642139,-98.15559572,-6.198229638,-3.363738833,-94.9953349,0.185394525,5.23572605,2.841394408
2011,252.1752018,15.66466532,13.80804387,-1.634346598,-3.22477022,-10.46757477,245.3817397,190.6620755,2.671088802,10.39914297,109.5701215,216.298386,-25.60149248,-50.51494624,-163.9710554,-22.56712952,-44.52776866,-144.5367315,5.270392238,17.10764521,33.75552338
2010,241.8404192,15.81248048,15.56962618,0.694246401,-0.85993254,-7.829556749,250.034539,242.4132595,0.481978066,0.739483974,61.30195889,246.1944102,10.97775767,-13.59766651,-123.8047133,10.80915695,-13.3888282,-121.9032718,-0.597005071,-5.435641596,6.732890625
2007,220.5016036,15.07449258,13.1539847,-0.732297771,3.371152688,-5.137659728,227.2403265,173.0273135,0.536260026,11.36467044,26.39554748,198.2896447,-11.03901732,50.81841617,-77.44761343,-9.632633682,44.34409088,-67.58069746,-2.4686876,3.762296769,-17.3198354
2018,249.1423106,16.24752569,16.59860222,-2.097405492,0.493782096,-8.949152862,263.9820911,275.5135958,4.3991098,0.243820758,80.08733694,269.6862161,-34.07764962,8.022737286,-145.401591,-34.81399947,8.196092592,-148.5434286,-1.03566128,18.77000236,-4.418931455
2004,216.2420602,14.03709707,12.68489946,-0.734499614,3.088436859,-6.047897905,197.0400942,160.9066743,0.539489682,9.538442233,36.57706907,178.0591651,-10.31024238,43.35268799,-84.89492998,-9.317053754,39.17651105,-76.71697688,-2.26845568,4.442178675,-18.67855081
2006,233.1121908,13.91848639,12.33394016,-1.052632712,-3.021582128,-9.505419633,193.7242634,152.1260798,1.108035627,9.129958554,90.3530024,171.6697782,-14.65105408,-42.05584972,-132.3010538,-12.98310888,-37.26801314,-117.2392769,3.180616191,10.00571565,28.72140608
1991,246.7577856,17.22029974,16.06708169,1.75389803,2.669006918,-6.358493194,296.5387233,258.151114,3.076158298,7.123597929,40.43043569,276.6799627,30.20264979,45.96109915,-109.4951587,28.18002291,42.88315218,-102.1624296,4.681165975,-11.15214868,-16.97086232
1958,201.6063617,13.35627195,12.80526318,-0.799481127,6.239897644,-4.02000064,178.3900005,163.9747651,0.639170073,38.9363226,16.16040515,171.0305775,-10.67808736,83.34176989,-53.69222181,-10.23756624,79.90353154,-51.47716618,-4.988680401,3.213914643,-25.08439252
1933,333.955669,17.82190312,15.2020477,-4.108246565,2.483547937,-7.297323539,317.6202308,231.1022542,16.87768984,6.168010354,53.25093083,270.9294213,-73.21677228,44.26155072,-130.0521931,-62.45376024,37.75501419,-110.9342605,-10.20302728,29.97920436,-18.12325282
1929,217.2387971,13.85103991,12.43677893,0.483003262,4.310033932,-4.770635144,191.8513065,154.6734701,0.233292151,18.57639249,22.75895968,172.2623213,6.690097458,59.69845199,-66.07825776,6.007004793,53.60293919,-59.33133464,2.081760449,-2.304232337,-20.56159935
1932,144.4433504,16.18136575,14.59302212,3.943430741,6.912588274,-0.903175623,261.8365976,212.9562946,15.55064601,47.78387665,0.815726207,236.1350283,63.81009513,111.8551192,-14.6146151,57.54657203,100.8755536,-13.18006185,27.2593131,-3.561610518,-6.243281224
1992,216.2693578,13.05685015,11.28706297,-2.394264718,4.567169179,-4.437484678,170.4813358,127.3977906,5.732503542,20.85903431,19.69127026,147.3734899,-31.26155565,59.63284357,-57.93957248,-27.02421665,51.54992613,-50.086169,-10.93501203,10.624513,-20.26674325
2006,224.3301987,15.27029796,13.03216622,-0.515883254,-1.093233296,-8.27619463,233.1819997,169.8373565,0.266135532,1.195159039,68.49539756,199.0050613,-7.877690996,-16.69399817,-126.379958,-6.723076315,-14.24719803,-107.8567441,0.56398075,4.269550215,9.047811534
1946,417.9094699,17.5404316,15.98663428,1.87061919,3.659099395,-6.738355894,307.6667406,255.5724755,3.499216153,13.38900839,45.40544015,280.412465,32.81146794,64.18218265,-118.1936706,29.90490485,58.49668381,-107.7236313,6.844781546,-12.60489784,-24.65631398
1982,415.0308225,15.30416082,15.05414933,3.156086044,4.963653258,-5.063523191,234.2173383,226.6274121,9.960879116,24.63785366,25.63926711,230.3911223,48.30124837,75.9645477,-77.49297322,47.5121906,74.72357736,-76.22703425,15.66571677,-15.98091488,-25.13357338
1947,543.8037651,17.6008437,16.41831119,3.347139881,11.22515437,-0.729765337,309.7896988,269.5609424,11.20334538,126.0040907,0.532557447,288.976129,58.91248587,197.5721876,-12.84448563,54.95438417,184.2980777,-11.9815144,37.57216188,-2.442626664,-8.191728567
1954,604.3300406,18.46245223,17.149642,-0.531741396,8.727594829,-3.872647629,340.8621422,294.1102208,0.282748912,76.17091149,14.99739966,316.6244462,-9.817250122,161.1328026,-71.49857184,-9.11917458,149.6751269,-66.41452044,-4.640823459,2.059247057,-33.79889942
1935,451.9662153,15.87788144,15.54054965,3.366905359,5.544452726,-4.251986209,252.107119,241.5086835,11.33605169,30.74095603,18.07938672,246.7510049,53.4593241,88.03416303,-67.51253291,52.3235599,86.16384288,-66.0782028,18.66764759,-14.31603515,-23.57493652
1949,458.5136857,18.51581033,17.91816247,3.539901924,9.432978949,-1.881957509,342.835232,321.0605463,12.53090563,88.98109186,3.541764064,331.7692977,65.5441526,174.659249,-34.84596827,63.4285378,169.0216494,-33.7212204,33.39182033,-6.661945006,-17.75246556
1937,439.5246578,17.73669817,16.99791655,-1.150748457,9.32204112,-1.96788895,314.5904621,288.9291671,1.32422201,86.90045064,3.872586919,301.4869154,-20.41047805,165.3422297,-34.90385234,-19.56032624,158.455277,-33.45001215,-10.72732443,2.264545172,-18.34474171
1991,513.2528925,19.08323493,18.02020346,4.008192307,7.811243559,-2.748611008,364.1698555,324.7277329,16.06560557,61.01552594,7.554862475,343.8837762,76.48927544,149.063796,-52.45238961,72.22844089,140.7601982,-49.53052961,31.30896634,-11.0169615,-21.47007004
2000,439.8008195,17.10738504,17.05990601,3.240848606,8.478931158,-2.254250692,292.6626229,291.0403932,10.50309969,71.89227358,5.081646184,291.8503809,55.44244496,145.05234,-38.56433457,55.28857262,144.6497686,-38.45730494,27.47893222,-7.305685213,-19.11363643
2018,445.4003404,20.07110666,20.03954137,2.574708472,6.829741644,-4.15647272,402.8493224,401.5832184,6.629123717,46.64537093,17.27626547,402.2157722,51.67724836,137.080473,-83.42500728,51.59597695,136.8648902,-83.29380703,17.58459368,-10.70170553,-28.38763483
1927,164.7348144,13.52441671,13.28771982,-1.836706615,2.268254112,-5.860698623,182.9098473,176.5634981,3.373491188,5.144976714,34.34778835,179.70866,-24.84038563,30.67681381,-79.26253038,-24.40564289,30.13992512,-77.87532127,-4.16611733,10.76438393,-13.29355375
1931,188.4534392,17.07631781,15.54100116,0.125029248,3.590429435,-4.501305247,291.60063,241.5227171,0.015632313,12.89118353,20.26174892,265.3830749,2.135039168,61.31131411,-76.86571896,1.943079682,55.79886802,-69.95479006,0.448908691,-0.562794808,-16.16161885
1944,280.789792,17.84403706,15.92748851,-2.017361965,2.726555589,-6.441708799,318.4096584,253.6848901,4.069749297,7.434105378,41.49561224,284.2106951,-35.99788165,48.65275896,-114.9460905,-32.13150951,43.4271828,-102.6002429,-5.500449539,12.99525832,-17.56367712
1962,170.979218,15.89648825,15.39462826,1.354764059,2.336059309,-5.65824269,252.6983387,236.9945794,1.835385656,5.457173093,32.01571034,244.7205273,21.53599095,37.13513935,-89.94618845,20.85608907,35.96276466,-87.10654284,3.164809191,-7.665583834,-13.21799051
1956,195.083761,16.25707163,15.3952622,-2.068950197,2.864535634,-7.064045996,264.2923779,237.0140983,4.280554918,8.2055644,49.90074584,250.2818804,-33.63507155,46.56896098,-114.8407017,-31.85203077,44.10027718,-108.7528403,-5.926581565,14.61515936,-20.23521148
1983,281.6564387,15.94944852,14.54148474,1.47246543,7.889352717,0.324597136,254.384908,211.4547786,2.168154441,62.24188629,0.105363301,231.9286623,23.48501156,125.830825,5.177145307,21.41183358,114.7229022,4.720124299,11.61679914,0.477958061,2.560861296
1945,238.7485806,14.56240215,13.93846129,2.415542342,0.181691125,-7.793847955,212.0635564,194.2807031,5.834844807,0.033011665,60.74406595,202.9774786,35.176099,2.645859236,-113.4971482,33.66894343,2.532494719,-108.634248,0.438882607,-18.82636974,-1.416073007
1951,240.6600475,15.05593521,14.84609986,-3.017105402,-0.983619272,-9.189050136,226.681185,220.406681,9.10292501,0.967506872,84.4386424,223.5219175,-45.42534345,-14.80930802,-138.3497435,-44.79224809,-14.60290993,-136.4215559,2.967683019,27.72433281,9.038526803
1982,186.5509056,13.4262891,13.35209794,2.14313024,1.564468937,-6.778159042,180.2652391,178.2785194,4.593007227,2.447563055,45.94344,179.2691271,28.7742862,21.00501224,-91.0055229,28.61528486,20.88894247,-90.50264338,3.352860689,-14.52647762,-10.60421927
1946,207.0508685,15.89491727,14.51607952,0.457001171,-0.265732659,-8.213446817,252.6483949,210.7165648,0.20885007,0.070613846,67.46070862,230.7318831,7.263995796,-4.223798624,-130.5520576,6.633865335,-3.857396406,-119.2270472,-0.121440136,-3.75355481,2.18258106
1994,166.0362765,16.89576194,16.13571628,-0.184395339,3.026508022,-3.910284725,285.4667714,260.36134,0.034001641,9.159750809,15.29032663,272.625221,-3.115499754,51.13515904,-66.06723982,-2.975350878,48.83487477,-63.09524491,-0.558073974,0.721038279,-11.83450809
2003,196.1963108,13.48812861,12.98214597,-0.746829132,4.311535251,-5.342140343,181.9296134,168.5361139,0.557753753,18.58933622,28.53846344,175.1048544,-10.07332739,58.15454197,-72.05547601,-9.695444807,55.97297996,-69.3524457,-3.21998013,3.989666037,-23.0328264
2008,230.597156,17.14106491,14.84200432,-0.897053105,2.843746492,-3.800692086,293.8161062,220.2850923,0.804704272,8.086894112,14.44526033,254.4077595,-15.37644549,48.74484321,-65.14790975,-13.31406606,42.20689773,-56.40988837,-2.550991619,3.409422635,-10.80820479
2007,202.1649664,16.24533579,14.33327569,1.222742125,6.237208916,-2.074929766,263.910935,205.4427921,1.495098304,38.90277506,4.305333532,232.8488767,19.8638564,101.3255533,-33.70793079,17.52589998,89.39963496,-29.74054038,7.626498082,-2.53710403,-12.94177043
2017,198.3489744,16.31302324,13.98878816,3.600753804,1.872471829,-6.002702,266.1147272,195.6861941,12.96542796,3.50615075,36.03243131,228.1994263,58.73918049,30.54567646,-97.92221723,50.37018217,26.19361174,-83.97052665,6.742310061,-21.61425206,-11.23989039
1970,313.4451122,16.1405032,16.01225991,-0.64079716,2.513779404,-5.312835312,260.5158434,256.3924674,0.410621,6.319086891,28.22621906,258.4459322,-10.3427886,40.5736645,-85.75183535,-10.26061067,40.25128916,-85.07049987,-1.610822702,3.404449777,-13.35529598
1976,307.8810955,15.40720577,13.57256174,3.07921141,5.850786043,-3.490776585,237.3819896,184.2144321,9.481542909,34.23169733,12.18552116,209.1152515,47.4420438,90.14426448,-53.78311313,41.79278697,79.41015479,-47.37878071,18.01580714,-10.74883909,-20.42378692
1959,306.3028792,17.03868152,15.04489292,0.875621171,3.555752927,-8.462820317,290.316668,226.3488031,0.766712436,12.64337888,71.61932772,256.3451391,14.91943027,60.5853417,-144.1953002,13.17362676,53.49592206,-127.3222255,3.113492543,-7.410224639,-30.09169812
1935,305.9685272,15.03095681,14.46203506,2.702541476,2.426510861,-6.161767294,225.9296625,209.1504581,7.303730429,5.887954958,37.96737618,217.3782244,40.62178419,36.47277994,-92.61725805,39.08424958,35.09228515,-89.11169464,6.557746243,-16.65243168,-14.95159526
1974,306.7737112,14.05486513,13.85330798,2.751991473,3.591516491,-4.972289289,197.5392337,191.9141421,7.57345707,12.8989907,24.72366078,194.7063753,38.67886899,50.47827988,-69.88485533,38.12418545,49.75438408,-68.88265491,9.883822759,-13.68369773,-17.85805898
2010,308.2907472,18.99217135,18.82742199,2.935032168,2.404841025,-5.691670325,360.7025727,354.4718187,8.614413829,5.783260356,32.39511109,357.5736245,55.74263386,45.67315282,-108.0971781,55.25908918,45.2769568,-107.159479,7.058285769,-16.7052355,-13.6875623
1963,211.7292498,14.76887488,13.81066171,-0.856677842,1.802557673,-8.867813543,218.1196651,190.7343768,0.733896925,3.249214164,78.63811704,203.9679347,-12.65216786,26.62174873,-130.9676287,-11.83128787,24.89451423,-122.4703729,-1.544211217,7.596859371,-15.98474534
1946,214.4797357,14.88094043,13.4157939,-0.935059898,-1.574097794,-9.790155477,221.4423882,179.983526,0.874337013,2.477783864,95.84714426,199.6396299,-13.91457065,-23.4240555,-145.6867205,-12.54457088,-21.11777158,-131.3427081,1.471875723,9.154381784,15.41066213
1961,229.0448493,14.18112116,12.52752681,0.429223465,1.389179649,-9.224554127,201.1041973,156.938928,0.184232783,1.929820097,85.09239885,177.6543755,6.086869961,19.70012491,-130.8145197,5.377108466,17.4029853,-115.5608491,0.596268502,-3.959395086,-12.81456286
1949,249.0768168,17.42441628,15.55526601,1.86903116,4.121622474,-5.020588932,303.6102827,241.9663006,3.493277478,16.98777182,25.20631322,271.0414302,32.56677698,71.81686574,-87.48083151,29.07327687,64.11293397,-78.09659634,7.703440835,-9.383637156,-20.69297217
1991,319.9961838,16.74408977,15.40456919,1.628026062,2.660625015,-6.368603064,280.3645422,237.300752,2.650468857,7.07892547,40.55910499,257.9354894,27.25981452,44.54974409,-106.6364614,25.07904011,40.98578214,-98.10558657,4.331566864,-10.36825177,-16.94446462
1942,127.1387607,16.1909584,14.65302989,0.121402465,5.983333017,-2.444328794,262.147134,214.711285,0.014738558,35.80027399,5.974743253,237.2465974,1.965622256,96.87589599,-39.57602583,1.778913944,87.67395755,-35.81682288,0.726391375,-0.29674754,-14.62523318
1950,274.6675915,14.9098347,13.36791761,-0.83475151,5.692863859,-5.065175507,222.3031707,178.7012213,0.696810083,32.40869891,25.65600292,199.3134419,-12.44600703,84.87965909,-75.52092953,-11.15888941,76.10173505,-67.71084888,-4.752126702,4.228162903,-28.83535458
1984,212.0815988,16.36991406,14.78146089,2.014571237,-5.61970439,-13.42044627,267.9740863,218.491586,4.05849727,31.58107743,180.1083781,241.9712444,32.97835802,-91.99407789,-219.6915521,29.77830595,-83.06744064,-198.3738017,-11.32129482,-27.03644505,75.41894082
1999,233.9488915,15.93514677,15.10934201,1.047852616,6.575677355,-3.642896498,253.9289027,228.2922158,1.097995104,43.23953267,13.2706949,240.7695825,16.69768523,104.7843838,-58.05009038,15.83236354,99.35415807,-55.04176908,6.890340715,-3.817218624,-23.95451201
2001,212.8924464,14.45733798,13.60654821,-2.206041745,-4.384508477,-12.58131584,209.0146215,185.1381542,4.866620181,19.22391458,158.2895084,196.7144662,-31.89349111,-63.38832092,-181.8923354,-30.01661336,-59.65802597,-171.1882806,9.672408731,27.75490796,55.16288596
1998,211.4235001,15.77824205,14.85427013,-1.313717392,2.201819883,-3.921878156,248.9529221,220.6493411,1.725853385,4.848010796,15.38112827,234.3742696,-20.72815099,34.74084706,-61.88034283,-19.51431301,32.70642732,-58.25663755,-2.892569074,5.152239542,-8.635269302
2004,178.7640966,15.31785681,13.42850915,1.186242153,4.447858429,-4.429029366,234.6367373,180.3248581,1.407170445,19.78344461,19.61630112,205.6959804,18.17068744,68.13165853,-67.84323764,15.92946361,59.72810763,-59.47526138,5.276237159,-5.253901331,-19.6996956
2016,192.0227694,16.68022073,15.10284785,2.216964326,7.728584118,1.158665132,278.2297637,228.0960131,4.914930824,59.73101246,1.342504887,251.9188358,36.97945432,128.914489,19.32679015,33.4824749,116.72363,17.49914319,17.13399528,2.568719263,8.954840935
1974,452.9029364,15.04932897,15.09357684,4.534832335,5.803027674,-2.901436209,226.4823026,227.8160619,20.56470431,33.67513018,8.418332074,227.1482033,68.24618365,87.33167251,-43.664668,68.44684031,87.58844411,-43.79305037,26.31575754,-13.15752674,-16.83711461
1941,438.4681593,17.41351258,16.21101862,-0.563351067,10.22264841,-0.867212537,303.2304204,262.7971248,0.317364425,104.5025405,0.752057585,282.2907768,-9.809920899,178.0122166,-15.10121643,-9.132494645,165.7195437,-14.05839859,-5.758939892,0.488545109,-8.865208863
1948,406.9967654,16.69748055,15.93436764,0.234153003,9.145107756,-2.59977777,278.8058569,253.904072,0.054827629,83.63299588,6.758844453,266.0637938,3.909765223,152.7002589,-43.40973876,3.731080041,145.7215091,-41.42581476,2.141354448,-0.608745773,-23.77524785
1943,402.7573754,19.23483781,18.77935675,2.607817868,5.601486443,-4.394445413,369.9789856,352.6642401,6.800714031,31.37665037,19.31115049,361.2178813,50.16095372,107.7436832,-84.52644479,48.97314208,105.1923123,-82.52485815,14.60765643,-11.45991327,-24.61542641
1980,474.6420701,16.43357816,15.51632355,0.932318767,8.349228267,-3.096370725,270.0624912,240.7562965,0.869218283,69.70961265,9.587511668,254.9887158,15.32133333,137.2076953,-50.88445033,14.46615964,129.5493272,-48.04429,7.784142203,-2.886804537,-25.85230598
1931,433.7538408,18.09382913,16.51710279,0.704033548,6.677605473,-3.579632941,327.3866528,272.8146846,0.495663236,44.59041486,12.81377199,298.8576357,12.73866272,120.8234525,-64.7692668,11.62859447,110.294696,-59.12516524,4.701258272,-2.520181679,-23.90337652
1988,457.116799,15.5112292,12.2621807,1.076913172,7.452076302,-1.840090162,240.5982312,150.3610755,1.159741979,55.53344121,3.385931806,190.2014953,16.70424703,115.5908635,-28.54206025,13.20530391,91.37870621,-22.56351808,8.025239125,-1.981617333,-13.71249229
1998,430.0738281,18.40211494,17.92566647,0.821346187,5.933411017,-1.962358946,338.6378341,321.3295185,0.674609559,35.2053663,3.850852632,329.8701747,15.11450694,109.1873115,-36.11155486,14.72317781,106.3603469,-35.17659196,4.873384515,-1.611776038,-11.64348219
2000,402.6358178,16.6271383,16.80454337,2.812663688,9.207893468,-2.443695821,276.4617281,282.3926778,7.911077021,84.78530211,5.971649267,279.4114667,46.76654813,153.1009181,-40.63166838,47.26552892,154.7344451,-41.06519241,25.8987076,-6.873294501,-22.50129079
2018,410.9627251,19.87286332,19.89621935,2.141527863,7.093737791,-4.439310057,394.9306964,395.8595445,4.58614159,50.32111584,19.70747378,395.3948477,42.55829052,140.9728815,-88.22180199,42.60830812,141.1385631,-88.32548667,15.19143713,-9.506906182,-31.49130152
2011,451.3175571,19.19526318,18.15229872,-0.229083061,2.573355901,-6.262464851,368.4581284,329.5059487,0.052479049,6.622160593,39.21846601,348.4381511,-4.397309651,49.39624376,-120.2096609,-4.158384159,46.71232502,-113.6781327,-0.589512248,1.434624619,-16.11555088
2010,427.8393539,20.75926904,19.93866336,3.644642303,5.09850109,-4.448694875,430.947251,397.5502966,13.28341752,25.99471337,19.79088609,413.9120769,75.66011012,105.8411558,-92.35165378,72.66929596,101.6572969,-88.70102951,18.58221276,-16.21390154,-22.68167567
1944,551.5241219,18.60904342,16.80422647,-1.117604007,5.336084646,-5.293510012,346.2964969,282.3820272,1.249038718,28.47379935,28.02124825,312.7105799,-20.7975415,99.29943086,-98.50715765,-18.78047084,89.66877485,-88.95334106,-5.963629585,5.916048004,-28.2466175
1929,389.19218,15.32093632,14.38871487,2.046227381,8.011175679,-2.54347014,234.7310896,207.0351155,4.187046494,64.17893577,6.469240352,220.4485841,31.35011939,122.7387124,-38.96834403,29.44258233,115.2705226,-36.59726661,16.39268703,-5.204518243,-20.37618613
1946,375.086675,16.75539503,15.58977588,1.951204717,2.660297965,-6.885349371,280.7432625,243.0411119,3.807199849,7.077185265,47.40803596,261.2128532,32.69320582,44.5743433,-115.3667486,30.41884424,41.47344905,-107.3410535,5.19078594,-13.43472617,-18.31708092
1987,349.5662663,17.87698314,17.17278545,1.557152431,4.814069541,-2.452838949,319.5865263,294.9045603,2.424723694,23.17526555,6.016418908,306.9975961,27.83718777,86.06104004,-43.84936054,26.74064462,82.6709834,-42.12207702,7.496240091,-3.819444132,-11.80813727
1932,334.8587333,17.26707551,16.42360686,6.254286366,10.85645493,1.632941938,298.1518966,269.7348624,39.11609795,117.8626137,2.666499372,283.5876598,107.9932349,187.4592271,28.19613174,102.7179405,178.3021477,26.81879642,67.89937806,10.2128865,17.72796056
1941,409.9578508,17.38683301,16.11840979,0.007695219,9.316485529,-0.913989319,302.3019621,259.8031341,5.92E-05,86.79690261,0.835376475,280.2480994,0.133795482,161.9841781,-15.89137966,0.124034688,150.1669315,-14.73205438,0.071692393,-0.007033348,-8.515168261
1947,426.5322004,16.81246918,15.82849996,3.143620238,10.04278032,-1.391955876,282.6591199,250.5414111,9.882348201,100.8574365,1.937541161,266.1161678,52.85201836,168.8439345,-23.40221527,49.75879282,158.9621479,-22.03257354,31.57068745,-4.375780663,-13.97910707
1998,412.9295814,18.24325418,17.62116523,0.571836274,5.19598422,-2.172940309,332.816323,310.505464,0.326996724,26.99825201,4.721669586,321.4673962,10.43215449,94.79166082,-39.64150237,10.07642146,91.55929646,-38.28974022,2.971252254,-1.242566089,-11.29056356
1955,274.110415,14.03593942,12.28408011,-0.824184359,2.361367347,-5.503947426,197.0075955,150.8986241,0.679279858,5.576055749,30.29343726,172.4186043,-11.56820174,33.14400905,-77.25307266,-10.12434669,29.00722566,-67.61093109,-1.946202034,4.536267382,-12.99684173
1925,153.8602799,16.15519796,14.73124042,-1.842287114,-2.351651055,-11.6746222,260.9904212,217.0094443,3.39402181,5.530262685,136.2968035,237.9861053,-29.76251303,-37.99138834,-188.6058328,-27.1391744,-34.64273708,-171.9816665,4.332416435,21.50800604,27.45463761
1961,227.3942027,14.84060356,12.73774806,-0.350133694,1.209203562,-9.907603389,220.2435141,162.2502256,0.122593604,1.462173255,98.16060491,189.0358692,-5.196195352,17.9453107,-147.0348142,-4.459914785,15.40253033,-126.2005558,-0.423382911,3.468985776,-11.98030931
1979,188.1657579,15.6143611,13.41714463,-1.406129982,-0.306624857,-9.282159146,243.8082725,180.0197701,1.977201525,0.094018803,86.15847842,209.5001412,-21.95582129,-4.787751233,-144.9349847,-18.86624934,-4.114030049,-124.5400718,0.431154404,13.05192227,2.846140717
1937,178.0757343,15.90929198,14.48519294,-3.43732921,4.510804814,-5.131492732,253.1055712,209.8208145,11.8152321,20.34736007,26.33221765,230.4491638,-54.68547403,71.76371083,-81.63841614,-49.79037681,65.33987804,-74.33066229,-15.50512115,17.63862986,-23.14716212
1935,259.2489612,14.2738934,13.06860518,1.780554368,-0.602168383,-8.809301417,203.7440328,170.7884413,3.170373856,0.362606762,77.60379146,186.5398772,25.41544323,-8.595287313,-125.7430294,23.26936203,-7.869500854,-115.1252821,-1.072193545,-15.68544011,5.304682794
1980,225.1320256,14.90120539,13.47515682,-1.894483374,4.764603736,-5.939760206,222.0459221,181.5798514,3.589067255,22.70144877,35.2807513,200.7960795,-28.23008587,70.99833888,-88.50958679,-25.52846057,64.20378255,-80.03920027,-9.026462563,11.25277696,-28.30060367
1992,220.7491449,13.86775039,10.73277586,-3.415529076,3.581873386,-5.208408664,192.314501,115.1924777,11.66583887,12.82981695,27.12752081,148.8394567,-47.36570469,49.67252606,-72.2289113,-36.65810803,38.44344423,-55.9006828,-12.2339927,17.78947123,-18.65586038
1996,238.8874575,16.21738075,15.35128291,-5.150994378,0.80851723,-8.479979624,263.0034384,235.661887,26.53274308,0.653700111,71.91005443,248.9576,-83.53563708,13.11203176,-137.5230583,-79.07437198,12.41177674,-130.1785663,-4.164667707,43.68032737,-6.856209637
2015,236.7796752,15.78372897,15.49554141,-5.034962442,2.81954068,-3.988280127,249.1261003,240.1118035,25.35084679,7.949809648,15.90637837,244.5774259,-79.47048257,44.50286592,-62.94993259,-78.01946901,43.69030936,-61.80055986,-14.19628143,20.08084065,-11.24511806
2013,247.7006905,16.12612909,14.57360692,-1.92752804,4.31606184,-3.860605293,260.0520395,212.3900185,3.715364344,18.62838981,14.90427323,235.0158664,-31.08356599,69.6013704,-62.25661932,-28.09103597,62.90058868,-56.26294399,-8.319330218,7.441424951,-16.66261118
2018,201.2270661,18.04946059,17.54024165,-2.052490342,1.937783949,-8.572986243,325.7830276,307.6600772,4.212716606,3.755006635,73.49609313,316.5919004,-37.04634355,34.97595503,-154.7377773,-36.00117659,33.98919874,-150.3722504,-3.977282842,17.59597147,-16.61259514
2010,268.6793544,17.72667255,17.03085708,1.591727098,0.054749491,-7.293004218,314.2349195,290.0500929,2.533595153,0.002997507,53.18791053,301.9004266,28.21602504,0.970526298,-129.2806977,27.10847671,0.932430755,-124.2061125,0.087146248,-11.60847244,-0.399288268
1954,430.3352046,19.23257032,17.00369419,-0.716239684,8.838971395,-4.202706193,369.891761,289.1256161,0.512999285,78.12741531,17.66273934,327.0247441,-13.77513008,169.9961389,-80.82884238,-12.17872055,150.2951665,-71.46153087,-6.330822076,3.010144955,-37.14759982
1944,344.0675019,19.24752446,16.93062009,-1.526916003,4.964294661,-5.647053219,370.467198,286.6458967,2.33147248,24.64422148,31.88921006,325.8725244,-29.38935312,95.55038293,-108.691795,-25.85163476,84.04858692,-95.6081127,-7.580060961,8.622575931,-28.03363614
1955,349.8762614,15.45855875,13.72116963,1.16678742,6.585989368,-2.635884975,238.9670385,188.270496,1.361392884,43.37525596,6.9478896,212.1095068,18.03685188,101.8099036,-40.74698273,16.00968812,90.36747729,-36.16742486,7.684449546,-3.07551743,-17.35991042
1967,323.2937053,17.48696093,16.94448445,1.827176701,7.199730302,-3.696964602,305.7938026,287.1155532,3.338574695,51.83611643,13.66754727,296.3075375,31.95176758,125.9014025,-64.64867555,30.96056719,121.9957181,-62.6431592,13.15517946,-6.755007584,-26.61714807
1982,331.2626534,15.29338764,14.62890607,2.929141672,4.78220338,-5.534011656,233.8877054,214.0048928,8.579870933,22.86946917,30.62528501,223.7255312,44.79649902,73.13609004,-84.63378543,42.85013838,69.95840405,-80.9565367,14.0077512,-16.20990415,-26.46476925
1928,322.5365938,15.31845137,15.29259896,2.603851125,6.01889306,-5.752184504,234.6549522,233.8635829,6.780040681,36.22707367,33.08762656,234.2589334,39.88696682,92.20012061,-88.11455857,39.819651,92.04451774,-87.96585075,15.67230146,-14.97783209,-34.62178339
2012,392.1924205,16.65854849,13.42040279,3.35191381,8.773497743,-0.716843475,277.5072377,180.107211,11.23532619,76.97426265,0.513864567,223.5644306,55.83801872,146.1537376,-11.94157178,44.98403344,117.7438736,-9.620328166,29.40800824,-2.402797542,-6.289224607
2004,331.5753383,16.86130092,16.57680239,4.163751968,7.595753383,-2.119484883,284.3034688,274.7903776,17.33683045,57.69546945,4.492216168,279.5064535,70.20627489,128.0742835,-35.73727241,69.02169359,125.9133029,-35.13428208,31.62683309,-8.825009351,-16.09908447
1966,339.5925977,14.93504965,14.08551949,2.673673069,11.50520059,-1.052764801,223.0557082,198.4018592,7.148527681,132.3696407,1.108313726,210.3679329,39.93144005,171.8307421,-15.72309458,37.66007412,162.0567271,-14.82873912,30.76114498,-2.814748897,-12.11227021
1987,316.7584397,18.44097629,17.41242013,2.329273523,6.710788847,-1.990601521,340.0696067,303.1923748,5.425515145,45.03468695,3.962494416,321.1020268,42.95407782,123.753498,-36.70863546,40.55828918,116.8510748,-34.66119,15.63126278,-4.636655418,-13.35850649
1973,369.941785,17.74165303,17.84940516,1.797282726,5.854086141,-2.749284488,314.7662524,318.6012646,3.230225197,34.27032455,7.558565196,316.6779532,31.88676653,103.8611652,-48.77685148,32.08042757,104.4919554,-49.07309273,10.5214479,-4.941241519,-16.09454822
1931,321.2568991,17.84728812,16.38962948,1.384470449,6.609491381,-2.953434525,318.5256932,268.6199544,1.916758424,43.68537632,8.722775496,292.5104395,24.70904299,117.961497,-52.71079692,22.69095768,108.3271148,-48.40569756,9.150645499,-4.088942823,-19.52070004
1948,316.9557675,16.45353009,15.67702484,0.453222024,8.937819841,-2.640262498,270.7186524,245.7691079,0.205410203,79.88462351,6.970986058,257.9423999,7.457102212,147.0586877,-43.44163845,7.105172932,140.1184237,-41.39146077,4.0508168,-1.196625114,-23.59819054
1999,395.1638978,18.38810674,17.5507519,3.395076094,8.952526242,-0.355371331,338.1224694,308.0288922,11.52654168,80.14772611,0.126288783,322.7250992,62.4290216,164.6200081,-6.534605967,59.58613821,157.1235669,-6.237034064,30.39450782,-1.206512711,-3.181471167
1998,405.0494952,18.68404617,17.98504414,0.879515643,6.251502859,-1.669626211,349.0935813,323.4618127,0.773547766,39.08128799,2.787651685,336.0333951,16.43291088,116.803368,-31.19537322,15.81812766,112.4335549,-30.02830111,5.498294556,-1.468462371,-10.43767303
1993,341.5168608,16.74051049,16.7981821,2.441265942,6.575439809,-1.925905155,280.2446914,282.1789217,5.959779398,43.23640869,3.709110664,281.2101435,40.8680381,110.0762191,-32.24063544,41.00882983,110.4554353,-32.35170548,16.05239726,-4.701646661,-12.66367342
2011,378.2413633,19.61367574,17.74741955,0.338387394,3.183111262,-5.641948287,384.6962762,314.9709006,0.114506028,10.13219731,31.83158047,348.0921323,6.637020619,62.43251216,-110.6593443,6.005503049,56.49201104,-100.1300233,1.077124724,-1.909164177,-17.95894913
2013,335.3056477,18.09966617,17.48393373,0.278879907,10.83626892,1.390278553,327.5979155,305.6879387,0.077774002,117.4247241,1.932874456,316.4533639,5.04763321,196.13285,25.1635777,4.875917804,189.4606077,24.3075381,3.022017664,0.387720753,15.06543228
2004,322.6153658,16.85165358,16.62734578,4.77113197,7.682511278,-1.973091716,283.9782285,276.4686275,22.76370027,59.02097953,3.893090922,280.198271,80.40146315,129.4630187,-33.24985809,79.331261,127.7397714,-32.80727822,36.65427516,-9.413880967,-15.15829936
2015,340.7151201,19.04735362,18.49812053,-1.705249824,6.995512993,0.865966928,362.80168,342.1804633,2.907876961,48.93720204,0.749898721,352.3402432,-32.48049641,133.2460097,16.49437831,-31.54391678,129.4038425,16.01876062,-11.9290973,-1.476689952,6.0578829
1961,195.5686316,14.6214218,13.75960475,1.01020087,1.923984603,-7.988191774,213.7859755,189.3267229,1.020505798,3.701716753,63.81120783,201.1849849,14.77057302,28.13139042,-116.7987214,13.89996469,26.47326769,-109.9143615,1.94361092,-8.06967828,-15.36915798
1932,149.5953655,17.00331624,15.64981497,5.123473447,8.608197847,0.520750349,289.1127633,244.9167085,26.24998016,74.10107018,0.271180926,266.098753,87.11603928,146.3679103,8.854482868,80.18141143,134.7167035,8.149646606,44.10387309,2.668050585,4.482722033
1930,221.1768194,15.23437786,13.78908052,-1.798296299,3.591523931,-5.417387988,232.0862687,190.1387416,3.233869579,12.89904414,29.34809261,210.0680629,-27.39592532,54.71463264,-82.53053561,-24.79685247,49.52381266,-74.70079917,-6.458624192,9.74206877,-19.4566786
1966,204.4033192,14.63898791,13.83207799,1.836744039,8.295716292,-1.008808763,214.2999671,191.3263814,3.373628665,68.8189088,1.01769512,202.4876224,26.88807378,121.4408905,-14.76793928,25.40598679,114.7469947,-13.95392148,15.23710745,-1.852923482,-8.368791289
1938,188.5628229,16.12362855,15.05342037,-2.269201313,1.476407987,-5.555993029,259.9713975,226.6054649,5.149274597,2.179780543,30.86905854,242.7157584,-36.58775906,23.80505396,-89.58276781,-34.15924127,22.22499006,-83.63669864,-3.350266941,12.60766667,-8.202912482
1976,187.3070624,15.45934737,13.55275621,3.617244479,5.144370401,-2.732677636,238.991421,183.6772009,13.08445762,26.46454682,7.467527064,209.516766,55.92023892,79.52860902,-42.24541282,49.02363258,69.72039791,-37.03531381,18.60844543,-9.884763094,-14.05790595
1970,222.6475623,16.17348972,15.72361989,-0.582474171,2.151213732,-5.331603917,261.5817697,247.2322225,0.339276159,4.627720522,28.42600033,254.3058047,-9.420640009,34.79263318,-86.23064114,-9.158602456,33.82486704,-83.83211341,-1.253026435,3.10552157,-11.46941956
1994,171.4988527,17.58401505,16.59546153,-0.932602077,3.706836806,-4.176459131,309.1975851,275.4093435,0.869746634,13.74063911,17.44281087,291.8148453,-16.39888895,65.18107417,-73.43892019,-15.47696189,61.51666762,-69.31026685,-3.457003704,3.894974459,-15.48145242
1993,187.620778,16.19412856,15.27522734,1.761159542,4.151143405,-3.555752857,262.2497998,233.3325703,3.101682931,17.23199157,12.64337838,247.3689953,28.52044403,67.22414997,-57.5823189,26.90211238,63.40965924,-54.31493326,7.310825816,-6.262248072,-14.76044002
2002,210.4126178,18.31544088,17.04325566,2.857313744,6.77412431,-1.829510684,335.4553745,290.4725634,8.164241829,45.88876017,3.347109342,312.1547414,52.33296094,124.0710733,-33.50829476,48.69792863,115.4531325,-31.18081831,19.35579849,-5.22748602,-12.3933328
2010,223.5468259,19.17142592,18.90168942,3.090381491,2.548264764,-5.295306021,367.5435717,357.2738628,9.550457759,6.49365331,28.04026586,362.3723384,59.24701981,48.85386915,-101.5185671,58.41343112,48.16650913,-100.0902298,7.875110262,-16.36451572,-13.49384175
2006,199.3407744,16.19007467,14.16260521,0.502519364,0.81484166,-6.369008063,262.1185179,200.5793865,0.252525712,0.663966931,40.56426371,229.293636,8.135826033,13.19234733,-103.1147161,7.116983369,11.54028075,-90.20174681,0.409473713,-3.200549883,-5.189733105
2013,194.2617222,17.03508224,16.12152351,-0.557388598,7.707313929,-0.719454116,290.194027,259.9035203,0.310682049,59.40268799,0.517614226,274.6314789,-9.495160613,131.2947267,-12.25596004,-8.985953391,124.2536427,-11.59869645,-4.295968907,0.401015521,-5.545058732
1991,277.358006,17.92747161,16.61659987,2.394896589,3.506250348,-6.096036417,321.3942383,276.1113912,5.735529674,12.2937915,37.16166,297.8936224,42.93444062,62.85820357,-109.2865198,39.79503835,58.26195907,-101.2953979,8.397107,-14.59937683,-21.37422981
1969,258.1220947,13.84014611,13.60744699,0.575146899,3.047405534,-6.351987909,191.5496443,185.1626135,0.330793956,9.286680486,40.3477504,188.3290545,7.960117121,42.17653784,-87.91244075,7.826280943,41.46740925,-86.43433875,1.752705844,-3.653326151,-19.3570831
1953,299.7632164,18.76292545,16.73670811,-1.617562919,5.104322196,-3.657854223,352.0473714,280.1173984,2.616509796,26.05410508,13.37989752,314.0296066,-30.35021245,95.77201683,-68.6320461,-27.07267842,85.4295507,-61.22043845,-8.256562309,5.916809353,-18.6708665
1973,276.5616817,16.81085786,15.95471423,0.068751568,0.854372878,-7.035706417,282.604942,254.5529062,0.004726778,0.729953015,49.50116479,268.2124331,1.155772843,14.36274102,-118.2762605,1.096911626,13.63127512,-112.2526853,0.058739475,-0.48371585,-6.011116743
1932,232.7485186,16.82905866,15.64116269,4.558134446,7.878187823,-0.132802088,283.2172154,244.6459703,20.77658962,62.06584337,0.017636395,263.2260444,76.70911197,132.582485,-2.234934134,71.29452242,123.2240174,-2.077179068,35.90983928,-0.605329773,-1.046239795
1956,278.3352238,17.05951987,15.6024212,-3.250207941,3.288280932,-8.17586664,291.0272181,243.4355472,10.56385166,10.81279149,66.84479532,266.1698143,-55.44698693,56.09649389,-139.4763594,-50.71111326,51.30514411,-127.563315,-10.6875968,26.57326668,-26.88454638
1935,345.4926811,14.56185899,14.08356112,2.608262328,1.563050468,-6.744885048,212.0477374,198.3466937,6.803032371,2.443126766,45.49347431,205.0828311,37.98114824,22.76092052,-98.218065,36.7336219,22.0133168,-94.99200079,4.076845653,-17.59242958,-10.54259573
1929,279.651294,14.93904332,13.65873254,1.074501245,5.799468238,-4.065917164,223.1750155,186.5609746,1.154552925,33.63383185,16.53168239,204.0483972,16.05202065,86.63850727,-60.74091267,14.67632512,79.21338554,-55.53527508,6.231535841,-4.368833055,-23.58015745
1992,259.9319878,14.01004817,11.61820102,-1.953543186,5.818610614,-3.585859271,196.2814498,134.9825949,3.816330979,33.85622947,12.85838671,162.771556,-27.36923414,81.519015,-50.23806114,-22.69665743,67.60178775,-41.66123384,-11.36690711,7.005130945,-20.86471882
2000,264.4035275,15.3923966,14.9528514,0.607949693,4.869814966,-4.320211418,236.925873,223.5877651,0.369602829,23.7150978,18.66422669,230.1602191,9.357802781,74.95812331,-66.49840753,9.090581416,72.81761955,-64.59947936,2.960602512,-2.626471204,-21.03863022
1994,250.9781875,17.42851301,16.12019291,-1.655783575,3.570058793,-4.913698278,303.7530659,259.8606196,2.741619248,12.74531979,24.14443077,280.950992,-28.85784559,62.22081614,-85.63845439,-26.69155066,57.55003646,-79.20976417,-5.911244712,8.136020903,-17.54219174
2018,269.2230118,18.49149566,18.2423455,-0.503576901,4.0659413,-7.253667917,341.9354117,332.7831695,0.253589696,16.53187866,52.61569824,337.3282527,-9.311890087,75.1853359,-134.1311688,-9.186423824,74.172306,-132.3239163,-2.047514121,3.652779614,-29.49298796
2014,257.144539,17.19711847,17.43407308,-2.251021627,1.289696725,-7.70406126,295.7408836,303.9469042,5.067098364,1.663317644,59.3525599,299.8158202,-38.71108559,22.17906737,-132.4876542,-39.24447555,22.48466696,-134.313167,-2.903135221,17.34200851,-9.93590258
2004,241.455875,14.95396793,14.44164572,1.335555546,5.14997339,-3.739425556,223.6211569,208.561131,1.783708616,26.52222592,13.98330349,215.9599069,19.9718548,77.01253693,-55.91924984,19.28762003,74.37409115,-54.00345906,6.878075522,-4.994210539,-19.25794211
2013,289.2179365,16.6638941,15.53758377,-0.785160234,6.534306842,-2.113032414,277.6853665,241.4165095,0.616476593,42.6971659,4.464905983,258.9166505,-13.08382699,108.8869972,-35.21134837,-12.19949292,101.52734,-32.83141815,-5.13047789,1.659069025,-13.80720216
1945,304.8700741,15.1112289,14.51852768,2.701860463,0.91585012,-7.252472898,228.3492388,210.7876459,7.30004996,0.838781443,52.59836314,219.392795,40.8284319,13.83962081,-109.593778,39.22703591,13.29679532,-105.2952285,2.47449923,-19.59516978,-6.642178177
1946,262.5683139,16.37337646,14.98615009,0.987741825,0.99524362,-7.699568652,268.0874566,224.5846945,0.975633913,0.990509863,59.28335742,245.373877,16.17266874,16.29549846,-126.0679361,14.80244724,14.91487027,-115.3868914,0.98304375,-7.605185991,-7.662946579
1984,306.2380068,18.29709465,16.06785639,3.173729624,-3.494531519,-10.53693407,334.7836726,258.1760089,10.07255973,12.21175054,111.0269797,293.9950891,58.07003132,-63.93977395,-192.79528,50.99503182,-56.14963059,-169.3059435,-11.0906982,-33.44137982,36.82164823
1956,278.9729032,16.40841987,15.80397119,-1.686896513,3.974521619,-6.424619382,269.2362426,249.7655054,2.845619846,15.7968221,41.27573421,259.3181949,-27.67930626,65.2156195,-105.4178523,-26.65966389,62.81322516,-101.5344996,-6.70460666,10.83766803,-25.53478863
1928,228.0476693,13.74325961,14.08909697,2.498400444,4.256168455,-6.081381599,188.8771848,198.5026535,6.242004777,18.11496992,36.98320215,193.6301174,34.33616591,58.49362804,-83.57800611,35.20020613,59.9655701,-85.68117507,10.63361316,-15.19372649,-25.88338453
1968,264.5846126,16.77797157,15.52884035,-1.052491616,5.025482388,-2.01863037,281.5003299,241.1448826,1.107738602,25.25547323,4.074868571,260.5424418,-17.65867441,84.31740061,-33.86852295,-16.34397427,78.03991368,-31.34698874,-5.28927808,2.12459154,-10.14459137
1992,240.3747652,14.34359157,12.4899785,-0.527914825,6.44925487,-2.241751638,205.7386192,155.999563,0.278694062,41.59288838,5.025450408,179.1511504,-7.572194633,92.50547782,-32.15476991,-6.593644813,80.55105469,-27.99942977,-3.404657255,1.183453923,-14.45762767
2012,393.7729897,15.64650902,12.56338314,2.957050046,6.921803811,-0.930346033,244.8132444,157.8385959,8.744144976,47.911368,0.865543742,196.5730876,46.26751021,108.3020657,-14.5566676,37.15055269,86.96127329,-11.68829367,20.46812028,-2.751079781,-6.439672719
2007,262.0828482,17.13412497,14.66718149,1.561557145,7.252621936,-1.804963382,293.5782385,215.126213,2.438460718,52.60052494,3.257892811,251.3093207,26.75591527,124.2673306,-30.92646816,22.90364206,106.3755222,-26.47372552,11.32538361,-2.818553466,-13.09071702
1965,165.6341217,14.59466543,13.43022291,0.46045169,0.596915796,-7.724748725,213.0042591,180.3708874,0.212015759,0.356308467,59.67174286,196.00961,6.720138361,8.711786331,-112.7401232,6.183968834,8.016712196,-103.7450973,0.274850887,-3.556873604,-4.611024533
1946,189.4032599,14.52566186,13.3848693,-1.781189416,-1.886049484,-10.40836856,210.9948525,179.1547261,3.172635734,3.557182655,108.3341362,194.4240855,-25.87295516,-27.39611706,-151.1884423,-23.84098752,-25.24452582,-139.3146528,3.359411378,18.53927592,19.63069816
1969,167.8930793,13.11302793,12.25500726,-0.551004802,1.944131253,-7.434630084,171.9515015,150.185203,0.303606292,3.779646331,55.27372449,160.7002525,-7.225341363,25.49344743,-97.49051195,-6.752567854,23.82534263,-91.11144568,-1.071225657,4.09651688,-14.4538967
1930,224.2681767,14.83617133,12.75049475,-3.621387455,1.527172159,-7.267113448,220.1119796,162.5751164,13.1144471,2.332254804,52.81093787,189.1685246,-53.72752473,22.6573878,-107.8161402,-46.17448174,19.4722006,-92.65929187,-5.5304821,26.31703348,-11.09813334
1982,167.9191414,11.95609857,11.57480133,0.519523222,1.00629678,-8.268015673,142.948293,133.9760259,0.269904378,1.01263321,68.36008317,138.3894657,6.211470856,12.0313835,-98.85321038,6.013378086,11.64768531,-95.70063884,0.522794546,-4.295426145,-8.320077551
1978,184.7952057,14.80890984,12.97067758,-0.75793348,-0.835109947,-9.496072752,219.3038106,168.238477,0.57446316,0.697408624,90.17539771,192.0815949,-11.22416856,-12.36706791,-140.6264852,-9.830910797,-10.83194187,-123.170498,0.632957788,7.197391465,7.930264813
1936,310.3378408,13.59870657,11.15594688,-1.439298942,-0.912268445,-9.379017604,184.9248203,124.4551507,2.071581445,0.832233717,87.96597122,151.7064481,-19.57260398,-12.4056709,-127.5425083,-16.05674254,-10.17721831,-104.6318221,1.313027008,13.49921012,8.55618181
1979,167.4971887,14.93375487,13.09854788,-0.372499979,0.108042428,-8.088628316,223.0170344,171.5719565,0.138756235,0.011673166,65.42590803,195.6105031,-5.56282338,1.61347914,-120.7935925,-4.879208814,1.41519892,-105.9492853,-0.040245802,3.013013881,-0.873915045
1997,200.9287963,14.99114244,14.04583664,-5.097043938,0.393546348,-6.791436937,224.7343516,197.2855268,25.9798569,0.154878728,46.12361567,210.5631377,-76.41051169,5.89970936,-101.8113985,-71.59224647,5.527687714,-95.39141373,-2.005923028,34.61625247,-2.672745205
2006,189.7667786,14.69631357,12.80468252,-0.865784011,-1.826931748,-8.732422004,215.9816325,163.9598944,0.749581954,3.337679611,76.25519405,188.1816294,-12.72383331,-26.84916183,-128.334412,-11.08608939,-23.39328101,-111.8158914,1.581728297,7.560391352,15.95353899
2005,246.3409573,17.16578816,15.04238547,1.036919801,2.90705924,-6.639566786,294.6642832,226.2733606,1.075202673,8.450993426,44.08384711,258.2144024,17.79954564,49.90196309,-113.9733969,15.59774734,43.72910567,-99.87492293,3.014387287,-6.884698267,-19.30161398
1951,254.8412194,12.73652195,12.65039735,-5.224836271,-3.701473043,-12.65676532,162.2189914,160.0325531,27.29891406,13.70090268,160.1937085,161.1220635,-66.54624185,-47.14389265,-161.2031694,-66.0962549,-46.82510476,-160.1131105,19.33959061,66.12952653,46.84867565
1937,259.3194742,13.75386117,13.21828595,-4.038891894,2.92369514,-6.102073469,189.1686971,174.7230834,16.31264773,8.547993274,37.23530062,181.8024698,-55.55035839,40.21209707,-83.92707135,-53.38722796,38.64623839,-80.65895199,-11.8084886,24.64561507,-17.84060255
1986,248.3119136,13.38401502,13.84788673,-1.775339537,-4.859698385,-13.59656894,179.1318579,191.7639669,3.151830473,23.61666839,184.8666868,185.3403239,-23.76117103,-65.04227616,-181.9766828,-24.58470082,-67.29655277,-188.2837465,8.627614682,24.1385264,66.0752241
1953,246.1182292,14.88423577,14.51895275,-2.966841911,1.215376035,-5.710556874,221.5404743,210.7999889,8.802150923,1.477138906,32.61045981,216.1035158,-44.15917448,18.08994345,-84.99727486,-43.07543751,17.64598722,-82.91130541,-3.605828558,16.94231947,-6.94047397
1958,249.397525,11.87659299,11.20457828,-1.668842148,3.793104257,-5.729380911,141.053461,125.5425744,2.785034117,14.38763991,32.82580562,133.0722158,-19.82015896,45.04915543,-68.04552516,-18.69867249,42.50013357,-64.1952969,-6.330092258,9.561432349,-21.73213912
1991,264.5188551,15.63322531,14.78693178,0.03932647,-0.867564865,-8.275877276,244.3977337,218.6533515,0.001546571,0.752668794,68.49014469,231.1674362,0.614799562,-13.562837,-129.3786541,0.581517825,-12.82862247,-122.3748327,-0.034118263,-0.325461037,7.179860348
1950,263.1044146,13.44710054,12.45720519,-2.173121388,2.71912942,-7.209485299,180.824513,155.1819611,4.722456567,7.393664803,51.97667827,167.5132907,-29.2221818,36.5644067,-96.94667368,-27.07101903,33.87275312,-89.81003767,-5.908998299,15.6670867,-19.60352358
1979,242.9929239,13.44054945,12.53659997,-1.396728134,-1.670836504,-9.33373467,180.6483695,157.1663389,1.950849481,2.791694624,87.11860288,168.4987918,-18.77279356,-22.45696065,-125.4505224,-17.51022189,-20.94660887,-117.0132978,2.333704353,13.03668981,15.59514461
1948,247.0532157,13.09860041,12.24674899,-3.852180643,1.949851701,-7.384775052,171.5733326,149.9828608,14.8392957,3.801921657,54.53490258,160.4152713,-50.45817493,25.54032829,-96.7302175,-47.17668939,23.87934435,-90.4394864,-7.51118098,28.44748751,-14.3992162
1931,256.4313213,15.80807072,14.63174962,-1.893921076,0.253803645,-7.538808231,249.8950999,214.0880969,3.586937041,0.06441629,56.83362954,231.2997327,-29.9392383,4.012145961,-119.1740137,-27.71137898,3.713591379,-110.3059545,-0.480684071,14.27790779,-1.913377004
2003,251.0571238,12.63642386,10.90064777,-3.154754324,2.458901006,-7.073381573,159.6792079,118.8241217,9.952474845,6.04619416,50.03272688,137.7452055,-39.8648128,31.07171534,-89.38224766,-34.38886567,26.80361376,-77.10444104,-7.757228582,22.3147811,-17.39274507
2000,254.5436326,13.6775744,13.06536983,0.230630618,1.220579591,-6.179748912,187.0760414,170.7038887,0.053190482,1.489814539,38.18929661,178.7025678,3.154467431,16.69456817,-84.52397551,3.013274312,15.94732376,-80.74070496,0.281503025,-1.425239308,-7.542875402
1997,257.0178306,13.96934523,13.64366683,-5.858759568,-1.479502352,-7.70573129,195.1426062,186.1496446,34.32506368,2.188927209,59.37829471,190.5930922,-81.84303504,-20.66767912,-107.6440206,-79.9349636,-20.18583717,-105.1344304,8.66804856,45.14602692,11.40064757
1998,246.3592763,14.38250436,14.14837268,-2.581630646,0.968190315,-4.921363364,206.8564315,200.1764494,6.664816795,0.937392486,24.21981736,203.4890316,-37.13031402,13.92500142,-70.78153002,-36.5258725,13.6983174,-69.62928295,-2.499509789,12.70514248,-4.764816346
1995,266.2551193,15.2746412,14.78957673,0.385312134,2.441436806,-4.100946575,233.3146638,218.7315798,0.148465441,5.960613677,16.81776281,225.905478,5.885504601,37.29207122,-62.64048751,5.698603374,36.10781696,-60.65126402,0.940715226,-1.580144477,-10.01220191
2014,248.1503351,15.2915087,14.56677714,-3.065505328,-2.593350155,-10.37300941,233.8302383,212.1909962,9.397322918,6.725465028,107.5993242,222.7479994,-46.8762014,-39.65623646,-158.6189636,-44.65453294,-37.77675376,-151.1013163,7.949928719,31.79851561,26.90084556
2006,247.2293127,13.58453955,12.3844252,-0.820760896,-3.33201311,-9.523575948,184.5397149,153.3739875,0.673648448,11.10231136,90.69849883,168.236714,-11.14965885,-45.26386388,-129.3733942,-10.16465192,-41.26506712,-117.944014,2.734786064,7.816578725,31.73267991
1934,338.4916996,18.51443976,16.00812521,-1.86948949,5.560142731,-4.271118546,342.7844797,256.2600727,3.494990952,30.91518719,18.24245363,296.3814699,-34.61255054,102.9429277,-79.07736703,-29.92702183,89.00746102,-68.37260046,-10.3946284,7.98481123,-23.74802874
1952,204.3392388,18.68378957,17.2583499,-4.487911913,2.731417738,-7.316783485,349.0839926,297.8506413,20.14135334,7.460642858,53.53532057,322.4513778,-83.85120179,51.03323423,-136.7052429,-77.45395412,47.13976304,-126.2756095,-12.2583622,32.83707977,-19.98519219
1970,298.9327309,15.77855631,15.18061222,-1.309969842,1.413411017,-6.325093729,248.9628391,230.4509874,1.716020986,1.997730702,40.00681068,239.5281447,-20.66943291,22.30158531,-99.80084754,-19.88614419,21.45644455,-96.01879516,-1.851525806,8.285682031,-8.939957157
1991,225.7948208,17.64738114,16.50098837,2.50456963,3.359900876,-5.519080658,311.4300609,272.2826171,6.272869031,11.2889339,30.46025131,291.1992308,44.19909484,59.29345134,-97.39731988,41.32787433,55.44168527,-91.07028573,8.415105694,-13.8229218,-18.54356394
1957,210.3802716,16.41554207,15.69606938,-0.695690288,4.600025476,-2.547546204,269.4700214,246.3665939,0.483984977,21.16023438,6.489991662,257.6594872,-11.42013319,75.51191172,-41.81935189,-10.91960303,72.20231901,-39.98646196,-3.200193049,1.772303153,-11.71877744
1961,214.1150148,14.36252613,13.17008457,0.641354686,1.490598852,-8.708879034,206.2821569,173.4511275,0.411335834,2.221884939,75.84457402,189.1556838,9.211473443,21.40876497,-125.0815027,8.446695456,19.63131294,-114.6966733,0.956002559,-5.585480381,-12.98144509
1941,126.6453077,16.76564234,15.34573903,-1.964493783,5.073697588,-2.916629649,281.0867629,235.4917064,3.859235824,25.74240721,8.506728511,257.281172,-32.93600014,85.06379908,-48.89916953,-30.14660892,77.8596391,-44.75783745,-9.967247368,5.729700814,-14.79809682
1996,208.4548899,16.1011856,15.6276199,-3.413031152,2.399859285,-7.102926313,259.2481777,244.2225038,11.64878164,5.759324586,50.45156221,251.6232086,-54.95384803,38.64057976,-114.3655349,-53.33755356,37.50408872,-111.0018326,-8.190794498,24.24250878,-17.04602366
2002,258.9432019,17.25643026,16.19471943,3.161384592,6.250797669,-2.287730683,297.7843853,262.2689374,9.99435254,39.0724715,5.233711679,279.4630464,54.55421274,107.866454,-39.47806499,51.19773648,101.2299145,-37.04915654,19.76117544,-7.232396533,-14.30014162
2011,254.7602056,16.80962623,15.87895725,-0.516074452,-1.445395318,-8.126395154,282.5635339,252.1412833,0.26633284,2.089167626,66.0382982,266.9193362,-8.675018639,-24.29655505,-136.6016651,-8.194724156,-22.95137047,-129.0386812,0.745931596,4.193824924,11.74585351
1975,237.4612292,16.6015873,16.08523384,1.587109725,3.171985628,-2.784235794,275.6127009,258.7347476,2.518917278,10.06149283,7.751968957,267.0404138,26.34854065,52.65999633,-46.2227336,25.52903104,51.02213055,-44.7850838,5.034289237,-4.418887704,-8.831555924
1988,339.5755419,14.92634943,11.32269143,1.430394914,4.381578669,-2.273040367,222.7959074,128.2033413,2.046029611,19.19823163,5.166712512,169.0064489,21.35057432,65.40097428,-33.9281948,16.19592024,49.61126325,-25.73693469,6.267387845,-3.251345382,-9.959505186
1958,272.8793539,13.18418879,13.66209973,0.569670465,6.498796655,-2.392839644,173.8228341,186.652969,0.324524438,42.23435796,5.725681562,180.1237021,7.510642955,85.68136201,-31.54764962,7.782894701,88.78720802,-32.69121385,3.70217251,-1.363130072,-15.55057827
1963,238.5461393,14.50605644,14.41343135,0.116280129,2.295571294,-7.755056262,210.4256734,207.7470032,0.013521068,5.269647565,60.14089763,209.0820486,1.686766116,33.29968675,-112.4952838,1.675995659,33.08705925,-111.776971,0.266929327,-0.901758944,-17.80228454
1936,334.7237021,13.61104994,11.98595868,0.547126729,0.29205081,-7.7464922,185.2606805,143.6632055,0.299347658,0.085293676,60.0081414,163.1414822,7.446969232,3.975118163,-105.4378922,6.557838368,3.500508945,-92.84913544,0.159788805,-4.238312938,-2.262369323
1989,267.1205868,15.90605383,15.03511225,1.396712772,4.410950568,-5.951153533,253.0025484,226.0546005,1.950806568,19.45648491,35.41622837,239.1493048,22.21618854,70.16081717,-94.65936844,20.99973331,66.31913693,-89.4762614,6.160830996,-8.312052148,-26.25024406
1946,263.9008622,15.63884071,14.42643607,0.604702583,-0.345093727,-8.285110433,244.5733386,208.1220577,0.365665214,0.119089681,68.64305488,225.6127357,9.456847366,-5.396865828,-129.5695223,8.723703152,-4.978472593,-119.524616,-0.208679068,-5.010027677,2.859139639
1941,237.5197315,16.05083801,15.19756095,-1.18513769,6.249400498,-2.381660463,257.629401,230.9658588,1.404551344,39.05500659,5.672306559,243.933589,-19.02245309,100.3081151,-38.22764629,-18.01120227,94.97564496,-36.19543004,-7.40640007,2.822595579,-14.88395008
1933,356.2593427,17.13032316,15.28930765,-2.566336051,4.108995555,-5.58030473,293.4479714,233.7629284,6.586080729,16.88384447,31.13980088,261.9107809,-43.96216589,70.3884217,-95.59242333,-39.23750142,62.82369718,-85.3189958,-10.54506343,14.32093721,-22.92944733
2006,259.7223364,15.57179407,13.8632906,0.295186571,-0.329303986,-6.68590541,242.4807706,192.1908264,0.087135111,0.108441115,44.70133115,215.8763064,4.59658449,-5.127853851,-104.1115422,4.09225721,-4.565236849,-92.68864964,-0.097206114,-1.973589489,2.201695299
2013,270.6428617,16.43500757,15.44141835,-0.898935324,6.897587051,-0.372110477,270.1094739,238.4374005,0.808084717,47.57670713,0.138466207,253.7798275,-14.77400886,113.3618954,-6.115638509,-13.8808364,106.5085272,-5.745913548,-6.200484651,0.334503252,-2.566664409
2016,252.5315639,17.07337656,15.91713302,2.800231305,8.692181163,2.265214038,291.5001871,253.3551236,7.84129536,75.55401337,5.131194638,271.7592058,47.80940351,148.4048821,38.67485225,44.57165417,138.3546038,36.05571317,24.3401178,6.343123261,19.68965079
1991,193.9917327,17.95681074,16.34082377,1.491936378,2.170402631,-7.141998322,322.4470518,267.0225216,2.225874157,4.710647582,51.00814004,293.4290798,26.79041918,38.97350927,-128.2475121,24.37946944,35.46616692,-116.706136,3.238102642,-10.65540711,-15.50101195
1948,172.4184614,15.31998687,13.61410822,-2.706918899,4.422937758,-5.813698714,234.7019976,185.3439427,7.327409927,19.56237841,33.79909274,208.5679592,-41.46996199,67.75934837,-89.06578796,-36.85228684,60.2143533,-79.14832347,-11.97253381,15.73721092,-25.71362756
1973,169.1210271,16.34174193,15.44202217,-0.805223371,-0.079937129,-8.458708896,267.0525293,238.4560487,0.648384677,0.006389945,71.54975619,252.3495412,-13.15875252,-1.306311928,-138.2300378,-12.43427714,-1.234390913,-130.6195703,0.064367244,6.811150091,0.676164902
1963,176.6474186,15.99522528,14.56407993,-1.292615054,2.668180306,-8.865196892,255.8472318,212.1124242,1.670853678,7.119186148,78.59171593,232.9557395,-20.675669,42.67814509,-141.8008215,-18.82574897,38.85959125,-129.1134361,-3.448930031,11.45928696,-23.65394376
1957,211.862964,15.89684973,15.24706771,-1.400715221,3.707942689,-3.98958172,252.7098312,232.4730736,1.962003132,13.74883898,15.9167623,242.3803441,-22.26695938,58.94460771,-63.42178108,-21.35679982,56.53525323,-60.82942261,-5.193771765,5.588267843,-14.79314037
1928,129.2863843,13.56421599,12.76525826,0.30056398,1.561302841,-9.005701559,183.9879554,162.9518184,0.090338706,2.437666561,81.10266056,173.1507202,4.076914744,21.17784896,-122.1552811,3.836776829,19.93043399,-114.9601062,0.469271396,-2.706789503,-14.06062743
1929,160.7509047,14.26523723,13.14623781,0.648916526,4.211009068,-4.88050153,203.4969933,172.8235686,0.421092658,17.73259737,23.81929518,187.5342011,9.256948193,60.07104334,-69.62151213,8.530810975,55.35892663,-64.16023374,2.732593377,-3.1670381,-20.5518362
1987,212.7612467,17.31394002,15.18956448,-2.510769265,2.961791814,-4.757970953,299.7725189,230.7228692,6.303962301,8.77221075,22.63828759,262.9912084,-43.47130844,51.28028581,-82.37922368,-38.13749165,44.98832775,-72.2715066,-7.436375855,11.94616723,-14.09211942
1926,158.8655763,13.23530423,12.02262441,-2.983326384,-0.01646815,-8.913476892,175.1732779,144.5434977,8.900236311,0.0002712,79.4500703,159.1230916,-39.48523229,-0.21796098,-117.9725784,-35.8674126,-0.197990386,-107.1633848,0.049129867,26.59181078,0.146788477
1993,235.3092073,15.35648088,14.63071344,-0.171929939,2.026442096,-5.493392062,235.8215049,214.0577757,0.029559904,4.106467568,30.17735634,224.6762711,-2.640238814,31.11901929,-84.35917014,-2.515457663,29.6482936,-80.37224506,-0.348406065,0.94447856,-11.13204092
2003,171.7527864,14.03837217,12.63636461,-2.056909996,5.125077633,-6.274321139,197.0758932,159.6777107,4.230878731,26.26642075,39.36710575,177.3939894,-28.87566804,71.94774722,-88.08125527,-25.99186469,64.76234966,-79.28460962,-10.54182341,12.90571387,-32.15638293
1992,173.5417186,14.08588159,11.15547757,-2.817683352,4.557071424,-4.621178567,198.4120602,124.4446797,7.939339472,20.76689996,21.35529135,157.1347361,-39.68955405,64.19036847,-65.0933741,-31.43260342,50.83630803,-51.55145383,-12.84038428,13.02101791,-21.05904079
2001,187.2168837,14.80642367,14.32527131,-2.667012945,-5.109324899,-12.99592755,219.230182,205.2133982,7.112958049,26.10520093,168.894133,212.1060363,-39.48892361,-75.65082915,-192.4232094,-38.20568403,-73.1924654,-186.1701881,13.62663565,34.66030702,66.40041624
1994,140.5105033,16.67546809,15.78741302,-2.238134243,2.190991458,-5.85524176,278.0712361,249.2424098,5.009244888,4.80044357,34.28385607,263.262502,-37.32193615,36.53580816,-97.63889715,-35.33434968,34.59008707,-92.43911999,-4.903733008,13.10481708,-12.82878468
2005,226.1297438,17.56299017,15.97142773,1.547775849,3.509341378,-6.310808612,308.4586237,255.0865037,2.395610079,12.31547691,39.82630533,280.5060282,27.18357202,61.63452811,-110.8366696,24.72019011,56.04919219,-100.7926236,5.43167383,-9.767717156,-22.14678179
2004,159.5263237,15.0187058,14.07556654,0.319489689,4.145373811,-4.60784517,225.561524,198.1215735,0.102073662,17.18412403,21.23223711,211.3967929,4.79832165,62.25814971,-69.203871,4.49699838,58.34848492,-64.85803131,1.32440419,-1.472159021,-19.10124069
2017,140.5525146,15.79409986,13.90207746,2.877312886,0.456302342,-7.272261336,249.4535903,193.2677576,8.278929443,0.208211828,52.88578493,219.5707996,45.44456704,7.206884759,-114.8588217,40.0006266,6.343550506,-101.0995404,1.312924609,-20.92457125,-3.318349881
2014,170.0060699,16.68842467,16.97548677,-2.529435253,-0.58210862,-8.722434407,278.5035179,288.167151,6.398042697,0.338850446,76.08086199,283.2941321,-42.21228966,-9.714475861,-145.5636895,-42.93839466,-9.881577183,-148.0675699,1.472406065,22.06283308,5.07740426
1956,358.3372412,17.10994033,16.65275456,-1.209048035,5.714100966,-5.617381262,292.7500582,277.3142344,1.461797151,32.65094985,31.55497224,284.9276369,-20.68673974,97.76792659,-96.11305822,-20.13398018,95.15552091,-93.54487142,-6.908622546,6.791683777,-32.0982837
1939,351.480923,18.24758978,17.91870719,1.07391903,7.623425414,-3.359366649,332.9745327,321.0800675,1.153302084,58.11661504,11.28534428,326.9732182,19.59643392,139.1091397,-61.30034453,19.24324065,136.6019278,-60.19550734,8.186941629,-3.607687775,-25.60988109
1961,349.3239688,15.24724604,14.48155723,1.412737377,3.921903219,-6.700455607,232.4785119,209.7154997,1.995826897,15.38132486,44.89610534,220.8038661,21.54035438,59.79822334,-102.1634952,20.45863717,56.7952659,-97.03303131,5.540619267,-9.465984079,-26.27853842
1941,416.2396774,17.45329241,15.97139671,-0.534195556,9.656191835,-0.998231134,304.6174159,255.0855128,0.285364892,93.24204076,0.996465397,278.7534569,-9.323471249,168.5323397,-17.42241988,-8.531849151,154.2228705,-15.94314545,-5.15829477,0.533250636,-9.639111328
1931,332.8519985,18.02376062,16.30737781,0.730319361,5.954095463,-3.75212343,324.8559468,265.9305711,0.533366369,35.45125278,14.07843023,293.920274,13.16310134,107.3151913,-67.62737451,11.90959374,97.09568424,-61.18729436,4.348391193,-2.740248385,-22.34050109
1985,361.1085995,16.65377679,15.36612964,0.201433633,10.35678683,0.12339995,277.3482812,236.1179401,0.040575509,107.2630333,0.015227548,255.9040931,3.354630762,172.479616,2.055075229,3.095255319,159.143729,1.896179636,2.086205197,0.0248569,1.278026981
1960,372.2994397,16.4323713,15.6051726,-1.9851937,8.566646426,0.100076603,270.0228266,243.5214118,3.940994026,73.38743098,0.010015326,256.4299903,-32.62143998,140.7703149,1.644495897,-30.97929032,133.683996,1.561712661,-17.00645251,-0.198671442,0.857320872
1929,360.0306287,15.55464551,14.78609861,1.695826813,8.323405388,-2.703660096,241.9469968,218.628712,2.875828578,69.27907726,7.309777913,229.9925223,26.37798491,129.4676202,-42.05447436,25.07466247,123.0706928,-39.97658477,14.11505403,-4.584939282,-22.50365901
1942,353.2755063,17.95433786,17.30660882,1.406782617,9.189776279,-0.6603831,322.3582481,299.518709,1.979037332,84.45198805,0.436105838,310.7287021,25.25785041,164.9963482,-11.85674129,24.34663645,159.0438632,-11.42899198,12.92801752,-0.929015465,-6.068772943
1958,364.4044841,15.80859791,15.5338512,1.110210974,10.13552642,-1.252124236,249.9117678,241.300533,1.232568406,102.7288958,1.567815101,245.5684076,17.55087888,160.2284618,-19.79432857,17.24585206,157.4437592,-19.45031156,11.25257266,-1.390122067,-12.69093827
1975,362.0339118,17.84194389,16.8283119,2.542917895,5.920103574,-1.527389391,318.3349619,283.1920812,6.466431423,35.04762633,2.332918352,300.2497967,45.37059842,105.6261558,-27.25159582,42.79301547,99.6253494,-25.70338506,15.05433732,-3.884025816,-9.042303392
1926,357.7614495,14.83815825,13.81061404,-0.615192062,6.145154016,-5.780222995,220.1709403,190.7330603,0.378461273,37.76291788,33.41097787,204.9240768,-9.128317165,91.18276778,-85.76786353,-8.496180125,84.86835036,-79.82842887,-3.780449967,3.5559473,-35.52036055
2003,385.8853158,15.13045645,14.63076659,0.252328249,5.949393016,-3.481218443,228.9307124,214.0593311,0.063669545,35.39527726,12.11888185,221.3701768,3.817841578,90.01703193,-52.67242404,3.691755712,87.04418059,-50.9328945,1.501199921,-0.878409753,-20.71113669
1998,372.0060019,18.42468286,17.62897256,0.690799451,5.332769387,-2.166509017,339.4689385,310.7806734,0.477203882,28.43842933,4.693761319,324.8082285,12.72776081,98.25458472,-39.91724155,12.17808456,94.01124517,-38.193328,3.683874165,-1.496623239,-11.55349296
2000,364.9630295,17.14822714,16.69241918,2.822405531,7.95780843,-2.512676639,294.0616942,278.6368582,7.965972979,63.32671501,6.313543893,286.2453957,48.39925113,136.4623065,-43.08794975,47.11277622,132.8350741,-41.94265173,22.46016252,-7.091792443,-19.99539934
2011,396.2254055,19.1456397,17.61402755,0.026660213,1.728497294,-6.036728331,366.5555194,310.2539665,0.000710767,2.987702895,36.44208894,337.231825,0.510426835,33.09318641,-115.5770256,0.469593729,30.44579895,-106.3310991,0.046082106,-0.160940464,-10.43446858
1956,345.7400253,16.62718869,16.37515888,-0.816902232,5.816026556,-5.077804781,276.4634036,268.1458284,0.667329257,33.8261649,25.7841014,272.2728565,-13.58278755,96.70417096,-84.42961821,-13.37690384,95.23835892,-83.14986006,-4.751125076,4.148070061,-29.53264745
1953,481.4588636,19.53899876,17.41202664,0.010976934,7.106723986,-1.703127847,381.7724727,303.1786716,0.000120493,50.50552581,2.900644464,340.2135669,0.214478291,138.8582712,-33.2774129,0.191130659,123.7424673,-29.65490744,0.078010037,-0.018695121,-12.10365952
1966,358.9255368,14.83461471,13.95772645,2.442695078,10.44013703,-1.124928182,220.0657936,194.8181276,5.966759246,108.9964611,1.265463414,207.0574941,36.23644034,154.8754103,-16.68787615,34.0944697,145.7205767,-15.70143984,25.50207133,-2.747856533,-11.74440436
1981,325.0119948,18.5497402,17.31232363,0.231751057,6.876607879,-3.217180008,344.0928616,299.7165493,0.053708552,47.28773592,10.3502472,321.1391056,4.298921897,127.5592896,-59.67785333,4.012149298,119.0500611,-55.69686146,1.593661144,-0.745584867,-22.12328539
1959,373.6120376,16.5300324,15.84890679,2.274914053,3.697317962,-7.033883369,273.241971,251.1878464,5.175233949,13.67016011,49.47551525,261.9829427,37.604403,61.11678569,-116.27032,36.05490078,58.59844775,-111.4793619,8.41108059,-16.00148012,-26.00650332
1928,333.4126934,14.89673758,14.98224785,3.440269113,6.370609636,-4.797021456,221.9127905,224.4677505,11.83545157,40.58466713,23.01141485,223.1866145,51.24878618,94.90129997,-71.4599698,51.54296451,95.4460525,-71.87016438,21.91661156,-16.50304475,-30.55995111
1963,300.9164934,16.34419415,15.80309196,1.041582457,5.636246583,-6.18296006,267.1326823,249.7377155,1.084894014,31.76727554,38.2289951,258.2888031,17.02382589,92.11990841,-101.0554996,16.46022335,89.07012307,-97.70988642,5.870615563,-6.440062729,-34.84868751
1977,328.8078188,16.50113748,15.49892407,-4.436712402,4.802152257,-7.072212475,272.2875381,240.2166472,19.68441693,23.0606663,50.01618929,255.7498768,-73.21080129,79.24097458,-116.6995503,-68.76426861,74.42819318,-109.6116841,-21.30576847,31.37737279,-33.9618411
1998,383.9448959,18.21950307,17.62980321,0.637366801,5.462463592,-2.065647642,331.9502922,310.8099613,0.406236439,29.83850849,4.266900181,321.2062538,11.61250638,99.5233722,-37.63507356,11.23665127,96.30215818,-36.41696144,3.481592943,-1.316575229,-11.28352504
1999,369.005182,17.58430402,17.4895338,3.112922497,8.379857495,-0.889032585,309.2077477,305.8837924,9.690286474,70.22201163,0.790378936,307.5412794,54.73857557,147.3539618,-15.63301925,54.44356322,146.5598009,-15.54876543,26.08584692,-2.767489533,-7.449966367
2017,371.3949391,16.94209856,15.84507235,4.036684748,4.934788621,-4.192775736,287.0347037,251.0663177,16.29482375,24.35213874,17.57936838,268.4487774,68.38991086,83.60567521,-71.03441978,63.96156187,78.19208273,-66.43483488,19.92018596,-16.92491387,-20.690462
2007,388.1677566,17.10625877,15.42210643,2.162686472,8.809832562,-1.009124544,292.624089,237.8413668,4.677212775,77.61314977,1.018332346,263.8145433,36.99547441,150.7032755,-17.26234559,33.35318094,135.8661754,-15.56282613,19.0529057,-2.18242,-8.890218271
2010,372.5955018,20.14574281,19.7289282,3.592228842,4.601575165,-3.976180185,405.8509533,389.2306081,12.90410806,21.174494,15.81000886,397.4539135,72.36811837,92.70214978,-80.10310337,70.87082493,90.78414605,-78.4457734,16.52991103,-14.28334914,-18.29669199
1927,254.9848533,16.08970635,15.12879877,-0.879862271,5.857639227,-3.27775674,258.8786504,228.8805524,0.774157616,34.31193731,10.74368925,243.4179297,-14.15672557,94.24769505,-52.73814342,-13.31125925,88.61904515,-49.58852215,-5.153915754,2.88397449,-19.19991645
1932,233.5301455,18.23461244,16.75795598,6.655907293,12.11232865,2.428147662,332.5010909,280.8290886,44.30110189,146.7085054,5.895901068,305.5748326,121.3678899,220.8636187,44.27633156,111.5394014,202.9778704,40.69079163,80.61853661,16.16152573,29.4105225
1968,269.3174487,17.55260124,16.43017892,-0.505907976,8.16406419,-0.741696059,308.0938103,269.9507793,0.255942881,66.6519441,0.550113044,288.3923789,-8.880000973,143.3005632,-13.01869517,-8.312158568,134.1370354,-12.18619896,-4.130265193,0.375229952,-6.055254237
1948,247.8548194,16.99983264,15.61023747,0.406630185,8.301460978,-2.747183133,288.9943096,243.6795138,0.165348108,68.91425437,7.547015165,265.3714244,6.912645095,141.1234473,-46.70165348,6.347593755,129.5877772,-42.88418107,3.375624616,-1.117087586,-22.80563358
1944,395.9751274,19.30076807,17.03611146,-0.8022514,6.355610729,-4.545031485,372.5196482,290.2290937,0.643607309,40.39378774,20.6573112,328.8100362,-15.48406821,122.6681686,-87.72259857,-13.66724427,108.2748928,-77.42966297,-5.098797605,3.646257871,-28.88645087
1992,238.7595405,15.3074907,14.1364931,0.31103557,8.688062293,-0.914357867,234.3192714,199.8404373,0.096743126,75.48242641,0.836050308,216.3942367,4.761174098,132.9924327,-13.99652454,4.396952194,122.8187327,-12.92581368,2.70229641,-0.284397821,-7.943998104
2017,308.8313939,17.4504011,16.32236743,4.122125982,5.918091141,-3.487638927,304.5164986,266.4196785,16.99192261,35.02380275,12.16362529,284.8318585,71.93275177,103.2730642,-60.86069818,67.28285486,96.59725808,-56.92652403,24.39511726,-14.37648704,-20.64016504
2010,322.3025824,20.73418294,19.52642882,3.269955136,5.230261831,-3.828537527,429.9063421,381.2814223,10.69260659,27.35563882,14.65769959,404.8645472,67.79984798,108.4452056,-79.38159747,63.85054618,102.1283353,-74.75766549,17.10272153,-12.51914595,-20.02425369
1944,214.0689448,17.24898391,15.05442356,-4.126134911,3.019737901,-8.687276039,297.5274461,226.6356687,17.0249893,9.118816991,75.46876498,259.6735098,-71.1716347,52.08741048,-149.8466847,-62.11658261,45.4604134,-130.7819331,-12.45984598,35.84487295,-26.23329671
1984,286.0188934,15.66141336,14.29396875,0.994400067,-6.52277843,-15.22883328,245.2798685,204.3175428,0.988831493,42.54663845,231.917363,223.8637533,15.57371049,-102.1559293,-238.505053,14.21392348,-93.23639108,-217.680467,-6.486251307,-15.14355283,99.33430522
1952,222.2660299,17.4712445,15.96319203,-6.004340297,0.685358152,-9.618388143,305.2443845,254.8234997,36.0521024,0.469715797,92.51339046,278.8968309,-104.9032974,11.97405985,-168.045211,-95.84843715,10.94050379,-153.5401769,-4.115123572,57.75207552,-6.592040725
1927,297.8239872,12.73518312,11.61225045,-3.84663312,0.286074165,-9.110402167,162.1848892,134.8443605,14.79658636,0.081838428,82.99942765,147.884136,-48.98757719,3.643206874,-116.0226399,-44.66806718,3.321964848,-105.7922717,-1.100422357,35.04437471,-2.60625069
1926,276.0449014,11.93115105,10.76765301,-3.766575484,-1.163859153,-10.15407587,142.3523653,115.9423513,14.18709088,1.354568128,103.1052569,128.4704945,-44.93958103,-13.88617935,-121.149813,-40.55717785,-12.53203151,-109.3355656,4.383763354,38.24609325,11.81791415
1947,335.5572068,13.78971645,12.690601,-0.9018547,5.680404542,-5.853015941,190.1562799,161.0513536,0.8133419,32.26699576,34.2577956,174.9997893,-12.4363206,78.33116797,-80.71143022,-11.44507816,72.08774753,-74.27828992,-5.122899535,5.278569937,-33.24749833
1945,262.6987819,13.37444488,11.87784788,0.985424093,-1.290624196,-10.67117159,178.8757758,141.0832704,0.971060642,1.665710815,113.8739032,158.8596218,13.17950021,-17.26138216,-142.7209963,11.70471748,-15.32983787,-126.750553,-1.271812177,-10.51562959,13.77247226
1992,245.5535133,12.68717854,10.00466994,-3.619489173,3.007849008,-5.705581085,160.9644993,100.0934206,13.10070187,9.047155653,32.55365552,126.9310338,-45.92110536,38.16111738,-72.3877259,-36.21179453,30.09253656,-57.08245558,-10.88687692,20.65128896,-17.16152641
2014,264.9135455,16.17371897,15.3609543,-3.179607828,-1.822437407,-10.12331068,261.5891853,235.9589171,10.10990594,3.321278104,102.4814192,248.443758,-51.42608343,-29.47559046,-163.731582,-48.84181054,-27.99437773,-155.5037128,5.794636245,32.18815789,18.44910008
2007,251.2191642,15.43121636,13.65870274,-0.59417235,4.264672032,-5.02982298,238.1224382,186.5601606,0.353040781,18.18742754,25.29911921,210.7703972,-9.168802081,65.80907681,-77.61628664,-8.115623502,58.24988758,-68.70085694,-2.533950202,2.988581738,-21.45054539
1968,299.9353746,14.96650477,13.75931565,-2.254423258,3.006187364,-3.638299888,223.996265,189.3187673,5.082424227,9.037162469,13.23722607,205.9288634,-33.74083644,44.99211752,-54.45263262,-31.01932123,41.36308086,-50.0605166,-6.777218713,8.202267887,-10.93741115
1979,273.9498621,14.70453634,12.84276413,0.553557054,0.665988275,-6.729638613,216.2233891,164.9365904,0.306425412,0.443540383,45.28803586,188.8468919,8.139799824,9.793048801,-98.95621557,7.109202679,8.553130333,-86.42716136,0.368662508,-3.725238927,-4.481860414
1956,311.9204426,16.02493675,14.21155441,-2.866431965,0.914470156,-8.773631636,256.7985978,201.9682788,8.216432208,0.836255666,76.97661209,227.7392605,-45.93439093,14.65432641,-140.596892,-40.73645383,12.99604238,-124.6869434,-2.621266486,25.14901817,-8.023224292
1991,422.5302788,17.11089493,14.82894102,1.388880627,2.949530253,-5.912656477,292.7827253,219.8974916,1.928989397,8.699728714,34.95950662,253.7364516,23.76499048,50.46910225,-101.1708437,20.5956289,43.73841015,-87.67843415,4.096545428,-8.211974037,-17.43955916
1974,380.573741,13.27799085,12.23270863,0.733660433,1.643430335,-5.875723711,176.3050409,149.6391604,0.538257631,2.700863265,34.52412913,162.4257932,9.741536512,21.82145294,-78.01780566,8.974654305,20.10360443,-71.87601614,1.205719811,-4.310786001,-9.656342585
1954,390.583132,17.94708768,16.94287194,-0.706330323,8.450700175,-3.771230263,322.0979562,287.0609096,0.498902526,71.41433345,14.2221777,304.0752083,-12.67657225,151.665457,-67.6826002,-11.96726422,143.1791309,-63.89547141,-5.968985788,2.663734292,-31.86953625
1982,326.8958461,14.91095896,15.06738564,3.189652886,5.596110112,-4.826887904,222.3366971,227.0261101,10.17388553,31.31644838,23.29884684,224.669169,47.56078327,83.44336821,-71.97352744,48.05973009,84.31874915,-72.72858151,17.84964877,-15.39609693,-27.01179621
1938,333.2602912,16.5136439,16.07387787,-1.071752333,5.013217386,-3.899075499,272.7004348,258.3695499,1.148653063,25.13234856,15.20278974,265.4382953,-17.69853638,82.7864867,-64.38794432,-17.22721611,80.58184401,-62.67326338,-5.372927429,4.178843263,-19.54691308
1950,361.8603169,17.19583995,16.61404485,0.470284836,10.78826098,-1.943351486,295.6969115,276.0264862,0.221167827,116.386575,3.776614999,285.6924561,8.086942761,185.5132091,-33.41756112,7.813333349,179.2366518,-32.28692875,5.073555541,-0.913928734,-20.96538301
1974,374.9604627,14.59295528,14.9108088,4.958522036,6.187665716,-2.52911794,212.9543439,222.3322191,24.58694078,38.28720702,6.396437556,217.592766,72.35949034,90.2963291,-36.90730501,73.93557401,92.26310041,-37.71119404,30.68167681,-12.54068704,-15.64933637
1937,363.9187669,17.65155884,16.9574894,-0.932318917,9.918009324,-1.587272579,311.5775296,287.5564466,0.869218563,98.36690896,2.51943424,299.3261219,-16.45688222,175.0683252,-28.01783533,-15.80978814,168.1845379,-26.91615793,-9.246747709,1.479844251,-15.74258424
1968,341.4607615,17.67138753,16.60855847,-0.480953012,8.415267684,-0.948884953,312.2779374,275.8442146,0.2313158,70.8167302,0.900382654,293.4962732,-8.499107063,148.7094565,-16.76811373,-7.987936226,139.7654654,-15.75961123,-4.047348341,0.456369076,-7.985120881
1946,327.2759718,17.5340525,15.9688168,2.141156802,4.008833283,-6.47906823,307.4429972,255.00311,4.584552451,16.07074429,41.97832512,279.9980722,37.54315579,70.29109326,-113.6043225,34.19174072,64.01632428,-103.4630536,8.583540652,-13.87270101,-25.97350436
1951,368.9474426,17.21989904,17.06621485,-1.626328202,4.778963962,-6.657802622,296.5249228,291.2556893,2.644943422,22.83849655,44.32633576,293.8784967,-28.00520744,82.29327693,-114.646689,-27.75526652,81.55882575,-113.62349,-7.77216387,10.82777217,-31.8173988
1947,372.7780203,17.79532936,16.32332429,3.399469788,10.81112858,-0.76925507,316.6737471,266.4509158,11.55639484,116.8805012,0.591753363,290.478932,60.49468454,192.3875939,-13.68914734,55.49064776,176.4735577,-12.55679997,36.75210499,-2.615059371,-8.316515477
1999,406.456015,18.17154776,17.65125637,3.388379369,8.742129547,-0.616312173,330.2051481,311.5668516,11.48111475,76.42482901,0.379840695,320.7506483,61.57209754,158.8580246,-11.19934609,59.80915293,154.3095699,-10.87868417,29.62165139,-2.088299452,-5.387880858
1998,386.1671779,18.7923897,18.17344498,0.940819886,5.966231952,-1.736841361,353.1539105,330.2741026,0.885142058,35.5959237,3.016617914,341.5224603,17.68025393,112.1197559,-32.6393997,17.09793844,108.4269881,-31.56439093,5.613149664,-1.634054891,-10.36239842
2010,373.3722494,20.92429103,19.83787946,3.661084672,5.660241732,-3.953554663,437.825955,393.5414615,13.40354098,32.03833647,15.63059448,415.0935632,76.60560115,118.4365453,-82.72532837,72.62815642,112.2871932,-78.43014086,20.72262424,-14.47429838,-22.3780751
1969,264.9928116,11.72097337,11.34523805,-1.063590484,0.375430124,-7.676775522,137.3812167,128.7144263,1.131224717,0.140947778,58.93288241,132.977233,-12.46631574,4.40040649,-89.97928144,-12.06668722,4.259344132,-87.09484572,-0.399303908,8.164945392,-2.88209279
1963,302.3039563,14.26824491,13.22334133,-1.958043111,0.113978356,-9.785062255,203.5828127,174.8567558,3.833932823,0.012991066,95.74744334,188.6738725,-27.93783864,1.626271103,-139.6156647,-25.89187238,1.50717471,-129.3912181,-0.223174536,19.15957374,-1.115285313
1975,282.1171082,15.29958595,14.22008003,-0.65277876,0.872260537,-5.612887139,234.0773304,202.210676,0.426120109,0.760838444,31.50450204,217.5613367,-9.987244745,13.34522506,-85.87484923,-9.282566205,12.40361464,-79.81570431,-0.569393151,3.663973506,-4.895899949
1929,308.8704865,12.18809149,11.2689905,-0.340618474,2.529369484,-5.992723416,148.5495742,126.9901469,0.116020945,6.397709985,35.91273394,137.3474872,-4.151489122,30.82818668,-73.03986127,-3.838426346,28.50344069,-67.53194326,-0.861549973,2.041232304,-15.15781173
1984,301.8994855,14.91363544,13.93295772,0.740847609,-6.890255643,-15.12829404,222.416522,194.1273108,0.54885518,47.47562283,228.8652806,207.791052,11.04873116,-102.7587607,-225.6178621,10.32219841,-96.00164055,-210.7818812,-5.104629419,-11.20776047,104.2378134
1972,262.8074004,12.17991699,11.00593681,-1.366235568,2.836120166,-4.149631754,148.3503779,121.130645,1.866599627,8.043577599,17.21944369,134.0513967,-16.64063581,34.5437082,-50.5421703,-15.03670233,31.21415933,-45.67058486,-3.874808246,5.669374496,-11.7688543
1944,285.8673722,16.37937523,14.5209886,-3.967143107,1.99989523,-8.527965035,268.2839329,210.85911,15.73822443,3.99958093,72.72618764,237.844721,-64.97932554,32.75703439,-139.6827393,-57.60683984,29.04045584,-123.8344831,-7.933870575,33.8316577,-17.05503659
1955,230.9585208,13.70698238,12.55461325,0.343695053,3.025970986,-4.441912892,187.881366,157.6183139,0.118126289,9.156500407,19.73059014,172.0858626,4.71102203,41.47693099,-60.88522175,4.314958461,37.98989543,-55.76649845,1.040011257,-1.526663485,-13.44109953
1943,184.2385268,17.68906375,16.7861728,0.485185752,-0.002225485,-8.241711894,312.9029765,281.7755974,0.235405213,4.95E-06,67.92581494,296.9316809,8.582481691,-0.039366738,-145.7881671,8.144411867,-0.037357368,-138.3468,-0.001079773,-3.998761179,0.018341803
1962,159.987316,15.12153456,14.57701205,0.670185535,1.069668757,-6.9417583,228.6608075,212.4892803,0.449148652,1.14419125,48.18800829,220.4267915,10.13423374,16.17503308,-104.9700381,9.769302626,15.59257436,-101.1900944,0.716876529,-4.652266002,-7.425381972
1953,232.577565,17.1008777,15.9452086,-1.496371861,3.541268101,-3.766029608,292.4400181,254.2496774,2.239128746,12.54057976,14.18297901,272.6770622,-25.58927219,60.55879269,-64.40241174,-23.85996147,56.46625859,-60.05012771,-5.299053938,5.635380733,-13.33652052
1965,165.2671224,14.87967885,13.95565388,1.309582285,1.159258089,-6.527332197,221.4048427,194.7602752,1.715005761,1.343879317,42.60606561,207.6556479,19.48616383,17.24938807,-97.12460685,18.2760771,16.17820465,-91.09318891,1.518143857,-8.548078612,-7.566862648
1954,201.8561899,17.62693212,16.13665205,-0.840920888,4.589692072,-5.365028906,310.7087361,260.3915395,0.70714794,21.06527332,28.78353517,284.4396705,-14.82285542,80.90219062,-94.56900038,-13.56964778,74.06226401,-86.57360473,-3.859567934,4.511564873,-24.62383064
1928,161.6078893,13.0253339,12.5655492,1.249525817,2.428135984,-7.900480392,169.6593232,157.8930268,1.561314767,5.895844356,62.41759042,163.670474,16.27549098,31.62728194,-102.9063951,15.70097813,30.51086218,-99.2738751,3.034018599,-9.871854215,-19.18344073
1961,181.8288324,14.09090316,12.91575738,0.659697834,1.202154907,-8.907289574,198.5535518,166.8167888,0.435201233,1.44517642,79.33980756,181.9946865,9.295738297,16.93944837,-125.5117548,8.520497174,15.52674111,-115.0443911,0.793058989,-5.876119642,-10.70794187
1935,186.9054888,13.97589741,13.18395307,2.484738945,0.496985307,-7.195271654,195.3257085,173.8166186,6.173927626,0.246994396,51.77193417,184.2575756,34.72645659,6.945815673,-100.5603785,32.75868165,6.552230971,-94.86212382,1.234878749,-17.8783717,-3.575944295
1974,274.8484737,13.90803395,13.0768056,1.632949776,1.313453891,-5.807668404,193.4334085,171.0028446,2.666524972,1.725161124,33.72901229,181.8726562,22.71112094,18.26756132,-80.77324935,21.35376678,17.1757812,-75.94575068,2.144804238,-9.483630821,-7.628104664
2001,194.5704354,14.58881812,14.31030057,-1.86101825,-3.888720055,-11.99831527,212.833614,204.7847025,3.463388926,15.12214367,143.9595694,208.7703723,-27.15005676,-56.73182959,-175.0412392,-26.63173053,-55.64875284,-171.6994979,7.236978992,22.32908369,46.65808923
1992,184.2569168,13.03333591,11.29226575,-1.847229103,4.485849441,-3.947430706,169.867845,127.5152659,3.41225536,20.12284521,15.58220918,147.1758928,-24.07555741,58.46558261,-51.44819038,-20.85940194,50.65540403,-44.57543658,-8.286391641,7.291808883,-17.70757983
2007,166.7642954,16.00325744,14.25682986,0.822165952,5.165477585,-3.143126351,256.1042487,203.2571976,0.675956853,26.68215868,9.879243261,228.1557185,13.15733339,82.66446759,-50.30026017,11.7214801,73.64333507,-44.81101762,4.246879798,-2.58417147,-16.23574872
2016,166.6301477,16.89159091,15.58262573,2.567040928,8.317457985,1.490295521,285.3258434,242.8182247,6.589699126,69.18010734,2.220980739,263.2153392,43.3614052,140.4950977,25.17346227,40.00123802,129.6078348,23.22271733,21.35125507,3.825649596,12.39547038
2004,185.5379062,14.92734057,13.85634047,1.896277684,4.519865175,-3.948699956,222.8254964,191.9981713,3.595869057,20.4291812,15.59223135,206.8383132,28.3063828,67.46956678,-58.94358904,26.27546923,62.62879075,-54.71453102,8.570919468,-7.48783161,-17.84759142
2014,177.4732386,16.71105512,16.31465549,-1.949288081,0.541262194,-7.912609814,279.2593632,266.1679839,3.799724023,0.292964763,62.60939407,272.6351072,-32.57466056,9.045062366,-132.2280587,-31.8019635,8.830506235,-129.0915032,-1.055075944,15.423956,-4.282796552
