year,Loss,tmin6,dpt6,dpt11,tmax12,dpt12,tmin6_2,dpt6_2,dpt11_2,tmax12_2,dpt12_2,tmin6_3,dpt6_3,dpt11_3,tmax12_3,dpt12_3,tmin6_dpt6,tmin6_dpt11,tmin6_tmax12,tmin6_dpt12,dpt6_dpt11,dpt6_tmax12,dpt6_dpt12,dpt11_tmax12,dpt11_dpt12,tmax12_dpt12,tmin6_2_dpt6,dpt6_2_tmin6,tmin6_2_dpt11,dpt11_2_tmin6,tmin6_2_tmax12,tmax12_2_tmin6,tmin6_2_dpt12,dpt12_2_tmin6,dpt6_2_dpt11,dpt11_2_dpt6,dpt6_2_tmax12,tmax12_2_dpt6,dpt6_2_dpt12,dpt12_2_dpt6,dpt11_2_tmax12,tmax12_2_dpt11,dpt11_2_dpt12,dpt12_2_dpt11,tmax12_2_dpt12,dpt12_2_tmax12,tmin6_dpt6_dpt11,tmin6_dpt6_tmax12,tmin6_dpt6_dpt12,tmin6_dpt11_tmax12,tmin6_dpt11_dpt12,tmin6_tmax12_dpt12,dpt6_dpt11_tmax12,dpt6_dpt11_dpt12,dpt6_tmax12_dpt12,dpt11_tmax12_dpt12
1942,267.0902278,17.42266167,16.2464046,0.43973755,7.415413646,-1.746871963,303.5491397,263.9456623,0.193369113,54.98835955,3.051561655,5288.633963,4288.168021,0.08503166,407.7614318,-5.330687497,283.0556107,7.661398553,129.1962431,-30.43515919,7.144154149,120.4738103,-28.38038869,3.260835827,-0.768165197,-12.95377819,4931.582139,4598.635974,133.4819549,3.369004627,2250.942433,958.0435843,-530.2614816,53.16632628,116.0668188,3.14155284,1957.266266,893.3631373,-461.0792772,49.57690529,1.433911957,24.18044649,-0.337791081,1.341886245,-96.05762357,22.62859194,124.4701807,2098.974438,-494.4619102,56.81243938,-13.38348233,-225.6892948,52.97685817,-12.47992258,-210.4523216,-5.696262681
1975,291.5811889,17.17940438,15.76027574,0.178151413,3.094400352,-4.401536032,295.1319348,248.3862915,0.031737926,9.575313539,19.37351944,5070.190853,3914.636444,0.005654156,29.62985359,-85.27324389,270.7521501,3.06053517,53.15995496,-75.61576738,2.807715398,48.76860281,-69.36942155,0.551271796,-0.784139865,-13.62011465,4651.360673,4267.128543,52.57817131,0.545238666,913.256363,164.4981833,-1299.033845,332.8255247,44.25036888,0.500198466,768.6066278,150.9095817,-1093.281212,305.3320085,0.09820985,1.70585564,-0.139695625,3.45141987,-42.14608756,59.94942538,48.2348782,837.8155486,-1191.725344,9.470521109,-13.47105583,-233.9854572,8.688195516,-12.35826049,-214.6567625,-2.426442674
1953,328.7104956,19.07476467,17.30982475,-1.487228235,4.918142747,-3.657221056,363.8466471,299.630033,2.211847824,24.18812808,13.37526585,6940.289167,5186.543362,-3.289522535,118.9606667,-48.91630389,330.1808336,-28.36852859,93.81241549,-69.76063097,-25.74366012,85.13218907,-63.30585556,-7.314400758,5.439122416,-17.98673521,6298.121698,5715.372366,-541.1230068,42.19047671,1789.449748,461.3828508,-1330.667619,255.1300484,-445.6182452,38.28669821,1473.623274,418.6922582,-1095.813266,231.5235079,10.87818333,-35.97326704,-8.089216432,-19.89207302,-88.46133131,65.78146673,-491.0542584,1623.876472,-1207.544297,-139.5204731,103.7499801,-343.0927412,-126.6109953,94.15025584,-311.3472344,26.75038046
1969,325.1754597,14.71645268,13.89659459,0.623123163,3.261490394,-6.437183449,216.5739796,193.1153413,0.388282477,10.63731959,41.43733076,3187.200723,2683.645607,0.241947805,34.69351567,-266.7396997,204.5085768,9.170162551,47.99756907,-94.73250565,8.659289983,45.32360978,-89.45492871,2.032310212,-4.011158114,-20.99481199,3009.640794,2841.972782,134.9522633,5.714140697,706.3539541,156.5436105,-1394.126437,609.8105175,120.3346424,5.395804167,629.8438305,147.8225179,-1243.118879,575.8377865,1.266379568,6.628360234,-2.499445533,25.82056063,-68.47437762,135.1474562,127.4340313,667.0027588,-1316.459226,29.90839707,-59.0300186,-308.9691572,28.2421911,-55.74143816,-291.7563907,-13.08235366
1970,313.945595,16.36220917,15.91348831,-0.753817147,1.990706042,-5.592139564,267.7218889,253.2391102,0.568240291,3.962910547,31.27202491,4380.521546,4029.91762,-0.428349274,7.88898997,-174.8775277,260.3798244,-12.33411383,32.57234866,-91.49975726,-11.99586035,31.67907733,-88.99044759,-1.500628349,4.21545069,-11.13230602,4260.38915,4143.551291,-201.8133504,9.297666493,532.955582,64.84197129,-1497.138167,511.6794127,-190.8959835,9.042685221,504.1246268,63.06373066,-1416.148447,497.6470028,1.13119938,-2.987309921,-3.177679011,-23.57338858,-22.16114886,62.25340894,-196.2787762,518.3396897,-1456.080318,-24.55359493,68.97408594,-182.1491196,-23.88023168,67.08252528,-177.1538217,8.391723159
1991,314.3273807,18.62951726,16.37096888,2.370965939,3.654574367,-6.535614235,347.0589132,268.0086222,5.621479485,13.3559138,42.71425343,6465.540013,4387.560814,13.32833639,48.81018022,-279.1638828,304.9832473,44.16995088,68.08295623,-121.7553382,38.81500961,59.82892324,-106.9943373,8.664871346,-15.49571874,-23.88488825,5681.690669,4992.871252,822.8648621,104.7254491,1268.352608,248.8142267,-2268.243174,795.7459214,635.4393146,92.02906572,979.4574407,218.6492493,-1751.600966,699.2737138,20.54411483,31.66641671,-36.73982134,101.27404,-87.28910037,156.1024157,723.1048914,1114.583958,-1993.252853,161.4223703,-288.6777597,-444.9639379,141.8523392,-253.6799294,-391.0187624,-56.63025651
1928,224.6567526,14.40448873,13.65921433,1.090063418,3.520020944,-8.113842171,207.4892955,186.5741362,1.188238255,12.39054745,65.83443478,2988.777217,2548.456116,1.295255054,43.61498653,-534.1702132,196.7539989,15.70180622,50.70410201,-116.8757481,14.88940987,48.08072054,-110.8287093,3.837046062,-8.844602531,-28.56089438,2834.140759,2687.505042,226.1764906,17.11596455,730.3666658,178.479501,-1683.535396,948.3113736,203.3776407,16.23040101,656.7448673,169.2451433,-1513.833095,899.2466553,4.182623546,13.5064825,-9.641177666,71.763709,-100.5349464,231.7385893,214.4743365,692.578197,-1596.430894,55.27068675,-127.4019774,-411.4050811,52.41103458,-120.8103217,-390.119378,-31.13318615
1933,296.6254739,19.17723742,16.02661993,-3.357018497,3.295667265,-6.691741743,367.7664351,256.8525465,11.26957319,10.86142272,44.77940756,7052.744242,4116.478142,-37.83216566,35.79563533,-299.6522308,307.3462955,-64.37834075,63.20179361,-128.3291202,-53.80165957,52.81840669,-107.2460016,-11.06361597,22.46430081,-22.05375421,5894.05288,4925.722267,-1234.598725,216.1192807,1212.035802,208.2920823,-2460.998006,858.7453303,-862.2587498,180.6131664,846.5005296,174.071894,-1718.790907,717.6625458,37.14076347,-36.461997,-75.41307336,-150.3252995,-72.68183584,147.5780277,-1031.767199,1012.911125,-2056.682036,-212.1695902,430.8032302,-422.9300806,-177.3123683,360.0268112,-353.4471369,74.03486083
1939,274.2292084,17.89409085,16.79256335,-0.032456365,4.383298997,-5.092205249,320.1984874,281.9901838,0.001053416,19.2133101,25.9305543,5729.660824,4735.338024,-3.42E-05,84.21768289,-132.0437047,300.4876542,-0.580777142,78.43515049,-91.12038337,-0.545025563,73.60682608,-85.51117923,-0.142265952,0.165274472,-22.32065816,5376.953384,5045.957968,-10.39247894,0.018849915,1403.525709,343.8047165,-1630.516418,464.0036945,-9.152376295,0.017689549,1236.04729,322.640727,-1435.951894,435.4404758,0.004617436,-0.623594203,-0.005364209,-0.841611532,-97.83811855,113.6613727,-9.752736943,1317.127233,-1530.14481,-2.545719863,2.95743641,-399.407885,-2.389010004,2.775382034,-374.8210662,0.724447426
1998,309.9546923,17.03532523,15.77749519,-0.796386272,2.737520712,-3.59956171,290.2023059,248.9293545,0.634231094,7.494019647,12.9568445,4943.690664,3927.481693,-0.505092937,20.515034,-46.63896135,268.774762,-13.56669916,46.63455566,-61.31970443,-12.56498058,43.19121986,-56.79206757,-2.180123914,2.866641531,-9.853874734,4578.665485,4240.592514,-231.1131325,10.80433297,794.4348229,127.663062,-1044.601108,220.7240601,-198.2439206,10.00657804,681.4492637,118.2368589,-896.0365729,204.4265518,1.736220757,-5.96813437,-2.282953963,-10.31865309,-26.97518617,35.46963018,-214.0485307,735.7764777,-967.4713417,-37.13911993,48.83417082,-167.8639609,-34.39689458,45.22842297,-155.4694612,7.847490565
1992,255.0406412,14.64522484,11.24389705,-2.064183058,5.720440882,-3.594857523,214.4826105,126.4252209,4.260851696,32.72344388,12.92300061,3141.146054,1421.512169,-8.795177882,187.1925262,-46.45634597,164.6694004,-30.23042498,83.77714287,-52.64749668,-23.2094618,64.32004837,-40.42020791,-11.80803715,7.420443994,-20.56416994,2411.620392,1851.525786,-442.7313708,62.40113108,1226.935094,479.242193,-771.0344259,189.2602495,-260.9647991,47.90857783,723.2080023,367.9390342,-454.4806566,145.3048885,24.37395023,-67.54717845,-15.31715477,-26.67543892,-117.6361184,73.92526101,-339.9077864,941.9815699,-591.9630328,-172.9313589,108.6740707,-301.1668923,-132.7683541,83.43470836,-231.2214098,42.44821118
1994,269.2770698,17.91005145,15.90262432,-2.051547312,3.631442619,-5.055116818,320.7699428,252.8934601,4.208846373,13.1873755,25.55420604,5745.006178,4021.669689,-8.634647462,47.88919742,-129.1794967,284.8168196,-36.7433179,65.03932414,-90.53740227,-32.62498617,57.7494677,-80.38962363,-7.450076344,10.37081132,-18.35736666,5101.083892,4529.334881,-658.0747139,75.38065506,1164.857641,236.1865736,-1621.529533,457.6771449,-518.8228983,66.93170267,918.3680893,209.7138783,-1278.405983,406.3789384,15.2841841,-27.05452475,-21.27621008,-52.42566271,-66.66372367,92.79863293,-584.3151807,1034.295938,-1439.782295,-133.4312506,185.7417643,-328.7813813,-118.4757652,164.9231163,-291.9303054,37.66100622
1996,286.907647,16.66281066,16.14934547,-4.42450948,3.085581241,-6.965275391,277.6492592,260.8013592,19.57628414,9.520811597,48.51506127,4626.417037,4211.771249,-86.61545474,29.37723767,-337.9207624,269.0934859,-73.72476374,51.41445601,-116.0610651,-71.45293213,49.83011745,-112.4846386,-13.65218345,30.817927,-21.49192309,4483.853807,4345.683669,-1228.461779,326.1959161,856.7093459,158.643481,-1933.903552,808.3972803,-1153.918086,316.1441756,804.7237816,153.7548757,-1816.553289,783.486485,60.40421511,-42.12492117,-136.3542101,-214.6553485,-66.31507472,149.697163,-1190.606679,830.3098124,-1874.310235,-227.483748,513.5132826,-358.1158452,-220.473827,497.6893498,-347.0804908,95.09121744
1997,302.2113746,16.46907597,15.43817519,-3.812269286,3.068920353,-5.533783299,271.2304632,238.3372533,14.53339711,9.418272132,30.6227576,4466.915104,3679.492272,-55.40522343,28.90392703,-169.4597046,254.2524801,-62.78455249,50.54228243,-91.13629754,-58.85448113,47.37853006,-85.43151605,-11.6995508,21.09627211,-16.98274019,4187.303409,3925.194331,-1034.003564,239.3516211,832.3846889,155.1102392,-1500.930608,504.3285212,-908.6057906,224.3691308,731.4380476,145.4009352,-1318.906712,472.7594967,44.60183819,-35.90498958,-80.42467021,-116.7421983,-52.11867703,93.97880405,-969.2789208,780.2806108,-1406.978128,-192.680791,347.436108,-279.6900384,-180.619715,325.6879447,-262.1825184,64.74277884
2000,246.9521426,16.0996979,14.9825577,0.479959476,4.934974394,-4.303724466,259.2002726,224.4770352,0.230361099,24.35397227,18.52204428,4173.046085,3363.240132,0.110563992,120.1862296,-79.71377514,241.2146528,7.727202569,79.45159691,-69.28866377,7.191020542,73.9385386,-64.48080013,2.368587724,-2.06561334,-21.23877004,3883.483039,3614.012453,124.405627,3.708744096,1279.146708,392.0915963,-1115.526555,298.1993175,107.7398802,3.451398451,1107.788421,364.8847947,-966.0873084,277.5075971,1.136826123,11.68891977,-0.991410696,8.889830667,-104.8127863,91.40581426,115.7732583,1190.388135,-1038.121403,38.13354682,-33.25575075,-341.9377815,35.48750224,-30.94817104,-318.2110976,-10.19374894
1962,281.2206442,18.53407462,18.05112938,3.064725663,7.05998509,-2.378233234,343.5119219,325.843272,9.392543388,49.84338947,5.655993315,6366.675591,5881.839062,28.78556876,351.8935865,-13.45127127,334.5609789,56.80185411,130.8502904,-44.07835221,55.32175947,127.4407043,-42.92979581,21.63691748,-7.288632424,-16.79029117,6200.778147,6039.203517,1052.769802,174.0821,2425.189047,923.8010996,-816.9514688,104.8286021,998.6202379,169.5460159,2300.448642,899.7294723,-774.9312986,102.0970671,66.31121628,152.7563148,-22.33765884,17.33406786,-118.5392053,39.93122847,1025.337618,2361.995523,-795.6640388,401.0202431,-135.0880572,-311.1925094,390.570797,-131.5680469,-303.0837183,-51.45763624
1933,211.6372542,19.0295218,16.65522769,-0.933350914,7.49236945,-2.682745389,362.1227001,277.3966094,0.871143929,56.13559997,7.197122821,6891.021817,4620.103691,-0.813082982,420.5886543,-19.30804806,316.9410185,-17.76122157,142.5762078,-51.05136187,-15.54517199,124.7871191,-44.68173529,-6.993009874,2.503942861,-20.10011959,6031.236022,5278.724828,-337.9875531,16.57745239,2713.157055,1068.233624,-971.4830038,136.9578056,-258.908379,14.50910048,2078.357882,934.9511991,-744.1844748,119.8697193,6.526932158,-52.39421354,-2.337057358,-6.717441163,-150.597522,53.92350315,-295.8171893,2374.639204,-850.2720559,-133.0736339,47.64883526,-382.4956641,-116.4701717,41.70373847,-334.7720684,18.76046499
1935,295.8056846,17.03161071,16.295236,3.864293145,6.779892389,-2.996977237,290.0757635,265.5347162,14.93276151,45.9669408,8.98187256,4940.457482,4326.950865,57.70456796,311.6509121,-26.91846761,277.534116,65.81513654,115.4724878,-51.04334962,62.96956876,110.4799465,-48.83645135,26.19949168,-11.58119859,-20.31918316,4726.853023,4522.483917,1120.937785,254.328981,1966.682461,782.8910415,-869.3504603,152.9757569,1026.103984,243.3328729,1800.296801,749.0421484,-795.8015,146.361733,101.2425161,177.6297343,-44.75314634,34.70858857,-137.7618752,60.89612941,1072.473182,1881.65144,-831.7634281,446.2195433,-197.2464661,-346.0684176,426.9269,-188.7183642,-331.1058848,-78.5192802
1972,245.5781552,16.5735238,14.80602255,1.672348425,12.06854612,2.631374922,274.6816912,219.2183038,2.796749253,145.6498055,6.92413398,4552.443547,3245.751149,4.677139207,1757.781395,18.21999251,245.3879672,27.71670642,200.0183364,43.6111549,24.76082849,178.687166,38.96019644,20.18281409,4.400575705,31.75686961,4066.943314,3633.219775,459.3634935,46.35199031,3315.008659,2413.930518,722.7905137,114.7572993,366.609385,41.40873251,2645.64621,2156.494304,576.845547,102.5188839,33.75269735,243.5772227,7.359295848,11.57956455,383.2592455,83.56423029,410.3741803,2961.475999,645.7077429,334.5003497,72.93304619,526.3232343,298.8272006,65.15502313,470.1929276,53.10855086
1979,232.5481101,18.04144731,16.57174625,5.217273698,7.933719427,-1.545798695,325.4938209,274.6227737,27.21994484,62.94390395,2.389493604,5872.379617,4550.978919,142.0139023,499.3792736,-3.693676094,298.9782867,94.1271685,143.135781,-27.88844569,86.45933582,131.4755851,-25.61658372,41.39238569,-8.064854871,-12.26393313,5394.001004,4954.5923,1698.19035,491.0872005,2582.37665,1135.599126,-503.1479234,43.10992294,1432.782174,451.0820187,2178.780035,1043.090404,-424.5115251,39.59808167,215.9554052,328.3955745,-42.0765552,12.46664213,-97.29860456,18.95757183,1559.851551,2372.009841,-462.1602452,746.7785453,-145.5016542,-221.2591034,685.9441123,-133.6487284,-203.2347879,-63.98429577
1970,413.2219952,18.13834443,17.31024394,0.854115902,5.99500218,-3.37662411,328.9995386,299.6445453,0.729513973,35.94005114,11.40159038,5967.506947,5186.920174,0.623089485,215.4606849,-38.49888497,313.9791667,15.49224841,108.7394144,-61.24637111,14.78495461,103.7749502,-58.45018704,5.120426693,-2.884028346,-20.2428689,5695.062269,5435.055968,281.0037375,13.23217572,1972.352951,651.8930264,-1110.907774,206.8059733,255.931171,12.62806484,1796.369702,622.1310525,-1011.786996,197.3643108,4.373437861,30.69696919,-2.463294471,9.738279647,-121.3560432,68.35255918,268.1745991,1882.305789,-1060.189624,92.87606297,-52.31149948,-367.1721283,88.63583513,-49.9232342,-350.4089987,-17.28975622
1983,386.1650553,16.37543706,16.07173663,3.605475757,11.20864191,3.237698562,268.154939,258.3007184,12.99945543,125.6336534,10.48269198,4391.154326,4151.341119,46.86922142,1408.182632,33.93979675,263.1817117,59.04124134,183.5464101,53.01872903,57.94625681,180.1423408,52.03543859,40.41248666,11.67344367,36.29020379,4309.715557,4229.787158,966.8261316,212.8717643,3005.652687,2057.305984,868.2048604,171.6586628,931.2969783,208.9238241,2895.200257,2019.15099,836.2998647,168.4750647,145.7062409,452.9690916,42.08831817,37.7950918,406.763899,117.4967406,948.8952813,2949.909563,852.1030497,661.7721319,191.1577422,594.2679481,649.4988424,187.6125123,583.2465977,130.84345
1968,269.8211022,18.74099893,17.25395347,0.046772582,8.829098936,-0.105745443,351.2250409,297.6989104,0.002187674,77.95298802,0.011182099,6582.308115,5136.483149,0.000102323,688.2546436,-0.001182456,323.3563236,0.8765649,165.4661337,-1.981775227,0.807011945,152.3368622,-1.824526947,0.41295975,-0.004945987,-0.933636975,6060.020514,5579.174962,16.42770186,0.040999203,3101.000635,1460.916865,-37.1404474,0.209563698,13.92414656,0.037746032,2628.413133,1344.997228,-31.48030304,0.19293541,0.019315194,3.646062487,-0.000231337,0.000523016,-8.243173221,0.098727855,15.12421001,2854.944972,-34.19345755,7.739278229,-0.092692743,-17.49728955,7.125188309,-0.085337835,-16.10892892,-0.043668612
1969,253.6379929,18.20028328,17.02973528,2.998792524,7.040229233,-3.758947059,331.2503115,290.0118837,8.992756604,49.56482766,14.12968299,6028.849506,4938.825608,26.96741128,348.9477486,-53.11273032,309.9460063,54.57887344,128.1341664,-68.41390131,51.06864285,119.8932402,-64.01387334,21.11218679,-11.27230234,-26.46384897,5641.105116,5278.298439,993.3509578,163.6707177,2332.078126,902.0939041,-1245.152384,257.1642331,869.6854689,153.1442644,2041.750142,844.0758942,-1090.139317,240.6247609,63.31106793,148.6346346,-33.80329598,42.37198772,-186.3115631,99.47620724,929.4637666,2182.090934,-1165.070629,384.2477803,-205.1590958,-481.6495479,359.5349523,-191.9643248,-450.6723424,-79.35959245
1974,319.7412988,16.08888537,15.76304759,6.264916996,6.976402191,-1.337296935,258.8522323,248.4736695,39.24918497,48.67018752,1.788363093,4164.643893,3916.702278,245.892886,339.5428029,-2.391572483,253.6098658,100.7955314,112.2425351,-21.51561709,98.75418479,109.9693598,-21.07987524,43.70658066,-8.378054298,-9.329521268,4080.300058,3997.664384,1621.68775,631.4756377,1805.857281,783.0490678,-346.162297,28.77276879,1556.666915,618.6867707,1733.452252,767.1904824,-332.2830766,28.19005255,273.8181,304.914685,-52.48781477,11.20394634,-65.08649261,12.4763402,1588.844758,1769.284423,-339.1516962,703.1901659,-134.7935552,-150.1015982,688.9489111,-132.0636686,-147.0616878,-58.44867636
1955,342.624662,15.73229548,14.93128393,1.672229362,8.301640487,-1.571466894,247.5051212,222.9432399,2.796351039,68.91723477,2.469508198,3893.823701,3328.828816,4.676140313,572.1261064,-3.880750377,234.9033708,26.30800644,130.6038611,-24.72278152,24.9685314,123.9541512,-23.46401838,13.88224697,-2.627853081,-13.04575319,3695.56924,3507.408926,413.8853309,43.99302082,2054.698535,1084.226301,-388.946104,38.85103267,372.8122318,41.75311133,1850.794626,1029.0228,-350.3479207,36.87292808,23.214301,115.2454235,-4.39437308,4.129584118,-108.3011529,20.50096924,392.8123138,1950.083334,-369.1428704,218.3996114,-41.34216116,-205.239644,207.2797712,-39.23722048,-194.789845,-21.81549153
1943,310.2614551,20.68667853,19.10545487,3.522186025,6.603332503,-2.528145492,427.9386687,365.0184057,12.4057944,43.60400015,6.391519629,8852.629672,6973.842675,43.69551565,287.9317115,-16.15869154,395.2284031,72.86233003,136.6010167,-52.29893308,67.29296613,126.1596711,-48.3013696,23.25816546,-8.904598722,-16.6941853,8175.962921,7551.018417,1507.279599,256.6346806,2825.821321,902.0219339,-1081.891216,132.2193119,1285.662727,237.0183449,2410.337903,833.0742569,-922.8196368,122.1128898,81.91958536,153.5814,-31.36365318,22.51212112,-110.2372564,42.20532931,1392.067958,2609.82456,-999.1949055,481.1341922,-184.2065712,-345.3472447,444.3578305,-170.126409,-318.9500038,-58.80002617
1996,287.0931139,18.37673427,17.77856999,-0.840641686,6.532492225,-3.363507377,337.7043624,316.0775509,0.706678445,42.67345468,11.31318187,6205.90333,5619.40686,-0.59406336,278.7640109,-38.05197069,326.7120564,-15.44824889,120.0458737,-61.81028128,-14.94540706,116.1383702,-59.79835131,-5.49148528,2.827504513,-21.97208579,6003.900643,5808.473161,-283.8883647,12.986442,2206.051122,784.198737,-1135.871114,207.8993371,-265.7079654,12.56373219,2064.774144,758.6730007,-1063.129174,201.1321958,4.616371447,-35.8730849,-2.376918162,-9.510332289,-143.5324796,73.90327264,-274.647774,2134.243968,-1098.898412,-100.9155657,51.96029909,-403.7751819,-97.63075541,50.26898689,-390.632265,18.47065125
1992,243.5586815,16.80340767,15.3502931,0.29705886,9.262977587,-0.385446816,282.3545095,235.6314982,0.088243966,85.80275378,0.148569248,4744.517931,3617.01256,0.026213652,794.7889851,-0.057265543,257.9372328,4.991601125,155.6495887,-6.476819979,4.559940565,142.1894209,-5.916721593,2.751649561,-0.114500392,-3.570385214,4334.224477,3959.412125,83.87590864,1.482799339,2615.443493,1441.778651,-108.8326465,2.496469636,69.99642419,1.354570745,2182.649286,1317.097419,-90.82341063,2.280581497,0.817401881,25.48846821,-0.034013356,0.044133811,-33.07239821,1.376193611,76.62254029,2389.266807,-99.42108502,46.23708934,-1.923996758,-59.9946383,42.23862726,-1.75761457,-54.8064595,-1.060614561
1994,231.1681086,19.55840768,19.13883501,1.091701578,7.689072324,-1.503180112,382.5313111,366.2950054,1.191812335,59.12183321,2.259550448,7481.703333,7010.459673,1.301103406,454.5920515,-3.396511295,374.3251376,21.35194453,150.3860112,-29.39980945,20.89389637,147.1598866,-28.76911614,8.394172388,-1.6410241,-11.5580606,7321.203648,7164.147048,417.6100359,23.30995153,2941.310917,1156.328917,-575.0134589,44.19320885,399.8848354,22.80989964,2816.468789,1131.523011,-550.6073672,43.24516322,9.16393124,64.54339859,-1.791508599,2.466754789,-88.87076385,17.37384682,408.6513434,2878.213056,-562.6781022,164.1766457,-32.09581836,-226.0572611,160.6546804,-31.40728949,-221.2078147,-12.61795299
1942,262.6322265,14.54542378,13.46548803,-0.687008695,4.140615231,-3.759668286,211.5693529,181.3193678,0.471980947,17.14469449,14.13510562,3077.365896,2441.553777,-0.324255015,70.98958314,-53.14330832,195.8612297,-9.99283261,60.22700324,-54.68596848,-9.25090736,55.75540482,-50.62576829,-2.844638667,2.582924803,-15.56733977,2848.884588,2637.367044,-145.3499851,6.865162892,876.0272849,249.3768469,-795.4305863,205.6011014,-124.5679823,6.355453794,750.7737361,230.8616784,-681.7006768,190.3360955,1.954291499,-11.77855419,-1.774491799,-9.710940468,-64.45836415,58.52803362,-134.5583679,810.985991,-736.3732539,-41.37647491,37.56973585,-226.433554,-38.30444791,34.78034302,-209.6218273,10.69489778
1956,263.6777133,15.27176419,13.65713943,-4.174472052,-1.053858135,-10.49822714,233.2267814,186.5174575,17.42621692,1.11061697,110.2127731,3561.784409,2547.294923,-72.74525549,-1.170432729,-1157.038726,208.5686129,-63.7515528,-16.09427293,-160.3264493,-57.01134687,-14.3926875,-143.3757519,4.399301334,43.8245558,11.06364208,3185.210673,2848.450627,-973.598681,266.1290754,-245.787941,16.96108047,-2448.467727,1683.143481,-778.6119134,237.9922742,-196.56294,15.16785081,-1958.102634,1505.191209,-18.36476047,-4.636239501,-182.9443834,-460.0801411,-11.65950922,-116.1486276,-870.6638455,-219.8017295,-2189.600673,67.18509256,669.2782818,168.9613329,60.08187172,598.5180691,151.0977025,-46.18486466
1946,279.8193887,13.49350487,12.29418677,-1.814010073,-2.844019287,-10.91296148,182.0746736,151.1470283,3.290632544,8.088445706,119.0927282,2456.825495,1858.229795,-5.96924058,-23.00369559,-1299.654355,165.891669,-24.47735374,-38.37578809,-147.2540988,-22.30177863,-34.96490429,-134.1659866,5.159079634,19.79622204,31.03667292,2238.460043,2039.503162,-330.2852919,44.40216624,-517.8238834,109.1414815,-1986.973899,1606.978307,-274.1822317,40.45565107,-429.8650636,99.44086216,-1649.461697,1464.148243,-9.358622421,-14.67252198,-35.91054618,-216.0354085,-88.26889639,-338.7020159,-300.9291585,-471.7991062,-1810.369393,69.61406615,267.1204185,418.7934971,63.42668856,243.3784511,381.5706535,-56.3008373
1967,254.311202,14.98972468,13.39599789,-0.913244645,0.291028168,-7.678565508,224.691846,179.4527595,0.834015782,0.084697395,58.96036826,3368.068909,2403.948788,-0.761660447,0.024649328,-452.73105,200.8023202,-13.6892858,4.362432119,-115.0995829,-12.23382334,3.89861273,-102.8620473,-0.265779916,7.012408834,-2.234678856,3009.971495,2689.947458,-205.1986252,12.50166696,65.39165639,1.269590629,-1725.311058,883.7996872,-163.8842717,11.17247366,52.22580791,1.134606122,-1377.939769,789.8329688,0.242722086,-0.077349442,-6.40404482,-53.8452406,-0.650354494,17.15912798,-183.3816437,58.43913146,-1541.87377,-3.983967773,105.1140778,-33.49722079,-3.5603872,93.93821395,-29.93575324,2.040808499
1973,274.3410903,15.43447276,14.32012476,-0.919691277,-1.311251114,-8.78071405,238.2229493,205.0659733,0.845832045,1.719379483,77.10093923,3676.845622,2936.570322,-0.777904354,-2.254538262,-677.0013004,221.0235756,-14.19494997,-20.23846959,-135.5256918,-13.17009384,-18.77727955,-125.7409207,1.205946212,8.07554612,11.51372108,3411.382356,3165.085178,-219.0915685,13.05497166,-312.3701076,26.53771579,-2091.767598,1190.012346,-188.5973869,12.11242042,-268.8929858,24.62172872,-1800.625673,1104.095069,-1.109098212,-1.581298313,-7.427009326,-70.90906128,-15.09737958,-101.0986924,-203.2734545,-289.8174096,-1940.744815,18.61314395,124.6417966,177.7082143,17.26930021,115.642828,164.8779223,-10.58906884
1960,291.7758229,13.07603503,11.90267483,-5.373427664,4.012084564,-3.116082884,170.9826921,141.6736682,28.87372487,16.09682255,9.709972542,2235.775672,1686.295605,-155.150872,64.58181326,-30.25707925,155.6397931,-70.26312838,52.46215831,-40.74600896,-63.95816223,47.75453796,-37.08972133,-21.55864619,16.74404598,-12.50198804,2035.151387,1852.529848,-918.7631281,377.5538378,685.9970198,210.4826155,-532.7962405,126.9679411,-761.2732079,343.6745583,568.4067372,191.5952446,-441.4668926,115.5746458,115.8438258,-86.49511158,-89.97291986,-52.17583508,-50.15903323,38.95723095,-836.3191699,624.4400113,-484.9864954,-281.9016128,218.9457318,-163.4764336,-256.6055554,199.2989346,-148.8070984,67.17852839
1953,259.3072225,14.92631499,14.26525791,-2.665414788,1.500467141,-5.351795058,222.7948793,203.4975833,7.104435994,2.25140164,28.64171034,3325.506546,2902.945511,-18.93626876,3.378154181,-153.2845639,212.9277331,-39.78482072,22.39644518,-79.88257881,-38.0228294,21.40455075,-76.3447368,-3.999367306,14.26475369,-8.030192627,3178.226414,3037.469029,-593.8407659,106.0430495,334.2963954,33.60513005,-1192.352534,427.5151905,-542.405468,101.3466118,305.341437,32.11682506,-1089.077361,408.5813851,10.65997276,-6.000919225,-38.02148544,-76.34203831,-12.04904017,42.97594522,-567.5407286,319.4910668,-1139.54559,-59.69581618,212.9202069,-119.8611846,-57.05200611,203.4903905,-114.5527689,21.40379418
1965,267.9282928,12.41912699,11.56062004,0.540124271,-1.043719242,-8.430392085,154.2347153,133.6479357,0.291734229,1.089349856,71.0715107,1915.460516,1545.053004,0.157572738,-1.136975405,-599.1607013,143.5728084,6.70787192,-12.96208181,-104.6981099,6.244171477,-12.06604158,-97.46055968,-0.563738095,-4.553459383,8.798962435,1783.04894,1659.790686,83.30591323,3.623084434,-160.9777401,13.5287742,-1300.259123,882.646117,72.18649391,3.37262857,-139.4909221,12.59355977,-1126.704499,821.6307309,-0.304488628,0.588384297,-2.459433932,38.38744794,-9.183646401,-74.17870326,77.54715855,-149.8497027,-1210.375068,-7.001134995,-56.54999034,109.2754319,-6.51716192,-52.6408138,101.7214615,4.752533175
1970,328.1343318,15.97337607,15.85002641,-0.737783084,2.072844785,-5.482719545,255.1487431,251.2233371,0.544323879,4.296685504,30.06021361,4075.586828,3981.896526,-0.40159295,8.90636214,-164.8117207,253.1784325,-11.78488665,33.11032929,-87.57754119,-11.69388136,32.85464458,-86.90124957,-1.529309818,4.045057733,-11.36482662,4044.114316,4012.884841,-188.2444265,8.694690017,528.8837416,68.63257341,-1398.909001,480.1630968,-185.3483283,8.627547848,520.7469842,68.10257869,-1377.3871,476.4551795,1.128298913,-3.17002188,-2.984375168,-22.1779171,-23.55752159,62.31015703,-186.7907647,524.7995936,-1388.106341,-24.42824085,64.6132284,-181.5346496,-24.23960099,64.11427188,-180.132802,8.384776828
1945,336.8605083,15.01033177,14.19852507,2.453151337,0.293870126,-8.180048316,225.3100598,201.5981143,6.017951482,0.086359651,66.91319046,3381.978748,2862.395881,14.76294572,0.025378521,-547.353131,213.124572,36.82261544,4.411088086,-122.7852391,34.83113077,4.172522351,-116.1446211,0.720907892,-20.06689646,-2.403871828,3199.070533,3026.054579,552.7196744,90.33144831,66.21189563,1.296287011,-1843.047175,1004.389188,494.5506836,85.44603501,59.24366323,1.226179669,-1649.082315,950.0686126,1.76849616,0.211853293,-49.22713389,164.1481826,-0.706426117,19.6637877,522.8268287,62.6309448,-1743.369296,10.82106664,-301.2107735,-36.08291367,10.23582878,-284.9203326,-34.13143443,-5.89706139
1980,303.8395944,15.60254843,14.86445797,-0.316411839,6.737585997,-4.359503779,243.4395175,220.9521107,0.100116452,45.39506507,19.0052732,3798.276862,3284.333362,-0.031678031,305.8531548,-82.85356033,231.9234253,-4.936831047,105.1235118,-68.01936885,-4.703290486,100.1505639,-64.80166068,-2.131851978,1.379398609,-29.37253162,3618.596476,3447.416008,-77.0271455,1.562071792,1640.194685,708.2787013,-1061.275497,296.5306955,-69.91186373,1.488176793,1488.683847,674.7730367,-963.2415614,282.5030846,0.674543205,-14.36353603,-0.436458051,-6.013493449,-197.8999577,128.0496626,-73.38331759,1562.604023,-1011.071049,-33.26232373,21.5221336,-458.2863471,-31.68882412,20.50401265,-436.6067616,9.293816754
1960,325.4919678,15.65784729,14.84757512,-3.69233513,6.738192825,-1.259299173,245.1681816,220.4504868,13.63333871,45.40324254,1.585834406,3838.805948,3273.155162,-50.33885545,305.9358031,-1.997039955,232.4810637,-57.81401959,105.5055942,-19.71791413,-54.82222319,100.0458241,-18.69753906,-24.87966608,4.649754574,-8.485400649,3640.152993,3451.780057,-905.2430898,213.4687355,1651.990482,710.9170381,-308.7400883,24.83075295,-813.9770768,202.4220206,1485.437889,674.1280542,-277.6131156,23.54579546,91.86406507,-167.6439874,-17.16845216,-5.855432087,-57.17626577,10.68565802,-858.3979986,1566.502236,-292.7632112,-389.562012,72.80514703,-132.8631075,-369.4027109,69.0375803,-125.9876235,31.3309429
1950,305.9978645,15.40665463,14.79038976,-0.31046581,7.763409364,-4.198662604,237.3650069,218.7556294,0.096389019,60.27052496,17.62876766,3657.000683,3235.481021,-0.029925495,467.9047579,-74.01724755,227.8704269,-4.783239507,119.6081668,-64.68734465,-4.591910336,114.8238504,-62.0998564,-2.410273176,1.303541186,-32.59593658,3510.720968,3370.29243,-73.6937191,1.485032327,1842.761717,928.5671625,-996.6155781,271.600335,-67.91614363,1.425631161,1698.289502,891.4245554,-918.4810805,260.7363448,0.748307413,-18.71193734,-0.40470497,-5.47312963,-253.0555993,136.85934,-70.74597664,1769.051406,-956.7510402,-37.13424638,20.08320885,-502.1943372,-35.6488797,19.27988221,-482.1066067,10.11992385
1964,312.258961,16.14633871,15.38877191,1.488945,-1.600454979,-12.34284774,260.7042536,236.8143008,2.216957212,2.561456139,152.3458904,4209.419182,3644.281258,3.300927356,-4.099495231,-1880.382129,248.4723235,24.04101028,-25.84148817,-199.2918002,22.91303498,-24.62903661,-189.9412686,-2.382989438,-18.37782143,19.75417212,4011.918294,3823.683911,388.1742949,35.79574205,-417.2454208,41.35813841,-3217.832908,2459.828346,352.603469,34.11624886,-379.0106267,39.41766427,-2922.962857,2344.416157,-3.548140208,3.813867311,-27.36356532,226.8346517,-31.61566312,-243.8227387,369.9616236,-397.6687672,-3066.856057,-38.4765546,-296.7345295,318.9575539,-36.67128092,-282.8121021,303.9924489,29.4128758
1929,295.8599813,15.09755184,13.85704098,1.195789901,6.132083967,-3.844096142,227.9360715,192.0175846,1.429913486,37.60245378,14.77707515,3441.276655,2660.795538,1.709876105,230.5814039,-56.80449759,209.2073945,18.05350001,92.57945556,-58.03644078,16.57010965,84.9725388,-53.26779776,7.332684077,-4.596731344,-23.57232032,3158.519483,2898.995438,272.5636523,21.58819298,1397.723129,567.7049951,-876.2081732,223.0976581,229.6126884,19.81436977,1177.467952,521.0587428,-738.1340563,204.7665359,8.768349562,44.96463446,-5.496724916,17.67027723,-144.5474475,90.61426562,250.1680894,1282.877309,-804.213338,110.705578,-69.39938975,-355.884328,101.6093037,-63.69709459,-326.6426086,-28.18754257
1932,276.5142538,16.99241143,15.80796773,4.716396457,8.310327071,0.089203943,288.7420461,249.8918438,22.24439554,69.06153603,0.007957344,4906.423643,3950.282203,104.9133883,573.9239524,0.000709826,268.6154915,80.14294904,141.2124967,1.515790108,74.556643,131.3693822,1.41013306,39.19479715,0.420721163,0.741313946,4564.424947,4246.265022,1361.821963,377.9859209,2399.540842,1173.522034,25.75692916,0.135214455,1178.589007,351.6386868,2076.682954,1091.722533,22.29133791,0.12578943,184.8582024,325.7215838,1.984287802,0.037529987,6.160561356,0.066128127,1266.897152,2232.282591,23.96156112,666.014119,7.149067096,12.59671157,619.5900886,6.650746567,11.71866694,3.496330469
1931,234.8426185,17.00111134,14.8945586,-1.37704314,1.800406163,-6.521671852,289.0377866,221.8478758,1.896247811,3.241462351,42.53220374,4913.963591,3304.326186,-2.61121504,5.835948793,-277.3810759,253.224049,-23.41126374,30.60890562,-110.8756692,-20.51044975,26.81625509,-97.13742355,-2.479236956,8.980623487,-11.74165819,4305.09025,3771.660436,-398.0175014,32.23832015,520.3854123,55.10846232,-1885.009597,723.0947311,-305.4940956,28.24377413,399.4162828,48.28015093,-1446.819047,633.4984009,3.414016244,-4.463633495,-12.36670597,-58.56867941,-21.13975377,76.57524173,-348.7004397,455.9061384,-1651.444153,-42.14978352,152.6805798,-199.6212382,-36.92714012,133.7624228,-174.886816,16.16876987
1933,263.5119438,17.63701404,14.92638495,-4.347258762,2.034774292,-7.977506559,311.0642641,222.7969677,18.89865875,4.14030642,63.6406109,5486.244793,3325.553305,-82.15735983,8.424589064,-507.6933908,263.2568609,-76.67266381,35.88734275,-140.6993952,-64.88885776,30.37182437,-119.0753338,-8.84569037,34.68028529,-16.23242526,4643.06495,3929.473246,-1352.276848,333.3159096,632.9455678,73.02264244,-2481.517207,1122.430348,-968.5560698,282.0886555,453.3415421,61.79980743,-1777.364271,949.9242566,38.45450497,-17.99898336,-150.7641741,-276.6622034,-33.02932162,129.494279,-1144.445695,535.6682927,-2100.133334,-156.0115652,611.6566784,-286.2915122,-132.0341796,517.6512884,-242.2914281,70.56655295
1929,212.488049,13.39381673,11.89523005,0.121381768,3.598366565,-5.421617678,179.3943265,141.496498,0.014733534,12.94824193,29.39393825,2402.774732,1683.133396,0.001788382,46.59252085,-159.3626952,159.3225313,1.625765152,48.19586229,-72.61615355,1.443864052,42.80339811,-64.49138955,0.436776095,-0.658085538,-19.50896778,2133.936785,1895.178162,21.77520048,0.197338248,645.5265466,173.4263794,-972.6074522,393.6970218,17.17509506,0.175258771,509.1562676,154.0223166,-767.1399152,349.6476577,0.053016654,1.571680496,-0.079879586,3.567888186,-70.20041738,105.7701646,19.33885049,573.3008696,-863.7858521,5.850098964,-8.814277087,-261.299539,5.195552129,-7.828078869,-232.0636599,-2.368032997
1943,203.5086437,17.6494719,15.88736835,-0.671747362,-1.021134913,-9.39274555,311.5038584,252.4084731,0.451244518,1.04271651,88.22366896,5497.878596,4010.106387,-0.303122314,-1.064754233,-828.662474,280.4036613,-11.85598619,-18.02249195,-165.7769987,-10.67229777,-16.2231465,-149.2260084,0.685944684,6.309552043,9.591260409,4948.976541,4454.876254,-209.2518951,7.964227442,-318.0874653,18.40339575,-2925.87648,1557.101166,-169.5547259,7.169087874,-257.7431042,16.56602129,-2370.808562,1401.641926,-0.460781532,-0.700442065,-4.238424939,-59.26401687,-9.793970863,-90.08826852,-188.3604197,-286.3299683,-2633.760242,12.10656142,111.3602615,169.2806811,10.89785586,100.2421774,152.3798871,-6.442903876
1945,268.8833826,13.54911457,12.15576775,1.344077212,-1.041179583,-10.01272158,183.5785057,147.7626895,1.806543553,1.084054924,100.2545935,2487.326207,1796.168935,2.428134023,-1.128695854,-1003.821332,164.6998899,18.21105615,-14.10706146,-135.6635119,16.33829043,-12.65633719,-121.7123181,-1.399425752,-13.45787091,10.42504128,2231.537679,2002.05361,246.7436862,24.47706558,-191.138192,14.68798437,-1838.120466,1358.360973,198.6044638,21.95992385,-153.8474954,13.17751988,-1479.50667,1218.671554,-1.880936263,1.45705352,-18.08841762,134.7499145,-10.85434013,-104.3830358,221.3693689,-171.4821627,-1649.094142,-18.96097984,-182.3422349,141.2500787,-17.01109441,-163.5907532,126.7243806,14.01206042
1990,259.3484208,15.49914641,14.37088497,-3.158610976,-4.285360244,-14.24792204,240.2235395,206.5223349,9.976823299,18.36431242,203.0032824,3723.25981,2967.908719,-31.51290358,-78.69769435,-2892.374942,222.7364503,-48.95577398,-66.41942584,-220.8306297,-45.39203501,-61.58441913,-204.7552487,13.5357859,45.00364294,61.05747866,3452.224854,3200.919906,-758.7727085,154.632245,-1029.444406,284.6311669,-3422.686263,3146.377597,-652.3237138,143.37578,-885.0226034,263.9114214,-2942.514127,2917.336821,-42.75428192,-58.00571878,-142.1490006,-641.2083961,-261.6532917,-869.9421959,-703.5377966,-954.5059288,-3173.531579,209.7931275,697.518051,946.3388013,194.5212222,646.742176,877.4500026,-192.8568223
1938,239.689241,14.56774899,13.42906834,-3.833502305,-0.545700719,-8.051633803,212.2193105,180.3398765,14.69573992,0.297789274,64.8288069,3091.557645,2421.796527,-56.33615285,-0.162503821,-521.977813,195.6312967,-55.84549931,-7.949631091,-117.2941802,-51.48036444,-7.328252245,-108.1259406,2.091944963,30.86595674,4.393782353,2849.907624,2627.146053,-813.5432158,214.0838503,-115.8082303,4.338119399,-1708.712174,944.4097859,-691.3333323,197.3500957,-98.41160023,3.999032517,-1452.030646,870.5904784,-8.019475835,-1.14157587,-118.3247163,-248.5213806,-2.397690188,-35.37712651,-749.9530268,-106.7561392,-1575.151562,30.47492911,449.64751,64.00751841,28.09287187,414.5010425,59.0044035,-16.84357477
1952,221.9940344,17.85273953,16.38035106,-5.421968252,1.342318493,-8.96637935,318.7203087,268.3159008,29.39773973,1.801818937,80.39595864,5690.030654,4395.10865,-159.3936115,2.418614881,-720.8606634,292.4341409,-96.79698694,23.96406242,-160.0744351,-88.8137434,21.98764815,-146.8724415,-7.278008254,48.61542417,-12.03573682,5220.750546,4790.173889,-1728.091395,524.8301901,427.8241645,32.16740416,-2857.767194,1435.288109,-1454.800296,481.5452971,360.1653957,29.51442673,-2405.822152,1316.914026,39.46112969,-9.769405073,-263.5912864,-435.9043354,-16.15579211,107.9169821,-1585.568628,392.5397553,-2622.075442,-129.9323857,867.9185049,-214.8708745,-119.2163302,796.3377148,-197.1495943,65.25738292
1974,291.2829457,13.42320893,12.3256523,0.389752892,0.394043621,-6.964031164,180.182538,151.9217045,0.151907317,0.155270375,48.49773006,2418.627853,1872.534106,0.059206316,0.061183301,-337.7397035,165.449806,5.231734498,5.289329849,-93.47964532,4.803958625,4.856844659,-85.8362267,0.153579641,-2.714251285,-2.744132055,2220.867313,2039.276781,70.22666523,2.03908365,70.99977967,2.084226685,-1254.79681,650.9951632,59.21192365,1.872356766,59.86377851,1.913808655,-1057.987485,597.7661578,0.059858109,0.060517078,-1.057887287,18.90213054,-1.081307731,19.11022115,64.48454032,65.1944406,-1152.197605,2.061531604,-36.43396209,-36.83505791,1.892969251,-33.45491758,-33.82321756,-1.069533404
1996,232.3293685,15.58755845,15.01248692,-4.825397321,0.852477151,-8.573593455,242.9719783,225.3747636,23.28445931,0.726717293,73.50650474,3787.339913,3383.43569,-112.3567676,0.619509888,-630.214888,234.0080173,-75.21616277,13.28803742,-133.6413891,-72.44121418,12.79780208,-128.7109596,-4.113540961,41.37099489,-7.308792523,3647.613647,3513.042299,-1172.436333,362.9478704,207.1280599,11.32774828,-2083.142963,1145.786939,-1087.52278,349.5576408,192.1268364,10.90983386,-1932.271598,1103.515441,19.84946953,-3.506699679,-199.6314879,-354.6980911,-6.230578628,62.66261574,-1129.18166,199.4864879,-2006.289606,-64.12006015,644.8728009,-113.9262306,-61.75447988,621.0815198,-109.7231522,35.26782786
1993,252.4399063,14.370728,13.75375231,-0.495919049,1.419412681,-5.868779366,206.5178232,189.1657027,0.245935703,2.014732358,34.44257124,2967.811465,2601.738221,-0.1219642,2.859736657,-202.1358514,197.6514335,-7.126717767,20.39799355,-84.33863195,-6.820747771,19.52225044,-80.71773777,-0.703913787,2.910439483,-8.330219851,2840.394989,2718.44886,-102.4161226,3.534275099,293.1340171,28.95317071,-1212.00754,494.9648229,-93.81087543,3.38253875,268.5041971,27.71012983,-1110.171773,473.7145939,0.349084256,-0.999144156,-1.443342382,-17.08072718,-11.82401969,48.88822237,-98.01911097,280.548951,-1159.972654,-10.11575357,41.82513417,-119.7113237,-9.681455878,40.02946378,-114.5717805,4.131114709
1999,265.4126078,16.02557677,14.77470688,0.500660415,5.962832894,-4.281354184,256.8191108,218.2919634,0.250660851,35.55537613,18.32999365,4115.674376,3225.199773,0.125495966,212.0107663,-78.47719502,236.7731993,8.02337192,95.55783632,-68.61117016,7.397110881,88.09910818,-63.25575312,2.985354393,-2.143504564,-25.52899956,3794.427083,3498.254617,128.5791627,4.016984717,1531.369442,569.7954097,-1099.533575,293.7487205,109.290145,3.703440605,1301.6385,525.3202602,-934.5852107,270.8202833,1.49464877,17.80116937,-1.073167885,9.177102233,-152.2251584,109.2986891,118.5429683,1411.839022,-1013.709928,47.84202601,-34.35089694,-409.1169424,44.10773608,-31.66965162,-377.1834855,-12.78135952
2017,209.1266393,15.4912073,13.15650795,2.741283024,-0.320258096,-7.692987741,239.9775037,173.0937013,7.514632618,0.102565248,59.18206039,3717.541258,2277.308657,20.59973483,-0.032847351,-455.2868651,203.810192,42.4657836,-4.96118456,-119.1736679,36.06571189,-4.213478188,-101.2128543,-0.877918083,-21.0886567,2.463741609,3157.265934,2681.43041,657.846257,116.4107317,-76.85473848,1.588859522,-1846.143994,916.8015661,474.498825,98.86632375,-55.43465927,1.349400503,-1331.607722,778.6292477,-2.406621936,0.281160374,-57.80997661,162.2347775,-0.789033197,-18.95353399,558.7014194,-65.27186408,-1567.909308,-13.60001101,-326.6887527,38.166332,-11.55033623,-277.4530794,32.41423605,6.753813048
2004,200.0835858,15.28114767,13.26276657,0.175664734,3.694259758,-5.259438452,233.5134742,175.9009772,0.030858099,13.64755516,27.66169283,3568.353883,2332.9336,0.00542068,50.41761383,-145.4849709,202.6702945,2.684358738,56.45252891,-80.37025566,2.329800359,48.99610483,-69.7547045,0.648951157,-0.923897856,-19.42973182,3097.0347,2687.968808,41.02008228,0.471547163,862.6594307,208.5503058,-1228.149745,422.7024131,30.89959832,0.40926376,649.8239014,181.0043384,-925.1403631,366.8705751,0.113997832,2.397394144,-0.162296271,4.859183907,-71.77847639,102.1894787,35.60202334,748.7167133,-1065.93194,9.916718461,-14.11821956,-296.9086013,8.606887711,-12.25344159,-257.6919978,-3.413118668
2011,243.7385332,16.49142012,14.71198508,-1.245672603,-2.940115805,-9.808480968,271.9669377,216.442505,1.551700233,8.644280944,96.2062989,4485.121028,3184.298903,-1.932910469,-25.41518702,-943.6376518,242.6215268,-20.54291023,-48.48668494,-161.7557804,-18.32631675,-43.25493985,-144.3022256,3.662421707,12.21815602,28.83806991,4001.173529,3569.444282,-338.7817631,25.58974045,-799.6142917,142.5564687,-2667.582532,1586.578494,-269.6164985,22.82859068,-636.3660296,127.1745323,-2122.972191,1415.385634,-4.56217838,-10.76794394,-15.21982221,-119.8415508,-84.78726512,-282.8576599,-302.2269887,-713.3353854,-2379.748628,60.39853503,201.494744,475.5807265,53.8814935,179.753329,424.2652543,-35.92279361
1969,199.0950595,12.10697636,11.59508627,-1.125300974,0.511038149,-8.190715309,146.5788766,134.4460256,1.266302282,0.26115999,67.08781727,1774.626995,1558.913266,-1.424971191,0.133462718,-549.4972119,140.3814354,-13.62399229,6.187126788,-99.16479664,-13.04796187,5.925531424,-94.97205063,-0.575071727,9.217019914,-4.185767989,1699.59472,1627.734855,-164.9453526,15.3310918,74.90739777,3.16185782,-1200.585849,812.2306179,-151.2922436,14.68288421,68.70704806,3.028172609,-1101.20912,777.889029,0.647128774,-0.293883591,-10.37192149,-75.49398611,-2.139087124,34.28443395,-157.971366,71.74026888,-1149.824372,-6.962379801,111.5902422,-50.6769941,-6.668006282,106.8721411,-48.53434094,4.710248795
1926,202.0617775,11.03861528,10.52344869,-3.857280113,-1.667485503,-10.38705701,121.8510273,110.7429722,14.87860987,2.780507903,107.8909533,1345.066612,1165.397986,-57.39096595,-4.63645662,-1120.669483,116.1643015,-42.5790312,-18.40673096,-114.6587262,-40.59188933,-17.54769813,-109.3076614,6.431958669,40.06578843,17.32026698,1282.293033,1222.449066,-470.0135444,164.2392502,-203.1848216,30.69295703,-1265.673567,1190.966726,-427.1666645,156.5742875,-184.6623008,29.26053224,-1150.293566,1135.384911,-24.80986626,-10.72519784,-154.5449689,-416.1656285,-28.8812941,-179.9066006,-448.0782499,-193.7022887,-1206.605222,70.99991726,442.2708244,191.1917638,67.68638701,421.6302686,182.2689408,-66.80912138
1975,201.3302471,15.02022281,14.46725954,-0.51242394,1.132164586,-5.484122832,225.6070933,209.3015985,0.262578294,1.28179665,30.07560323,3388.668809,3028.020546,-0.134551404,1.451204773,-164.9383024,217.3014617,-7.696721749,17.00536434,-82.37274686,-7.413370129,16.3793189,-79.34022833,-0.580148238,2.810195828,-6.208929655,3263.916372,3143.756644,-115.6064756,3.943984482,255.4243614,19.25287128,-1237.257011,451.7422617,-107.2511497,3.798788329,236.9638576,18.5440848,-1147.835675,435.1115577,0.297281846,-0.656823289,-1.440011618,-15.4114591,-7.029530273,34.05053288,-111.3504711,246.0210194,-1191.707907,-8.713955793,42.20976748,-93.25950684,-8.393155123,40.65583238,-89.82619676,3.181604196
1971,200.9529949,16.81766362,15.6266182,-1.583678212,1.958621908,-7.409672436,282.8338098,244.1911965,2.508036678,3.83619978,54.90324562,4756.603874,3815.882597,-3.971923042,7.513664933,-406.8150657,262.8032085,-26.63376745,32.93944442,-124.6133786,-24.74753477,30.60663677,-115.7881222,-3.101826841,11.73453679,-14.51274677,4419.73596,4106.725403,-447.917742,42.17931721,553.9644962,64.51591748,-2095.705884,923.3443166,-386.7202774,39.19213162,478.2782273,59.94682931,-1809.376778,857.9520574,4.912295585,-6.075306007,-18.58373024,-86.94907384,-28.42498377,107.5346997,-416.1957153,514.7321218,-1947.285691,-52.16548043,197.3474926,-244.0704934,-48.47106378,183.3711263,-226.7851528,22.98352085
1973,204.4576856,15.54662365,14.35301037,-1.366067931,-0.93797962,-9.300023827,241.6975069,206.0089065,1.866141592,0.879805767,86.49044318,3757.580176,2956.847971,-2.549276183,-0.825239879,-804.3631824,223.1408504,-21.237744,-14.58241614,-144.5839704,-19.60718717,-13.46283121,-133.4833384,1.281343878,12.70446431,8.723232813,3469.086821,3202.742938,-330.1752131,29.012201,-226.7073356,13.67800915,-2247.792573,1344.634369,-281.4221607,26.78474961,-193.2321558,12.6278613,-1915.887739,1241.398227,-1.750402781,-1.201874444,-17.35516127,-118.1518208,-8.182214598,-81.12627301,-304.8255598,-209.30157,-2075.215225,19.92057104,197.5115252,135.6168175,18.39114197,182.3473079,125.204651,-11.9165286
1944,199.8587399,16.72620579,14.76161471,-4.173129285,2.654906152,-8.849981545,279.7659602,217.9052687,17.41500803,7.048526678,78.32217334,4679.423025,3216.633619,-72.67507998,18.71317684,-693.1497886,246.9058054,-69.80061922,44.40650667,-148.0266126,-61.60212662,39.1907017,-130.6400177,-11.07926661,36.93211715,-23.49587045,4129.797313,3644.728368,-1167.499521,291.2870081,742.7523691,117.8951078,-2475.923585,1310.032789,-909.3468582,257.0736386,578.5180386,104.0476351,-1928.457607,1156.161746,46.23521195,-29.41441309,-154.1224996,-326.8485552,-62.37933102,207.9380199,-1030.369847,655.5117418,-2185.111821,-185.3140934,617.7341919,-392.9967645,-163.547865,545.1776837,-346.8369868,98.05130505
1987,201.1045705,14.84900049,14.01256197,-3.957189376,1.23055668,-5.878018594,220.4928154,196.3518929,15.65934776,1.514269743,34.55110259,3274.097923,2751.393066,-61.96700459,1.863394748,-203.0920234,208.0725394,-58.76030697,18.27253674,-87.28270095,-55.45036135,17.24325173,-82.36609978,-4.869545821,23.26043273,-7.233235046,3089.669239,2915.629352,-872.5318267,232.5256625,271.3289069,22.48539215,-1296.060869,513.0493391,-777.0016244,219.4275808,241.6221334,21.21879861,-1154.160077,484.149466,19.26971499,-5.99225214,-92.04593729,-136.7252561,-8.900905705,42.51709009,-823.3824426,256.0450534,-1223.054256,-72.30788827,345.3941769,-107.4063107,-68.23481257,325.938255,-101.3561543,28.62328088
1950,203.2871396,13.92744467,12.50480888,-2.080429818,3.687988302,-7.014790381,193.9737149,156.3702452,4.328188229,13.60125771,49.20728409,2701.558181,1955.380032,-9.004491851,50.16127934,-345.1787832,174.1600338,-28.97507118,51.364253,-97.69810488,-26.01537728,46.11758888,-87.71861309,-7.672600833,14.59377908,-25.87046487,2425.604234,2177.837938,-403.5487005,60.28060206,715.3727915,189.4307642,-1360.68495,685.3317264,-325.3173209,54.12316662,576.6916352,170.0811283,-1096.904492,615.3276833,15.96230756,-28.29646212,-30.36133316,-102.3723011,-95.40997179,181.4758881,-362.3277275,642.3001673,-1221.69613,-106.8597235,203.2540506,-360.3094679,-95.94440706,182.4924183,-323.5052189,53.82168652
2001,201.967509,13.63553808,12.93518165,-3.247263536,-5.505177233,-14.27942672,185.9278989,167.3189244,10.54472047,30.30697637,203.9020274,2535.226946,2164.300681,-34.24148628,-166.8452763,-2911.604057,176.3781621,-44.27818561,-75.06605383,-194.7076668,-42.00394371,-71.21046754,-184.7069785,17.87676129,46.36906169,78.61077486,2405.011146,2281.483566,-603.7568863,143.7829376,-1023.566036,413.2519305,-2654.943806,2780.31386,-543.3286421,136.3978748,-921.1203333,392.0262447,-2389.218319,2637.509763,-58.05055507,-98.41473924,-150.5725632,-662.1236183,-432.766248,-1122.516799,-572.7463742,-970.9930422,-2518.57904,243.7592594,632.2671066,1071.900215,231.2391546,599.792236,1016.844653,-255.2699027
2000,203.7230075,13.69941502,13.02968369,-0.471446849,1.789106432,-6.241103678,187.6739719,169.7726571,0.222262131,3.200901825,38.95137512,2571.023629,2212.084022,-0.104784782,5.726754044,-243.0995706,178.4990445,-6.458546045,24.50971153,-85.49946947,-6.142803321,23.3114909,-81.31960682,-0.84346859,2.942348664,-11.16599873,2445.332491,2325.786089,-88.47830269,3.044861182,335.7687102,43.85048254,-1171.292716,533.6110534,-80.03878426,2.89600527,303.7413529,41.70673832,-1059.568755,507.5240973,0.397650609,-1.50905508,-1.387161006,-18.36350307,-19.97716016,69.68815578,-84.15281208,319.3537886,-1114.031043,-11.55502627,40.30845548,-152.9676508,-10.99012893,38.3378724,-145.4894316,5.26417492
1993,207.888979,13.33506389,13.17361822,-1.330054927,0.642626648,-6.709920797,177.8239289,173.5442169,1.769046109,0.412969009,45.0230371,2371.293452,2286.205258,-2.352928493,0.26538489,-302.1010129,175.6710405,-17.73636742,8.569467405,-89.4772225,-17.52163582,8.465718115,-88.39393484,-0.854728739,8.924563215,-4.311973909,2342.584549,2314.22322,-236.5155927,23.59034288,114.2743953,5.506968112,-1193.184478,600.3850761,-230.8233408,23.30473805,111.5241384,5.440296054,-1164.46795,593.1163017,1.136836171,-0.549271464,-11.87015928,-59.88311232,-2.770989339,28.9330034,-233.652133,112.8908919,-1178.738768,-11.39786234,119.0096206,-57.50044755,-11.25987009,117.5687885,-56.80429804,5.735162142
2015,201.8203804,14.18542058,13.99392772,-5.432608782,2.432791985,-4.453138405,201.2261572,195.8300131,29.51323817,5.918476844,19.83044166,2854.477672,2740.431049,-160.3338769,14.39842303,-88.30770133,198.5097504,-77.06384044,34.51017751,-63.1696412,-76.02353463,34.04431521,-62.31689698,-13.2164071,24.19215881,-10.83355942,2815.944299,2777.931099,-1093.182989,418.6576963,489.5413824,83.95608326,-896.0879286,281.3031553,-1063.867849,413.0061218,476.4136863,82.82273718,-872.0581521,277.5057672,71.79956929,-32.15276928,-131.4265344,-107.7310315,-26.35579654,48.24333953,-1078.425813,482.9329297,-883.9913932,-187.4802934,343.1759475,-153.6785968,-184.9494458,338.5433218,-151.6040475,58.85449005
2005,203.5721957,16.09838141,14.79923571,0.308570493,1.708505927,-7.306150236,259.1578841,219.0173775,0.095215749,2.918992503,53.37983128,4172.022465,3241.289793,0.029380771,4.987115992,-390.0010669,238.243741,4.967485495,27.50418006,-117.6171932,4.566607463,25.28458192,-108.1254395,0.527194517,-2.254462383,-12.48260098,3835.338612,3525.825279,79.96847616,1.53281945,442.7727811,46.99105465,-1893.446436,859.3288836,67.58230023,1.409120318,374.1924876,43.19885807,-1600.173864,789.980705,0.162676672,0.900714957,-0.69566057,16.47144087,-21.32659776,91.19975812,73.51498871,407.0408436,-1740.644565,8.48697841,-36.29319532,-200.9496716,7.802075917,-33.3643202,-184.7329542,-3.851762343
2009,201.6227294,14.99197769,13.39562388,-2.079621696,-1.089236066,-10.36094342,224.7593951,179.4427392,4.3248264,1.186435207,107.3491485,3369.587837,2403.747442,-8.994002814,-1.292308017,-1112.238453,200.8268944,-31.17764208,-16.3298028,-155.3310325,-27.85783006,-14.59099666,-138.7913011,2.265198955,21.54684272,11.28551324,3010.79232,2690.201542,-467.4145144,64.8377009,-244.8160392,17.78701015,-2328.719375,1609.376039,-373.1730136,57.9337478,-195.4555032,15.89303979,-1859.196067,1438.008817,-4.710756893,-2.467336398,-44.80928161,-223.2456182,-12.29258805,-116.9285641,-417.6439668,-218.7478963,-2080.756089,33.95981219,323.0297854,169.1921628,30.34375321,288.6334009,151.1764907,-23.4695982
1925,197.3937161,17.44109975,15.85425222,-0.399558556,1.292065157,-9.009130838,304.1919604,251.3573135,0.15964704,1.66943237,81.16443845,5305.442322,3985.082245,-0.063788341,2.157015397,-731.2210454,276.5155944,-6.968740626,22.53503728,-157.1291496,-6.334702121,20.48472688,-142.8330326,-0.516255688,3.599675307,-11.64038405,4822.736063,4383.947976,-121.5425004,2.784419941,393.035833,29.11673648,-2740.505171,1415.597067,-100.4319652,2.531084431,324.7700267,26.46760186,-2264.510924,1286.801479,0.206274377,-0.667035987,-1.438281067,-32.42994581,-15.04013465,104.8697429,-110.4841716,357.2761649,-2491.165168,-9.004066952,62.78229608,-203.0210993,-8.18484789,57.07016023,-184.5495847,4.65101504
1946,229.1517388,16.26841147,14.80793274,-0.292323058,-0.322725059,-8.760473061,264.6612117,219.2748721,0.08545277,0.104151464,76.74588826,4305.617493,3247.007559,-0.024979815,-0.033612287,-672.3302866,240.9015429,-4.755631788,-5.250224048,-142.5189804,-4.328700181,-4.778890965,-129.7244959,0.094339976,2.560888274,2.827224184,3919.085423,3567.253845,-77.36657473,1.390180827,-85.41280512,1.694378865,-2318.557416,1248.533689,-64.09910114,1.265378874,-70.765496,1.542267868,-1920.95161,1136.447952,-0.02757775,-0.030445874,-0.748606691,-22.43459274,-0.912416091,-24.7678213,-70.42107567,-77.74496459,-2110.411477,1.534761548,41.66158417,45.99444634,1.39698002,37.92146132,41.86534556,-0.826462819
1987,235.0323011,17.32913822,15.99836105,-1.250245776,3.973254563,-3.630735715,300.2990314,255.9475562,1.563114499,15.78675182,13.18224184,5203.923421,4094.741414,-1.9542773,62.72478371,-47.86123624,277.2378099,-21.66568185,68.8530775,-62.91752104,-20.00188332,63.56556104,-58.08582085,-4.967544733,4.539311991,-14.42583725,4804.292326,4435.350579,-375.4475954,27.08742721,1193.164497,273.5708043,-1090.306418,228.4368908,-319.997351,25.00727012,1016.944796,252.5621554,-929.2779337,210.8942643,6.210651817,-19.73731978,-5.67525564,-16.48104217,-57.31752367,52.37640252,-346.6154006,1101.536393,-1006.577218,-86.08326928,78.6623649,-249.9873276,-79.47257416,72.62155214,-230.7897527,18.03584208
1991,239.9893749,17.90276387,16.7997699,2.772952294,4.139509913,-5.50826895,320.5089541,282.2322688,7.689264427,17.13554232,30.34102682,5737.996124,4741.437176,21.32196344,70.93274728,-167.1265359,300.7623136,49.64351015,74.1086685,-98.61323833,46.5849605,69.54281405,-92.53765093,11.47866351,-15.27416702,-22.80153392,5384.476682,5052.737665,888.7560398,137.6590854,1326.749993,306.7735679,-1765.44952,543.1882387,782.6166174,129.1778731,1168.303275,287.8731681,-1554.611243,509.7222693,31.82978632,47.51604139,-42.35453649,84.13421994,-94.38717568,125.5969813,833.9995477,1245.008579,-1656.679713,205.4998024,-273.4498055,-408.2104776,192.8389058,-256.6024915,-383.0605233,-63.2275658
1949,244.8949014,17.6605352,16.78645299,2.19482113,6.29119323,-3.979705116,311.8945036,281.7850039,4.817239794,39.57911225,15.83805281,5508.223861,4730.170722,10.57297969,248.999843,-63.03077977,296.4577439,38.76171583,111.1058395,-70.28372229,36.84326172,105.6068194,-66.80513283,13.80804383,-8.73474088,-25.03709388,5235.602423,4976.473982,684.552647,85.07503295,1962.18859,698.9883052,-1241.248152,279.7084891,618.4676808,80.86436933,1772.763909,664.3929072,-1121.421222,265.8647289,30.30618638,86.86907189,-19.17119385,34.76169296,-157.5131955,99.64025059,650.6717206,1865.072952,-1179.8144,243.8574442,-154.2601988,-442.1684778,231.7880787,-146.6253171,-420.2839994,-54.95194268
1975,221.9784798,16.63436136,16.1096817,1.265685288,3.311205281,-3.110312378,276.7019778,259.5218444,1.601959248,10.96408041,9.674043086,4602.760687,4180.814306,2.027576252,36.30432095,-30.08929595,267.9742667,21.05386645,55.07978517,-51.73806002,20.38978712,53.3424631,-50.10614238,4.190943809,-3.936676617,-10.29888277,4457.580787,4316.980139,350.2176224,26.64756902,916.21705,182.3804755,-860.6295864,160.9215285,328.4729803,25.80705358,859.3301015,176.6278455,-807.1940047,155.8457548,5.304415922,13.87707527,-4.982593678,12.24429401,-34.10171501,32.03274255,339.1710869,887.317807,-833.4836786,69.71367375,-65.4841014,-171.3153376,67.51477077,-63.41860725,-165.9117232,-13.0351444
1999,243.290854,16.47934863,16.02781636,1.565853938,7.028463133,-3.316740727,271.5689314,256.8908974,2.451898554,49.39929401,11.00076905,4475.279099,4117.400128,3.839315005,347.2011167,-36.48669874,264.1279737,25.80425295,115.8244943,-54.65772677,25.09721936,112.6509164,-53.1601113,11.00554667,-5.193531527,-23.31158992,4352.656962,4233.394658,425.2372805,40.40569108,1908.712222,814.0681882,-900.723735,181.2855084,402.2536231,39.29857976,1805.548201,791.7628128,-852.0405017,176.3183062,17.23307859,77.35207903,-8.132311792,17.22559753,-163.8446503,77.3184997,413.5858276,1856.413725,-876.0440075,181.3642405,-85.58601668,-384.1598175,176.394881,-83.24096959,-373.6338824,-36.50254487
2003,231.8920517,14.141036,13.23832525,-1.251216566,5.703193482,-5.639536712,199.9688992,175.2532555,1.565542894,32.52641589,31.80437433,2827.767402,2320.059598,-1.958833203,185.5044431,-179.3619366,187.203634,-17.6934985,80.64906435,-79.74889168,-16.56401186,75.50073029,-74.65802127,-7.135930162,7.056281757,-32.16336902,2647.253328,2478.262595,-250.2043993,22.13839843,1140.461322,459.9572182,-1127.731948,449.7468024,-219.2797764,20.72516603,999.5032244,430.5952729,-988.3471682,421.0366518,8.92859403,-40.69759039,-8.828936626,-39.79416002,-183.4339166,181.3865004,-234.232288,1067.658545,-1055.741767,-100.9094453,99.78313436,-454.8233592,-94.46776446,93.41335297,-425.7891403,40.24334012
2013,243.2938666,16.78770794,15.69188851,-0.651058006,7.344047376,-1.397323438,281.827138,246.2353649,0.423876527,53.93503186,1.952512789,4731.231682,3863.897892,-0.275968206,396.1014292,-2.728291883,263.4308413,-10.92977165,123.2897225,-23.45785777,-10.21632964,115.2419726,-21.92664359,-4.781400838,0.90973861,-10.26200953,4422.400027,4133.727391,-183.4858144,7.115915333,2069.751853,905.4455628,-393.8036652,32.77821446,-160.3135056,6.651423197,1808.364186,846.3425066,-344.0704466,30.638613,3.112969293,-35.11483428,-0.592292605,-1.271199083,-75.36468413,14.33934643,-171.5087582,1934.648579,-368.0980888,-80.26876082,15.2724261,-172.2756188,-75.02920885,14.27551685,-161.0303093,6.681163455
1931,210.5423918,17.0162834,15.44667487,0.056218329,3.305858112,-4.757976082,289.5539008,238.5997646,0.003160501,10.92869785,22.6383364,4927.131236,3685.572989,0.000177678,36.12872445,-107.7126631,262.8449973,0.956627025,56.25341851,-80.96306944,0.868386256,51.06451543,-73.4949096,0.18584982,-0.267485467,-15.72919383,4472.644964,4060.081215,16.27823657,0.053779973,957.2241118,185.9658199,-1377.690535,385.2203479,13.41368016,0.048819225,788.7769673,168.8120425,-1135.251973,349.687022,0.010448166,0.614393136,-0.015037586,1.272689453,-51.998483,74.83912802,14.77670664,868.9282663,-1250.61021,3.162473212,-4.551608507,-267.6524198,2.870761749,-4.131761037,-242.9637431,-0.884269
1979,192.592422,15.70459609,12.74986056,1.973929143,3.577619815,-5.011942724,246.6343383,162.5589443,3.89639626,12.79936354,25.11956986,3873.292665,2072.603873,7.69121013,45.79125664,-125.8978454,200.2314103,30.99975989,56.18507416,-78.71053609,25.16732133,45.61415378,-63.90157086,7.061968015,-9.893219804,-17.9308256,3144.553423,2552.922561,486.838708,61.19132947,882.3638959,201.0088346,-1236.117177,394.4926987,320.8798376,49.67850901,581.5741003,163.1901004,-814.7361181,320.2710131,13.93982447,25.26503671,-19.52851489,49.58425101,-64.14967698,89.8682709,395.242616,716.3518611,-1003.54836,110.9053553,-155.369021,-281.5963736,90.03910747,-126.137173,-228.6155262,-35.39417921
1957,255.5365968,16.5443391,16.17437107,-0.209649216,5.480776703,-1.323276301,273.7151561,261.6102795,0.043952794,30.03891327,1.751060169,4528.436358,4231.381736,-0.009214669,164.636576,-2.317136423,267.5942796,-3.468507723,90.67582828,-21.89273184,-3.390944217,88.64811614,-21.40316192,-1.14904054,0.277423839,-7.252581922,4427.170502,4328.169174,-57.38416793,0.727169926,1500.171651,496.9739672,-362.2007793,28.97013321,-54.84639003,0.710908797,1433.827525,485.8605297,-346.1826829,28.32229693,0.240895449,-6.297634622,-0.05816169,-0.367108392,-39.74978204,9.597169778,-56.10093097,1466.624494,-354.1011685,-19.01011633,4.58979407,-119.9891746,-18.58500806,4.48715612,-117.3059512,1.520498115
1961,254.1281714,14.290812,13.37776102,1.161443578,0.717251318,-8.13835138,204.2273078,178.9644899,1.348951185,0.514449453,66.23276318,2918.574061,2394.144178,1.56673069,0.368989548,-539.0254996,191.1790678,16.59797183,10.25010374,-116.3036496,15.53751462,9.595216724,-108.8729199,0.833046937,-9.452235944,-5.837243253,2732.104117,2557.547881,237.198495,19.27760778,146.4823056,7.35190042,-1662.073592,946.5199671,207.8571575,18.04594658,128.3625163,6.882181841,-1456.475904,886.0460776,0.967537015,0.597504013,-10.97823873,76.92561744,-4.186770416,47.50553668,222.0437005,137.1234383,-1555.88243,11.90491717,-135.0801269,-83.41894595,11.14430284,-126.4497536,-78.08924526,-6.779628689
1960,252.1726149,14.92238769,14.35585408,-2.847768303,5.883430164,-1.071115511,222.6776543,206.0905463,8.109784308,34.61475049,1.147288438,3322.882286,2958.60581,-23.0947867,203.6534672,-1.228878442,214.2236201,-42.49550266,87.79482583,-15.98360092,-40.88214621,84.46166491,-15.37677798,-16.75464593,3.050288802,-6.301833307,3196.727911,3075.363031,-634.1343657,121.0173455,1310.108428,516.5347265,-238.5134895,17.12028287,-586.8981254,116.4228801,1212.519337,496.924307,-220.7467809,16.47030541,47.71334962,-98.57478927,-8.686515765,-3.267211649,-37.07639617,6.749991404,-610.0592352,1260.369709,-229.4582424,-250.0193222,45.51759206,-94.03839975,-240.5272522,43.78950094,-90.46819939,17.94616114
1926,152.6455313,12.95289718,12.22884003,-1.467478415,1.611497831,-7.144870177,167.7775455,149.5445284,2.153492898,2.596925259,51.04916985,2173.205296,1828.756114,-3.160204345,4.184939421,-364.7396913,158.3989075,-19.00809703,20.87356571,-92.5467688,-17.94555878,19.70674917,-87.37347441,-2.364838282,10.48494276,-11.51394279,2051.724763,1937.0349,-246.2099265,27.8939721,270.3731505,33.63770587,-1198.748781,661.2346484,-219.4533675,26.33472015,240.9906831,31.75738355,-1068.476241,624.2721316,3.470349134,-3.810931762,-15.38642719,-74.91355486,-18.55469383,82.26562648,-232.4469778,255.2594959,-1131.739631,-30.63150713,135.8103856,-149.1389172,-28.91922904,128.2186877,-140.8021645,16.89646252
1958,254.3350267,13.09465705,13.66548582,0.508121826,6.42247643,-2.47168517,171.4700433,186.7455028,0.25818779,41.24820349,6.109227579,2245.341411,2551.968022,0.131190851,264.9156147,-15.10008721,178.9448503,6.653681049,84.10012626,-32.36586964,6.943731608,87.76626061,-33.77677865,3.26340045,-1.255917181,-15.87433975,2343.221446,2445.368315,87.12767146,3.380880563,1101.262311,540.1310787,-423.819963,79.99823999,94.88946586,3.528261583,1199.36859,563.6767401,-461.5760899,83.48556288,1.658204995,20.95911247,-0.638158931,3.104231872,-101.9525729,39.23637013,90.92578406,1149.269083,-442.2953327,42.73310971,-16.44580477,-207.8690349,44.59595259,-17.16271844,-216.9305648,-8.066098495
1965,193.5515428,15.38264722,14.24514038,1.725882792,2.057775456,-5.001224559,236.6258355,202.9240245,2.978671411,4.234439829,25.01224709,3639.93175,2890.681216,5.140837732,8.713526352,-125.0918644,219.1279691,26.54864613,31.6540339,-76.93207306,24.58544265,29.31330025,-71.24314593,3.55147925,-8.631527405,-10.29139715,3370.768244,3121.508681,408.3884575,45.8198515,486.9228366,65.13689406,-1183.41894,384.7545732,350.2230819,42.43159241,417.5720771,60.3201898,-1014.868615,356.3029711,6.129436923,7.308146834,-14.89700462,43.16820684,-21.17738447,51.46958818,378.1891911,450.9161566,-1095.908181,54.63115241,-132.775741,-158.3089318,50.59132048,-122.9573196,-146.6023971,-17.76174525
2010,257.409011,18.27395754,18.46611053,2.629066122,2.116838983,-5.367280295,333.9375241,340.997238,6.911988676,4.481007281,28.80769776,6102.360134,6296.892685,18.17207527,9.485570895,-154.6189885,337.4489196,48.04344268,38.68302569,-98.08145219,48.5486256,39.08978263,-99.11279115,5.565309657,-14.11093479,-11.36166816,6166.527228,6231.369047,877.9438315,126.3093876,706.8919688,81.88573677,-1792.336293,526.4306456,896.5042862,127.6375468,721.8362464,82.74677571,-1830.227756,531.9661309,14.63156708,11.78086444,-37.09858062,75.73734225,-24.05082208,60.98125764,887.1755226,714.3250279,-1811.182937,101.7002324,-257.8626232,-207.6226415,102.7696232,-260.5740815,-209.80582,-29.87057686
2011,267.7432631,17.26137184,16.14839984,-0.386858646,-1.857066909,-8.003732497,297.9549578,260.7708175,0.149659612,3.448697506,64.05973388,5143.111317,4211.031428,-0.057897115,-6.40446202,-512.7169737,278.7435343,-6.677710944,-32.05552245,-138.1554027,-6.247148105,-29.98865899,-129.2474726,0.718422391,3.09631312,14.86346677,4811.495793,4501.262045,-115.2664516,2.583330217,-553.3222926,59.52925001,-2384.751778,1105.758886,-100.8814455,2.41676326,-484.2688561,55.69094627,-2087.139866,1034.462196,-0.277927914,-1.334158449,-1.197835502,-24.78206194,-27.6024523,-118.963212,-107.8343464,-517.6453938,-2230.988684,12.40095603,53.44661209,256.5638268,11.60137202,50.0005023,240.0212045,-5.750060636
2007,223.7276096,16.52109282,14.05693899,1.044538463,5.978406041,-2.192659459,272.946508,197.5975339,1.091060602,35.74133879,4.807755501,4509.374593,2777.616479,1.139654764,213.6762357,-10.54177057,232.2359939,17.25691691,98.76980111,-36.22513044,14.68301346,84.03808899,-30.82208024,6.244675059,-2.290317142,-13.10860855,3836.792411,3264.527198,285.103126,18.02551347,1631.785052,590.4859756,-598.4787424,79.4293749,206.3982244,15.33697231,1181.31829,502.4138189,-433.2641016,67.58232578,6.522803291,37.33320309,-2.392324348,5.021885544,-78.36858455,28.74271453,242.5794282,1388.401069,-509.2144486,103.1688563,-37.83854208,-216.5685386,87.78101634,-32.19484834,-184.2669107,-13.69244583
1954,330.910628,18.25069339,16.44991257,-0.696043627,6.694436741,-4.610213597,333.0878093,270.5996234,0.484476731,44.81548328,21.25406941,6079.08348,4451.340145,-0.337216941,300.0144179,-97.98579977,300.2223106,-12.70327883,122.1781124,-84.13959483,-11.44985681,110.1228991,-75.83761057,-4.659620032,3.208909794,-30.86278329,5479.265339,4938.630759,-231.843647,8.842036275,2229.835269,817.9136446,-1535.605947,387.9015041,-188.3491434,7.969599866,1811.512061,737.2107816,-1247.522063,349.6275834,3.243298829,-31.19353154,-2.233541213,-14.79375957,-206.6089504,142.2840231,-208.967826,2009.819266,-1384.088978,-85.04129653,58.56482878,-563.267195,-76.65034211,52.78628555,-507.6900866,21.48184363
1960,228.1972632,15.58566973,15.00249972,-2.805092434,6.927274347,-0.64619596,242.9131009,225.0749979,7.868543561,47.98712988,0.417569218,3785.963364,3376.687593,-22.07199201,332.4200138,-0.269831542,233.8240058,-43.71924423,107.9662101,-10.07139681,-42.08339845,103.9264315,-9.694554704,-19.43164486,1.812639397,-4.476376694,3644.303729,3507.944581,-681.3937015,122.6365212,1682.725693,747.9115576,-156.9694644,6.508095925,-631.3561735,118.0478226,1559.156259,719.9269027,-145.4425542,6.26458208,54.50755996,-134.6083349,-5.084621057,-1.171320255,-31.00908944,2.892616534,-655.8979494,1619.763037,-151.0961278,-302.8551991,28.25119898,-69.76732875,-291.5232466,27.19412205,-67.15684011,12.5566504
1941,185.9759559,17.0001697,15.61116922,-1.042480017,7.030453235,-1.831671218,289.0057697,243.7086043,1.086764586,49.42727269,3.355019452,4913.147127,3804.576261,-1.132930364,347.4961292,-6.145292568,265.3925258,-17.72233719,119.518898,-31.13872154,-16.27433195,109.7535951,-28.59452934,-7.329107008,1.909480643,-12.87747884,4511.717975,4143.087629,-301.2827397,18.47518238,2031.841548,840.2720233,-529.3635503,57.03590002,-254.06135,16.96566585,1713.381946,771.6175179,-446.3940362,52.3757764,7.640447599,-51.52694408,-1.990595413,-3.497540736,-90.53451279,23.58730736,-276.6664048,1865.829742,-486.1118511,-124.5960629,32.46149496,-218.9193256,-114.4159297,29.80922543,-201.0325013,13.42451436
1946,200.0670455,16.5408636,15.0265854,0.633260661,0.549714598,-7.912010728,273.6001688,225.7982688,0.401019065,0.30218614,62.59991376,4525.583073,3392.976969,0.253949598,0.166116132,-495.2911892,248.5526995,10.47467822,9.092754193,-130.8714903,9.515745405,8.260333358,-118.8905049,0.34811263,-5.010365145,-4.3493478,4111.276301,3734.898366,173.2602238,6.633201656,150.4020069,4.998419719,-2164.72747,1035.456635,142.989161,6.025947227,124.1246046,4.540825834,-1786.518325,940.6629501,0.220446034,0.191362595,-3.172867144,39.64206277,-2.390899979,34.41208645,157.3986468,136.6330474,-1966.551625,5.758083532,-82.87576646,-71.94196872,5.230944164,-75.28867973,-65.35584614,-2.754270863
1949,224.6473657,17.212965,16.89299899,2.810038289,6.898811474,-3.106871486,296.286164,285.3734147,7.896315183,47.59359975,9.652650428,5099.963369,4820.812806,22.188948,328.339272,-29.98954438,290.7786002,48.3690907,118.7490004,-53.47847013,47.46997396,116.5416152,-52.48437686,19.38592439,-8.730427832,-21.43372065,5005.161867,4912.122599,832.5754651,135.9189968,2044.022387,819.2269665,-920.5230344,166.1507339,801.9102219,133.3924444,1968.737388,803.9986323,-886.618525,163.0622139,54.47518979,133.7398376,-24.53283648,27.12431729,-147.867198,66.59181553,817.0990001,2006.026744,-903.4117417,333.6892379,-150.2765487,-368.9378833,327.486401,-147.4831085,-362.0798212,-60.2295757
1942,209.6525961,17.31138984,16.35198087,0.949640971,7.506933804,-0.865229553,299.6842183,267.3872785,0.901817973,56.35405514,0.74862218,5187.950332,4372.311664,0.856403295,423.0461615,-0.647730034,283.0755156,16.43960505,129.9554576,-14.9783261,15.52851099,122.753238,-14.14821711,7.128891904,-0.821657433,-6.495220981,4900.430605,4628.845417,284.5924119,15.6117225,2249.709589,975.5670176,-259.2956423,12.9596904,253.9219147,14.74651025,2007.2586,921.5004317,-231.3513755,12.24145556,6.769887828,53.51611962,-0.780279562,0.710922293,-48.75919395,5.619857147,268.8201074,2125.029157,-244.9253019,123.4110269,-14.22403214,-112.4413025,116.5715041,-13.43572663,-106.2097293,-6.168127957
1940,205.1680487,16.65166937,15.28212571,-0.57845968,7.43619006,-2.560283431,277.2780929,233.5433661,0.334615601,55.2969226,6.555051245,4617.143127,3569.039079,-0.193561634,411.1984262,-16.78278909,254.4729046,-9.632319337,123.8249783,-42.63299318,-8.840093546,113.6407913,-39.12657323,-4.301536122,1.481020734,-19.0387542,4237.398671,3888.886916,-160.3941969,5.571908361,2061.892598,920.7860725,-709.9105068,109.152546,-135.0954208,5.113637684,1736.672858,845.0545224,-597.9372106,100.1751171,2.488265209,-31.98704015,-0.85671078,-3.791832846,-141.5757947,48.74460691,-147.2023149,1892.308883,-651.5227611,-71.6277573,24.6614676,-317.0270401,-65.73661575,22.63314503,-290.9526349,11.01315166
1985,197.1796148,15.14838112,13.9852507,-0.072309212,8.015917879,-1.000425365,229.4734506,195.5872373,0.005228622,64.25493944,1.000850911,3476.151287,2735.336548,-0.000378078,515.0623178,-1.001276638,211.8539077,-1.095367501,121.4281791,-15.15482471,-1.011262457,112.1046212,-13.99119954,-0.579624705,0.07233997,-8.01932757,3209.243736,2962.830012,-16.59304437,0.079205161,1839.440335,973.3583115,-229.5710606,15.16127105,-14.14275899,0.073123591,1567.811232,898.621437,-195.6704332,13.99715091,0.041912206,-4.646224033,-0.005230846,-0.072370741,-64.28227124,8.022738712,-15.31898911,1698.203527,-211.944023,-8.780375934,1.095833432,-121.4798304,-8.106196809,1.011692613,-112.1523065,0.579871257
1947,272.5659751,15.85789228,15.19172563,2.16454974,8.263271644,-2.184446946,251.4727474,230.7885276,4.685275576,68.28165826,4.771808459,3987.827739,3506.075989,10.14151203,564.2298905,-10.42376241,240.9087485,34.3251966,131.0380716,-34.64072435,32.88324576,125.5333556,-33.18551865,17.88626249,-4.728344068,-18.0506785,3820.304982,3659.819609,544.3252701,74.29859537,2077.987623,1082.803181,-549.3288751,75.6708245,499.5532473,71.17742105,1907.068296,1037.316218,-504.1452942,72.49200486,38.71570481,147.7990456,-10.23473592,10.32881676,-149.1576598,39.43074953,521.4589689,1990.69443,-526.2523799,283.6384237,-74.98157088,-286.2457152,271.7231922,-71.83170576,-274.2209553,-39.07159146
1996,220.9842822,16.92765401,16.5063014,-2.66280632,2.720965454,-6.088958938,286.5454701,272.4579857,7.090537498,7.403653004,37.07542094,4850.542576,4497.27363,-18.88072806,20.14508406,-225.7507157,279.4129589,-45.07506407,46.05956178,-103.0717902,-43.95308368,44.91307588,-100.5061914,-7.245404009,16.21371834,-16.56784692,4729.805894,4612.074514,-763.0150889,120.0261655,779.6803254,125.3264764,-1744.763601,627.5998979,-725.5028464,117.038549,741.348767,122.2069279,-1658.985487,611.9780725,19.29310759,-19.71449401,-43.17399167,-98.72466521,-45.08053913,100.8809396,-744.0225929,760.2730088,-1701.334034,-122.6476922,274.4602142,-280.4547803,-119.5948223,267.6285217,-273.4738748,44.1169675
1995,240.2293869,16.43940294,15.85911969,3.352195614,7.282570009,-0.979701516,270.2539691,251.5116774,11.23721543,53.03582593,0.959815061,4442.813895,3988.753795,37.66934429,386.2371153,-0.94033227,260.7144589,55.10809444,119.7211028,-16.10570799,53.16287147,115.4951494,-15.53720361,24.41259924,-3.284151125,-7.134744879,4285.990043,4134.701809,905.94417,184.7331125,1968.14345,871.8773129,-264.7682233,15.77878653,843.1163418,178.2123446,1831.651399,841.1015114,-246.4063717,15.22182193,81.83580811,177.7864631,-11.009117,3.217487837,-51.95927908,6.989920375,873.9658657,1898.671299,-255.4223507,401.3285558,-53.98948368,-117.290946,387.1623334,-52.08374578,-113.150773,-23.91706049
2015,221.933863,17.56938788,17.38439892,-3.055775045,4.521078047,-1.335140604,308.6833906,302.2173257,9.337761127,20.44014671,1.782600432,5423.378224,5253.866551,-28.53409743,92.41149859,-2.380022218,305.4332477,-53.68809706,79.43257387,-23.45760315,-53.12281239,78.59622432,-23.21061687,-13.81539747,4.07988934,-6.036274875,5366.275202,5309.773421,-943.267002,164.0587472,1395.581701,359.120866,-412.1357286,31.31919844,-923.5081622,162.3313644,1366.348117,355.3396644,-403.5026228,30.98943703,42.21674684,-62.46049024,-12.46722403,-5.447225917,-27.29046983,8.059275683,-933.3352964,1380.887551,-407.7963309,-242.728077,71.68115833,-106.0536547,-240.1723809,70.92642382,-104.9370104,18.44549813
2009,217.3177818,17.80474294,16.60037279,-0.472722144,3.448385842,-5.699625747,317.0088713,275.5723767,0.223466225,11.89136492,32.48573366,5644.261463,4574.604183,-0.105637433,41.00601443,-185.156524,295.5653702,-8.416696258,61.39762349,-101.4803713,-7.847363816,57.2444905,-94.61591215,-1.630128349,2.694339303,-19.65450873,5262.46544,4906.495329,-149.8571133,3.978758701,1093.168904,211.7226956,-1806.831925,578.4001371,-130.2691647,3.709622648,950.2798823,197.4010906,-1570.659413,539.275289,0.770597768,-5.62131152,-1.273673852,-15.35672567,-67.77632966,112.023344,-139.7202955,1019.223438,-1684.611994,-29.02401622,47.9720187,-349.9434757,-27.06073828,44.72703685,-326.2721719,9.291121509
1955,338.9678205,13.80459455,13.3290155,1.162032294,5.128250885,-3.068392711,190.5668307,177.6626542,1.350319052,26.29895714,9.415033829,2630.697832,2368.068271,1.569114346,134.8676502,-28.88902118,184.0016547,16.04138467,70.79342421,-42.35791729,15.48874646,68.35453553,-40.898654,5.95919314,-3.565571421,-15.73548764,2540.068239,2452.560907,221.4448114,18.64060703,977.2745179,363.0464404,-584.7338741,129.9707247,206.4497416,17.99842357,911.0986635,350.5392073,-545.1387931,125.4931318,6.924774874,30.56023749,-4.143309137,10.94057336,-80.6955284,48.28265557,213.8158649,943.6066485,-564.5893361,82.26424513,-49.2212678,-217.2220268,79.43017772,-47.52555673,-209.7385586,-18.28514479
1980,291.2822189,15.34528143,14.77794959,1.036330596,7.302566716,-3.36358169,235.4776622,218.3877942,1.073981104,53.32748064,11.31368179,3613.470996,3227.323814,1.112999478,389.4274852,-38.0544929,226.7717955,15.90278465,112.0599414,-51.61510765,15.31484131,107.9169628,-49.70684067,7.567873317,-3.485782618,-24.5627797,3479.877022,3351.222162,244.032706,16.4805423,1719.591338,818.3251983,-792.0483528,173.611631,226.3219529,15.87123862,1594.791437,788.0708208,-734.5651858,167.1930191,7.842818666,55.2648998,-3.612423178,11.72471459,-179.3713375,82.61891604,235.01055,1656.016166,-762.765459,116.1311459,-53.49031527,-376.9227671,111.8376504,-51.51271982,-362.9875202,-25.45516012
1926,74.96101238,13.53830703,12.88772114,-0.645592769,4.184206202,-6.166603886,183.2857572,166.0933561,0.416790023,17.50758154,38.02700349,2481.378855,2140.564856,-0.269076625,73.25533126,-234.4974675,174.4779256,-8.740233116,56.64706823,-83.48537673,-8.320219568,53.92488271,-79.47347124,-2.701293266,3.981114875,-25.80234223,2362.135727,2248.62285,-118.3279594,5.642631295,766.905402,237.0230142,-1130.250663,514.8212486,-107.2286696,5.371473586,694.9688506,225.6328287,-1024.231935,490.0814166,1.743935398,-11.30276804,-2.570178974,-24.54995846,-107.9623204,159.1128238,-112.6416871,730.0516185,-1075.936254,-36.57093761,53.8975555,-349.3200311,-34.81351432,51.30749833,-332.5333913,16.65780555
1967,175.2046329,16.32249666,16.15340406,1.902083518,5.224022743,-4.105389901,266.4238971,260.9324628,3.617921711,27.29041362,16.85422624,4348.703169,4214.947505,6.881589257,142.5657414,-69.1931702,263.6638838,31.04675187,85.26909375,-67.01021293,30.72512363,84.3857502,-66.31602191,9.936527559,-7.808794467,-21.44665021,4303.652862,4259.069252,506.7605035,59.05351503,1391.804498,445.4476851,-1093.773977,275.1030514,496.3153369,58.44175126,1363.11712,440.8330782,-1071.229498,272.2531266,18.9001053,51.90864596,-14.85297925,32.05814595,-112.0377885,88.0468612,501.5107278,1377.386125,-1082.443046,162.1889379,-127.4590216,-350.0628764,160.5087446,-126.1386123,-346.4364067,-40.79331989
1943,332.7808787,19.14188718,17.90103517,2.246404794,2.959262202,-5.454772386,366.4118449,320.4470603,5.046334499,8.757232781,29.75454178,7013.814197,5736.334098,11.33611001,25.91494796,-162.3042529,342.6595957,43.00042713,56.64586322,-104.4146376,40.21297124,52.97385677,-97.64607235,6.647700798,-12.25362684,-16.14210174,6559.151324,6133.961476,823.109325,96.59636567,1084.308723,167.6299619,-1998.693213,569.5580819,719.8538125,90.33461137,948.2868733,156.763532,-1747.965776,532.637099,14.93342694,19.6722897,-27.52660608,66.84074531,-47.76871155,88.05149084,769.7521586,1014.01959,-1869.130101,127.2495387,-234.5575425,-308.9902904,119.0007258,-219.352605,-288.9603311,-36.26169474
1958,396.4418869,14.14671517,14.59745788,1.257835487,8.178069676,-1.473719447,200.1295502,213.0857766,1.582150113,66.88082362,2.171849007,2831.175744,3110.510648,1.990084558,546.9560355,-3.200696118,206.5060789,17.79424037,115.6928224,-20.84828926,18.36120055,119.3790276,-21.51255755,10.28666626,-1.853696618,-12.05218032,2921.382679,3014.463788,251.7300502,22.38222701,1636.673405,946.1439622,-294.9348099,30.72452931,268.0268516,23.09536964,1742.630328,976.2900058,-314.0286527,31.70347441,12.93893386,84.12507337,-2.331645389,2.731828755,-98.56357038,17.76153251,259.7506743,1688.821101,-304.3320243,145.5225376,-26.22371807,-170.4987621,150.1591774,-27.05925831,-175.9311945,-15.1596601
1933,251.4724036,18.10342333,15.70329272,-1.891942819,5.573757856,-4.633734805,327.7339364,246.5934022,3.579447629,31.06677664,21.47149824,5933.106191,3872.328376,-6.772110236,173.1586904,-99.49322874,284.2833558,-34.25064177,100.904098,-83.88646279,-29.70973189,87.52635115,-72.76489402,-10.54523115,8.766761288,-25.82731577,5146.501936,4464.184751,-620.0538674,64.80025573,1826.709603,562.4150091,-1518.632148,388.7076223,-466.5406163,56.20911388,1374.451913,487.8506874,-1142.64843,337.173222,19.95097434,-58.77656496,-16.58621106,-40.62284691,-143.9552042,119.676932,-537.8478534,1584.526588,-1317.29368,-190.9047836,158.7083909,-467.562831,-165.5948515,137.6670187,-405.5738997,48.8638046
1988,372.1634541,15.71373381,11.66933428,1.661610627,5.854533191,-1.690302655,246.9214303,136.1733624,2.760949877,34.27555889,2.857123065,3880.057627,1589.052486,4.587623657,200.6673972,-4.829402702,183.3688126,26.11010709,91.99657615,-26.56096598,19.38988985,68.31850484,-19.72470671,9.727954568,-2.808624855,-9.895932996,2881.40871,2139.79197,410.2872726,43.38483143,1445.609709,538.5970086,-417.3719491,44.89607131,226.2671062,32.21844703,797.2314702,399.9729542,-230.1741961,33.34072411,16.16407269,56.9526329,-4.666840906,4.747426048,-57.93606818,16.72712181,304.6875677,1073.538799,-309.9487907,152.8624886,-44.13398334,-155.5020569,113.5187537,-32.77478228,-115.4789501,-16.44318743
2004,203.9369693,15.94302688,15.014357,4.149535693,5.926011897,-2.667661756,254.1801062,225.430916,17.21864647,35.117617,7.116419242,4052.400267,3384.700251,71.4493881,208.1074161,-18.98419945,239.3742972,66.15615911,94.47856699,-42.53060309,62.30261026,88.97525818,-40.05322594,24.59019788,-11.06955767,-15.8085953,3816.350856,3594.051154,1054.729423,274.5173435,1506.274333,559.881112,-678.0665484,113.4572633,935.4336323,258.5269051,1335.90629,527.2684385,-601.3734332,106.848459,102.0379038,145.7218052,-45.93352467,29.52983565,-93.68192382,42.17198509,993.2921904,1418.534933,-638.569658,392.0421859,-176.4822556,-252.0368599,369.2060096,-166.2022907,-237.3558934,-65.59833046
2018,256.0520285,18.811619,19.11894511,1.34780245,4.882837772,-5.521681788,353.8770095,365.5340621,1.816571444,23.84210471,30.48896977,6656.999476,6988.625669,2.448379444,116.4171294,-168.3503891,359.6583111,25.35434618,91.85408381,-103.871774,25.76856106,93.35470734,-105.568731,6.581100712,-7.442136242,-26.9614764,6765.75512,6876.287509,476.9563004,34.1726499,1727.924028,448.5085899,-1953.996238,573.546883,492.6677045,34.73092973,1784.843525,455.8358912,-2018.362774,582.9169394,8.870023664,32.13444714,-10.03052946,41.09310815,-131.6485153,148.8726932,484.7483529,1756.153186,-1985.918746,123.8011592,-139.9986315,-507.1890217,125.8237033,-142.2857943,-515.4749873,-36.33874395
1951,391.1475282,16.54775596,16.07610035,-2.181817908,2.290581779,-7.982395094,273.8282274,258.4410024,4.760329385,5.246764886,63.71863143,4531.242682,4154.723488,-10.3861719,12.01814405,-508.6272909,266.0233854,-36.1041903,37.90398829,-132.090726,-35.07512363,36.82362253,-128.3257845,-4.997632346,17.41613257,-18.28432875,4402.090061,4276.618638,-597.4433303,78.77276896,627.2259482,86.82218493,-2185.805099,1054.400363,-563.8712072,76.52753288,591.980251,84.34751881,-2062.978189,1024.347113,10.90392375,-11.44748559,-37.99882993,-139.0224512,-41.88175029,145.9527361,-580.4145862,609.3483193,-2123.503766,-82.69960045,288.1979115,-302.5646102,-80.34243909,279.9834948,-293.9407038,39.89307592
1978,367.4851806,16.24966112,15.15846231,2.992378156,3.84810805,-5.209524066,264.0514866,229.7789796,8.954327028,14.80793556,27.139141,4290.747175,3483.096002,26.7947326,56.98253604,-141.3820082,246.3198757,48.62513098,62.53045177,-84.65300068,45.35985149,58.33140084,-78.96837421,11.51499447,-15.58886602,-20.0468115,4002.614507,3733.830551,790.1419004,145.5047798,1016.098651,240.6239348,-1375.582574,441.0018443,687.5855992,135.7338288,884.2143411,224.4655331,-1197.039124,411.3876459,34.45721792,44.31094291,-46.64778215,81.21057269,-77.14229669,104.4343469,737.0822153,947.8654964,-1283.20932,187.114758,-253.3137901,-325.7538934,174.5496097,-236.303238,-303.8788365,-59.98764082
1952,451.2561078,19.39609645,17.72443969,-2.645912844,5.865927981,-4.098021378,376.2085575,314.1557625,7.000854775,34.40911108,16.79377922,7296.977467,5568.234867,-18.52365157,201.8413675,-68.82126626,343.7849419,-51.32038071,113.7761049,-79.48561791,-46.89732263,103.9702868,-72.63513279,-15.52073418,10.8430074,-24.03869827,6668.08589,6093.39547,-995.4150542,135.7892545,2206.812304,667.4024372,-1541.710711,325.7337615,-831.2287669,124.0862283,1842.815078,609.8822142,-1287.417031,297.660327,41.06650992,-91.04350893,-28.68965254,-44.43487612,-141.0092728,98.51109942,-909.6249931,2016.61771,-1408.838041,-301.0416572,210.3120173,-466.2569102,-275.0963171,192.1862307,-426.0724578,63.60430049
1967,309.2361124,17.08588419,16.44326291,2.213112352,6.103595656,-3.734378754,291.9274384,270.3808952,4.897866283,37.25387993,13.94558468,4987.838403,4445.944145,10.83952837,227.3826197,-52.07809515,280.9476857,37.81298134,104.2853285,-63.8051629,36.39078826,100.3630281,-61.40537167,13.50794294,-8.264599749,-22.79313794,4800.23962,4619.696661,646.0682198,83.68437607,1781.807045,636.5154779,-1090.167624,238.2726448,598.3832989,80.536903,1650.295657,612.5753421,-1009.70467,229.3109154,29.89459537,82.44702184,-18.29048779,30.86314572,-139.1200977,85.11821008,621.7687936,1714.791074,-1049.165069,230.7951486,-141.2079941,-389.4409151,222.1146571,-135.8969865,-374.7935597,-50.44377512
1998,415.0444955,18.03475019,17.26367021,0.657661693,5.210520182,-2.189012382,325.2522143,298.0343089,0.432518903,27.14952056,4.79177521,5865.842431,5145.166019,0.284451114,141.4631248,-10.48925527,311.3459794,11.86076434,93.97042981,-39.47829147,11.35365458,89.95270201,-37.79038784,3.426759525,-1.43962959,-11.4058932,5615.04696,5374.974309,213.9059219,7.80037036,1694.733226,489.634821,-711.9811244,86.41846885,196.0057482,7.466863693,1552.913782,468.7003692,-652.4007926,82.72362692,2.253648471,17.85519966,-0.946789233,3.151366998,-59.43063668,24.96764144,204.760324,1622.274509,-681.5402041,61.80075198,-25.96336001,-205.7024344,59.15844631,-24.85329045,-196.9075785,-7.501219031
2000,365.3130818,16.94550215,16.26107891,3.042900098,7.414440424,-2.47177916,287.150043,264.4226872,9.259241004,54.9739268,6.109692214,4865.901669,4299.798181,28.17494535,407.6009051,-15.10180989,275.5521475,51.56347013,125.6414161,-41.88553905,49.48083859,120.5668008,-40.19379595,22.56140149,-7.521377046,-18.32685932,4669.369506,4480.775213,873.7688937,156.9024883,2129.056886,931.5607945,-709.7714919,103.5318025,804.6118206,150.5652486,1960.546261,893.9353614,-653.5944875,99.35018718,68.65209079,167.2801672,-22.88679895,18.59118303,-135.8834066,45.29994893,838.4776565,2043.064981,-681.1040556,382.3142773,-127.4535109,-310.5578339,366.8727298,-122.3057056,-298.0145055,-55.76680201
2010,387.19754,19.96510485,19.60064037,3.596277949,4.100755564,-4.072995241,398.6054116,384.1851028,12.93321509,16.8161962,16.58929023,7958.198836,7530.274035,46.51143623,68.95911013,-67.56810017,391.32884,71.80006632,81.8720148,-81.31777704,70.48935074,80.37743505,-79.83331494,14.74745681,-14.64762297,-16.7023579,7812.921322,7670.295859,1433.495852,258.2129952,1634.58336,335.7371202,-1623.517945,331.2069189,1381.636414,253.4992977,1575.449198,329.608214,-1564.784096,325.1607118,53.03595373,60.47571557,-52.6769235,59.65969866,-68.49228709,68.02862423,1407.327278,1604.743918,-1593.880503,294.4345215,-292.4413284,-333.4643267,289.0595973,-287.1027901,-327.3769105,-60.06632141
1973,345.7049807,17.60703558,17.43047126,1.40920368,3.50092585,-4.254865627,310.0077021,303.8213283,1.985855011,12.25648181,18.1038815,5458.316641,5295.748932,2.798474188,42.90903398,-77.0295831,306.8989277,24.81189933,61.64092601,-74.91557049,24.56308424,61.02278741,-74.16431302,4.93351759,-5.995972297,-14.89596906,5403.580341,5349.392939,436.8639945,34.96501984,1085.313978,215.8003113,-1319.041115,318.7556858,428.1461339,34.61438869,1063.655942,213.6362539,-1292.718927,315.5591862,6.952331141,17.27187926,-8.449546224,25.51205643,-52.14968314,63.38034673,432.4830982,1074.430389,-1305.813698,86.86461975,-105.5712976,-262.2738573,85.99353656,-104.5126228,-259.6437606,-20.99145441
1983,375.1613586,16.49428803,15.53161982,2.01369023,9.59830798,1.025857462,272.0615375,241.2312143,4.054948344,92.12751607,1.052383532,4487.461361,3746.711509,8.165409866,884.2682727,1.0795955,256.1830109,33.21438666,158.3172564,16.92078845,31.2758711,149.0772705,15.93322809,19.32801901,2.065759149,9.846495864,4225.556369,3978.937129,547.8476602,66.88348593,2611.330427,1519.577785,279.0963584,17.3583171,485.7649394,62.97991608,2315.411489,1430.889555,247.4688412,16.34522093,38.92064305,185.5162791,4.159799017,2.119174438,94.50969982,10.10110126,515.8732262,2458.923437,262.8072533,318.8019125,34.0732264,162.4109388,300.1954431,32.08458575,152.9320303,19.82779253
1976,354.4867333,16.43140392,14.94754034,3.81997451,6.235373133,-2.204264164,269.9910349,223.4289623,14.59220526,38.8798781,4.858780506,4436.331751,3339.713427,55.74185213,242.4305473,-10.71003575,245.609073,62.76754416,102.4559346,-36.21915484,57.0992231,93.20349145,-32.94832752,23.81896643,-8.420232922,-13.74440955,4035.701886,3671.251527,1031.358871,239.7704187,1683.494845,638.8509817,-595.131563,79.83658508,853.4929407,218.1175768,1393.162948,581.1585464,-492.4964548,72.62681763,90.98784462,148.5201433,-32.16507513,18.56041769,-85.70152202,30.29630943,938.2203984,1531.464215,-541.3872781,391.3790584,-138.3562483,-225.839945,356.0349616,-125.8617713,-205.4451162,-52.50329413
1951,336.3102146,16.91668561,16.28729515,-2.444380687,2.849973226,-7.700769264,286.174252,265.2759835,5.974996945,8.12234739,59.30184726,4841.11985,4320.62824,-14.60516714,23.1484726,-456.6698427,275.5270515,-41.3508196,48.21210106,-130.2714926,-39.81234973,46.41835512,-125.4247019,-6.966419514,18.82361167,-21.94698622,4661.004508,4487.590412,-699.5188147,101.0771448,815.5889561,137.4031972,-2203.761884,1003.190706,-648.4354908,97.31653879,756.0294504,132.2910693,-2042.82914,965.8666895,17.02858132,-19.8541091,-46.01207283,-144.9562902,-62.54832313,169.0086769,-673.4930036,785.24472,-2121.77025,-117.8487287,318.4331206,-371.270266,-113.4641308,306.5857191,-357.4570424,53.64678927
1977,329.5374474,16.99984219,15.59760458,-4.917251592,4.539771862,-7.521485677,288.9946346,243.2852686,24.17936322,20.60952856,56.57274679,4912.863184,3794.66742,-118.8960123,93.56255785,-425.5111047,265.1568165,-83.59250109,77.17540525,-127.8640696,-76.69734594,70.80956639,-117.3171594,-22.32320041,36.98503742,-34.14582904,4507.624037,4135.811175,-1421.059327,411.045359,1311.969711,350.3587332,-2173.669005,961.7277679,-1196.294874,377.1401464,1104.459617,321.459277,-1829.866663,882.3993344,109.7687928,-101.3422371,-181.8647341,-278.1824292,-155.0142739,256.827364,-1303.842778,1203.751454,-1994.373197,-379.4908843,628.7397996,-580.4737052,-348.188453,576.877989,-532.5931394,167.9036322
1965,335.3978218,16.96923783,15.84099095,2.077903441,4.729005696,-4.202060744,287.9550326,250.9369941,4.317682711,22.36349487,17.6573145,4886.377433,3975.090652,8.971727763,105.7570947,-74.19710811,268.8095429,35.26043769,80.24762237,-71.30576816,32.9160496,74.91213641,-66.5648062,9.82641721,-8.731476481,-19.8715692,4561.493064,4258.209534,598.3427532,73.26778481,1361.740989,379.4914633,-1210.004539,299.6311692,521.4228436,68.39637273,1186.682475,354.2599198,-1054.452492,279.7093591,20.41834613,46.46918296,-18.14316503,36.69019456,-93.97276392,83.50154085,558.5602741,1271.201859,-1129.554028,166.7468107,-148.166501,-337.2053838,155.660186,-138.3152399,-314.7853477,-41.29120201
1929,341.9994447,15.54461058,14.70276111,1.576057708,7.97485771,-2.915384327,241.634918,216.1711843,2.483957899,63.59835549,8.499465774,3756.120703,3178.313281,3.914860993,507.1878356,-24.7792093,228.5486959,24.49920332,123.9660575,-45.31851405,23.17239998,117.2524278,-42.8641993,12.56883596,-4.59481394,-23.24977518,3552.700476,3360.296878,380.8305751,38.61215823,1927.004089,988.6116695,-704.4586529,132.1208856,340.6982612,36.5210396,1723.934435,935.0714277,-630.2220825,124.9656148,19.8092108,100.2346784,-7.241691928,13.39564855,-185.4136488,67.78203015,360.2059338,1822.643329,-666.3072859,195.3776605,-71.42459338,-361.4087012,184.7965926,-67.55645171,-341.8358903,-36.64298738
1963,331.5246119,16.92037212,15.85292437,0.176076577,5.590815901,-6.923651614,286.2989926,251.3152112,0.031002961,31.25722244,47.93695168,4844.285491,3984.081037,0.005458895,174.7533763,-331.8987529,268.2373795,2.979281209,94.59868549,-117.1507617,2.791328664,88.63078167,-109.7601254,0.984411728,-1.219092879,-38.70886154,4538.676278,4252.346892,50.4105467,0.524581638,1600.64496,528.8838351,-1982.234482,811.1110605,44.25072221,0.491487597,1405.057079,495.5183835,-1740.018968,759.9408696,0.173331848,5.503664744,-0.214653702,8.440574378,-216.4141186,268.0066717,47.2303197,1499.665807,-1857.182166,16.65661276,-20.62750515,-654.9683415,15.60580468,-19.32618721,-613.6486546,-6.815723852
2010,334.3953532,20.41372714,19.6481753,3.278475471,4.120852219,-4.935737125,416.7202556,386.0507925,10.74840141,16.98142301,24.36150097,8506.813589,7585.193643,35.23837038,69.97793471,-120.2419648,401.0924892,66.92590368,84.12195277,-100.7567909,64.41606075,80.96722677,-96.97822825,13.51011292,-16.1816931,-20.33944329,8187.792631,7880.735538,1366.207136,219.4149336,1717.24259,346.6541358,-2056.821636,497.3090334,1265.658054,211.1864751,1590.858265,333.6539761,-1905.445229,478.6590415,44.29257381,55.67317881,-53.05128389,79.86858336,-83.81584,100.3901453,1314.971887,1652.842874,-1979.68709,275.7917587,-330.3286674,-415.2038453,265.4490669,-317.9407425,-399.6329471,-66.6823659
1948,200.9319446,15.97352155,14.61195134,-0.48469536,5.729553584,-3.747843708,255.1533908,213.5091219,0.234929592,32.82778427,14.04633246,4075.698187,3119.7849,-0.113869283,188.088549,-52.64345872,233.4043196,-7.742291777,91.52114766,-59.86626224,-7.082345012,83.71995816,-54.76330988,-2.777088036,1.816562455,-21.47347135,3728.28893,3410.492561,-123.6716646,3.752652899,1461.915025,524.3753196,-956.2750302,224.3693943,-103.4868807,3.432779764,1223.311955,479.6779863,-800.1988191,205.2443264,1.346041685,-15.91147471,-0.880479393,-6.808192166,-123.0334047,80.47921448,-113.1299907,1337.302556,-874.7629107,-44.3598756,29.01689952,-343.0069574,-40.57867525,26.54352219,-313.7693184,10.40809192
1959,291.192179,16.0853435,15.01957598,1.679073872,1.540950517,-8.186026605,258.7382755,225.5876627,2.819289066,2.374528496,67.01103159,4161.894038,3388.23104,4.733794607,3.659030913,-548.5540874,241.5950389,27.00847998,24.78671838,-131.6750498,25.21897759,23.14442337,-122.9506486,2.58736975,-13.74494338,-12.61426193,3886.139188,3628.655043,434.4406779,45.34923305,398.7028794,38.1951065,-2118.038407,1077.895461,378.7783501,42.34452634,347.6194254,35.66441116,-1846.666608,1006.47728,4.344384944,3.987008754,-23.0787753,112.5164722,-19.43795344,103.2606838,405.6559173,372.2860001,-1977.703416,41.61873119,-221.0921357,-202.9047361,38.86119656,-206.4432215,-189.4608655,-21.18027761
1950,301.0917784,15.60104771,15.23849764,0.088866094,7.914380424,-3.082743487,243.3926897,232.2118103,0.007897183,62.6374175,9.503307405,3797.180964,3538.559124,0.000701792,495.7363509,-29.29625901,237.7365287,1.386404175,123.4726266,-48.09402822,1.354185766,120.6032674,-46.97637935,0.703320076,-0.273951373,-24.3980047,3708.938927,3622.747532,21.62935768,0.123204324,1926.302338,977.2093389,-750.3172288,148.2615522,20.6357566,0.1203412,1837.812606,954.5001388,-715.8494459,144.8161275,0.062501308,5.566342642,-0.024344989,0.844521811,-193.0950908,75.21279009,21.12671675,1881.537329,-732.8807355,10.97253006,-4.27392844,-380.6344354,10.71754132,-4.174607351,-371.7889371,-2.168155383
1943,246.0297152,18.83152099,17.69531803,2.057615384,2.35477945,-5.797078752,354.626183,313.1242803,4.233781067,5.544986257,33.60612205,6678.15041,5540.833723,8.711493054,13.05721969,-194.8173361,333.229753,38.74802729,44.34407865,-109.1678102,36.4101586,41.66857126,-102.5811522,4.845230421,-11.92815842,-13.65084191,6275.22309,5896.606457,729.6842895,79.72853705,835.066448,104.4205251,-2055.79591,632.854393,644.289336,74.91810245,737.3386204,98.12029531,-1815.206112,594.6710175,9.969620651,11.40944903,-24.54356226,69.14847372,-32.14472201,79.1350056,685.6586661,784.6825745,-1931.759121,91.2430584,-224.6253657,-257.0661161,85.73789324,-211.0725568,-241.5559891,-28.08818232
1931,208.8865795,17.30408557,15.81504526,0.587344881,4.312074953,-4.142077901,299.4313773,250.1156564,0.344974009,18.5939904,17.15680934,5181.386174,3955.590426,0.202618718,80.17868025,-71.0648408,273.6648964,10.16346607,74.61651395,-71.67487042,9.288885867,68.19566052,-65.50714945,2.532675148,-2.43282825,-17.86095037,4735.520783,4328.022721,175.8694865,5.969459765,1291.170542,321.7520008,-1240.268091,296.8828968,146.9041504,5.45577956,1078.517457,294.0647996,-1035.998533,271.3357161,1.487553782,10.92108507,-1.428909218,10.07696413,-77.01775671,73.9814478,160.7356759,1180.063545,-1133.541319,43.82562747,-42.09786821,-309.0674135,40.05437208,-38.47528887,-282.4717384,-10.49053776
1980,300.1489261,15.33320504,14.45658719,0.754564508,7.003676393,-3.35225315,235.1071769,208.9929132,0.569367597,49.05148302,11.23760118,3604.94655,3021.324273,0.429624581,343.5407136,-37.67128397,221.6658156,11.56989232,107.3888062,-51.40078491,10.90842761,101.2492584,-48.46213996,5.284725634,-2.52949125,-23.47809625,3398.847402,3204.531191,177.4035313,8.730230113,1646.614585,752.1164467,-788.1387744,172.3084431,157.6986348,8.231112313,1463.718733,709.1170411,-700.5971518,162.4573613,3.987666399,37.01250816,-1.908664321,8.479495012,-164.4329885,78.70452213,167.2611572,1552.47564,-743.0799288,81.03178174,-38.78520799,-359.9944638,76.39909691,-36.56781081,-339.4131456,-17.71573815
1975,207.8502655,17.14257471,16.32279194,2.058912057,4.44119313,-2.112714631,293.8678678,266.4335369,4.239118859,19.72419642,4.463563112,5037.651879,4348.939189,8.727972931,87.59896564,-9.430235093,279.8146804,35.29505377,76.13348505,-36.21736841,33.60719314,72.49267145,-34.48540136,9.144026084,-4.349893627,-9.382973705,4796.744065,4567.356812,605.0480962,72.66941176,1305.123956,338.1235108,-620.8589439,76.51696413,548.5632215,69.19425517,1183.282794,321.9539544,-562.8980315,72.85781201,18.82674556,40.61038583,-8.956048436,9.190083909,-41.67159836,19.82354583,576.1138193,1242.711036,-591.1685693,156.7521503,-74.5683765,-160.8483278,149.2560353,-71.00240866,-153.1563276,-19.31871769
1930,308.4292361,14.64594168,13.70538149,-1.116309772,3.947402816,-4.458954658,214.5036076,187.8374818,1.246147507,15.58198899,19.88227664,3141.607326,2574.384346,-1.391086639,61.50838724,-88.65417002,200.728218,-16.34940781,57.81343142,-65.30558986,-15.29945129,54.10066149,-61.11167463,-4.406524338,4.977574657,-17.60129017,2939.853773,2751.056803,-239.4524733,18.25100371,846.7321448,228.212902,-956.4618602,291.1946641,-209.6848165,17.07892698,741.4702047,213.5571035,-837.5588144,272.4941862,4.919046178,-17.39432658,-5.55651523,-22.1947797,-69.4793824,78.4833548,-224.0748712,792.3551329,-895.0380224,-64.53769845,72.90126812,-257.7874693,-60.39309709,68.21955957,-241.2323965,19.64849222
1991,285.6893673,18.36114692,16.89255993,3.683609972,5.256475064,-3.379097892,337.1317163,285.358581,13.56898242,27.63053009,11.41830256,6190.124976,4820.43693,49.98283896,145.2391924,-38.58356211,310.1667748,67.6353039,96.51491094,-62.04411285,62.2256022,88.79532003,-57.08161364,19.36280396,-12.44727869,-17.7621438,5695.017722,5239.510831,1241.861752,249.1420799,1772.12446,507.3282226,-1139.201072,209.6531309,1051.149714,229.2148488,1499.980265,466.7503855,-964.2545793,192.8843603,71.32501775,101.7800962,-45.8509199,42.06057317,-93.36626598,60.02002268,1142.533424,1630.383917,-1048.083895,355.5232884,-228.5463128,-326.1333321,327.0873263,-210.2664012,-300.0480787,-65.42881004
1997,270.3593541,16.87685168,15.81440428,-2.428811903,4.905391563,-3.072748262,284.8281228,250.0953826,5.89912726,24.06286639,9.441781881,4807.001984,3955.109488,-14.32787051,118.0377818,-29.01221886,266.8973554,-40.99069826,82.78756586,-51.85831668,-38.41021334,77.57584531,-48.59368325,-11.91427342,7.463127553,-15.0730334,4504.387083,4220.822679,-691.7939349,99.55869584,1397.19347,406.1054271,-875.2051192,159.3475524,-607.4346421,93.29118337,1226.81578,380.5398971,-768.4801522,149.3161557,28.93752909,-58.4441763,-18.12653304,-22.93231222,-73.93913086,46.31563718,-648.2434738,1309.236036,-820.108385,-201.0754254,125.9540968,-254.3853491,-188.4171365,118.0249163,-238.3710438,36.60956293
2017,230.602683,16.57484565,14.78557066,3.52523731,2.666860023,-5.656371561,274.7255085,218.6130998,12.42729809,7.112142382,31.99453924,4553.5329,3232.319435,43.80917491,18.9670882,-180.9730019,245.0685516,58.43026431,44.20279326,-93.75348559,52.12264536,39.43104732,-83.63268141,9.401314455,-19.94005207,-15.08475119,4061.973418,3623.478387,968.4726125,205.9805478,732.6544758,117.8826623,-1553.949553,530.3045497,770.663056,183.7446941,583.0105364,105.1570838,-1236.556921,473.0575208,33.14186448,25.07198968,-70.29341553,112.7883435,-40.22891991,85.32495765,863.9248018,653.5635232,-1386.198786,155.825336,-330.5032854,-250.0274227,139.0037992,-294.8250489,-223.0366547,-53.17732772
2008,255.1314267,17.70274843,15.38599731,-0.436369232,4.075934856,-3.018262007,313.3873018,236.7289132,0.190418107,16.61324495,9.109905543,5547.816564,3642.310421,-0.083092603,67.71450415,-27.49608179,272.3744396,-7.724934733,72.15524935,-53.43153299,-6.713975827,62.71232272,-46.43897112,-1.778612562,1.317076674,-12.30223932,4821.776183,4190.752395,-136.7525762,3.370923835,1277.346227,294.1000958,-945.8849866,161.270366,-103.301214,2.929772475,964.8916286,255.6113421,-714.5098847,140.1649822,0.776131798,-7.249508936,-0.574731736,-3.975282484,-50.14312604,37.13138153,-118.855825,1110.180472,-822.0974229,-31.48633073,23.31587701,-217.7834477,-27.36572809,20.26453816,-189.282221,5.368318721
2015,251.3401085,17.76315951,17.12113767,-3.07110726,4.641701904,-1.189780063,315.5298357,293.1333552,9.431699802,21.54539657,1.415576599,5604.806801,5018.776532,-28.96576174,100.0073083,-1.684224816,304.1254995,-54.55256812,82.45129131,-21.13425304,-52.58085021,79.47121734,-20.37038827,-14.25516442,3.65394219,-5.522604385,5402.229757,5206.974546,-969.0259691,167.536788,1464.595439,382.7143159,-375.4111079,25.14511292,-900.2439754,161.4814308,1360.637653,368.8817009,-348.764222,24.23628184,43.77913893,-66.16822381,-11.22164839,-4.34738757,-25.63428329,6.570684595,-934.0020293,1411.65991,-361.842456,-253.2167593,64.90555795,-98.09890259,-244.0646325,62.55964729,-94.55327,16.96051042
2018,200.5041064,18.75285629,19.14486626,1.3915225,4.448123464,-5.693765349,351.6696191,366.525904,1.936334869,19.78580235,32.41896385,6594.809828,7017.089412,2.694453538,88.00969168,-184.585973,359.0209256,26.09502147,83.41502008,-106.7743633,26.64051216,85.15872881,-109.0063761,6.189663884,-7.923002594,-25.32657124,6732.667824,6873.407604,489.3561876,36.31180953,1564.269884,371.040308,-2002.324291,607.9481701,510.0290424,37.07087209,1630.352474,378.7965398,-2086.912492,620.656727,8.613056564,27.53238916,-11.02503638,45.11171763,-112.6557158,144.2035538,499.5856961,1596.969403,-2044.180906,116.0738773,-148.578929,-474.9455509,118.5002872,-151.684825,-484.8738192,-35.24249374
1981,323.4551063,18.18838906,16.65497926,-0.050874058,5.945502166,-3.432647951,330.8174964,277.3883342,0.00258817,35.34899601,11.78307196,6017.037331,4619.896953,-0.000131671,210.1675324,-40.44713781,302.9272425,-0.925317162,108.1391065,-62.43433643,-0.847306383,99.02221528,-57.17068044,-0.302471823,0.174632731,-20.40881583,5509.758542,5045.246942,-16.83002855,0.047074639,1966.876142,642.9412922,-1135.580001,214.315097,-14.11187024,0.043105914,1649.212942,588.7367955,-952.1764971,196.2468191,0.015387969,-1.798346878,-0.008884276,-0.599452688,-121.3406587,70.05627985,-15.41113815,1801.054577,-1039.842578,-5.501475193,3.176288062,-371.2034825,-5.037661938,2.908504521,-339.9084044,1.038279283
1956,348.3828338,16.47593645,16.09843426,-0.862520307,5.018548524,-5.423450139,271.456482,259.1595857,0.74394128,25.18582929,29.41381141,4472.499748,4172.063554,-0.641664461,126.3963064,-159.5243396,265.2367799,-14.21082977,82.68528657,-89.35641985,-13.88522646,80.7907735,-87.30905554,-4.328600013,4.677835878,-27.21784769,4370.024331,4269.896865,-234.1367282,12.25712925,1362.317527,414.9601229,-1472.230695,484.6200877,-223.5304054,11.97628979,1300.604956,405.4524171,-1405.539091,473.5163094,3.733505411,-21.72328921,-4.034728437,-25.37000964,-136.5940894,147.6146398,-228.7721088,1331.10365,-1438.498451,-71.31773875,77.07172667,-448.439529,-69.68368275,75.30583337,-438.1647318,23.47594634
1949,384.0201996,18.17823122,17.21940608,3.740845429,7.961362738,-2.065565884,330.4480903,296.5079457,13.99392452,63.38329664,4.266562421,6006.961792,5105.690722,52.34910859,504.6174161,-8.812865778,313.0183452,68.00195317,144.7234927,-37.54833424,64.41513652,137.0899379,-35.56781774,29.78222741,-7.726962695,-16.44471926,5690.119855,5389.989995,1236.155228,254.3847957,2630.817113,1152.196222,-682.5623018,77.5585582,1109.190393,240.967069,2360.60731,1091.422723,-612.4566969,73.46767088,111.4107093,237.1071155,-28.90537308,15.96055053,-130.9223752,33.96765108,1170.953246,2492.052589,-646.5600148,541.3882161,-140.4625145,-298.9359091,512.8322676,-133.0537084,-283.1682988,-61.51715288
1933,386.1054035,18.32667569,15.84284068,-1.607166269,6.068982248,-4.151845586,335.8670417,250.9956007,2.582983418,36.83254553,17.23782177,6155.326347,3976.483312,-4.151283824,223.536065,-71.56877422,290.346603,-29.45401499,111.2242694,-76.08952755,-25.46207915,96.14991882,-65.77702813,-9.753863559,6.672706182,-25.19747716,5321.08803,4599.914972,-539.7941805,47.3374994,2038.371114,675.0181166,-1394.468095,315.9119691,-403.3916632,40.92179475,1523.287845,583.5321505,-1042.094977,273.0960639,15.67608051,-59.19602479,-10.7241483,-27.70404571,-152.9230416,104.6160343,-466.6352668,1762.108379,-1205.474262,-178.7558941,122.2885221,-461.785992,-154.5289063,105.7146209,-399.199616,40.49653536
1941,342.9529547,17.2492988,15.9425631,-0.149899398,8.69110055,-1.005026532,297.5383091,254.1653181,0.022469829,75.53522876,1.01007833,5132.327198,4052.046622,-0.003368214,656.4842682,-1.015155521,274.9980345,-2.5856595,149.9153903,-17.33600295,-2.389780605,138.5584189,-16.0226989,-1.302790737,0.150652872,-8.734786643,4743.523267,4384.173517,-44.60081331,0.387588801,2585.935362,1302.929731,-299.0338949,17.42314292,-38.09922809,0.358226673,2208.976336,1204.225151,-255.4428882,16.10323751,0.195287547,-11.32268529,-0.022582775,-0.151410133,-75.914909,8.778692327,-41.22203972,2390.035569,-276.3803209,-22.4722267,2.5986564,-150.6689448,-20.76982353,2.401792913,-139.2548872,1.309339256
1953,422.9622807,19.07747,16.93033062,0.16489091,6.391385352,-1.72352117,363.9498618,286.6360948,0.027189012,40.84980672,2.970525223,6943.242571,4852.843852,0.004483221,261.0868563,-5.119763107,322.9878745,3.145701397,121.9314623,-32.88042342,2.791657629,108.2082671,-29.17978323,1.053881349,-0.284192975,-11.01568796,6161.791488,5468.291501,60.01202404,0.518697567,2326.143815,779.3109623,-627.2752915,56.67010583,47.26368663,0.460318968,1832.001738,691.6007334,-494.0233775,50.29197413,0.173775455,6.735761819,-0.046860838,0.489812608,-70.40550666,18.9857714,53.25776468,2064.33997,-556.6764393,20.10538983,-5.421682952,-210.1514566,17.84255968,-4.811481022,-186.4992391,-1.816386816
1945,394.9686839,15.93574484,14.88896895,2.708457547,2.209698107,-6.468986358,253.9479635,221.6813964,7.335742282,4.882765724,41.8477845,4046.849948,3300.607427,19.86854655,10.78943818,-270.712747,237.2668101,43.16128837,35.2131852,-103.088116,40.32614031,32.9001265,-96.31653701,5.984873514,-17.52097492,-14.29450691,3781.023343,3532.658168,687.8072782,116.9005172,561.1483342,77.81050868,-1642.785912,666.8756157,600.414651,109.2216391,489.8489619,72.69934725,-1434.053929,623.070364,16.20977583,13.22476367,-47.45481675,113.3429477,-31.58654486,92.47097018,642.6270823,524.288021,-1534.875757,95.3734172,-279.2097856,-227.7936147,89.10859591,-260.8692516,-212.8304695,-38.71606511
1998,358.4726494,17.97821415,17.38850394,0.418414817,5.435835627,-2.182058935,323.216184,302.3600693,0.175070959,29.54830896,4.761381194,5810.849774,5257.589258,0.073252283,160.6197505,-10.38961438,312.6142476,7.522351182,97.72661698,-39.22952281,7.275607693,94.52104922,-37.94274039,2.274434168,-0.91300579,-11.8613137,5620.24589,5435.894077,135.2384405,3.147463192,1756.950048,531.2258262,-705.2767622,85.60113076,126.5119331,3.044222061,1643.579637,513.8008868,-659.7674908,82.79329566,0.951656956,12.36345028,-0.38201515,1.99223244,-64.47615157,25.88208553,130.8024332,1699.319665,-682.1427121,40.89026455,-16.41421361,-213.2452377,39.5490075,-15.87580477,-206.2505,-4.962949398
1960,352.7635358,13.56882137,12.28238712,-4.86442276,4.345614055,-2.649924653,184.1129133,150.8570333,23.66260879,18.88436151,7.022100669,2498.195232,1852.884482,-115.1049328,82.06414681,-18.60803768,166.6575167,-66.00448349,58.96486085,-35.95635426,-59.74672343,53.37451408,-32.54740042,-21.13890392,12.8903538,-11.51554982,2261.346074,2046.952136,-895.603046,321.0737118,800.0836638,256.238528,-487.885348,95.28162961,-733.8323861,290.6333213,655.566444,231.9450385,-399.7597716,86.24815878,102.8285653,-91.86151796,-62.7041304,-34.15846632,-50.04213514,30.51533936,-810.6926176,724.2292471,-441.6298623,-286.8300111,174.906908,-156.2524384,-259.6362011,158.3243154,-141.4384407,56.01650263
1936,388.4562687,11.71148638,10.32673977,-1.497853935,-1.664459914,-9.339380194,137.1589132,106.6415543,2.24356641,2.770426805,87.22402241,1606.334743,1101.25958,-3.360534776,-4.611264361,-814.6183073,120.9414721,-17.54209595,-19.49329961,-109.3780239,-15.4679478,-17.18844439,-96.44534888,2.493117831,13.98902737,15.54502395,1416.404404,1248.93111,-205.4440178,26.27549745,-228.2955128,32.44581579,-1280.979237,1021.52295,-159.7334717,23.16872647,-177.5005923,28.60947667,-995.9660199,900.7397811,-3.734326354,-4.149694691,-20.9535197,-130.6488452,-25.87406923,-145.1808888,-181.1526599,-201.3022323,-1129.51839,29.19811552,163.8323035,182.0553363,25.74577906,144.4610453,160.5294171,-23.2841753
1941,131.2109885,14.6444857,13.60380255,-3.01362259,2.594945485,-4.934096456,214.4609613,185.0634438,9.081921116,6.733742068,24.34530784,3140.670481,2517.566549,-27.36948264,17.47369357,-120.1220971,199.2206919,-44.13295292,38.00164204,-72.25730498,-40.99672668,35.301126,-67.12247396,-7.820186333,14.86950454,-12.80371132,2917.484573,2710.158956,-646.3043978,133.0000639,556.5145033,98.61218941,-1058.171069,356.5245124,-557.711375,123.5486616,480.229548,91.60449752,-913.1208824,331.1887609,23.56709019,-20.29295721,-44.81107479,-73.36756966,-33.22493288,63.17474665,-600.3759775,516.9668349,-982.9741098,-114.5226069,217.7562466,-187.5037673,-106.3842708,202.2818038,-174.1791607,38.58555367
1988,445.9463766,14.16698024,9.855252369,0.58816927,1.85275064,-4.176350074,200.7033292,97.12599926,0.34594309,3.432684933,17.44189994,2843.3601,957.2012342,0.203473095,6.359909204,-72.84348013,139.6191656,8.332582427,26.24788171,-59.16626899,5.796556591,18.25932513,-41.15898396,1.089730991,-2.456400774,-7.737735272,1977.981961,1375.982113,118.0475306,4.900968923,371.8532216,48.63077962,-838.2073639,247.0990519,57.12652808,3.409356459,179.9502572,33.82997631,-405.6321742,171.8943257,0.640946282,2.018999791,-1.44477945,10.25878956,-14.33609397,32.31549128,82.11970271,258.6794984,-583.0985126,15.43819742,-34.79978124,-109.6203427,10.73957393,-24.20844955,-76.25733387,-4.551098106
1948,221.8440737,13.09963725,12.42402955,-3.200160217,2.242036775,-6.538494967,171.6004961,154.3565102,10.24102541,5.026728899,42.75191643,2247.904251,1917.729843,-32.77292211,11.27011105,-279.5331904,162.7502802,-41.92093798,29.36986845,-85.65191223,-39.75888509,27.85513113,-81.23445466,-7.174876891,20.92423147,-14.65954617,2131.969633,2022.01429,-549.1490807,134.153718,384.7346228,65.84832513,-1122.00898,560.034597,-493.965563,127.2348023,346.0729722,62.45222837,-1009.259265,531.1510729,22.96075559,-16.08633784,-66.96089312,-136.8129822,-32.86724161,95.85136884,-520.8269721,364.8921134,-1064.141888,-93.98828459,274.099842,-192.034737,-89.14088249,259.96327,-182.1306347,46.91289644
1931,273.1967149,15.69776707,14.30424576,-1.549018791,0.84730875,-6.893288904,246.4198911,204.6114469,2.399459215,0.717932118,47.51743192,3868.242052,2926.812423,-3.716807413,0.608310166,-327.5513862,224.5447182,-24.31613617,13.3008554,-108.2092436,-22.15754548,12.1201126,-98.60329861,-1.312497176,10.67783405,-5.840744005,3524.850683,3211.942834,-381.7090418,37.66615186,208.7937299,11.26993116,-1698.643501,745.9175781,-316.9469761,34.32245432,173.3690693,10.26947746,-1410.445817,679.7010243,2.033082788,-1.112090341,-16.54016558,-73.60539495,-4.948913503,40.26193585,-347.8239879,190.2587045,-1547.851614,-20.60327495,167.6181517,-91.68663893,-18.77428217,152.7383624,-83.5474377,9.047422218
1981,167.1827553,15.14615108,14.12804292,-2.907371198,0.796733439,-7.748220141,229.4058926,199.6015969,8.452807283,0.634784173,60.03491535,3474.616308,2819.979929,-24.57544844,0.505753777,-465.1637403,213.9854726,-44.03548341,12.06744504,-117.3557129,-41.07546508,11.25628422,-109.4671867,-2.316399853,22.52695207,-6.173266078,3241.056297,3023.195942,-666.9680847,128.0274962,182.7753457,9.614536983,-1777.487357,909.297898,-580.3159339,119.4216241,159.0292667,8.968258039,-1546.557113,848.1758611,6.734634215,-1.845553221,-65.49421164,-174.5437838,-4.918447512,47.83182456,-622.1351999,170.4893815,-1658.006549,-35.08454213,341.1966195,-93.50122068,-32.72619655,318.2617459,-87.21616814,17.94797599
1985,144.2952323,12.32739778,10.27165,-2.232470101,3.871638822,-4.641884985,151.9647361,105.5067938,4.983922754,14.98958717,21.54709622,1873.329752,1083.728859,-11.12645854,58.03426759,-100.0191424,126.6227155,-27.52054698,47.72723183,-57.22236268,-22.93115153,39.76811892,-47.67981793,-8.643317913,10.36286944,-17.97170211,1560.928583,1300.624216,-339.2567299,61.43879831,588.352572,184.7826036,-705.402827,265.6196262,-235.5407627,51.19311017,408.4841988,153.9677931,-489.750402,221.3242309,19.29594882,-33.46380518,-23.1347962,-48.10324807,-69.5799396,83.4225742,-282.6814265,490.237421,-587.7680819,-106.5496181,127.7472138,-221.5443208,-88.78113647,106.443768,-184.5990341,40.12128764
1989,231.9467386,14.15721049,13.0573356,-0.038744228,1.647674131,-8.015324834,200.4266089,170.494013,0.001501115,2.714830043,64.2454322,2837.481689,2226.197546,-5.82E-05,4.473155233,-514.9480082,184.8554485,-0.548510196,23.3264695,-113.4746408,-0.505896392,21.51423409,-104.6587863,-0.063837863,0.310547575,-13.20664338,2617.037495,2413.719629,-7.765374295,0.021251604,330.2377386,38.43442036,-1606.484375,909.5361066,-6.605658967,0.019600565,280.9185748,35.44844697,-1366.564897,838.8741691,0.002473349,-0.105183995,-0.012031926,-2.489139694,-21.76024466,105.8555367,-7.162081705,304.5815406,-1481.676467,-0.90376606,4.396487393,-186.9692302,-0.833552398,4.054923913,-172.4435748,0.511681207
1929,231.4895679,12.0980802,11.19302474,-0.02199023,2.664671654,-5.547209636,146.3635445,125.2838029,0.00048357,7.100475026,30.77153475,1770.7179,1402.304705,-1.06E-05,18.92043453,-170.6961541,135.414111,-0.266039561,32.23741138,-67.11058707,-0.246137183,29.82573576,-62.0900547,-0.058596741,0.121984413,-14.78149228,1638.250775,1515.693495,-3.218567943,0.005850271,390.0107884,85.90211633,-811.9092647,372.2764953,-2.755019584,0.005412613,333.8401982,79.47579264,-694.9755185,344.4265498,0.001288556,-0.156141076,-0.002682465,-0.676673113,-39.38782349,81.9960364,-2.977787386,360.8341432,-751.1704615,-0.708908077,1.475777215,-178.8276791,-0.655874776,1.365374556,-165.4496088,0.325048408
1963,249.662702,14.14147124,13.17816853,-1.3617358,0.208087295,-9.426641216,199.9812089,173.6641259,1.85432439,0.043300322,88.86156461,2828.028515,2288.57512,-2.525099907,0.009010247,-837.6660874,186.3586914,-19.25694766,2.942660501,-133.3065757,-17.94518387,2.742209446,-124.2258667,-0.283359919,12.83659482,-1.961564273,2635.386075,2455.866243,-272.3215715,26.22287503,41.61354885,0.612330264,-1885.151106,1256.63326,-236.4846575,24.43659932,36.13729824,0.570618947,-1637.069407,1171.032675,0.385861347,-0.058963599,-17.48005072,-121.0059738,-0.408176604,18.49096263,-253.7713017,38.77887602,-1756.736521,-4.007126152,181.5283365,-27.73940476,-3.734164774,169.1628099,-25.84982459,2.671132296
1927,292.5487512,11.83467501,11.09201185,-3.405157134,-0.560575135,-8.694628359,140.0595326,123.0327268,11.59509511,0.314244481,75.5965623,1657.559051,1364.680463,-39.48312083,-0.176157642,-657.2840143,131.2703554,-40.29892805,-6.634224537,-102.898101,-37.77004327,-6.217906033,-96.44092076,1.908846418,29.60657578,4.873992462,1553.541995,1456.052338,-476.9247168,137.2241823,-78.51389135,3.718981312,-1217.765584,894.6607468,-418.9457675,128.6129323,-68.96908739,3.485603511,-1069.723836,838.5179646,-6.499922,-1.070051838,-100.8150427,-257.4181734,-2.73223898,-42.37755308,-446.9961873,-73.58689716,-1141.346955,22.59057701,350.3842026,57.68211679,21.17294709,328.3964894,54.06238213,-16.5967102
2014,236.3695214,15.49513008,14.56404226,-2.536349777,-1.79173099,-9.323127092,240.0990562,212.1113269,6.433070191,3.21029994,86.92069877,3720.366108,3089.198328,-16.31651614,-5.751993888,-810.3727215,225.6717293,-39.30106972,-27.76310475,-144.463067,-36.93950533,-26.09484585,-135.7824169,4.544456496,23.64671132,16.70453573,3496.812801,3286.692602,-608.9751876,99.68125942,-430.1929196,49.74401516,-2238.474016,1346.847534,-537.9885166,93.6915061,-380.0464377,46.75494398,-1977.540858,1265.91673,-11.52633122,-8.142443535,-59.97633098,-220.4612949,-29.93003434,-155.7385096,-572.3824402,-404.3430309,-2103.966213,70.41694455,366.4088679,258.8389541,66.18565645,344.3917029,243.2855643,-42.36854548
1964,193.1071013,16.34185533,15.10954192,1.752731465,-2.587174513,-12.03805527,267.0562355,228.2982569,3.072067589,6.693471959,144.9147746,4364.194364,3449.482082,5.384509527,-17.31718005,-1744.492066,246.917948,28.64288403,-42.27923159,-196.7241576,26.48296954,-39.09102174,-181.8895006,-4.534622174,-21.09947825,31.14454977,4035.097384,3730.817085,468.0778669,50.20328409,-690.9210859,109.3837504,-3214.837722,2368.176281,400.1455383,46.41753401,-590.6474315,101.1352951,-2748.267034,2189.595861,-7.947974968,11.73185891,-36.98171942,253.9966852,-80.57638537,-374.9198114,432.7808568,-638.8198218,-2972.411905,-74.10413953,-344.8046209,508.9597265,-68.51606381,-318.803451,470.5798802,54.58803235
1933,359.6573493,17.66964046,15.42566038,-3.043075841,3.366228592,-5.922579996,312.2161939,237.9509982,9.260310575,11.33149493,35.07695381,5516.747891,3670.551286,-28.17982739,38.14440223,-207.7460649,272.5658728,-53.770056,59.48004892,-104.6498591,-46.94145444,51.92629903,-91.3597076,-10.2436889,18.0228601,-19.93675812,4816.140973,4204.508585,-950.0975568,163.6263584,1050.991079,200.2234413,-1849.125384,619.7971621,-724.1029341,142.846406,800.9974537,174.7957925,-1409.283822,541.0851767,31.17232223,-34.48259847,-54.84493017,-106.7418307,-67.11168521,118.0770448,-829.4386226,917.5190341,-1614.293186,-181.0022999,318.457458,-352.2753478,-158.0156661,278.0145191,-307.5376599,60.66906698
1976,175.8380724,15.4995249,13.43317237,3.658365504,4.539700475,-2.961723246,240.2352722,180.45012,13.38363816,20.6088804,8.771804584,3723.532585,2424.017567,48.96224018,93.55814413,-25.97965755,208.2077897,56.70292724,70.36320056,-45.9053032,49.14345443,60.982579,-39.78533888,16.60788362,-10.83506616,-13.44533642,3227.121822,2796.891129,878.8684329,207.440033,1090.596179,319.427855,-711.5103902,135.9588036,660.1524944,179.7847185,819.1894955,276.8426428,-534.4433152,117.833163,60.75770853,75.39481714,-39.63863226,32.0904673,-61.03780015,39.82136543,761.7001958,945.2010019,-616.6538508,257.4143057,-167.9383777,-208.3963267,223.0965634,-145.5493114,-180.6135218,-49.18795497
1981,216.9065702,17.00162943,15.66520579,-1.065818308,3.960665856,-4.694629766,289.0554031,245.3986724,1.135968665,15.68687403,22.03954864,4914.412847,3844.220704,-1.2107362,62.13046635,-103.467521,266.3340237,-18.1206479,67.33777317,-79.81635557,-16.69626312,62.0446457,-73.54234138,-4.22135018,5.003622352,-18.59385982,4528.112374,4172.17729,-308.0805406,19.31331828,1144.851866,266.702419,-1357.008099,374.7082386,-261.5503977,17.79518291,971.942143,245.7381098,-1152.055912,345.2540649,4.499192305,-16.71935753,-5.332952307,-23.49015443,-73.64406573,87.29128777,-283.8636784,1054.860074,-1250.339635,-71.76983144,85.06973301,-316.1259143,-66.12831928,78.38277383,-291.2766405,19.81767621
1967,181.4572265,16.56426581,15.69924858,1.06169312,3.698467224,-4.977467836,274.3749018,246.466406,1.12719228,13.67865981,24.77518606,4544.818804,3869.337375,1.196732288,50.59007498,-123.3176918,260.0465265,17.58616704,61.26239419,-82.44810029,16.6677842,58.06315632,-78.14250487,3.926637205,-5.284543355,-18.40900165,4307.479787,4082.535062,291.3019454,18.67111254,1014.766581,226.576957,-1365.692249,410.3827674,261.6716874,17.6960718,911.5479245,214.7446806,-1226.778609,388.9518046,4.168883703,14.52253901,-5.610563319,26.30364458,-68.08508925,91.63021364,276.0896079,961.773555,-1294.373222,65.0418624,-87.5345808,-304.9315967,61.64525357,-82.96335976,-289.0074931,-19.54471039
1962,190.5328016,15.89283141,15.25303954,1.14817092,2.030598395,-6.074479276,252.5820903,232.6552151,1.318296461,4.123329841,36.89929848,4014.24458,3548.699194,1.51362966,8.372826957,-224.1440239,242.4139859,18.24768686,32.27195796,-96.54067507,17.51309643,30.9727976,-92.65427256,2.331474027,-6.974540458,-12.33482787,3852.64461,3697.550111,290.007411,20.95146341,512.8927872,65.53138603,-1534.304673,586.43433,267.1279523,20.10802804,472.4293063,62.89331309,-1413.259283,562.8264586,2.676930678,4.734287417,-8.007964533,42.36670148,-25.04708167,74.92765627,278.3326892,492.2454506,-1472.538734,37.05372365,-110.8451957,-196.0353398,35.56206551,-106.3829414,-188.1436171,-14.16249066
1968,233.0931617,16.38798676,14.94207752,-1.670181037,3.758838869,-2.77904052,268.56611,223.2656805,2.789504695,14.12886964,7.723066215,4401.257855,3336.053105,-4.658977844,53.10814438,-21.46271395,244.8705685,-27.37090471,61.59980161,-45.54287925,-24.95597452,56.16486175,-41.52463888,-6.277941398,4.641500777,-10.44596553,4012.935634,3658.875016,-448.554024,45.71436601,1009.496733,231.5437286,-746.3561021,126.5655069,-372.8941057,41.68099539,839.2197179,211.1146654,-620.4643729,115.398654,10.48529867,-23.59777014,-7.75214658,-12.89891874,-39.26470124,29.02976147,-408.9781799,920.4290106,-680.5052321,-102.8828205,76.06485328,-171.1883447,-93.80548702,69.35366441,-156.0844266,17.44665353
1945,238.4506205,14.60404051,13.85768881,2.373160841,-0.089443385,-8.115799745,213.2779992,192.0355392,5.631892376,0.008000119,65.8662055,3114.720539,2661.168744,13.36538645,-0.000715558,-534.5569338,202.3782488,34.65773705,-1.30623482,-118.5234682,32.88652443,-1.239478598,-112.4662273,-0.212263539,-19.26009815,0.725904602,2955.540143,2804.494794,506.1429958,82.24838439,-19.07630622,0.116834064,-1730.921531,961.9127332,455.7312218,78.04501197,-17.1763087,0.110863162,-1558.52198,912.7533791,-0.503735519,0.018985569,-45.70731071,156.3110996,-0.064927365,-5.891296385,480.276135,-18.10139565,-1642.46134,-3.099905323,-281.2752535,10.60114022,-2.941482071,-266.9004466,10.05936009,1.722688376
1947,297.9322714,15.18397082,14.46074553,1.57663275,7.14438842,-2.969021229,230.5529698,209.1131614,2.485770829,51.0422859,8.815087061,3500.709566,3023.932215,3.919147698,364.6659163,-26.17218062,219.5715382,23.93954567,108.4801853,-45.08153171,22.799285,103.3131829,-42.93426048,11.26407676,-4.681056106,-21.21184089,3333.967829,3175.168141,363.4973629,37.74387173,1647.159968,775.0245796,-684.5166619,133.8480247,329.6946588,35.94609941,1493.985649,738.1095079,-620.8614156,127.4727308,17.75931232,80.47493959,-7.380306362,13.89815495,-151.5456304,62.97840592,346.1836781,1568.704355,-651.9125583,171.0334129,-71.07701931,-322.0799731,162.8869478,-67.69156118,-306.7390334,-33.44328304
1958,229.9183,13.50290406,13.6330384,0.275190726,6.935011469,-2.658733007,182.3284179,185.8597361,0.075729935,48.09438407,7.0688612,2461.963134,2533.83292,0.020840176,333.5351051,-18.79421459,184.0856095,3.715873964,93.64279449,-35.9006167,3.751685729,94.54527768,-36.24660918,1.908450838,-0.731658665,-18.43834389,2485.690324,2509.646184,50.17508961,1.022574052,1264.449669,649.4138538,-484.7625828,95.45015457,51.14687562,1.032429118,1288.939402,655.6725851,-494.151415,96.37005621,0.525187971,13.23512845,-0.201345679,1.945285042,-127.8701264,49.0226335,50.65865245,1276.635813,-489.4344861,25.76962855,-9.879516755,-248.9711885,26.01798356,-9.974730679,-251.3706504,-5.074061233
1994,184.5296366,16.78888623,16.04174584,-0.563054465,2.92093672,-4.372622981,281.8667008,257.3376096,0.31703033,8.531871323,19.11983173,4732.227973,4128.144529,-0.178505343,24.92105624,-83.60381563,269.3230459,-9.453057347,49.03927428,-73.41146976,-9.032376615,46.85692448,-70.14450652,-1.644646461,2.462024891,-12.77215503,4521.633976,4320.411851,-158.7063043,5.322586143,823.3147967,143.240617,-1232.496814,321.0006797,-144.89509,5.085719979,751.6668735,136.8661113,-1125.240346,306.7154812,0.926025532,-4.803908239,-1.386254107,-10.76550662,-37.30665662,55.8478186,-151.6435434,786.6755742,-1177.64814,-27.61178232,41.3346558,-214.4302577,-26.38300053,39.49517756,-204.8876648,7.191418911
2009,214.2137073,16.70280567,15.6792832,-1.156209466,1.765830783,-6.642011051,278.9837174,245.8399215,1.33682033,3.118158354,44.1163108,4659.810817,3854.59375,-1.545644321,5.506140007,-293.0210239,261.8880203,-19.31194204,29.49432842,-110.9402199,-18.12853566,27.68696092,-104.1419723,-2.041670267,7.679556053,-11.72866757,4374.264711,4106.216436,-322.563615,22.3286502,492.6380361,52.08199305,-1853.012934,736.8661663,-284.2424445,20.96038454,434.1117011,48.89048788,-1632.871475,691.7121306,2.360598491,-3.605244207,-8.879175407,-51.00769617,-20.71084225,77.90193964,-302.7974082,462.4499279,-1739.463125,-34.10162173,128.2701324,-195.9016553,-32.01192631,120.4099342,-183.8971004,13.56079648
2016,204.8233904,17.42554579,16.111015,2.989057819,8.775337657,2.184820155,303.6496461,259.5648042,8.934466647,77.006551,4.77343911,5291.260811,4181.852454,26.70563739,675.7584869,10.42910598,280.7432296,52.0859639,152.9150482,38.07168365,48.15675535,141.3795966,35.19967028,26.22999164,6.530553768,19.17253458,4892.104002,4523.058382,907.6263489,155.6879577,2664.628174,1341.881181,663.4198668,83.17978178,775.8542077,143.9433261,2277.768801,1240.653698,567.1024159,76.90494909,78.40296161,230.1770334,19.5202028,14.2680855,168.2454647,41.88853998,839.1577455,2463.616634,613.3734663,457.0719204,113.7984637,334.0918792,422.5917887,105.2138497,308.8889922,57.3078144
1983,374.9101848,16.11199849,14.64615784,1.698072247,7.961436032,0.579224516,259.5964954,214.5099395,2.883449356,63.38446369,0.33550104,4182.618342,3141.746431,4.896305326,504.6313531,0.194330427,235.978873,27.35933748,128.2746453,9.332464527,24.87023415,116.6044488,8.483413685,13.51909357,0.983565075,4.611458932,3802.091246,3456.183821,440.8136042,46.45813167,2066.760892,1021.250383,150.3646544,5.405592248,364.2533749,42.23145439,1707.807161,928.3388598,124.2494158,4.913801185,22.9563976,107.6313987,1.670164557,0.569705005,36.7138353,2.671070068,400.7091751,1878.730702,136.6847485,217.8196152,15.84719901,74.29981935,198.0027783,14.40544934,67.54015539,7.83059043
1935,248.0414268,14.54791596,14.05507648,2.996945716,2.004513086,-5.458263667,211.6418589,197.5451749,8.981683626,4.018072711,29.79264226,3078.947978,2776.512543,26.91761827,8.054279328,-162.6160968,204.4720715,43.59931443,29.16148792,-79.40636113,42.12230126,28.17358473,-76.7163133,6.007416905,-16.35811991,-10.94116095,2974.642514,2873.870604,634.2791624,130.6647786,424.2388756,58.45458413,-1155.197069,433.4208559,592.0321658,126.2382503,395.9818882,56.47431926,-1078.253651,418.7378655,18.00390236,12.0419458,-49.0243974,89.28693158,-21.93170029,59.71974126,612.7916989,409.8669431,-1116.062479,87.3953963,-237.9765538,-159.17109,84.43470407,-229.9146265,-153.7788539,-32.79006543
1984,269.7158483,18.04292892,15.68681934,3.316134255,-3.788016599,-10.23159258,325.5472842,246.076301,10.9967464,14.34906976,104.6854867,5873.82651,3860.154476,36.46668742,-54.35451442,-1071.099249,283.0361664,59.83277467,-68.34691427,-184.6078977,52.01959896,-59.42193204,-160.5011444,-12.5615716,-33.92933464,38.75744253,5106.801433,4439.937208,1079.558501,198.4135136,-1233.178516,258.8992458,-3330.867178,1888.832797,816.0220509,172.503974,-932.1411127,225.0912649,-2517.752455,1642.182318,-41.65585789,47.58344174,-112.5142288,347.1511286,-146.8138357,-396.5503615,938.5859267,-1072.145696,-2895.91074,-226.6475436,-612.1845734,699.2977809,-197.0511043,-532.2433428,607.980999,128.5248828
1963,139.1016671,15.13902177,14.74942105,0.348846396,2.849049254,-7.302520965,229.1899801,217.5454214,0.121693808,8.117081649,53.32681244,3469.712098,3208.669019,0.042452446,23.12596541,-389.4201658,223.2918064,5.281193181,43.13181867,-110.5530239,5.145282376,42.02182705,-107.7079565,0.993880564,-2.547458119,-20.8052419,3380.419518,3293.424871,79.95209853,1.842325207,652.9735418,122.8846758,-1673.664635,807.3157744,75.8899362,1.794913212,619.7976206,119.722255,-1588.630001,786.5396102,0.346711653,2.831614678,-0.888671583,18.60286632,-59.27515892,151.9307152,77.89454189,636.1693544,-1630.593098,15.04637949,-38.56602392,-314.9710101,14.65916291,-37.57353242,-306.865273,-7.257833653
1946,208.5523221,16.31288122,14.7397447,0.922138122,0.110742101,-7.809530095,266.1100935,217.2600739,0.850338716,0.012263813,60.98876031,4341.022346,3202.358024,0.784129746,0.00135812,-476.2935591,240.4477045,15.04272965,1.806522732,-127.3959368,13.5920805,1.63231029,-115.1104799,0.102119513,-7.201465415,-0.864843767,3922.394842,3544.137779,245.3902619,13.87147446,29.46959074,0.200058122,-2078.194784,994.9024024,200.3437965,12.53377558,24.05983696,0.18076547,-1696.699086,898.9587568,0.094168296,0.011308929,-6.640745793,56.24006089,-0.095774615,6.754023428,221.7259946,26.62768387,-1877.783585,1.665863479,-117.4766499,-14.10809364,1.505215545,-106.1477617,-12.74757634,-0.797505407
1953,271.5540354,18.27463482,16.40501008,-0.389565254,4.988282183,-2.404865033,333.9622776,269.1243556,0.151761087,24.88295914,5.783375827,6103.038666,4414.987766,-0.059120846,124.1232217,-13.9082383,299.7955683,-7.119162755,91.15903525,-43.94803026,-6.390821918,81.83281948,-39.4518351,-1.943261416,0.936851858,-11.9961454,5478.65453,4918.149319,-130.1000995,2.773378447,1665.898079,454.7269914,-803.1342038,105.6890812,-104.841498,2.489642164,1342.468228,408.2051954,-647.2077523,94.87633871,0.757027127,-9.693536298,-0.364964932,-2.253002273,-59.84015835,28.84911059,-116.7899367,1495.464892,-720.9678792,-35.51239273,17.12062557,-219.2251763,-31.87922311,15.36906416,-196.7968861,4.673281429
1949,252.524045,17.82153626,16.67326409,3.123357457,6.409103591,-3.035494556,317.6071548,277.9977355,9.755361806,41.07660884,9.214227198,5660.247427,4635.12966,30.46948205,263.2642413,-27.9697365,297.1431806,55.66302819,114.2200721,-54.09717631,52.07656374,106.8606768,-50.61160238,20.0179215,-9.480934558,-19.45479906,5295.54797,4954.346724,992.0006755,173.8555342,2035.577157,732.0482741,-964.0947893,164.2116842,868.2863002,162.6537237,1781.716285,684.8811472,-843.8606125,153.6312435,62.52312439,128.2969326,-29.61234765,28.77932523,-124.6878225,59.05493663,928.0843692,1904.421426,-901.9765072,356.7501139,-168.964819,-346.7144069,333.7640917,-158.0781257,-324.3750026,-60.76429172
1973,199.0820454,16.80309018,16.33021824,1.134835721,2.139354074,-4.663526894,282.3438395,266.6760279,1.287852114,4.576835856,21.7484831,4744.248997,4354.877736,1.461500583,9.791472437,-101.4246358,274.3981298,19.06874696,35.94775944,-78.36166296,18.532115,34.93611894,-76.15641197,2.427815424,-5.292336907,-9.976935263,4610.736519,4480.981345,320.4138748,21.63989521,604.0334435,76.90498562,-1316.718089,365.4417227,302.6334825,21.03090609,570.5144468,74.74072839,-1243.650828,355.1574754,2.755171668,5.19395682,-6.005932971,24.6809555,-21.34419711,46.52770592,311.3967995,587.034757,-1279.663058,40.79480151,-88.9276143,-167.6433429,39.64675573,-86.42501671,-162.9255302,-11.32218253
1937,194.7602561,15.98907398,15.43860201,-1.633132424,6.341568471,-2.763847837,255.6504867,238.350432,2.667121514,40.21549068,7.638854866,4087.614545,3679.797458,-4.355762624,255.0292878,-21.1126325,246.8489497,-26.11227515,101.3958074,-44.19136753,-25.21328152,97.90495175,-42.66994677,-10.35662109,4.513729517,-17.5271303,3946.886118,3811.00269,-417.5110991,42.6448032,1621.225066,643.0084556,-706.5790447,122.1382156,-389.2578188,41.17662757,1511.515585,620.8709552,-658.7643259,117.9332401,16.9137337,-65.67722177,-7.371518028,-12.47526156,-111.1494969,48.44232117,-403.1370235,1565.409516,-682.2529356,-165.5927808,72.17035518,-280.242583,-159.8917512,69.6856736,-270.5943891,28.6241248
2009,244.1370079,17.50796046,16.05433662,-0.90358853,2.500982545,-5.769068251,306.5286795,257.7417244,0.816472231,6.254913689,33.28214848,5366.692,4137.872404,-0.737754943,15.64342995,-192.0069861,281.0786908,-15.81999225,43.7871035,-101.0046188,-14.50651442,40.15161566,-92.61856369,-2.259859141,5.212863899,-14.42833899,4921.114604,4512.531919,-276.9757988,14.29476354,766.6228768,109.5107815,-1768.384873,582.7025397,-232.8924658,13.10792004,644.6075537,100.4184899,-1486.929599,534.3228152,2.041982798,-5.651868264,-4.710284026,-30.07336762,-36.08502397,83.23807241,-253.979481,702.9728993,-1621.562151,-39.56552448,91.26661503,-252.6107886,-36.28053936,83.6890718,-231.6374111,13.03728162
1983,309.5839431,16.1408062,14.46186161,1.942746759,8.498444038,0.609177857,260.5256248,209.1454412,3.774264971,72.22355106,0.371097661,4205.09362,3024.632426,7.33244104,613.7878069,0.226064478,233.4261055,31.35749894,137.1717382,9.83262173,28.09573477,122.9033216,8.809845861,16.51032461,1.183478307,5.177063926,3767.685531,3375.776034,506.1353133,60.91967944,2214.062443,1165.746341,158.7064418,5.989815433,406.316628,54.58289768,1777.410828,1044.487,127.4067716,5.366763021,32.07537963,140.3120698,2.299198646,0.720948779,43.99698805,3.153752707,453.48781,1983.758695,142.1980147,266.4899499,19.102294,83.56198552,238.7700297,17.1152995,74.86998203,10.05772416
1945,285.749019,15.08907253,14.25218346,2.522194375,0.723578566,-7.245563743,227.6801099,203.1247333,6.361464465,0.523565941,52.49819396,3435.481693,2894.970964,16.04484989,0.378841093,-380.3790107,215.0522299,38.05757387,10.91812947,-109.3288369,35.94677695,10.31257447,-103.2651037,1.825005789,-18.27472012,-5.242734624,3244.938696,3064.963834,574.2534925,95.98859873,164.7444475,7.900124465,-1649.670749,792.1490565,512.3200597,90.66475861,146.9767033,7.461957848,-1471.753203,748.2138915,4.603019336,1.320535072,-46.09239628,132.4106495,-3.793530402,37.98656791,542.4035247,155.6071842,-1558.17464,27.53764473,-275.7485774,-79.10800301,26.01031732,-260.4546637,-74.72041568,-13.22319578
1972,232.4927393,13.61786261,12.70124514,0.736651589,7.963634506,-0.186309898,185.4461822,161.3216281,0.542655563,63.41947455,0.034711378,2525.380631,2048.985546,0.399748083,505.0495159,-0.006467073,172.9638114,10.03162013,108.4476806,-2.537142589,9.356392415,101.1480741,-2.366367681,5.866424013,-0.137245482,-1.483703929,2355.39742,2196.855769,136.6092248,7.38980891,1476.825615,863.6376914,-34.5504592,0.472694776,118.8378337,6.892401339,1284.706484,805.5062929,-30.05581601,0.44087772,4.32151057,46.71805669,-0.101102102,0.025570192,-11.81567581,0.276428727,127.4140665,1377.420576,-32.22486998,79.88815624,-1.868990119,-20.20487627,74.51088949,-1.743188512,-18.84488732,-1.092972857
1954,302.9138509,18.05270756,16.05333669,-0.527681791,6.063381739,-4.393487267,325.9002501,257.7096189,0.278448073,36.76459812,19.30273036,5883.381908,4137.099281,-0.146931978,222.9177929,-84.80630006,289.8061926,-9.52608506,109.4604573,-79.31434078,-8.471053461,97.33750855,-70.53013034,-3.199536137,2.318363231,-26.63939047,5231.786443,4652.356385,-171.9716277,5.026741628,1976.057625,663.7005382,-1431.838599,348.4665463,-135.9886733,4.470020664,1562.591797,590.1944719,-1132.243929,309.8732296,1.68833696,-19.40000899,-1.223358062,-10.18569933,-161.5247937,117.0398228,-152.9254508,1757.205576,-1273.259817,-57.7602902,41.85273341,-480.9131255,-51.36323087,37.21746552,-427.6511044,14.05712128
1938,266.9296319,15.53754062,14.77764338,-1.632287431,1.929506937,-5.255442628,241.4151685,218.3787438,2.664362257,3.722997021,27.61967721,3750.997988,3227.123197,-4.349005023,7.183548579,-145.153629,229.6082343,-25.36173226,29.97979242,-81.65665331,-24.12136154,28.51356541,-77.66305694,-3.149509921,8.578392945,-10.14041301,3567.547267,3393.068602,-394.0589452,41.39763679,465.8122425,57.84621744,-1268.743568,429.1418567,-356.4568786,39.37299526,421.3633011,55.01712227,-1147.676959,408.1537401,5.140905458,-6.077001242,-14.00240298,-45.08325196,-19.56599725,53.29235879,-374.7866348,443.0306808,-1206.692902,-48.93563834,133.2871288,-157.557079,-46.54233443,126.7684317,-149.8514071,16.5520687
1961,260.4083581,14.62488754,13.74293862,1.552665736,1.48367766,-7.641817358,213.8873355,188.868362,2.410770886,2.2012994,58.39737253,3128.078227,2595.606307,3.743121351,3.266018743,-446.262055,200.9889318,22.70756176,21.69861892,-111.7607194,21.33818991,20.39009102,-105.0210269,2.303655466,-11.86518797,-11.3379937,2939.440524,2762.178554,332.095537,35.25725309,317.3398615,32.19375616,-1634.487953,854.0550057,293.2494342,33.13107633,280.2197695,30.25232254,-1443.297527,802.5515065,3.576806908,3.417882152,-18.4226708,90.67159937,-16.82192796,86.64287704,312.0686276,298.2027881,-1535.920708,33.69070211,-173.5270396,-165.8168827,31.65899568,-163.06255,-155.8173515,-17.60411432
1932,232.2659858,16.52148081,15.49900456,5.682309885,8.736920381,0.698383998,272.959328,240.2191423,32.28864563,76.33377774,0.487740208,4509.692298,3723.157582,183.4740902,666.9221385,0.340629956,256.0665063,93.8801737,144.3468624,11.53833781,88.07014681,135.4135688,10.82425676,49.64588905,3.968434293,6.101725382,4230.597869,3968.775949,1551.039488,533.456239,2384.823916,1261.147044,190.6304267,8.058190485,1364.999607,500.4418658,2098.77552,1183.097569,167.7652049,7.559487708,282.1033261,433.7521798,22.54987341,2.771491005,53.31028885,4.261347364,1455.04924,2237.232678,178.8327503,820.2236029,65.564411,100.8095388,769.4618607,61.5067812,94.57066951,34.67189445
1989,244.5146217,16.48553177,15.37631283,1.880439091,5.376337911,-5.420872376,271.7727577,236.4309962,3.536051175,28.90500933,29.38585732,4480.318431,3635.436959,6.649328858,155.4030975,-159.2969822,253.4866936,31.00003837,88.63178943,-89.36596377,28.91421972,82.66825359,-83.35302945,10.10987597,-10.19362032,-29.14444167,4178.86294,3897.690698,511.0521174,58.29368398,1461.14218,476.5144496,-1473.245435,484.4414843,444.5940875,54.37142904,1271.132928,444.4524658,-1281.662256,451.8461348,19.01100599,54.35410948,-19.16848214,55.25831482,-156.6903666,157.9882987,476.6662877,1362.830121,-1374.119015,166.6666816,-168.0472517,-480.461619,155.4526156,-156.7402949,-448.1340522,-54.8043474
1965,226.6252747,15.7615208,14.56835944,2.146525968,3.571894422,-3.929113,248.4255379,212.2370967,4.607573731,12.75842976,15.43792897,3915.564283,3091.946312,9.890276664,45.57176411,-60.65736741,229.6195003,33.83251369,56.29848823,-61.92879628,31.27136185,52.03664182,-57.24073046,7.667164132,-8.433943086,-14.03437681,3619.15253,3345.179415,533.2518683,72.62236921,887.3497933,201.0922561,-976.0920107,243.3252385,455.5724395,67.12479026,758.088502,185.8693907,-833.9035359,224.9052982,16.45776691,27.3863008,-18.10367785,33.13791542,-50.12931225,55.14265237,492.8842202,820.1766124,-902.2009638,120.8461669,-132.9317694,-221.203122,111.698003,-122.8687144,-204.4578459,-30.12515427
1960,283.0606257,15.21965635,14.71683769,-2.073769227,6.679823928,-0.658967949,231.6379393,216.5853115,4.300518806,44.62004771,0.434238758,3525.449834,3187.450875,-8.918283559,298.0540624,-0.286149424,223.9852121,-31.56205498,101.6646246,-10.02926573,-30.51932511,98.30588453,-9.697924347,-13.8524133,1.366547454,-4.401789874,3408.977955,3296.354011,-480.3636304,65.45241834,1547.30065,679.1017924,-152.6419778,6.608964668,-449.147954,63.29003724,1446.751746,656.6659997,-142.7227785,6.390621317,28.72670842,-92.53168184,-2.833904057,-0.900510973,-29.40318133,2.900638445,-464.4936401,1496.181779,-147.5990759,-210.82897,20.79838264,-66.9937292,-203.8637181,20.11125707,-64.78042711,9.128296383
1963,222.7818387,15.25138637,14.73662813,0.647397828,3.024648715,-7.208022155,232.6047863,217.1682085,0.419123948,9.148499849,51.95558338,3547.545467,3200.32713,0.271339934,27.67099831,-374.4969961,224.7540094,9.873714419,46.13008619,-109.9323309,9.540461048,44.57312332,-106.221942,1.95815101,-4.666457891,-21.80173495,3427.810235,3312.116256,150.5878335,6.392221274,703.5477679,139.5273059,-1676.620453,792.3946763,140.5942266,6.176473765,656.8575428,134.8180402,-1565.353258,765.6501113,1.267702712,5.922718936,-3.021054705,33.63593186,-65.94258959,157.1473885,145.5052576,679.8019256,-1620.031879,29.86451763,-71.16995228,-332.5066833,28.85654325,-68.7678546,-321.2840604,-14.11439586
1935,250.3710668,14.7505797,14.09822413,3.108549869,2.220182201,-5.319449635,217.5796014,198.7599235,9.663082288,4.929209005,28.29654442,3209.425251,2802.161949,30.03817318,10.9437421,-150.5220429,207.9569785,45.85291258,32.7489745,-78.46496578,43.82503276,31.30062627,-74.99479318,6.90154709,-16.53577447,-11.8101474,3067.485986,2931.824092,676.3570414,142.5360654,483.0663583,72.70869027,-1157.403731,417.3904336,617.8551342,136.2322998,441.2832444,69.49309332,-1057.293403,398.9310252,21.4538033,15.32269201,-51.40227955,87.96121945,-26.22067904,62.82348427,646.4446384,461.7023823,-1106.216674,101.8018204,-243.9122591,-174.2065204,97.29955769,-233.1250545,-166.502105,-36.71243215
2003,252.0677952,14.38733525,13.00097783,-0.135115433,4.409025775,-5.069340073,206.9954156,169.0254246,0.01825618,19.43950828,25.69820878,2978.112439,2197.495798,-0.002466692,85.70929307,-130.2729596,187.0494266,-1.943951027,63.43413195,-72.93429513,-1.756632744,57.32164636,-65.90637791,-0.595727425,0.684946077,-22.35085104,2691.142809,2431.825449,-27.96827513,0.262657784,912.6481226,279.6827228,-1049.330155,369.728745,-22.83794337,0.237348193,745.2374536,252.7326163,-856.8473582,334.1018426,0.080491969,-2.626577572,-0.092546786,-3.472224597,-98.54547835,113.3040649,-25.27326421,824.7057432,-948.2171541,-8.570930182,9.85454884,-321.5691871,-7.745039047,8.904968766,-290.582919,3.019944909
1999,259.0165677,17.46493106,16.54716527,2.380420272,7.272681531,-1.636959296,305.0238168,273.8086785,5.666400673,52.89189666,2.679635737,5327.219932,4530.757456,13.48841503,384.66592,-4.38645463,288.9951006,41.57387594,127.0168815,-28.58938125,39.38920766,120.3422633,-27.08703601,17.31203855,-3.896651093,-11.90508364,5047.279509,4782.049693,726.0848771,98.9632971,2218.341079,923.7533286,-499.3115725,46.7996534,651.779729,93.76286843,1991.323319,875.2109554,-448.2136616,44.3403754,41.20992752,125.904943,-9.275667257,6.378659231,-86.58188191,19.48813733,687.9297962,2101.769331,-473.0732165,302.3535598,-68.0547427,-207.921465,286.4651631,-64.47852964,-196.9953865,-28.33910244
1927,333.6344658,15.68514822,14.97299932,-1.005885187,5.218387828,-3.693800487,246.0238746,224.1907087,1.011805009,27.23157152,13.64416204,3858.920939,3356.807329,-1.01775967,142.1049014,-50.39881239,234.8537136,-15.77745824,81.85118654,-57.93780813,-15.06111822,78.13491741,-55.30727219,-5.249099015,3.715539193,-19.2756835,3683.715308,3516.464495,-247.4717711,15.87031153,1283.847993,427.1312356,-908.763108,214.0107039,-225.5101129,15.14975571,1169.914065,407.738302,-828.115749,204.294029,5.279990942,-27.39183441,-3.737405835,-13.72446048,-100.5879922,71.20052911,-236.2358716,1225.557761,-867.5027619,-82.33289606,58.27878295,-302.3419527,-78.59475599,55.63276581,-288.614796,19.3891245
1949,374.0363168,18.57637739,17.70509594,3.994087951,9.048024877,-1.513821961,345.0817968,313.4704222,15.95273856,81.86675417,2.29165693,6410.369686,5550.023899,63.71664088,740.7324283,-3.469160589,328.8965438,74.19568509,168.0795247,-28.12132805,70.71571036,160.1961485,-26.80236306,36.13860714,-6.046338056,-13.69709876,6109.706319,5823.144862,1378.287047,296.3440919,3122.308682,1520.787721,-522.3924024,42.57068398,1252.028436,282.4447667,2836.288178,1449.458737,-474.5384093,40.57400581,144.3407754,326.9830164,-24.14960598,9.153079334,-123.9316904,20.73496892,1313.641723,2975.86411,-497.890811,671.3244045,-112.3190575,-254.4424757,639.8375065,-107.0509954,-242.5084477,-54.70741714
1928,381.3485133,15.1779995,15.07411423,3.694805239,6.555030525,-4.433462192,230.3716688,227.2289198,13.65158575,42.96842518,19.65558701,3496.581073,3425.274694,50.43995057,281.6593387,-87.14230185,228.7948982,56.07975206,99.49225002,-67.29108692,55.69591623,98.81127892,-66.83051552,24.21956113,-16.38077933,-29.06148,3472.64885,3448.880431,851.1784487,207.2037617,1510.093321,652.1747358,-1021.344083,298.3324897,839.5666035,205.7855631,1489.492506,647.7109495,-1007.410825,296.2905638,89.48656134,158.7599625,-60.5237893,72.62356585,-190.4988885,128.8429728,845.3525886,1499.757542,-1014.353531,367.6044866,-248.6274605,-441.0951288,365.088431,-246.9257389,-438.0760692,-107.3765086
1934,352.7516627,19.3099675,17.20760412,-0.002712534,10.44644255,-0.991478259,372.8748448,296.1016396,7.36E-06,109.128162,0.983029139,7200.201133,5095.199793,-2.00E-08,1140.001076,-0.974652019,332.2782763,-0.052378935,201.7204662,-19.14541296,-0.046676204,179.7582479,-17.06096538,-0.028336326,0.002689418,-10.35742068,6416.282715,5717.713036,-1.011435534,0.00014208,3895.215646,2107.261262,-369.697302,18.98226072,-0.803185638,0.000126611,3093.208768,1877.834211,-293.5783382,16.91557626,7.69E-05,-0.296013803,-7.30E-06,-0.0026665,-108.1982001,10.26915743,-0.901315979,3471.125925,-329.446687,-0.547173536,0.051932575,-200.0014567,-0.487600282,0.046278441,-178.2263948,0.028094851
1985,365.9021373,16.79312966,15.16692641,0.338155691,10.8558057,1.158282769,282.0092038,230.0356568,0.114349271,117.8485174,1.341618973,4735.817125,3488.933878,0.038667857,1279.340607,1.553974139,254.7001618,5.678692365,182.3029527,19.45119272,5.128782482,164.6492062,17.56758952,3.670952478,0.39167991,12.57409268,4277.212841,3863.018611,95.36301718,1.920282141,3061.437122,1979.045433,326.6464014,22.52998136,77.78786648,1.734326984,2497.222394,1787.399791,266.4463375,20.34823623,1.241353472,39.85114683,0.132448791,0.453676091,136.501907,14.56435489,86.12830921,2764.975468,295.0148086,61.64678094,6.577531516,211.1583688,55.67706609,5.940580374,190.7103384,4.252001001
1939,391.1725102,18.29935498,17.85910949,1.411197081,7.70402586,-3.203755142,334.8663927,318.9477917,1.991477201,59.35201445,10.26404701,6127.838991,5696.123532,2.810366813,457.2494541,-32.88349337,326.8101841,25.82399633,140.978704,-58.62665261,25.20272318,137.5870413,-57.21621384,10.8718988,-4.521129904,-24.68181246,5980.415571,5836.53886,472.5624759,36.44274824,2579.819349,1086.103581,-1072.829927,187.8254397,450.0981926,35.56600938,2457.182035,1059.974124,-1021.830627,183.3067393,15.34239186,83.75738954,-6.380205323,14.48459318,-190.1493214,79.07448357,461.1935779,2517.75411,-1047.019808,198.9487355,-82.73376102,-451.6612477,194.1624311,-80.74335396,-440.795191,-34.83090169
1987,349.0780262,18.18589499,17.46588838,2.032060716,5.516980396,-2.183326124,330.7267765,305.057257,4.129270754,30.43707269,4.766912963,6014.562426,5328.096001,8.390928887,167.9207334,-10.4077256,317.632812,36.95484279,100.3312261,-39.70573961,35.49174566,96.35896381,-38.13373038,11.21083914,-4.436651247,-12.04536742,5776.436963,5547.739241,672.0568902,75.09448431,1824.613142,553.5254077,-722.0844109,86.69057856,619.8948682,72.1213821,1682.994907,531.6105144,-666.0394785,83.25836975,22.7811058,61.84997974,-9.015544711,9.686656571,-66.45405595,26.29896537,645.4491594,1752.373997,-693.4960162,203.8791432,-80.68447367,-219.0557871,195.807265,-77.49005548,-210.383043,-24.47691796
1961,356.383025,15.38031796,14.85450245,1.840718863,3.990179027,-6.380690811,236.5541804,220.6562431,3.388245932,15.92152866,40.71321523,3638.278509,3277.738703,6.236808199,63.52974975,-259.7784383,228.4669708,28.31084138,61.37022213,-98.13705346,27.34296286,59.27212413,-94.78198729,7.3447978,-11.74505793,-25.46009865,3513.894653,3393.763177,435.429742,52.11229975,943.8935294,244.8781732,-1509.379085,626.1821952,406.1661088,50.3307075,880.4579132,236.5063866,-1407.939263,604.7745554,13.51970785,29.30705814,-21.61934968,74.94158324,-101.5903516,162.4530175,420.5434626,911.624115,-1457.777101,112.9653255,-180.6427254,-391.5844124,109.1033169,-174.4669919,-378.1970978,-46.86488383
1958,380.8035096,15.46813288,15.46129487,1.872730464,10.22405191,-0.614067387,239.2631349,239.0516391,3.507119392,104.5312375,0.377078756,3700.953965,3696.047882,6.567889327,1068.732798,-0.231551766,239.1573636,28.96764368,158.1469936,-9.498475939,28.95483792,158.0770814,-9.494276939,19.14689348,-1.149982702,-6.278256839,3699.317881,3697.68252,448.0753617,54.24858879,2446.238712,1616.903072,-146.923688,5.832704298,447.6792871,54.22460707,2444.076368,1616.188286,-146.7938153,5.830125829,35.85697072,195.7588329,-2.15360764,0.706166873,-64.18922383,3.855272771,447.8772806,2445.157301,-146.8587373,296.1666927,-17.78808525,-97.11291107,296.035766,-17.78022166,-97.06998027,-11.75748285
1998,381.5775922,18.42194367,17.85756029,0.669707753,5.633719398,-1.953308297,339.3680087,318.8924595,0.448508475,31.73879425,3.815413302,6251.818341,5694.641323,0.300369603,178.8074608,-7.452678457,328.9709698,12.33731851,103.7840614,-35.98373542,11.95934658,100.6044838,-34.88132067,3.772945561,-1.308145711,-11.00439084,6060.284676,5874.618928,227.2773866,8.26239786,1911.904134,584.69028,-662.890347,70.28732893,213.5647526,8.00926713,1796.550635,566.7774319,-622.895287,68.13397307,2.526770895,21.25571659,-0.876075325,2.55521187,-61.99565014,21.49496793,220.3144091,1853.330134,-642.5817247,69.5049906,-24.0985866,-202.7222682,67.37560282,-23.3602909,-196.5115729,-7.369725866
2010,376.4568645,20.38011603,19.6656434,3.430778173,5.062118547,-3.86878413,415.3491295,386.7375303,11.77023887,25.62504418,14.96749065,8464.863452,7605.44236,40.38107861,129.7170114,-57.90599028,400.7880943,69.91965724,103.1665633,-78.84626947,67.46846013,99.54981818,-76.08212909,17.36700582,-13.27294015,-19.5842439,8168.107866,7881.755741,1424.970728,239.8788339,2102.546532,522.2413737,-1606.896121,305.0391961,1326.810678,231.4693204,1957.711225,503.9329809,-1496.20402,294.3453336,59.58234449,87.91384225,-45.53651336,51.35014021,-99.13776426,75.76721199,1375.015046,2028.836845,-1550.562619,353.9415937,-270.5040603,-399.129163,341.5333433,-261.0209078,-385.1367567,-67.1891965
2017,367.5778804,17.05837458,15.95696075,3.898022982,5.035217688,-3.986334136,290.9881433,254.6245963,15.19458317,25.35341716,15.89085985,4963.784746,4063.034687,59.22883441,127.6599745,-63.34627707,272.1998135,66.49393615,85.8926294,-68.0003809,62.20059972,80.34677099,-63.60977734,19.62739427,-15.53882208,-20.07206015,4643.28638,4343.48174,1134.27847,259.1948913,1465.188646,432.4880868,-1159.975969,271.0722397,992.5325281,242.4593672,1282.090271,404.5634824,-1015.01872,253.5698268,76.50803394,98.82820278,-60.57068559,61.9429369,-101.0671923,80.01393858,1061.041129,1370.585316,-1085.079409,334.8114434,-265.0670475,-342.3967207,313.1935599,-247.952374,-320.289076,-78.24135178
1942,347.0406112,17.32782319,16.54024683,1.236615705,8.158565508,-0.647966896,300.2534565,273.5797653,1.529218402,66.56219116,0.419861098,5202.738807,4525.076847,1.891055492,543.0519969,-0.272056092,286.6064727,21.42785829,141.3701806,-11.2278558,20.453929,134.9446873,-10.71753239,10.08901024,-0.801286039,-5.286480365,4966.266283,4740.541802,371.2981398,26.49802609,2449.637494,1153.37788,-194.5543001,7.275278867,338.3130343,25.29364983,2232.018437,1100.955071,-177.2706312,6.944606193,12.47622851,82.31185094,-0.9908829,0.519206827,-43.13009637,3.425464271,354.4220652,2338.297682,-185.7115063,174.8205856,-13.88454282,-91.60319706,166.8747196,-13.25346888,-87.43969012,-6.537344643
1984,380.6359643,18.41915589,16.17848033,3.211881939,-2.924112734,-10.05344979,339.2653036,261.7432258,10.31618559,8.550435284,101.0718526,6248.980515,4234.607629,33.13437017,-25.0024367,-1016.120795,297.9939512,59.16015412,-53.85968829,-185.1760588,51.96336877,-47.30770035,-162.6495396,-9.391904879,-32.29049379,29.39742055,5488.797041,4821.089278,1089.680101,190.0154305,-992.0499946,157.4918004,-3410.786694,1861.658209,840.6883394,166.9002056,-765.3666996,138.333049,-2631.422377,1635.188979,-30.16568965,27.46298866,-103.7132538,324.6308579,-85.96137178,-295.5454913,957.1213897,-871.3679075,-2995.867225,-172.99096,-594.7636389,541.4756717,-151.9467483,-522.4111186,475.60559,94.4210441
1938,305.0338713,15.96804324,15.2564381,-1.561825216,2.528153313,-4.815405614,254.9784049,232.7589036,2.439298004,6.391559174,23.18813123,4071.506193,3551.071805,-3.809757131,16.1588415,-111.6602573,243.6154633,-24.93929257,40.36966141,-76.89260505,-23.82788973,38.57061453,-73.46593768,-3.948533593,7.520821911,-12.17408366,3890.062251,3716.704236,-398.2317021,38.950816,644.624499,102.0606933,-1227.824442,370.269082,-363.5287247,37.21499901,588.4501932,97.51242692,-1120.828531,353.7682887,6.16691933,-9.982498285,-11.7462093,-36.21580805,-30.77794993,58.62315078,-380.4847734,615.8972406,-1173.107269,-63.05035514,120.0928095,-194.3962942,-60.24055836,114.740954,-185.7331538,19.01379083
1953,337.6655523,18.78082802,16.92950649,-0.28707172,5.898611207,-2.113410833,352.7195011,286.6081899,0.082410173,34.79361417,4.46650535,6624.364289,4852.13521,-0.02365763,205.2340025,-9.439560793,317.9501498,-5.391444609,110.7808026,-39.69160539,-4.859982552,99.86057669,-35.77900241,-1.693324467,0.606700484,-12.46618883,5971.367082,5382.739123,-101.255794,1.547731279,2080.555202,653.4528839,-745.4412147,83.88466883,-82.27710613,1.395163552,1690.590281,589.0387168,-605.7208534,75.6157313,0.486105568,-9.988262677,-0.174166552,-1.282207375,-73.53320112,26.34617851,-91.27449648,1875.464317,-671.959291,-31.80203559,11.39433744,-234.1253484,-28.66714755,10.27113977,-211.0464246,3.578690272
1927,238.6896799,14.27255085,14.25049728,-1.379959526,3.902453798,-4.845498885,203.7057078,203.0766727,1.904288293,15.22914564,23.47885945,2907.400074,2893.943571,-2.627840771,59.43103724,-113.7667873,203.3909471,-19.69554251,55.69797028,-69.15762925,-19.66510947,55.61190722,-69.05076868,-5.385228293,6.686592345,-18.90933553,2902.907635,2898.422138,-281.105632,27.17905151,794.9521132,217.3587556,-987.0557803,335.1032155,-280.237589,27.13705514,792.4973325,217.0228985,-984.0077911,334.5854227,7.431397082,-21.0156046,-9.227226803,-32.39987576,-73.79280823,91.62516422,-280.6712749,793.7237738,-985.5306074,-76.86094466,95.43472928,-269.8844529,-76.74218113,95.28726601,-269.4674344,26.09411769
1975,280.4728289,16.88763973,16.45254316,2.308326454,5.058020094,-1.780267296,285.1923757,270.6861765,5.328371019,25.58356727,3.169351647,4816.226094,4453.476003,12.29961978,129.4021973,-5.642293088,277.8446216,38.98218554,85.41802109,-30.06451273,37.97784062,83.21729391,-29.28992454,11.67556159,-4.109438096,-9.004627758,4692.13987,4571.250629,658.3171053,89.98361012,1442.508767,432.046067,-507.7186596,53.52286879,624.832062,87.66525417,1369.13612,420.9147447,-481.8937477,52.14389477,26.95100768,59.05522511,-9.485924668,7.315898249,-45.54558813,16.03064431,641.3560901,1405.343679,-494.6376933,197.1726777,-69.39871006,-152.0669095,192.092681,-67.61070765,-148.1490268,-20.78562046
1946,301.1059265,16.25482317,15.18313071,1.366420535,1.586052013,-7.361411534,264.2192764,230.5274582,1.867105079,2.515560987,54.19037977,4294.837617,3500.128531,2.551250721,3.989810567,-398.9176866,246.7991049,22.21092418,25.78099501,-119.6584428,20.74654159,24.08123503,-111.7692735,2.16721404,-10.05878389,-11.67558158,4011.67581,3747.18307,361.0346451,30.3494629,419.0655152,40.88999903,-1945.026829,880.8550408,314.9974528,28.34850046,365.6285391,38.19409128,-1697.00749,822.7796193,2.961325768,3.43731419,-13.74452886,74.04684772,-18.51807967,85.94876091,337.2313651,391.4362172,-1816.789778,35.227681,-163.5037534,-189.784514,32.90509405,-152.7238306,-177.2718813,-15.95375443
1930,370.3079639,14.67551741,13.95569464,-0.943163635,4.833626168,-4.059932191,215.3708112,194.7614129,0.889557643,23.36394193,16.4830494,3160.67809,2718.030807,-0.83899842,112.9325611,-66.92006286,204.8070397,-13.84141435,70.93596497,-59.58160555,-13.16250369,67.45661081,-56.65917393,-4.558900427,3.829180404,-19.62419448,3005.649276,2858.224506,-203.1299172,13.05471867,1041.021989,342.8779365,-874.3908896,241.8972784,-183.6918822,12.41439483,941.403862,326.0600392,-790.71813,230.0324042,4.299789099,-22.0360204,-3.611543709,-15.54621279,-94.85601995,79.67289889,-193.166552,989.9606662,-831.5026934,-66.90422258,56.19520368,-287.9952077,-63.62262226,53.43887244,-273.8692657,18.5088266
2002,370.9010133,18.18026788,16.6473518,3.086375161,7.598525419,-0.871993919,330.5221401,277.1343219,9.525711636,57.73758854,0.760373394,6008.981045,4613.552553,29.39991979,438.7205341,-0.663040976,302.6533151,56.1111272,138.1432276,-15.85308303,51.3799731,126.4953258,-14.51638953,23.45190012,-2.691300371,-6.625867956,5502.318343,5038.376211,1020.115323,173.1799893,2511.480883,1049.684826,-288.2132961,13.82379199,855.3404876,158.5778728,2105.81219,961.1779485,-241.6594434,12.65820339,72.381362,178.1998591,-8.306362618,2.346797557,-50.34682608,5.777716563,934.1016744,2299.718908,-263.9118503,426.3618263,-48.92856169,-120.4600544,390.4120316,-44.80302408,-110.3031548,-20.44991428
1945,274.7641622,14.1493889,13.25605911,1.924871123,-0.276979072,-8.59099001,200.2052064,175.7231031,3.705128839,0.076717406,73.80510935,2832.781325,2329.395841,7.131895509,-0.021249116,-634.0589572,187.5651356,27.23575011,-3.919084601,-121.5572587,25.51620538,-3.671650944,-113.8826714,-0.533149016,-16.53654859,2.379524437,2653.932049,2486.374525,385.3692203,52.42530889,-55.45265217,1.085504414,-1719.960928,1044.297195,338.2443267,49.11540689,-48.67162193,1.016970469,-1509.635423,978.364892,-1.026243146,0.14767112,-31.83072484,142.0653237,-0.659078469,-20.44247066,361.0387132,-51.95161712,-1611.370207,-7.543732777,-233.9820571,33.66881666,-7.067454874,-219.2094655,31.54311658,4.580277874
1941,224.5437451,16.24603947,14.8315986,-1.716695659,5.152638887,-3.131539968,263.9337985,219.9763171,2.947043984,26.5496875,9.806542573,4287.878909,3262.600438,-5.059177613,136.8009523,-30.70958002,240.9547363,-27.88950543,83.70997475,-50.87512193,-25.46134093,76.42187173,-46.44574382,-8.845512808,5.375901068,-16.13569462,3914.560158,3573.743931,-453.0940061,47.87779289,1359.955554,431.3272711,-826.5192391,159.3174777,-377.6323886,43.70937344,1133.458526,393.7743081,-688.8646292,145.4467031,15.18505343,-45.57773327,-9.228786024,-16.83484906,-83.14140756,50.52957261,-413.6459498,1241.552745,-754.5593874,-143.7045502,87.33710095,-262.1411317,-131.1930954,79.73320677,-239.3181458,27.7000769
1927,243.0670209,13.13601491,12.54522747,-2.223489148,1.493307103,-6.843674764,172.5548876,157.3827322,4.94390399,2.229966105,46.83588427,2266.683575,1974.402175,-10.99271687,3.330024224,-320.5295593,164.794295,-29.20778659,19.61610437,-89.8986137,-27.89417713,18.73387729,-85.85545662,-3.320352138,15.21683657,-10.21970814,2164.740315,2067.381916,-383.6739199,64.9431965,257.6774393,29.29286799,-1180.90953,615.2368739,-349.9387971,62.02240013,235.0207519,27.97543202,-1077.076233,587.5668218,7.382766946,-4.958305433,-33.83447097,-104.1390804,-15.26116275,69.94035867,-366.4183265,246.0884913,-1127.798558,-43.61619518,199.888592,-134.2462384,-41.65457284,190.8986761,-128.2085632,22.72341014
1937,228.7951015,15.17484198,14.55865389,-2.345000157,5.678346507,-3.871209308,230.275829,211.954403,5.499025734,32.24361906,14.98626151,3494.399317,3085.770793,-12.89521621,183.0904417,-58.01495506,220.9252721,-35.58500681,86.16801094,-58.74498952,-34.14004564,82.66908145,-56.35959645,-13.31572345,9.077986434,-21.98206786,3352.506094,3216.374572,-539.9968552,83.44684655,1307.58595,489.291824,-891.4459329,227.4141502,-497.0331082,80.05841238,1203.550544,469.4236899,-820.5198579,218.1797944,31.22537357,-75.61129174,-21.28787961,-35.14278559,-124.8217982,85.0971857,-518.0697978,1254.490247,-855.24797,-202.0639991,137.7570096,-333.5744061,-193.8590089,132.1632625,-320.0293176,51.54795256
1952,286.744367,18.07463194,16.82117638,-4.263622538,2.419178683,-7.031867252,326.6923197,282.9519748,18.17847714,5.852425499,49.44715705,5904.843436,4759.585074,-77.50616485,14.15806301,-347.7058443,304.0365718,-77.0634081,43.72576428,-127.0984124,-71.71914672,40.69343131,-118.2842793,-10.31446475,29.9812277,-17.01134335,5495.349132,5114.2528,-1392.892737,328.5692836,790.3270957,105.7804368,-2297.257024,893.739164,-1206.400417,305.7833703,684.5113855,98.44468156,-1989.680725,831.7593501,43.97698439,-24.95253326,-127.8286381,-210.8240132,-41.15347921,119.6215082,-1296.29718,735.5187933,-2137.944813,-186.4301541,541.8996557,-307.4737699,-173.5014309,504.3195191,-286.150807,72.52994692
1984,274.2688349,17.34106086,15.08996781,2.418794168,-5.162528195,-11.94513679,300.7123916,227.7071285,5.850565226,26.65169736,142.686293,5214.671883,3436.093239,14.15131305,-137.5901391,-1704.407289,261.6760501,41.94445686,-89.52371559,-207.1413441,36.49952613,-77.90238427,-180.2517297,-12.48709309,-28.89282721,61.66710549,4537.740309,3948.683172,727.361379,101.4550076,-1552.4362,462.1687058,-3592.050653,2474.331691,550.7766743,88.28484093,-1175.544471,402.1732552,-2719.992799,2153.131569,-30.20370793,64.46497014,-69.88580195,345.1287734,-318.3581708,-736.6220108,632.9405038,-1350.909986,-3125.756214,-216.5394412,-501.032275,1069.373029,-188.4298327,-435.9918325,930.5546367,149.1600351
1992,244.6277219,13.1669673,11.44501705,-1.553582575,4.328185854,-3.584169915,173.369028,130.9884153,2.413618817,18.73319279,12.84627398,2282.744323,1499.164647,-3.749756136,81.08074004,-46.04322873,150.6961653,-20.45597097,56.98908163,-47.19264809,-17.78077906,49.53616091,-41.0208858,-6.724194124,5.568303926,-15.51295353,1984.211482,1724.720182,-269.3431009,31.78004005,750.3733745,246.659337,-621.3840544,169.1464695,-203.5013196,27.62390852,566.9422064,214.4017109,-469.4847375,147.0258248,10.44659082,-29.10356189,-8.650819951,-19.95774741,-67.14294601,55.60106133,-234.1189366,652.2410111,-540.1206622,-88.53724418,73.31767573,-204.2585519,-76.95851642,63.72933339,-177.5460177,24.10065428
2006,259.243275,14.90747587,13.24188975,-0.031520261,-1.274700679,-7.491879955,222.2328369,175.3476441,0.000993527,1.62486182,56.12826526,3312.930654,2321.934172,-3.13E-05,-2.071212465,-420.5062254,197.403152,-0.469887537,-19.00256961,-111.6850197,-0.417387827,-16.87944585,-99.20664838,0.040178899,0.236146015,9.549904463,2942.782725,2613.990774,-7.004837121,0.014810978,-283.280348,24.22258838,-1664.941736,836.7307601,-5.527003587,0.013156173,-223.515761,21.51624108,-1313.6835,743.2443004,-0.001266449,-0.051216069,-0.007443384,-1.769177595,-12.1732697,-71.54673781,-6.22219896,-251.6299318,-1478.920717,0.598965962,3.520341019,142.3649704,0.532044546,3.127019494,126.458782,-0.301015485
1967,322.5770575,17.4015999,17.12558817,2.36162862,7.19004791,-3.376514205,302.8156789,293.2857703,5.57728974,51.69678895,11.40084817,5269.477287,5022.691319,13.17148707,371.7023893,-38.49512581,298.0126334,41.09611635,125.118337,-58.75674923,40.44427917,123.1337995,-57.82479173,16.98022292,-7.974072582,-24.2772989,5185.89661,5103.641629,715.138174,97.05376455,2177.259239,899.6068372,-1022.461441,198.3929984,692.632069,95.5143672,2108.73874,885.3379174,-990.2835694,195.2462307,40.10098044,122.0886164,-18.83179803,26.92456934,-174.5549422,81.97264459,703.7951641,2142.725112,-1006.24389,295.4830455,-138.7616206,-422.463842,290.7963049,-136.5606831,-415.7630229,-57.3339639
1964,422.378973,17.98717809,16.63626143,2.216956455,1.864789857,-10.13987874,323.5385755,276.7651945,4.914895925,3.477441213,102.8171409,5819.545976,4604.338132,10.89611025,6.484697103,-1042.553341,299.2393971,39.87679057,33.54230726,-182.3878047,36.88186718,31.02313159,-168.6896737,4.134157912,-22.47966963,-18.90874303,5382.472327,4978.224842,717.2709335,88.40510827,603.3314541,62.54935438,-3280.641924,1849.390224,613.5763846,81.76549352,516.1089276,57.85162113,-2806.365512,1710.492836,9.165248071,7.709335744,-49.8364487,227.9411242,-35.26083223,191.7323615,663.4007131,558.0185927,-3034.251202,74.36183461,-404.345821,-340.1149284,68.77693184,-373.977661,-314.5707925,-41.91985993
1950,401.2072773,17.45546455,16.61893089,0.547701783,10.54456237,-1.999524335,304.6932426,276.188864,0.299977244,111.1877955,3.998097567,5318.562095,4589.963645,0.164298071,1172.426644,-7.994293381,290.091159,9.560389064,184.0602346,-34.90262615,9.102218089,175.2393533,-33.22995675,5.775275614,-1.095143044,-21.08410906,5063.675943,4821.004925,166.8810324,5.236242141,3212.856899,1940.834623,-609.2415534,69.78865035,151.2691334,4.985301081,2912.290702,1847.822289,-552.2463548,66.44410718,3.163128754,60.89775389,-0.599811799,2.189765168,-222.3227029,42.15818915,158.8834452,3058.884318,-580.044332,100.8101187,-19.11623059,-368.0329182,95.97890631,-18.20010657,-350.3953513,-11.54780413
1928,387.7152718,15.30177183,15.42276899,3.431995077,7.156864581,-4.776099815,234.1442212,237.8618033,11.77859021,51.22071063,22.81112944,3582.821449,3668.487643,40.42406359,366.5796898,-108.9482311,235.9956921,52.51560559,109.5127089,-73.08278962,52.93086724,110.3786691,-73.66068411,24.56232401,-16.39155105,-34.1818996,3611.152234,3639.707041,803.5818145,180.2332998,1675.738484,783.7676273,-1118.296172,349.0506979,816.3405377,181.6584757,1702.344715,789.9651875,-1136.051714,351.8107797,84.29777506,175.7892267,-56.2557225,78.28768393,-244.6352266,163.2561643,809.9360534,1688.98921,-1127.138981,375.8470776,-250.8197741,-523.0436285,378.819049,-252.8031052,-527.1795411,-117.3121111
1980,486.8149959,16.40064461,15.50877891,1.52414777,7.879053716,-2.667876987,268.9811437,240.5222231,2.323026424,62.07948746,7.117567619,4411.464145,3730.205981,3.540635544,489.1276164,-18.98879486,254.3539712,24.99700591,129.2215599,-43.75490234,23.63767078,122.1945021,-41.37551434,12.00884215,-4.06623876,-21.02034609,4171.569087,3944.719503,409.9670103,38.09913081,2119.31688,1018.143611,-717.6086032,116.732697,366.59141,36.0273032,1895.087516,962.7770456,-641.683704,110.3847825,18.30324998,94.61831236,-6.197548738,10.84822481,-165.620436,56.0796976,387.6730379,2004.068602,-678.5851063,196.9527523,-66.68893681,-344.7472258,186.2424778,-63.06239791,-325.9999,-32.03811361
1960,382.9015013,16.49984053,16.02548565,-1.386702095,9.127742999,0.215336533,272.2447377,256.8161904,1.9229427,83.31569225,0.046369822,4491.994758,4115.604174,-2.66654867,760.4842267,0.009985117,264.4179577,-22.88036343,150.6063039,3.553018458,-22.22257452,146.2765145,3.450872522,-12.65746034,-0.298607622,1.965536532,4362.854137,4237.426188,-377.522348,31.7282479,2484.979998,1374.695636,58.62423796,0.765094677,-356.1275492,30.81609064,2344.152184,1335.174431,55.30190808,0.743098925,17.55212676,-115.534045,0.414079814,-0.06430113,17.94091232,0.423251823,-366.6689359,2413.539163,56.93884631,-208.8460771,-4.926978138,32.43103935,-202.841949,-4.785332154,31.4986775,-2.725613627
1989,359.9016558,16.62237306,16.67808212,2.409510713,8.222431505,-4.335076627,276.3032861,278.1584233,5.805741877,67.60837985,18.79288936,4592.816299,4639.149026,13.98899725,555.9052724,-81.46861543,277.2293029,40.05178596,136.6763239,-72.05926094,40.18601755,137.1343879,-72.30076399,19.8120368,-10.44541358,-35.64487063,4608.208896,4623.653081,665.755728,96.50520736,2271.884845,1123.811712,-1197.795918,312.3824178,670.2257008,96.8286398,2287.138583,1127.578111,-1205.838079,313.4293521,47.73731491,162.9031155,-25.16833591,45.28166825,-293.0875073,154.5232456,667.9869754,2279.498954,-1201.810272,329.3230667,-173.6275612,-592.5023373,330.4267767,-174.2094654,-594.4880796,-85.88669766
1955,447.2251932,14.5885643,14.16584447,1.324164332,7.094445598,-2.3544325,212.8262084,200.6711494,1.753411178,50.33115834,5.543352397,3104.828826,2842.676292,2.32180454,357.0716647,-13.05144904,206.6593329,19.3176565,103.4977758,-34.34778992,18.75790597,100.4988129,-33.3525246,9.394211814,-3.117655538,-16.70339328,3014.862966,2927.503967,281.816874,25.57975171,1509.883957,734.2593398,-501.0849418,80.86955289,265.7215785,24.83855003,1423.650553,712.9833608,-472.466676,78.52626788,12.43948021,66.64672465,-4.128288262,7.340309523,-118.501315,39.32701201,273.6509174,1466.133394,-486.5654497,137.0480631,-45.48211829,-243.678527,133.0769434,-44.16422345,-236.6176713,-22.11803761
1973,421.547208,17.50241439,17.90324081,1.781613094,4.804665391,-3.286711457,306.3345096,320.5260313,3.174145215,23.08480952,10.8024722,5361.59353,5738.454723,5.655098676,110.9147854,-35.50460916,313.3499396,31.18253065,84.0932447,-57.52538592,31.89664824,86.01908149,-58.84278668,8.560054772,-5.855648167,-15.79154879,5484.380492,5609.979424,545.7695733,55.5552049,1471.834816,404.0399025,-1006.833142,189.069345,571.0533742,56.82748614,1540.02033,413.2929038,-1053.47658,193.3992611,15.25070566,41.12819891,-10.43249945,19.24582592,-75.87310795,51.90226434,558.2683552,1505.54161,-1029.890836,149.8216258,-102.4879808,-276.3902308,153.2527219,-104.8350792,-282.7199007,-28.13443009
1945,402.6202311,16.4489818,15.64975978,3.088021013,3.549146125,-6.082235403,270.5690022,244.9149813,9.53587378,12.59643822,36.9935875,4450.584592,3832.860625,29.44697861,44.70659988,-225.0037076,257.4226138,50.79480144,58.37984,-100.0465794,48.32678707,55.54328429,-95.18552301,10.95983781,-18.78207073,-21.58674221,4234.339889,4028.602069,835.5227643,156.8554142,960.2889256,207.1985829,-1645.664364,608.5068475,756.3026087,149.234134,869.2390567,197.1312322,-1489.63057,578.940758,33.84420947,38.8980659,-57.99942911,114.2369756,-76.61450247,131.2956477,794.9264408,913.6304723,-1565.704935,180.2781727,-308.9459396,-355.0799297,171.518829,-293.9348952,-337.8273301,-66.66031356
1981,370.486532,18.61723003,17.66893181,0.468158025,7.600425188,-2.964620476,346.601254,312.1911513,0.219171936,57.76646304,8.788974568,6452.755276,5516.084165,0.102607101,439.0496807,-26.05597397,328.9465679,8.715805636,141.4988641,-55.19302136,8.271852214,134.2913944,-52.38167704,3.558200043,-1.387910866,-22.53237614,6124.073923,5812.134478,162.2641584,4.08037435,2634.316901,1075.451531,-1027.541175,163.6263613,146.1547927,3.872533993,2372.78549,1020.671696,-925.5282797,155.2917923,1.665799903,27.04383323,-0.649761609,4.114628973,-171.2556392,66.79994369,153.9989755,2500.13378,-975.2017309,66.24382869,-25.83905586,-419.4904298,62.86959392,-24.52290245,-398.1230176,-10.54871271
2000,381.6096665,17.24491898,17.20855355,3.464957832,8.2728077,-2.151628256,297.3872306,296.1343152,12.00593278,68.43934724,4.629504152,5128.418697,5096.04322,41.60005081,566.1855588,-9.960971944,296.7601117,59.75291708,142.6638985,-37.10465495,59.62691239,142.3630543,-37.02641006,28.66492983,-7.455301177,-17.8000068,5117.604082,5106.812272,1030.434214,207.041338,2460.227371,1180.230998,-639.8667683,79.83542401,1026.092915,206.6047371,2449.862243,1177.742172,-637.1709601,79.66707009,99.32277313,237.1394522,-25.8323042,16.04103667,-147.2560333,38.29899759,1028.261273,2455.039337,-638.5174415,494.3243925,-128.5660648,-306.9596752,493.2819799,-128.2949495,-306.3123702,-61.67627298
2017,395.092461,17.28658056,16.70095773,4.217819531,5.849277052,-3.949417304,298.8258674,278.9219891,17.79000159,34.21404203,15.59789704,5165.677429,4658.264351,75.03501617,200.1274109,-61.60260446,288.7024512,72.9116771,101.113999,-68.27192037,70.4416257,97.6885288,-65.95905145,24.67119499,-16.65792944,-23.101236,4990.67818,4821.607435,1260.39358,307.5282957,1747.915289,591.4437937,-1180.188051,269.6343037,1176.442613,297.1100646,1631.49199,571.4072697,-1101.57933,260.4998191,104.0586481,144.3086547,-70.26014012,65.78911476,-135.1255296,91.2364212,1217.694837,1688.700623,-1140.206456,426.4805996,-287.9586392,-399.3413771,412.0325847,-278.2033754,-385.812766,-97.43684439
2018,401.1631811,20.11018497,20.11028456,2.783305521,6.651998805,-3.981746298,404.4195396,404.4235451,7.746789621,44.24908811,15.85430358,8132.951749,8133.072575,21.56168232,294.3448812,-63.12781457,404.4215424,55.97278885,133.7729264,-80.07365456,55.97306604,133.7735889,-80.07405109,18.514545,-11.08241645,-26.48657161,8132.992024,8133.032299,1125.623137,155.7893722,2690.198295,889.8573467,-1610.296005,318.8329776,1125.634286,155.7901437,2690.224939,889.8617533,-1610.311953,318.8345565,51.5316353,123.1587312,-30.84575089,44.12737067,-176.1886427,105.4628085,1125.628712,2690.211617,-1610.303979,372.3309246,-222.8694448,-532.6498545,372.3327684,-222.8705485,-532.6524922,-73.72022099
1971,237.3546943,18.01470744,16.94141399,-0.600102242,4.82601359,-5.332197294,324.5296842,287.0115081,0.3601227,23.29040717,28.43232798,5846.307317,4862.380781,-0.21611044,112.3998215,-151.6067823,305.1946168,-10.81066632,86.93922293,-96.05797427,-10.16658051,81.75949417,-90.33496186,-2.896101573,3.199863549,-25.73325661,5497.991734,5170.428351,-194.750991,6.48750509,1566.184666,419.5698714,-1730.456304,512.2000704,-172.2362494,6.100987756,1385.121439,394.57243,-1530.401987,481.6838391,1.737957046,-13.97662555,-1.920245288,-17.06230376,-124.1890461,137.2148012,-183.1479736,1472.873368,-1627.35791,-52.17242257,57.64460568,-463.5770893,-49.06405573,54.2102131,-435.9577536,15.44258497
1941,244.5436895,16.58949979,15.50578799,-2.335105856,5.03774601,-3.428844466,275.2115032,240.4294612,5.452719361,25.37888486,11.75697437,4565.621174,3728.048252,-12.73267691,127.8523759,-40.31283651,257.2332666,-38.73823811,83.57368636,-56.88281454,-36.20765635,78.11422158,-53.16693534,-11.76367021,8.006714793,-17.27364753,4267.371221,3988.604496,-642.6479929,90.45788668,1386.445652,421.023005,-943.6574397,195.0423238,-561.4282429,84.54871038,1211.222559,393.5196081,-824.3952275,182.301152,27.4694152,-59.26238267,-18.6965266,-27.45377971,-87.0202489,59.22865073,-600.6669073,1295.875862,-882.0128626,-195.1534045,132.8273934,-286.561172,-182.4049763,124.1504221,-267.8415164,40.3357955
1938,254.7409089,15.36423886,14.63043698,-3.11025265,0.357306318,-6.858358524,236.0598358,214.0496862,9.673671546,0.127667805,47.03708164,3626.879703,3131.640445,-30.08756256,0.045616513,-322.5971698,224.7855284,-47.78666463,5.489739615,-105.3734586,-45.50435539,5.227547567,-100.3407822,-1.111312922,21.33122777,-2.450534831,3453.658551,3288.710507,-734.2057298,148.6286003,84.34567073,1.961518648,-1618.982987,722.6889577,-665.7486038,141.5300419,76.48130523,1.867835773,-1468.02949,688.1730587,3.456463961,-0.397079128,-66.34550771,-146.2972078,-0.875591577,16.80664645,-699.1397854,80.31728947,-1541.659745,-17.07447718,327.7380787,-37.65060248,-16.25899367,312.0851836,-35.85239541,7.621782452
1959,267.9799881,16.7867323,14.35031412,0.060015151,1.315470039,-9.821772229,281.7943814,205.9315153,0.003601818,1.730461424,96.46720972,4730.406845,2955.181932,0.000216164,2.276370157,-947.4789615,240.8948816,1.007458279,22.0824434,-164.8754611,0.861236273,18.87740828,-140.9455167,0.078948133,-0.589455147,-12.9202471,4043.83789,3456.91722,16.91193244,0.060462761,370.6920659,29.04879268,-2767.720229,1619.369226,12.35901105,0.051687225,270.8967385,24.832665,-2022.612438,1384.334762,0.004738084,0.103853904,-0.03537624,5.78949419,-16.99619796,126.8997242,14.45734277,316.8899993,-2366.014658,1.325281182,-9.895025751,-216.8887293,1.132930514,-8.458866514,-185.4096044,-0.775410585
1960,297.000448,15.30316546,14.51685732,-4.164894221,6.049839248,-1.949675845,234.1868731,210.7391466,17.34634387,36.60055493,3.801235902,3583.800467,3059.270124,-72.24568735,221.4274737,-7.411177821,222.1538696,-63.73606538,92.58169101,-29.83621205,-60.46117518,87.8246532,-28.30316608,-25.19694052,8.120193661,-11.79522545,3399.657424,3224.976029,-975.3635543,265.4539704,1416.792936,560.1043479,-456.5884897,58.17094196,-877.7062537,251.8143991,1274.93796,531.3250339,-410.8730238,55.18199925,104.942592,-152.4374397,-33.81974765,-15.83174544,-71.35921787,22.99686615,-925.2473676,1343.995199,-433.1280335,-385.5929499,124.2646672,-180.5042867,-365.7803906,117.8796928,-171.229605,49.12586631
1975,235.2805789,16.39336141,16.00458449,0.770265807,2.713189692,-3.752092154,268.7422983,256.1467248,0.593309414,7.361398303,14.07819553,4405.589622,4099.521899,0.457005955,19.97286999,-52.82268701,262.3689378,12.62724576,44.47829919,-61.50940273,12.32778419,43.42347366,-60.05067591,2.089877248,-2.890108292,-10.18013776,4301.10882,4199.105833,207.0030033,9.726335648,729.1488335,120.6780629,-1008.345869,230.7889474,197.3010637,9.495670643,694.9746532,117.8161211,-961.0861163,225.3156699,1.609760985,5.670233406,-2.226151597,10.84395265,-27.62064482,38.196815,202.0938217,711.8566974,-984.432433,34.26011303,-47.37858974,-166.8866774,33.44761699,-46.25498235,-162.9288748,-7.841412026
1981,247.0806227,16.74512526,15.81580481,-1.64215053,3.489452311,-5.821617762,280.3992198,250.1396818,2.696658363,12.17627743,33.89123336,4695.320057,3956.160383,-4.428318959,42.48853942,-197.3018061,264.8376326,-27.49801631,58.43131602,-97.48371861,-25.97193225,55.18849664,-92.0735702,-5.730205961,9.559972692,-20.31425755,4434.739329,4188.620303,-460.4577274,45.15588205,978.4397055,203.8932907,-1632.377078,567.5129477,-410.767011,42.6498223,872.8504907,192.5776271,-1456.217614,536.0171316,9.409860755,-19.99528043,-15.69891422,-55.65450682,-70.88563296,118.2618426,-434.9032586,924.1382889,-1541.783466,-95.95301656,160.0829402,-340.1647872,-90.62781901,151.1986621,-321.2863323,33.3590688
1970,296.9876471,15.9349055,15.44842875,-1.305166535,1.579645964,-6.318866808,253.9212133,238.653951,1.703459685,2.495281371,39.92807773,4046.210538,3686.828559,-2.223298575,3.941661147,-252.3002051,246.1692523,-20.7977054,25.17150916,-100.6905454,-20.16277223,24.40304813,-97.61656369,-2.06170105,8.247173499,-9.98157245,3922.683773,3802.928156,-331.4094702,27.1444691,401.1056197,39.76207285,-1604.494326,636.2501455,-311.4831504,26.31577558,376.9887505,38.54817649,-1508.022529,616.8260642,2.690863216,-3.256757742,-10.76393486,-52.11279088,-15.76735063,63.07222684,-321.2918702,388.8602659,-1555.510718,-32.8530114,131.4179303,-159.0554137,-31.85004178,127.4058722,-154.1996108,13.02761433
1987,268.5994316,17.17886608,15.6302156,-1.922600139,3.342326366,-4.20117034,295.1134398,244.3036398,3.696391293,11.17114554,17.64983223,5069.714261,3818.518562,-7.106682414,37.33761427,-74.14995167,268.5093806,-33.02809031,57.41737704,-72.17134266,-30.05065469,52.24128172,-65.6651982,-6.425957135,8.077170679,-14.0416824,4612.686691,4196.859511,-567.3851403,63.49981101,986.3654308,191.9076131,-1239.82183,303.2041042,-469.6982117,57.77539287,816.5424966,174.6074133,-1026.361206,275.8706831,12.35454608,-21.47764596,-15.52916947,-33.93356989,-46.9318853,58.99149961,-516.2361725,897.4459825,-1128.053646,-110.3906571,138.7566334,-241.2201814,-100.4390955,126.2479192,-219.4745233,26.99654052
1999,252.5301077,16.27566818,15.76702606,1.156959131,6.438100921,-3.840377687,264.8973747,248.5991107,1.338554431,41.44914348,14.74850078,4311.381773,3919.668657,1.548652771,266.8537688,-56.63981329,256.6188843,18.83028291,104.7843943,-62.50471291,18.24180477,101.509705,-60.55133506,7.448619647,-4.443160031,-24.72473912,4176.64381,4046.116636,306.4754364,21.78586776,1705.436032,674.6125056,-1017.305967,240.0417048,287.6190111,21.10502259,1600.506164,653.5297253,-954.7144778,232.539996,8.617748514,47.95496501,-5.140554568,17.06341264,-159.1803657,94.95233643,296.8975614,1652.138276,-985.5134373,121.2312618,-72.31539833,-402.4116498,117.4425801,-70.05541999,-389.835606,-28.60551269
1998,265.2427299,16.30034894,15.71816073,-1.136234026,2.696439905,-3.80948784,265.7013755,247.0605766,1.291027761,7.27078816,14.5121976,4331.025135,3883.337853,-1.46690967,19.60524333,-55.2840403,256.2115045,-18.52101109,43.95291134,-62.09598107,-17.85950904,42.38307581,-59.87814216,-3.063786768,4.328469704,-10.27205503,4176.336926,4027.173608,-301.8989435,21.04420299,716.4477918,118.5163841,-1012.186159,236.5538848,-280.7186336,20.29258185,666.1839978,114.2834169,-941.1742624,228.1050544,3.481178773,-8.261316901,-4.918154556,-16.4892527,-27.69797908,39.13126872,-291.1162292,690.8589249,-976.034611,-49.94079339,70.55556655,-167.4380813,-48.15709285,68.03558251,-161.4578119,11.67145844
1992,241.2648374,13.85824162,11.6855121,-2.177896084,5.168587401,-4.009664826,192.0508607,136.551193,4.743231352,26.71429572,16.07741201,2661.48723,1595.670618,-10.33026499,138.0751723,-64.46503343,161.9406501,-30.18181014,71.62753301,-55.56690395,-25.44983104,60.3975906,-46.85498683,-11.25664626,8.732633322,-20.7243031,2244.212656,1892.359425,-418.2668174,65.73284612,992.6316588,370.2131647,-770.0595807,222.8046602,-297.3943085,55.42708735,705.7767757,312.1702258,-547.5245154,187.8727926,24.51580581,-58.18096004,-19.01876791,-35.01493266,-107.1153719,83.09750917,-352.6899076,837.0044036,-649.3277283,-155.9973237,121.0189425,-287.2023997,-131.5396761,102.0452923,-242.1740946,45.13537856
2008,240.6498022,16.82647932,14.98732019,-2.363724134,1.916681374,-5.456428524,283.1304062,224.6197665,5.587191782,3.673667489,29.77261223,4764.087925,3366.448361,-13.20658006,7.041250051,-162.4521306,252.1838332,-39.77315525,32.2509995,-91.8124817,-35.42589044,28.72591745,-81.77724137,-4.530506021,12.89749179,-10.45823492,4243.366054,3779.559855,-669.2421743,94.01276696,542.670776,61.81489003,-1544.880824,500.968244,-530.939163,83.73703219,430.5245226,55.05843093,-1225.621701,446.2116724,10.70886642,-8.683536505,-30.48611261,-70.37424207,-20.04510408,57.06461132,-596.0930127,483.3560559,-1376.023061,-76.23246586,217.0193788,-175.9752736,-67.90014436,193.2988391,-156.7409154,24.72038228
2018,244.0257325,18.21825165,18.20362375,-0.74531948,3.392930544,-7.595339387,331.9046931,331.3719176,0.555501127,11.51197768,57.6891804,6046.723221,6032.16971,-0.414025811,39.05934069,-438.1689041,331.6381984,-13.57841784,61.81326248,-138.3738043,-13.56751538,61.76363104,-138.2627005,-2.528817227,5.660954399,-25.770459,6041.868153,6037.016984,-247.3750331,10.12025931,1126.129571,209.7281063,-2520.928788,1050.996006,-246.9779452,10.1121335,1124.321901,209.5597103,-2516.882178,1050.152135,1.88477674,-8.580101212,-4.219219586,-42.99686991,-87.43737749,195.7353823,-247.1764094,1125.225373,-2518.90467,-46.07062862,103.1326918,-469.4927071,-46.03363734,103.0498839,-469.1157395,19.20722509
2017,254.8962426,16.16035845,14.06137819,3.125491211,1.293665333,-6.978874985,261.1571852,197.7223565,9.768695309,1.673569993,48.70469606,4220.393724,2780.248832,30.53197133,2.165039483,-339.903985,227.2369118,50.50905829,20.90609549,-112.7811213,43.94871394,18.19071749,-98.13260049,4.043339628,-21.81241243,-9.028328631,3672.229947,3195.264155,816.2444869,157.8656178,337.8499969,27.04549098,-1822.583347,787.0853464,617.9794876,137.3613191,255.7865582,23.5327006,-1379.879608,684.8551508,12.63742247,5.230728305,-68.17450333,152.2260995,-11.67963576,63.00757684,710.2269706,293.9685151,-1585.857999,65.34181771,-352.4964034,-145.9010269,56.85492765,-306.7125803,-126.9507433,-28.21796178
1970,437.7910731,17.37337525,16.74676774,0.529208123,5.073009212,-3.997310827,301.8341674,280.4542299,0.280061237,25.73542246,15.97849385,5243.878252,4696.70185,0.148210682,130.5560352,-63.87100648,290.9478802,9.194131299,88.13529266,-69.44678098,8.862525519,84.95650703,-66.94203603,2.684677681,-2.115409359,-20.27839465,5054.746699,4872.436574,159.7330931,4.865608965,1531.207512,447.1111515,-1206.524985,277.6003695,148.4186565,4.690120492,1422.746892,430.9851427,-1121.06273,267.5881254,1.420753236,13.61939461,-1.119491816,8.455948735,-102.8724829,81.0590465,153.9719815,1475.981276,-1163.009112,46.64191277,-36.75180059,-352.3041596,44.9596736,-35.42626922,-339.5975654,-10.73149116
1967,210.2622687,17.39943486,16.9514283,2.629394452,7.450119068,-2.871686917,302.7403336,287.3509213,6.913715186,55.50427413,8.246585747,5267.510715,4871.008539,18.17888436,413.5134511,-23.68161239,294.9452725,45.74997751,129.6278615,-49.96572946,44.57199153,126.2901592,-48.67919486,19.58930175,-7.550797647,-21.39440945,5131.881058,4999.743639,796.0237537,120.2947371,2255.451532,965.7430024,-869.3754551,143.4859316,755.5589184,117.1973473,2140.798578,940.8767231,-825.1818812,139.791407,51.50800134,145.9426305,-19.85402544,21.68352681,-159.3908978,61.43804572,775.5274633,2197.377399,-846.9904802,340.8427798,-131.3796118,-372.2506338,332.066644,-127.9968049,-362.6657978,-56.25434153
1988,328.4092924,15.27291803,12.40544055,1.761731177,8.606530608,-0.795188707,233.2620252,153.8949553,3.103696742,74.0723691,0.632325079,3562.59179,1909.134719,5.467879315,637.5061119,-0.502817762,189.4672767,26.90677587,131.4468365,-12.14485194,21.85505139,106.7678038,-9.864666228,15.1623933,-1.400908736,-6.843815942,2893.718186,2350.425038,410.9449823,47.40250593,2007.576759,1131.301222,-185.4873281,9.657449102,271.1215408,38.50272542,1324.501643,918.9003715,-122.3755305,7.844271179,26.712061,130.495602,-2.468024598,1.113986806,-58.90151138,5.442125147,333.7904085,1630.655916,-150.6622387,231.57399,-21.3959643,-104.5250399,188.0961687,-17.37889005,-84.90055183,-12.05696392
1953,327.9151848,19.89798795,17.83872562,0.397651459,8.015429393,-1.049337247,395.9299245,318.2201316,0.158126683,64.24710835,1.101108657,7878.208866,5676.641612,0.062879306,514.9681606,-1.155434326,354.9547473,7.912463945,159.4909175,-20.87969989,7.093595273,142.9850456,-18.71883922,3.187347195,-0.417270487,-8.410888609,7062.885285,6331.940343,157.4421122,3.146402834,3173.548354,1278.388188,-415.4640168,21.90984679,126.5406997,2.820778512,2550.670996,1146.086537,-333.9202367,19.6423752,1.267453263,25.54795639,-0.165928218,0.437857464,-67.41688377,8.825858694,141.1482733,2845.114715,-372.4672372,63.42179607,-8.30284313,-167.3597602,56.85821205,-7.443573732,-150.0395341,-3.344602129
1999,349.1230647,18.4519553,17.63601976,3.504491069,9.427695131,0.01353154,340.4746546,311.0291929,12.28145765,88.88143549,0.000183103,6282.423108,5485.31699,43.04025864,837.9470766,2.48E-06,325.4190483,64.66471256,173.9594092,0.249683371,61.80527372,166.2670176,0.238642507,33.03927339,0.047421161,0.127571234,6004.617734,5739.096765,1193.190386,226.6169076,3209.891243,1640.036275,4.607146404,0.003378601,1089.999028,216.5960298,2932.288407,1567.514752,4.208703962,0.003229201,115.7858385,311.4841968,0.166187035,0.000641681,1.202702699,0.001726235,1140.428148,3067.951577,4.403420866,609.6391958,0.875013144,2.353938702,582.6812782,0.836320533,2.249848798,0.447072249
2003,334.9970086,15.25432569,14.71750813,1.154580932,6.599318273,-2.355984688,232.6944522,216.6050455,1.333057128,43.55100166,5.55066385,3549.59696,3187.886518,1.539122341,287.4069211,-13.07727904,224.5056623,17.61235357,100.6681503,-35.93895775,16.99255425,97.12552032,-34.6742238,7.61944704,-2.720174996,-15.5478928,3424.682492,3304.16391,268.6645775,20.33488759,1535.624751,664.3411635,-548.2245665,84.67163416,250.0880553,19.61927912,1429.445635,640.962221,-510.3181706,81.69194034,8.797268263,50.28315608,-3.140662182,6.40869064,-102.6054931,36.63059737,259.2099568,1481.58432,-528.9319028,116.2295267,-41.49443532,-237.1726206,112.1392737,-40.03419762,-228.8262387,-17.95130056
1966,284.3975459,14.86179788,13.72649351,1.78589692,9.78489474,-1.22121381,220.8730363,188.4166241,3.18942781,95.74416507,1.49136317,3282.570422,2586.299567,5.695989304,936.8465772,-1.821273298,204.0003721,26.54163907,145.4211279,-18.14943281,24.51410249,134.3122941,-16.76298344,17.47481338,-2.180961982,-11.94944859,3031.812298,2800.209784,394.4564752,47.40063147,2161.219411,1422.93043,-269.7332021,22.16433799,336.4926686,43.77966013,1843.636834,1314.23166,-230.0969833,20.47118687,31.2082154,170.9892095,-3.894973288,2.663420892,-116.9240966,14.59283163,364.3236364,1996.122168,-249.1280717,259.7071445,-32.41301617,-177.5902897,239.8679125,-29.93696049,-164.0240284,-21.34048343
1967,270.9401665,16.63600005,16.5657943,1.359213987,5.117755597,-4.655922752,276.7564976,274.4255409,1.847462664,26.19142235,21.67761667,4604.121108,4546.077061,2.511097094,134.0412983,-100.9293087,275.5885548,22.61188396,85.13898236,-77.45593113,22.51645933,84.77968651,-77.1290586,6.956124992,-6.328395329,-23.82787472,4584.691211,4565.343311,376.1713027,30.73438896,1416.372115,435.7205035,-1288.556874,360.628832,373.0030337,30.60468647,1404.442848,433.8817152,-1277.704119,359.1069387,9.454862388,35.59974761,-8.601643449,29.46451979,-121.9452392,110.9407441,374.5838185,1410.394869,-1283.119023,115.7220957,-105.279185,-396.400525,115.2337358,-104.8348953,-394.7276713,-32.38718061
1971,280.388479,18.29797813,17.78574672,0.06780633,7.140567874,-3.721319626,334.8160037,316.3327866,0.004597698,50.98770956,13.84821976,6126.455914,5626.214822,0.000311753,364.0812008,-51.53365198,325.4432046,1.240718752,130.6579548,-68.09262514,1.20598622,127.0003317,-66.18644835,0.484175705,-0.252329028,-26.57233537,5954.952641,5788.250411,22.7026446,0.084128586,2390.7764,932.9719945,-1245.957366,253.3944223,21.44936547,0.0817735,2258.795733,906.8544883,-1177.175407,246.3009292,0.032830178,3.457289485,-0.017109505,0.938996966,-189.7415643,98.88415313,22.06710948,2323.849292,-1211.078185,8.859436462,-4.617111043,-486.2200115,8.61142646,-4.48786019,-472.6088268,-1.801772554
1987,277.1243548,17.35711255,16.43830068,-0.600528657,4.489970222,-3.279516112,301.269356,270.2177294,0.360634667,20.15983259,10.75522593,5229.166118,4441.920286,-0.216571452,90.51704803,-35.27193671,285.3214351,-10.42344348,77.93291848,-56.92293025,-9.871670627,73.80748058,-53.90967195,-2.696355786,1.969443405,-14.72492968,4952.35626,4690.199541,-180.9208816,6.259576511,1352.690437,349.9164833,-988.0177069,186.6796669,-162.27349,5.928221101,1213.269558,331.3933899,-886.1833973,176.7976377,1.619238918,-12.10655719,-1.182707202,-6.458821378,-66.1144958,48.29064414,-171.3436981,1281.084747,-935.7162433,-46.80095084,34.18385083,-255.5822618,-44.32350716,32.37430287,-242.0528217,8.842742242
1981,278.1235866,17.49637837,16.65701672,-0.721489231,5.746701245,-4.285924263,306.1232561,277.4562059,0.52054671,33.0245752,18.36914679,5356.048317,4621.592661,-0.375568845,189.7823675,-78.72877189,291.437467,-12.62344857,100.5464594,-74.98815257,-12.01785818,95.72289872,-71.3907121,-4.14618306,3.092248199,-24.6299263,5099.100195,4854.478761,-220.8646325,9.107682196,1759.198897,577.8104633,-1312.021091,321.3935425,-200.1816646,8.670755249,1594.457924,550.0909013,-1189.156285,305.9751851,2.991426426,-23.82687536,-2.231023774,-13.25314158,-141.5408281,105.5619987,-210.2689939,1674.804055,-1249.078911,-72.54318761,54.1031445,-430.9345098,-69.06304055,51.50762994,-410.2610941,17.77022657
1952,266.1538512,17.23983229,15.94618902,-4.932330413,1.707323573,-8.0473195,297.2118172,254.2809441,24.3278833,2.914953781,64.75935114,5123.881882,4054.811998,-119.9931587,4.976769304,-521.1391893,274.9096242,-85.03254909,29.43397205,-138.7344385,-78.65187305,27.2253044,-128.3240778,-8.421083981,39.69203871,-13.73937828,4739.395815,4383.76083,-1465.946885,419.408628,507.4367416,50.25331431,-2391.758453,1116.440353,-1254.197634,387.9370255,434.1398499,46.48240397,-2046.28,1032.664854,41.53556863,-14.37751519,-195.7742497,-319.4145172,-23.45756441,110.5651668,-1355.9451,469.3596818,-2212.28558,-145.1780755,684.2840905,-236.8645772,-134.2841969,632.9367517,-219.090723,67.76715334
1953,281.3648278,16.08776131,14.74249946,-1.634110847,3.005643108,-3.979972832,258.8160639,217.3412904,2.67031826,9.033890493,15.84018374,4163.77106,3204.153857,-4.363596034,27.1526507,-63.04350094,237.1738125,-26.28918526,48.3540689,-64.02885293,-24.09087829,44.31069191,-58.67474734,-4.911554005,6.503716775,-11.96237791,3815.595684,3496.534803,-422.9341375,42.95944279,777.9087188,145.3350739,-1030.080903,254.8330951,-355.1597602,39.36716552,653.2503516,133.1821257,-865.0124311,233.5239003,8.026023676,-14.76237845,-10.62779413,-25.88461607,-35.95463873,47.60993909,-387.5682996,712.8598348,-943.94533,-79.01590849,104.6302431,-192.4478805,-72.40858228,95.88104107,-176.3553499,19.5478515
1983,345.3847846,15.39801652,12.98437956,0.074073341,6.534461996,-1.442956925,237.0989126,168.5941126,0.00548686,42.69919358,2.082124688,3650.852972,2189.089949,0.00040643,279.0162577,-3.004416237,199.9336909,1.140582531,100.6177537,-22.21867456,0.961796377,84.84593477,-18.7359004,0.484029433,-0.106884641,-9.428947188,3078.582275,2596.01493,17.56270865,0.084486759,1549.313834,657.4828879,-342.1235179,32.06059033,12.48832922,0.071243471,1101.671821,554.4225363,-243.2740422,27.03509723,0.035853677,3.162871933,-0.007917302,0.154229932,-61.61309706,13.60556464,14.8097565,1306.459105,-288.4957039,7.4530932,-1.645811461,-145.1870845,6.284821873,-1.387830743,-122.4290291,-0.698433622
1951,283.2017503,13.68722565,13.23552011,-3.851178586,-2.325110786,-11.09181647,187.3401461,175.1789927,14.8315765,5.406140167,123.0283926,2564.166853,2318.585081,-57.11904981,-12.56987481,-1364.608352,181.1575504,-52.71195034,-31.824316,-151.8161949,-50.97235163,-30.77405057,-146.80596,8.954416869,42.71656607,25.78970211,2479.544272,2397.714402,-721.4803589,203.0031344,-435.5865943,73.99506038,-2077.942518,1683.917372,-674.6455853,196.3036291,-407.3105653,71.55307692,-1943.053236,1628.344765,-34.48505849,-20.82001124,-164.5091245,-473.8043112,-59.96391455,-286.0546427,-697.6700789,-421.2113745,-2009.366302,122.5611243,584.671279,352.9894724,118.5163646,565.3759694,341.340121,-99.32074852
1927,244.5572104,12.46732078,11.39765918,-2.821210648,0.793892295,-7.749825114,155.4340874,129.9066347,7.959229518,0.630264976,60.05978931,1937.846628,1480.631547,-22.45466306,0.500362508,-465.4528635,142.0982731,-35.17293813,9.897709904,-96.61955569,-32.15519743,9.048513799,-88.32986533,-2.239737395,21.86388913,-6.152526444,1771.584753,1619.587686,-438.5123025,99.23026757,123.3979244,7.857715629,-1204.586994,748.7846593,-366.493981,90.71658536,103.1318763,7.183545384,-1006.7537,684.5410087,6.318770987,-1.77811026,-61.68263681,-169.4413171,-4.884443337,47.68100395,-400.8891611,112.8107241,-1101.236766,-27.92352457,272.5841193,-76.70552079,-25.52776347,249.1971566,-70.12439949,17.35757311
1986,217.6704035,14.49493618,14.27624139,0.728661008,-2.556417817,-11.34253444,210.1031748,203.8110681,0.530946865,6.535272055,128.6530875,3045.43211,2909.656005,0.386880278,-16.70688592,-1459.252076,206.9332078,10.56189481,-37.05511311,-164.4093128,10.40254044,-36.49603784,-161.9287596,-1.862761984,-8.264862583,28.99625714,2999.48364,2954.228424,153.0939912,7.696040924,-537.1114996,94.72835136,-2383.102497,1864.818293,148.5091784,7.579925608,-521.0262458,93.29912138,-2311.734059,1836.682533,-1.357322026,4.761997926,-6.022283103,93.74448849,-74.12654837,-328.8910452,150.7841598,-529.0077392,-2347.147036,-27.00061608,-119.7986557,420.2988966,-26.59323973,-117.9911732,413.9575661,21.12844196
1936,317.6428046,12.22718968,10.50833267,-0.806938404,-0.730759401,-8.756231563,149.5041674,110.4250554,0.651149588,0.534009302,76.67159119,1828.015812,1160.383217,-0.525437609,-0.390232318,-671.3542067,128.4873767,-9.866588921,-8.935133806,-107.0641042,-8.47957719,-7.679062887,-92.01339418,0.589677825,7.065739521,6.398698534,1571.039526,1350.188098,-120.6406542,7.961729515,-109.2515758,6.52943303,-1309.093109,937.4780882,-89.10621799,6.842496483,-80.69414739,5.611547397,-966.9073558,805.6905863,-0.475833683,-0.430912614,-5.701616571,-61.86925141,-4.675909109,-56.02848606,-103.6813987,-93.89335846,-1125.065223,7.210102612,86.39413733,78.23810065,6.19653075,74.24914143,67.23965283,-5.163355582
1939,198.0914132,16.40852343,15.0128273,-0.529283991,2.878732387,-6.125837243,269.2396413,225.3849835,0.280141543,8.287100157,37.52588193,4417.824963,3383.665833,-0.148274434,23.85634362,-229.8774451,246.3383285,-8.684768772,47.23574783,-100.515944,-7.946049151,43.21791217,-91.96613659,-1.523666967,3.242307585,-17.63464607,4042.048236,3698.234783,-142.5042319,4.596709078,775.0688752,135.9790771,-1649.318222,615.744313,-119.2926636,4.205716608,648.8230515,124.4128035,-1380.671726,563.3695846,0.806452534,-4.386229446,-1.716101499,-19.86184856,-50.76542678,108.0269717,-130.3829337,709.1421245,-1509.028507,-25.00112514,53.20147999,-289.3585033,-22.87454904,48.67620382,-264.7458959,9.333735854
1960,257.515792,14.10020659,12.77471283,-3.986819179,5.738919153,-2.051620392,198.8158258,163.1932879,15.89472717,32.93519304,4.209146234,2803.344217,2084.747388,-63.36940312,189.0124101,-8.635570249,180.12609,-56.21497405,80.91994564,-28.92827137,-50.93047011,73.31304412,-26.20886135,-22.88003295,8.179439529,-11.77408356,2539.81508,2301.059072,-792.6427474,224.1189367,1140.987951,464.3930259,-407.8946025,59.34983146,-650.6221299,203.0505751,936.5530852,420.7376331,-334.8106772,53.7706344,91.21855417,-131.3066593,-32.60994639,-16.78110493,-67.57051367,24.15594994,-718.1301502,1033.729068,-369.5503594,-322.6131913,115.3317871,-166.0170106,-292.2858504,104.4899911,-150.4105363,46.94114217
1987,257.6759641,16.2361691,14.24377059,-3.08557615,2.664253458,-4.469662849,263.6131871,202.8850008,9.52078018,7.098246491,19.97788598,4280.068283,2889.847408,-29.37709225,18.91152776,-89.29441478,231.264268,-50.09793615,43.25726968,-72.57020184,-43.95023884,37.94901507,-63.66485226,-8.22075693,13.79148509,-11.9083147,3754.845763,3294.075181,-813.398563,154.580997,702.3323454,115.2483304,-1178.262069,324.3643351,-626.0171196,135.6118088,540.5370649,101.1057946,-906.8275505,284.5604249,25.36577152,-21.90218008,-42.55467746,-61.64328852,-31.72676863,53.22615182,-713.5835098,616.1466259,-1033.673307,-133.4735997,223.920884,-193.3454112,-117.0945758,196.4427497,-169.6193028,36.74401184
1969,208.7667705,12.81840196,12.00636729,0.268760793,1.790362603,-6.566952673,164.3114289,144.1528556,0.072232364,3.20539825,43.12486741,2106.209943,1730.752131,0.019413227,5.738825153,-283.1989633,153.9024421,3.445083872,22.94958751,-84.17783904,3.22684079,21.495751,-78.84524579,0.481179272,-1.764939405,-11.75722648,1972.783366,1847.809247,44.16046987,0.925903472,294.1770376,41.08808322,-1079.025377,552.7918851,38.74263572,0.867248288,258.0858817,38.48518871,-946.6449803,517.7729976,0.129322123,0.861485374,-0.474346513,11.59027354,-21.0496986,77.20914986,41.36294232,275.5411768,-1010.670054,6.167949327,-22.62370274,-150.708855,5.777215075,-21.19051075,-141.1615795,-3.159881507
2000,252.823531,14.84641523,13.48058951,0.464930389,2.888603972,-5.05172772,220.4160453,181.7262935,0.216160267,8.344032908,25.51995295,3272.388133,2449.777565,0.100499477,24.1026066,-128.9198537,200.1384294,6.902549617,42.88541402,-75.00004737,6.26753573,38.9400844,-68.10026769,1.34299977,-2.348701736,-14.59244076,2971.338228,2697.984012,102.4781178,3.209205082,636.694664,123.8789773,-1113.481846,378.8798183,84.49007639,2.913967828,524.9352931,112.4824825,-918.031754,344.02401,0.624401406,3.879394469,-1.091982813,11.86500166,-42.15178233,73.71703747,93.05043794,578.1206622,-1011.044852,19.93873224,-34.86980124,-216.6454348,18.1044286,-31.66188398,-196.7147037,-6.784469164
1996,271.3644044,14.95958738,15.05570796,-4.106446005,0.853217927,-8.21030481,223.7892546,226.674342,16.86289879,0.727980831,67.40910507,3347.794908,3412.742694,-69.24658338,0.621126296,-553.4492996,225.2271787,-61.43073783,12.76378813,-122.8227722,-61.82545179,12.84579993,-123.6119514,-3.503693348,33.71517339,-7.005179251,3369.30566,3390.954626,-918.9784904,252.262008,190.9410039,10.89029285,-1837.377993,1008.412398,-930.8259463,253.8828795,193.4026122,10.96026679,-1861.065441,1014.891799,14.38772755,-2.989413976,-138.4495391,-276.8118502,-5.97694452,57.5146569,-924.8832483,192.1678666,-1849.183789,-52.4138068,504.3650823,-104.7945911,-52.75058382,507.6058042,-105.467933,28.76639035
1994,183.2093273,15.2890902,14.06250407,-1.446033363,1.392719877,-5.582244191,233.7562791,197.7540206,2.091012487,1.939668656,31.16145021,3573.920835,2780.916719,-3.023673818,2.701415093,-173.9508244,215.0028931,-22.10853452,21.29341982,-85.34743495,-20.33485005,19.58512894,-78.50033164,-2.013919408,8.072111341,-7.774502445,3287.198625,3023.479058,-338.0193784,31.96967852,325.5570163,29.65576904,-1304.884631,476.430223,-285.9589115,29.4048716,275.4159553,27.27659837,-1103.911233,438.2080203,2.912194654,-2.80482559,-11.67254231,-45.06049664,-10.82770409,43.39917111,-310.9013565,299.4388029,-1200.198651,-30.79099548,123.4152384,-118.8650691,-28.32074986,113.5140986,-109.3289722,11.24218992
1971,345.4707635,18.63130301,18.66683807,0.916278616,9.221740543,-1.843861392,347.125452,348.4508436,0.839566503,85.04049864,3.399824835,6467.39948,6504.475473,0.769276833,784.2214141,-6.268805754,347.7875164,17.07146454,171.8130424,-34.35354032,17.10402456,172.1407375,-34.41906204,8.449683664,-1.689490765,-17.00361136,6479.734603,6492.093252,318.0636288,15.64221791,3201.100854,1584.415299,-640.0512193,63.34316669,319.2780568,15.67205195,3213.323271,1587.437218,-642.4950577,63.46397966,7.742264455,77.92079042,-1.548044261,3.115186795,-156.8028922,31.35230252,318.6702643,3207.206241,-641.2719743,157.4286167,-31.47741439,-316.7994356,157.7288767,-31.53745054,-317.4036599,-15.58004549
1932,221.4413583,17.83926474,16.708346,6.319575162,11.86933954,1.998050821,318.2393665,279.168826,39.93703023,140.8812211,3.992207083,5677.15631,4664.449336,252.3850643,1672.167048,7.976632639,298.0646076,112.7365744,211.7402904,35.64375756,105.5896484,198.3170318,33.38412444,75.00918335,12.62683234,23.71554361,5317.253446,4980.166594,2011.137596,712.4472553,3777.291096,2513.217401,635.8584275,71.21803906,1764.228379,667.2817192,3313.549584,2353.892187,557.7935019,66.70317724,474.026172,890.3094658,79.79621604,25.22905272,281.4878395,47.38486138,1883.641691,3537.830033,595.548234,1338.10868,225.253405,423.067861,1253.279388,210.9734836,396.2475082,149.8721604
1925,254.7657557,18.71735023,17.02083846,1.068654528,5.856637874,-5.954461803,350.3391995,289.708942,1.1420225,34.30020719,35.45561536,6557.421494,4931.089103,1.220427515,200.8838925,-211.1191074,318.5849946,20.00238106,109.6207422,-111.451747,18.18939609,99.6848872,-101.3499325,6.258722581,-6.363262566,-34.87312651,5963.066921,5422.583731,374.3915717,21.37563509,2051.809824,642.0089908,-2086.081381,663.6351701,309.5987726,19.43818049,1696.720362,583.8182858,-1725.060829,603.4843017,6.688412224,36.65507171,-6.800129352,37.88980389,-204.2392735,207.6506998,340.457297,1865.836946,-1897.002182,117.1467025,-119.103414,-652.7325224,106.528706,-108.3080642,-593.5698531,-37.26732454
1959,368.3266884,16.75223617,16.03624843,2.328107523,4.178419812,-6.77715806,280.6374165,257.1612638,5.420084636,17.45919212,45.92987137,4701.304279,4123.901915,12.61853981,72.95183427,-311.2739979,268.643021,39.00100704,69.99787549,-113.5325523,37.33411061,67.00617817,-108.6801903,9.727810596,-15.77795266,-28.31781151,4500.371332,4308.026225,653.3540806,90.79853787,1172.620941,292.4805097,-1901.924129,769.4280522,598.6990729,86.91782376,1074.52772,279.9799424,-1742.822532,736.5428278,22.64738903,40.64687652,-36.73277028,106.929679,-118.3237046,191.9142845,625.429838,1122.503321,-1820.636215,162.9625805,-264.3159892,-474.386666,155.9975874,-253.0191686,-454.1114604,-65.92690999
1943,388.751423,18.90893956,18.60737676,3.004423399,5.254812724,-4.209297353,357.5479953,346.2344699,9.026559958,27.61305677,17.7181842,6760.853432,6442.51523,27.11960795,145.1014421,-74.58110587,351.8457625,56.81046046,99.3629362,-79.59334923,55.90443813,97.77828017,-78.32398174,15.7876823,-12.64651146,-22.11906929,6653.030258,6546.926665,1074.225563,170.6826767,1878.847755,522.1336215,-1505.02583,335.0320742,1040.234943,167.960602,1819.397298,513.8065508,-1457.403838,329.688929,47.43288212,82.96131386,-37.99547494,53.23292721,-116.2315668,93.10573981,1057.093642,1848.88359,-1481.023437,298.5283305,-239.1321208,-418.2481443,293.7673528,-235.3184034,-411.5778559,-66.45504933
1981,314.5595633,18.66840233,17.52085745,0.348160645,7.316556606,-3.073129377,348.5092455,306.9804459,0.121215835,53.53200057,9.444124169,6506.110811,5378.560633,0.042202583,391.6699125,-29.02301543,327.0864161,6.499603002,136.5884224,-57.37041563,6.100073037,128.1923453,-53.84386175,2.547337069,-1.069942707,-22.48472505,6106.180812,5730.834471,121.3372038,2.262905975,2549.887623,999.3569242,-1071.014001,176.3067096,106.8785101,2.123805365,2246.039809,937.9265512,-943.3906265,165.4691533,0.886882518,18.63773586,-0.372511943,3.288072365,-164.5107636,69.09846908,113.8786177,2393.146279,-1005.178874,47.55471328,-19.97412092,-419.7538935,44.63152968,-18.74631365,-393.9516624,-7.828296382
1999,373.1462786,17.72005807,17.64368715,3.192341176,8.586093552,-0.726544644,314.0004578,311.2996962,10.19104218,73.72100248,0.52786712,5564.106345,5492.47445,32.53328358,632.975424,-0.383519029,312.6471608,56.56847099,152.1460763,-12.87441328,56.32466898,151.4903485,-12.8189264,27.40973998,-2.319378384,-6.238180285,5540.125843,5516.248693,1002.396591,180.5858592,2696.037306,1306.340445,-228.1353509,9.353836019,993.7748382,179.80756,2672.848315,1300.710304,-226.1731271,9.313522324,87.50124156,235.3425917,-7.404247116,1.685131943,-53.56159952,4.532316476,998.0764048,2684.417771,-227.1521202,485.702184,-41.09951964,-110.5409169,483.6088771,-40.92238659,-110.0645013,-19.91439979
1998,383.7967771,18.27780253,17.82899492,0.674803494,5.821957626,-1.955831566,334.0780654,317.8730599,0.455359755,33.8951906,3.825277115,6106.212908,5667.35717,0.307278353,197.3363634,-7.48159773,325.8748485,12.333925,106.4125918,-35.74830315,12.03106806,103.7996529,-34.87051106,3.928677345,-1.319801974,-11.3867685,5956.27613,5810.021018,225.4370456,8.32297568,1944.98834,619.5296005,-653.4004258,69.91765973,214.5018513,8.118606756,1850.643485,604.317181,-621.7061645,68.20084625,2.651085197,22.87259303,-0.890606982,2.581310361,-66.29328371,22.27060127,219.9014862,1897.229559,-637.3563152,71.80758872,-24.12307985,-208.1251061,70.04436843,-23.53074268,-203.0146378,-7.683831165
2010,362.6515171,20.44349891,19.48562366,3.307801506,4.951549716,-4.114270142,417.9366478,379.6895293,10.9415508,24.51784459,16.9272188,8544.087405,7398.487275,36.19247822,121.4013264,-69.64315088,398.3543261,67.62303649,101.2270012,-84.11007717,64.45457528,96.48403428,-80.1691196,16.37874361,-13.60918897,-20.37201315,8143.756232,7762.18248,1382.451473,223.6835819,2069.43409,501.2305291,-1719.504271,346.0515791,1255.937597,213.2029412,1880.051581,477.7454925,-1562.145293,329.8374151,54.17763276,81.10016324,-45.01649577,55.99187983,-100.8730359,83.81596542,1317.67704,1972.47125,-1638.937309,334.8388271,-278.2194399,-416.4752287,319.1500339,-265.1835345,-396.9613814,-67.38657577
2013,309.7511196,18.04243601,17.35002206,0.219850249,10.09929241,1.058447971,325.5294971,301.0232657,0.048334132,101.9957072,1.120312108,5873.34512,5222.760301,0.010626271,1030.084472,1.185792078,313.0366628,3.966634057,182.2158371,19.09697979,3.814406679,175.2229462,18.36409566,2.220331956,0.23270005,10.68957556,5647.943958,5431.193007,71.56774114,0.872065487,3287.61758,1840.25102,344.5560358,20.21315951,66.18004004,0.83859826,3040.121982,1769.627771,318.6174648,19.43743979,0.488140534,22.42378167,0.051159164,0.246300896,107.9571494,11.31435957,68.82118841,3161.448793,331.3330207,40.06019723,4.19847577,192.8659831,38.52280842,4.037351011,185.4643719,2.350105854
1934,549.0383758,19.67206595,16.33144485,-2.062298847,6.312933,-4.859823294,386.9901786,266.716091,4.253076533,39.85312306,23.61788245,7612.896315,4355.859131,-8.771114829,251.5900957,-114.7787353,321.2732602,-40.56967892,124.1884343,-95.60276433,-33.68031988,103.0993171,-79.36793612,-13.01915444,10.02240797,-30.67973884,6320.108761,5246.856531,-798.0893991,83.66680204,2443.043069,783.993265,-1880.703885,464.612541,-550.0482868,69.45888485,1683.760812,650.8590814,-1296.193072,385.7141447,26.8493872,-82.18904972,-20.66920041,-48.70713173,-193.6791358,149.0981095,-662.5614739,2028.176566,-1561.331273,-256.1136648,197.1614706,-603.5338458,-212.6216028,163.6804031,-501.044463,63.27079004
1939,210.3334752,17.81569564,16.82787894,-0.302417809,4.001265763,-5.399785792,317.3990113,283.1775096,0.091456531,16.01012771,29.1576866,5654.684183,4765.276849,-0.027658084,64.06077586,-157.4452619,299.8003695,-5.387783651,71.28533303,-96.20094022,-5.089050287,67.33281586,-90.86694161,-1.210054027,1.632991391,-21.60597802,5341.152137,5045.004324,-95.98711372,1.62936173,1269.997797,285.2315625,-1713.886672,519.4644702,-85.63792214,1.53901944,1133.068474,269.4164909,-1529.097893,490.6620203,0.365941888,-4.841747751,-0.493845679,-8.817803712,-86.45126013,116.6676531,-90.66497103,1199.580954,-1618.857776,-21.55795426,29.09287761,-384.9255285,-20.36264268,27.47978144,-363.5827825,6.534032544
1956,259.4584647,17.3945091,15.70440125,-3.98041391,2.644684122,-8.947649398,302.5689467,246.6282185,15.84369489,6.994354103,80.06042974,5263.038296,3873.148502,-63.06446354,18.49785724,-716.352656,273.1703503,-69.23734597,46.00298201,-155.6399688,-62.51001717,41.53318062,-140.5174764,-10.52693746,35.61534812,-23.66370629,4751.664144,4289.976791,-1204.349644,275.593295,800.1992891,121.6633561,-2707.280854,1392.611873,-981.6823916,248.8157419,652.2537334,109.8421433,-2206.742831,1257.301113,41.90156831,-27.84042436,-141.7638271,-318.6736482,-62.58302827,211.7345473,-1087.331062,722.449288,-2444.232521,-183.1109095,619.5114969,-411.6185543,-165.3192498,559.3177175,-371.6243385,94.19134567
1940,200.0797223,16.93938844,15.42857939,-1.142959061,7.508162787,-3.323844291,286.9428807,238.041062,1.306355416,56.37250843,11.04794087,4860.636916,3672.635423,-1.49311076,423.25397,-36.72163518,261.3506994,-19.36102751,127.1836859,-56.30388955,-17.63423462,115.8402856,-51.28219552,-8.581522691,3.799017951,-24.95596401,4427.121015,4032.270014,-327.9639656,22.12886183,2154.413859,954.9158175,-953.7534557,187.1453618,-272.0711888,20.15520825,1787.251043,869.7477217,-791.2114249,170.4540328,9.80832912,-64.43146932,-4.342121991,-12.62734413,-187.3734403,82.9497385,-298.71315,1962.263595,-868.6890299,-145.3657463,64.35304075,-422.7387683,-132.4007041,58.61345006,-385.035072,28.5236452
1985,191.3908894,14.50003202,13.16408898,-1.388028739,6.591339761,-3.17910277,210.2509286,173.2932387,1.92662378,43.44575985,10.10669442,3048.645198,2281.247614,-2.674209176,286.3657643,-32.13022024,190.8797118,-20.12646116,95.57463761,-46.09709197,-18.27213383,86.76898312,-41.84999175,-9.148969017,4.412686009,-20.95454649,2767.761933,2512.75751,-291.8343314,27.93610651,1385.835306,629.964909,-668.4093097,146.5473928,-240.5359956,25.36224688,1142.234615,571.9238485,-550.9170152,133.0454247,12.69903193,-60.30396326,-6.124934997,-14.02838232,-138.1185355,66.61665681,-264.9465256,1258.153034,-606.8262205,-132.6603437,63.98408844,-303.8415952,-120.4378422,58.08899127,-275.8475146,29.08551275
1950,240.9833955,15.52245147,14.69250521,-0.802533404,6.564891616,-5.136257178,240.9464995,215.8697093,0.644059864,43.09780193,26.3811378,3740.080344,3171.666828,-0.516879555,282.9323985,-135.5003084,228.063699,-12.45728581,101.9032115,-79.72730277,-11.79122621,96.45470426,-75.46448535,-5.268544814,4.122017956,-33.71897169,3540.107699,3350.827085,-193.3676144,9.997387982,1581.787654,668.9835387,-1237.563188,409.4999312,-173.2426526,9.462852908,1417.161245,633.2146793,-1108.762344,387.6050046,4.228183202,-34.58742567,-3.3080571,-21.17174432,-221.3613945,173.1893104,-183.0287366,1497.213465,-1171.393811,-81.78073116,63.98382366,-523.4011015,-77.40812211,60.56277029,-495.4161671,27.06060112
1961,218.0528033,15.19178921,13.63030589,0.11275837,2.565886579,-8.706602885,230.7904593,185.7852388,0.01271445,6.583773936,75.80493379,3506.120007,2532.309635,0.001433661,16.89321718,-660.0034552,207.0687339,1.713001393,38.98040803,-132.2688757,1.536931079,34.97381896,-118.6736606,0.289325189,-0.981742352,-22.34015549,3145.744557,2822.410185,26.02355607,0.193155245,592.1821419,100.0193058,-2009.400878,1151.612575,20.94884075,0.173301844,476.7038507,89.73885268,-1617.558296,1033.244436,0.032623837,0.74237562,-0.110699668,8.547640796,-57.32230514,194.5068622,23.34873298,531.3148853,-1802.865236,4.395367284,-14.91442287,-339.386933,3.94359083,-13.38144857,-304.503153,-2.519039526
1982,186.0190159,13.64643495,13.43091014,1.214204972,1.917414204,-7.407853986,186.2251868,180.3893473,1.474293714,3.67647723,54.87630068,2541.309897,2422.793114,1.790094757,7.049329663,-406.5156227,183.2840415,16.56956916,26.1658682,-101.0907975,16.30787787,25.75261788,-99.49422124,2.32813386,-8.994653141,-14.20392445,2501.17375,2461.671493,226.1155477,20.11885326,357.0708183,50.17080736,-1379.528992,748.8658673,219.0296423,19.80110639,345.8810967,49.37843532,-1336.297945,737.0386633,2.826831708,4.463996932,-10.92135256,66.63107712,-27.2348065,105.2205984,222.5443945,351.4314246,-1357.741418,31.77072727,-122.744949,-193.8329311,31.26895667,-120.8063781,-190.771633,-17.24647569
1928,177.2210336,13.95442257,13.46135725,0.631116381,2.72382697,-8.571205613,194.7259094,181.208139,0.398307887,7.419233361,73.46556565,2717.287625,2439.307496,0.251378632,20.20870792,-629.6884686,187.8454675,8.806864679,38.00943255,-119.6062251,8.495683076,36.66640792,-115.3800608,1.719051821,-5.409428271,-23.34648101,2621.275032,2528.654945,122.8947113,5.558156568,530.3996836,103.5311175,-1669.035807,1025.169548,114.363425,5.361764761,493.5796161,99.87295078,-1553.172218,988.9462248,1.084921765,4.682399711,-3.413978796,46.36532195,-63.59177462,200.1074891,118.5523517,511.6585504,-1610.062125,23.98837553,-75.48544797,-325.7866616,23.14077069,-72.81824647,-314.2753214,-14.73434661
1999,271.002415,16.61046438,16.07555013,1.260428018,6.549369559,-4.111129277,275.9075269,258.4233121,1.588678789,42.89424162,16.90138393,4582.952147,4154.29691,2.002415258,280.9302403,-69.48377432,267.0223529,20.9362947,108.7880698,-68.28776642,20.2620738,105.2847187,-66.08866481,8.255008894,-5.181782528,-26.92530494,4435.365281,4292.531221,347.7615773,26.38869243,1807.020358,712.4932725,-1134.291512,280.7398358,325.7239832,25.53888552,1692.509774,689.5485317,-1062.411644,271.6990448,10.4048445,54.06510396,-6.531263882,21.30297786,-176.3437726,110.6934095,336.5624551,1748.82807,-1097.763413,137.1195312,-86.07181409,-447.2418186,132.7038093,-83.30000481,-432.8390895,-33.93740875
1961,245.0436402,14.73656301,13.19847934,-0.073624417,2.225767392,-9.073965395,217.1662894,174.1998568,0.005420555,4.954040484,82.33684799,3200.284707,2299.173211,-0.000399085,11.02654177,-747.1217094,194.5002224,-1.084970855,32.80016142,-133.7190628,-0.971730342,29.37674493,-119.7625448,-0.163870826,0.668065409,-20.19653629,2866.264783,2567.107166,-15.98874137,0.079880346,483.3616455,73.00552974,-1970.559395,1213.362149,-12.82536284,0.07154308,387.728361,65.38580096,-1580.683472,1086.721187,0.012064894,-0.364738341,-0.049185926,-6.062002402,-44.95279191,183.2626714,-14.31996541,432.9122527,-1764.888287,-2.414892751,9.844987994,-297.6275297,-2.162845709,8.817447496,-266.5635669,1.486958203
1978,198.1553449,15.51245252,14.14177536,-0.389873646,-0.031130918,-9.28867478,240.6361831,199.9898104,0.15200146,0.000969134,86.27947916,3732.857364,2828.210973,-0.059261363,-3.02E-05,-801.4220221,219.3736188,-6.047896421,-0.482916882,-144.0901265,-5.51350552,-0.440246445,-131.3583521,0.012137124,3.621409502,0.28916497,3403.022845,3102.332437,-93.81770605,2.357915428,-7.491225209,0.015033646,-2235.191245,1338.406324,-77.97075652,2.149570499,-6.225866325,0.013705276,-1857.640308,1220.145013,-0.004731945,-0.00037784,-1.411892126,-33.63809511,-0.009001971,-2.685959364,-85.52799259,-6.82930207,-2037.6902,0.188276566,56.17694295,4.485657867,0.171640487,51.21315967,4.089306048,-0.112737801
1957,279.8796363,16.12670924,15.45218612,-1.425704888,3.880286103,-4.092236774,260.070751,238.770056,2.032634426,15.05662024,16.74640181,4194.085384,3689.519346,-2.897936836,58.42399428,-68.53024134,249.1929128,-22.99192819,62.57624576,-65.99431261,-22.03025728,59.95890307,-63.23400429,-5.532142862,5.83432197,-15.87904948,4018.66165,3850.575269,-370.7841408,32.77970439,1009.148921,242.8137368,-1064.271091,270.0643529,-340.4156358,31.40864548,926.4961301,232.6576983,-977.1036037,258.7685177,7.887203116,-21.46629707,-8.318021347,-23.87542692,-61.61525504,64.98083024,-355.2755537,966.9397964,-1019.756402,-89.21525942,94.08841403,-256.0768141,-85.48370116,90.15302898,-245.3660281,22.63883846
1946,227.5544395,15.69052411,14.29803967,-1.447330159,-1.538985178,-10.13485258,246.1925469,204.4339383,2.094764591,2.368475379,102.7152369,3862.890094,2923.004559,-3.031815969,-3.645048503,-1041.003784,224.3437361,-22.70936877,-24.14748405,-159.0211489,-20.69398403,-22.00447112,-144.9085243,2.227419663,14.66847781,15.59738791,3520.070802,3207.675638,-356.3218982,32.86795432,-378.8866807,37.16262004,-2495.125171,1611.655901,-295.8834045,29.95102721,-314.620801,33.86455491,-2071.907828,1468.626532,-3.223811657,-3.427965848,-21.23013032,-148.6628602,-24.00414881,-158.0772272,-324.6994554,-345.2616848,-2273.690694,34.94938194,230.1561047,244.7311911,31.8477347,209.7304775,223.012071,-22.57456993
1983,317.2681788,16.31179839,14.37911722,-0.122020179,6.405260612,-2.039044147,266.0747666,206.7590121,0.014888924,41.02736351,4.157701032,4340.157949,2973.012073,-0.001816749,262.7909555,-8.477735954,234.5492611,-1.990368558,104.4813197,-33.26047702,-1.754542457,92.1019932,-29.31965481,-0.781571046,0.248804532,-13.06060916,3825.92026,3372.611321,-32.46649063,0.242865128,1704.278223,669.230082,-542.5381955,67.819581,-25.22877166,0.214089585,1324.345357,589.9372693,-421.5907535,59.78407053,0.095367439,-5.006166237,-0.030359173,-0.507323424,-83.65660543,26.63115866,-28.61974281,1502.349144,-478.2562981,-12.74882933,4.058449358,-213.0420234,-11.23830169,3.577589526,-187.8000301,1.593657867
1968,265.2028613,16.41869141,15.01208982,-2.005555782,3.594495034,-3.707474922,269.5734276,225.3628408,4.022253996,12.92039455,13.7453703,4426.04292,3383.167208,-8.066854758,46.44229403,-50.96061568,246.4788702,-32.92860149,59.01690473,-60.87188666,-30.10758354,53.9608823,-55.65694654,-7.208960299,7.435547768,-13.3265002,4046.860508,3700.162938,-540.6445465,66.04014713,968.9803467,212.135971,-999.4367226,225.6809933,-451.9777484,60.38243826,810.0656119,193.9621235,-835.5270806,206.3467336,14.45797201,-25.91257199,-14.91240582,-27.56710688,-47.90203877,49.40766528,-494.3271233,885.9670747,-913.8142301,-118.3616945,122.0819643,-218.8036943,-108.2215595,111.623111,-200.0586179,26.72703952
1931,199.3221377,17.94138313,16.32623294,-0.660519079,2.407133289,-5.228132353,321.8932285,266.5458821,0.436285454,5.794290672,27.3333679,5775.209738,4351.690161,-0.288174867,13.94762997,-142.902465,292.9152002,-11.85062587,43.18730058,-93.79992558,-10.78378835,39.29941881,-85.35570665,-1.589957464,3.453281169,-12.58481143,5255.303831,4782.201792,-212.616619,7.827564488,774.8399059,103.9575889,-1682.900402,490.3984256,-176.0586407,7.122897956,641.611466,94.59893926,-1393.53715,446.2509315,1.050197241,-3.827239541,-2.280958099,-18.054211,-30.29331853,65.79505978,-193.4760784,705.0859294,-1531.399435,-28.52603602,61.9566405,-225.7889234,-25.95801593,56.37907278,-205.4625629,8.312508059
1986,177.6096381,17.20087968,16.12948222,-0.770492103,-2.699276715,-12.03976475,295.8702618,260.1601968,0.593658081,7.286094784,144.9559353,5089.228773,4196.24927,-0.457408864,-19.66718599,-1745.23536,277.441283,-13.25314196,-46.429934,-207.0945449,-12.42763869,-43.53793579,-194.1951715,2.079771394,9.276543668,32.49865665,4772.234128,4474.984243,-227.9657003,10.21144123,-798.6357082,125.3272397,-3562.208349,2493.369601,-200.4513773,9.575397471,-702.2443614,117.5209363,-3132.267567,2338.064181,-1.602447436,-5.613878495,-7.147503643,-111.6874035,-87.72286716,-391.2761808,-213.7663177,-748.8907951,-3340.32778,35.7738975,159.5647115,559.0054827,33.54563573,149.6258462,524.1865047,-25.03995832
1996,229.391293,16.43909589,15.82121505,-4.47803622,2.006462476,-7.913870972,270.2438736,250.3108457,20.05280838,4.025891669,62.62935377,4442.564951,3960.22172,-89.79720224,8.077800568,-495.6406248,260.0864713,-73.6148668,32.98442904,-130.0968838,-70.84797404,31.74467433,-125.2070546,-8.985011642,35.43860085,-15.87888515,4275.586441,4114.883995,-1210.161854,329.6500398,542.2341919,66.18201918,-2138.675147,1029.569952,-1120.901033,317.2597938,502.2393194,63.69449788,-1980.927736,990.8724745,40.23520757,-18.02808871,-158.6953382,-280.4565146,-31.86038722,125.6634483,-1164.676639,521.8537453,-2058.290776,-147.7054679,582.5785575,-261.0345156,-142.1538014,560.6817252,-251.2232567,71.10622282
2002,231.7095323,17.30871531,16.49970395,3.172147989,5.960964257,-3.179446178,299.5916255,272.2402306,10.06252286,35.53309488,10.108878,5185.546155,4491.883208,31.91981165,211.8115085,-32.14063352,285.5886784,54.90580644,103.1766333,-55.03212873,52.33950271,98.35414552,-52.45992068,18.90906078,-10.0856738,-18.95256503,4943.173128,4712.128646,950.3489723,174.1693435,1785.854972,615.0322232,-952.5354489,174.9716914,863.5862998,166.0286482,1622.814284,586.285546,-865.5731606,166.7934943,59.98233911,112.7162354,-31.99324985,32.06685701,-112.9755627,60.25866044,905.9295516,1702.383904,-908.013832,327.2915497,-174.5700565,-328.0445524,311.9939049,-166.4106319,-312.7117121,-60.12034103
2001,235.6000132,15.11516833,14.51915716,-2.724765392,-5.041960977,-12.94568559,228.4683138,210.8059246,7.424346439,25.42137049,167.5907754,3453.337022,3060.72435,-20.22960223,-128.173558,-2169.577485,219.4595045,-41.18528757,-76.2100889,-195.6762169,-39.56129694,-73.20502381,-187.9604436,13.73816077,35.27395606,65.27164155,3317.167354,3186.367037,-622.5225545,112.2202462,-1151.928323,384.2482943,-2957.678957,2533.162781,-574.3966878,107.7952528,-1062.875246,369.0968734,-2729.02722,2433.276806,-37.43326502,-69.26727052,-96.1132547,-456.6455446,-329.0970696,-844.9861494,-597.9756628,-1106.506258,-2841.053745,207.6546127,533.1717837,986.5918496,199.4665154,512.1481117,947.6892218,-177.84991
1973,206.4259009,16.70868112,14.84184929,-1.394316371,-0.883603016,-8.785338606,279.1800249,220.2804903,1.944118143,0.78075429,77.18217441,4664.730012,3269.369838,-2.710715754,-0.689876845,-678.0715365,247.987727,-23.29718763,-14.76384103,-146.7914213,-20.69423344,-13.11430279,-130.3906715,1.232022151,12.24954144,7.762751688,4143.547853,3680.59647,-389.2652792,32.48365012,-246.684312,13.04537446,-2452.69105,1289.612341,-307.1406939,28.85430848,-194.6405056,11.5878375,-1935.238695,1145.5262,-1.717828654,-1.088618488,-17.07973618,-107.6163694,-6.859190803,-68.19840209,-345.7733477,-219.1227035,-2178.656152,20.58546525,204.6736819,129.7053426,18.28548708,181.805848,115.2135906,-10.82373176
1989,333.0680076,14.84485233,13.19694512,-0.696439546,3.124911354,-8.100664643,220.3696406,174.1593606,0.485028041,9.765070968,65.62076766,3271.354771,2298.371524,-0.337792708,30.51498114,-531.5718324,195.9067015,-10.33854221,46.38884757,-120.2531704,-9.190874465,41.23928365,-106.9040268,-2.176311843,5.641623203,-25.31385891,2908.206053,2585.369989,-153.4741324,7.200169639,688.6355918,144.9610365,-1785.140556,974.1306054,-121.2914659,6.400888437,544.2325632,128.8691057,-1410.806574,865.9936697,1.515669631,-6.800781588,-3.929049501,-45.70089761,-79.10356512,205.0590819,-136.4371742,612.1910758,-1586.97449,-32.30702793,83.74906333,-375.7804974,-28.72066797,74.45219182,-334.0656069,17.6295724
1962,201.5935372,15.15119945,14.29373782,-0.320245217,0.034403355,-8.332807554,229.5588449,204.3109409,0.102556999,0.001183591,69.43568173,3478.091845,2920.367022,-0.032843388,4.07E-05,-578.5941733,216.5672726,-4.852099153,0.521252091,-126.2520293,-4.577501166,0.491752534,-119.1069665,-0.01101751,2.668541761,-0.286676535,3281.253943,3095.555815,-73.51512204,1.553861545,7.897594391,0.017932821,-1912.869677,1052.033863,-65.42960154,1.465922853,7.02898179,0.016917937,-1702.483751,992.49543,0.003528305,-0.000379039,-0.854587735,-22.23644495,-0.009862635,2.388820395,-69.35463317,7.450640722,-1804.613405,-0.166928489,40.43160847,-4.343493359,-0.157481397,38.1434363,-4.097679228,0.091806789
1956,225.5837747,16.29184274,14.53709686,-4.432071849,0.709714027,-9.925488894,265.42414,211.327185,19.64326087,0.503694,98.51532978,4324.248349,3072.083757,-87.06034353,0.357478697,-977.8128116,236.836096,-72.20661759,11.56254931,-161.7045042,-64.42945774,10.31718155,-144.2877934,-3.145503558,43.99047991,-7.044258689,3858.496431,3442.909266,-1176.378859,320.0249171,188.3752352,8.206103432,-2634.464354,1604.996261,-936.6172677,285.5559859,149.9818674,7.322248458,-2097.525628,1432.126891,13.94109777,-2.232407996,-194.9689676,-436.6270198,-4.999409199,69.91771138,-1049.674594,168.0858993,-2350.71404,-51.24604932,716.6859809,-114.7639548,-45.72648989,639.4938673,-102.4030708,31.22066063
1960,298.9487938,14.71181423,13.428337,-5.189067162,5.150422497,-2.821859771,216.4374778,180.3202345,26.92641801,26.5268519,7.962892565,3184.187965,2421.400877,-139.7229915,136.6244948,-22.47016618,197.5551993,-76.34059209,75.77205897,-41.51467672,-69.68054255,69.16160898,-37.89288396,-26.72588825,14.64281987,-14.53377005,2906.395391,2652.837792,-1123.108609,396.1364595,1114.744455,390.2581172,-610.7562115,117.1485961,-935.6938076,361.5770152,928.7253926,356.2115068,-508.8384156,106.9284048,138.6824291,-137.6496161,-75.98257575,-41.31998432,-74.85505622,41.01226101,-1025.127197,1017.492743,-557.4730693,-393.186303,215.4224457,-213.8181249,-358.884234,196.6287198,-195.164362,75.41670888
1932,144.9226215,16.36195254,14.74747322,3.317645547,5.833468624,-1.821996547,267.713491,217.4879662,11.00677197,34.02935619,3.319671418,4380.315434,3207.397957,36.51656803,198.5091817,-6.048429862,241.2974569,54.28315899,95.44693679,-29.81142104,48.92688884,86.02892229,-26.86984528,19.3533812,-6.044738732,-10.62855969,3948.097538,3558.527782,888.1784712,180.0922807,1561.69825,556.786711,-487.7730562,54.3163062,721.5479827,162.3220749,1268.709227,501.847019,-396.2623235,48.95676532,64.20765897,112.897342,-20.05430053,11.0134931,-62.00136949,19.36519906,800.5394332,1407.601144,-439.6431333,316.6591048,-98.90372825,-173.9039893,285.4134709,-89.14462254,-156.7443994,-35.26179373
1967,164.5124792,16.19369391,15.20817963,-0.617439649,1.975745469,-7.195476473,262.2357223,231.2887276,0.38123172,3.90357016,51.77488167,4246.565018,3517.480516,-0.23538758,7.712461058,-372.5449429,246.2766058,-9.998628685,31.99461737,-116.5213435,-9.390133095,30.047492,-109.4300987,-1.21990359,4.442772469,-14.21643004,3988.12797,3745.418859,-161.9147324,6.173549788,518.1110403,63.21322031,-1886.91097,838.4265858,-142.8068309,5.797840485,456.9676557,59.36619619,-1664.232598,787.4017007,0.753216844,-2.41021899,-2.743143875,-31.96786478,-28.08804725,102.2939879,-152.0609411,486.5798881,-1772.077523,-19.75474532,71.94489746,-230.2165165,-18.55251292,67.56648176,-216.2060217,8.777787578
1938,222.5982977,14.94332567,13.75363412,-4.167002292,-0.850137914,-8.275196133,223.3029821,189.1624514,17.3639081,0.722734473,68.47887103,3336.889184,2601.671145,-72.35544484,-0.614423977,-566.6760887,205.5250337,-62.26887231,-12.70388772,-123.6589508,-57.31142488,-11.69248582,-113.8140198,3.542526636,34.48276125,7.035057979,3071.227512,2826.716116,-930.504038,259.4745336,-189.8383314,10.8000566,-1847.875974,1023.302071,-788.2403684,238.8168388,-160.8141718,9.940225505,-1565.356386,941.8333368,-14.76171661,-3.011636205,-143.6897451,-285.3516125,-5.980769516,-58.21648458,-856.4232865,-174.7246235,-1700.759964,52.93712922,515.2871313,105.1271625,48.7226152,474.2632815,96.75761343,-29.31510272
1940,224.7810524,16.47060488,14.35623024,-2.093042849,5.994929278,-4.301843158,271.280825,206.1013466,4.380828368,35.93917705,18.50585455,4468.159279,2958.838384,-9.169261489,215.4528248,-79.60928378,236.4557957,-34.47368176,98.74011141,-70.85395889,-30.04820504,86.06458497,-61.75825081,-12.54764386,9.003942059,-25.7892455,3894.569983,3394.613844,-567.8023909,72.15489309,1626.30936,591.9399848,-1167.007561,304.8026182,-431.3789497,62.89218068,1235.562997,515.9511003,-886.6156677,265.6743087,26.26275625,-75.22223753,-18.84563654,-38.73354654,-154.6047029,110.9412893,-494.9121124,1417.535773,-1017.195747,-206.6672841,148.300372,-424.7644726,-180.1368641,129.2626652,-370.236346,53.97799587
1977,194.6169469,14.35489676,12.62480981,-7.837607465,-1.549721613,-12.70348769,206.0630609,159.3858227,61.42809078,2.401637078,161.3785994,2958.013966,2012.215697,-481.4492629,-3.721868886,-2050.07105,181.2278414,-112.508046,-22.24609376,-182.3572542,-98.9483036,-19.56494062,-160.3791159,12.14610968,99.56494992,19.68686943,2601.506953,2287.967029,-1615.041385,881.7939012,-319.3403792,34.47525231,-2617.719557,2316.573133,-1249.203514,775.517963,-247.0036542,30.32021134,-2024.755836,2037.374124,-95.19643993,-18.82308869,-780.3509947,-1264.822115,-30.50916704,-250.0919033,-1420.392683,-280.8527027,-2302.225651,174.3561505,1429.244577,282.6029781,153.3423247,1256.988556,248.5429822,-154.2979548
2002,218.227695,16.72189378,15.32810054,2.700539074,4.860234796,-3.677846408,279.6217317,234.9506662,7.292911292,23.62188227,13.5265542,4675.804896,3601.347433,19.69479191,114.8078942,-49.74858877,256.3148691,45.15812755,81.27233002,-61.50055698,41.39413444,74.4981676,-56.37439951,13.12525398,-9.932167933,-17.87519709,4286.070016,3928.820083,755.1294124,121.951288,1359.02727,395.0026063,-1028.405781,226.1896025,634.4934545,111.7864775,1141.915403,362.0785864,-864.1124635,207.3363827,35.44526123,63.79181609,-26.8222076,36.52898815,-86.87765487,65.74222939,692.1883193,1245.750446,-942.6867206,219.4791029,-166.0846572,-298.907147,201.1852126,-152.2412687,-273.9928181,-48.27266819
1999,269.9155423,16.19403951,14.91825839,0.41210381,5.762092546,-4.662791246,262.2469155,222.5544334,0.169829551,33.20171051,21.7416222,4246.836911,3320.124543,0.069987405,191.3113286,-101.3766457,241.5868657,6.673625387,93.31155433,-75.50942565,6.147871127,85.96038546,-69.56072462,2.374580294,-1.92155404,-26.86743468,3912.267248,3604.055286,108.0729532,2.750226451,1511.090997,537.6698116,-1222.802622,352.0846889,91.71553002,2.533561118,1282.379242,495.3116963,-1037.724864,324.3471378,0.978573587,13.68255141,-0.791879742,8.959805355,-154.8126451,125.2772392,99.55886792,1392.045878,-1126.469123,38.4540471,-31.11772203,-435.0922987,35.4246024,-28.66623967,-400.8153328,-11.07217221
2011,258.0207484,16.27592619,15.07786199,-1.377263521,-2.842496039,-9.814022481,264.9057735,227.3419221,1.896854808,8.079783733,96.31503726,4311.586817,3427.830126,-2.612468932,-22.96675326,-945.237941,245.4061689,-22.41623942,-46.26425574,-159.7323056,-20.7661893,-42.85876298,-147.9744765,3.914866105,13.51649516,27.89632003,3994.212692,3700.200345,-364.8450584,30.87306885,-752.9936119,131.5059637,-2599.791216,1567.616438,-313.1097362,28.600515,-646.2185132,121.825864,-2231.138735,1452.224839,-5.391802278,-11.1279914,-18.61577572,-132.6511874,-79.2951792,-273.7751119,-337.9889643,-697.5660631,-2408.421658,63.71807178,219.9934777,454.0384459,59.02781083,203.7998486,420.6168634,-38.42058396
2004,186.0937193,15.37744856,13.66504613,-0.421579744,3.678363252,-5.497697361,236.4659242,186.7334857,0.17772948,13.53035621,30.22467628,3636.242585,2551.721695,-0.074927149,49.76956507,-166.166123,210.1335439,-6.482820826,56.56384168,-84.54055837,-5.760906647,50.26500351,-75.12628804,-1.550723438,2.317717846,-20.22252794,3231.317762,2871.48457,-99.68924376,2.733025944,869.8075658,208.0623566,-1300.018087,464.7784047,-78.72305508,2.428681549,686.8735916,184.8929417,-1026.604191,413.0215955,0.65375359,-5.704124107,-0.977102896,-12.74211129,-74.38580364,111.1773385,-88.58804562,772.9475058,-1155.25063,-23.84616989,35.64058695,-310.9708832,-21.19070731,31.67172127,-276.3417772,8.525408152
2006,236.1156131,14.92160869,12.93828467,-1.003363308,-2.309043797,-9.096428113,222.6544059,167.3992102,1.006737929,5.331683256,82.74500442,3322.361917,2165.858635,-1.010123899,-12.31109015,-752.6839845,193.060021,-14.97179466,-34.45464799,-135.7333408,-12.98180011,-29.87506596,-117.6921764,2.316809823,9.127022206,21.00405091,2880.766086,2497.86551,-223.4032613,15.02214942,-514.1187748,79.55729121,-2025.359797,1234.688577,-167.9622254,13.02546191,-386.532108,68.98283575,-1522.734882,1070.578422,-2.324601969,-5.349615351,-9.157719196,-83.02330139,-48.49927347,-191.0618392,-193.7093413,-445.7840439,-1756.156602,34.57052959,136.1898539,313.4142286,29.97554502,118.0880115,271.7563899,-21.07469401
1965,267.8666894,14.68556002,13.24890817,1.294639419,1.719338176,-5.745700043,215.6656731,175.5335677,1.676091226,2.956123762,33.01306898,3167.171187,2325.628118,2.169933772,5.082576436,-189.6831919,194.5676361,19.0125049,25.24944397,-84.37882284,17.15255878,22.7793536,-76.12425223,2.225922977,-7.438609768,-9.878801429,2857.334698,2577.808744,279.2092819,24.61433831,370.802225,43.41233294,-1239.150267,484.815406,227.2526761,22.20637874,301.801564,39.16541226,-1008.563227,437.3871193,2.881767631,3.827114351,-9.630317431,42.74002046,-16.98500043,56.76062979,251.8949315,334.5275645,-1117.927275,32.68892549,-109.2401502,-145.0757313,29.49104912,-98.55345771,-130.8833329,-12.78948575
1930,261.6501463,13.96718322,12.54708024,-2.348564098,1.834198876,-6.13675407,195.082207,157.4292225,5.515753322,3.364285515,37.65975052,2724.748928,1975.277086,-12.95410023,6.170768709,-231.1086273,175.2473685,-32.80282505,25.61859175,-85.71316845,-29.46762218,23.01384046,-76.99834571,-4.307733628,14.41256029,-11.25602741,2447.712104,2198.842794,-458.1630675,77.03953723,357.8195647,46.98959218,-1197.171528,526.0006354,-369.7326198,69.20659949,288.7565028,42.21196029,-966.1044216,472.5199114,10.11698854,-7.901240176,-33.84882165,-88.446338,-20.64579283,69.07547205,-411.5796779,321.4385262,-1075.450002,-60.16690483,201.3028701,-157.2149972,-54.04947946,180.8355503,-141.2302791,26.43550187
1955,262.1041331,13.15251071,12.20042915,0.475272278,2.95637419,-4.525427133,172.988538,148.8504715,0.225883738,8.740148349,20.47949074,2275.233598,1816.039632,0.107356279,25.83914899,-92.67844306,160.4662751,6.251023729,38.88374319,-59.52072883,5.798525759,36.06903385,-55.21215313,1.405082696,-2.150810063,-13.37885597,2110.534402,1957.757421,82.21665654,2.970938289,511.4188487,114.9548948,-782.8470234,269.3567212,70.74450271,2.755878547,440.0576921,106.6335607,-673.6119626,249.8585758,0.667796854,4.153950217,-1.022220399,9.733334219,-39.55290448,60.54503783,76.26517214,474.398354,-726.1784352,18.48036521,-28.28855239,-175.9655465,17.14261189,-26.2408058,-163.2277844,-6.358599358
1989,265.9814821,14.97486087,14.1918687,0.881278762,3.642195142,-6.676569957,224.2464581,201.4091372,0.776652256,13.26558545,44.57658639,3358.059511,2858.372031,0.684447138,48.31585089,-297.6186975,212.5212593,13.19702685,54.54136551,-99.9807062,12.50699248,51.68955524,-94.75300421,3.209789225,-5.883919305,-24.31737066,3182.47629,3016.073808,197.6236409,11.63025948,816.7493602,198.6502965,-1497.197165,667.5281793,177.4975951,11.02214684,733.5713811,188.263447,-1344.722195,632.6250612,2.828719073,11.69067872,-5.185373119,39.28439886,-88.56860929,162.3566264,187.2904722,774.0438981,-1418.913055,48.06614706,-88.11087296,-364.1492424,45.55290723,-83.50381022,-345.1089316,-21.43038231
1971,268.5372917,17.02299148,16.28413104,-0.003644421,4.607091129,-4.888954619,289.782239,265.1729238,1.33E-05,21.22528867,23.90187726,4932.960587,4318.110639,-4.84E-08,97.78683912,-116.8551933,277.204624,-0.062038952,78.42647305,-83.22463284,-0.059346234,75.02247566,-79.61237767,-0.016790181,0.01781741,-22.52385945,4718.851954,4514.036423,-1.05608856,0.000226096,1335.053183,361.3179082,-1416.732216,406.8814531,-0.966401847,0.000216283,1221.675825,345.6353821,-1296.41839,389.2213015,6.12E-05,-0.077353894,-6.49E-05,-0.08710851,-103.7694731,110.1181267,-1.010250432,1277.106964,-1355.240827,-0.285819108,0.303305623,-383.4234676,-0.273413507,0.290141044,-366.7814789,0.082086433
1956,265.9869093,16.0646736,14.65808608,-2.337817309,1.642741437,-7.988790659,258.0737379,214.8594874,5.465389772,2.698599427,63.82077619,4145.870365,3149.428861,-12.77708281,4.4331011,-509.8508206,235.4773684,-37.55627201,26.39010499,-128.3373144,-34.26792735,24.07944538,-117.1003811,-3.840429365,18.67633308,-13.12351744,3782.867065,3451.647536,-603.3292516,87.79970279,423.948423,43.35211898,-2061.697067,1025.259938,-502.3022288,80.11215372,352.9585831,39.55630269,-1716.467466,935.4904308,8.978222245,-6.308832452,-43.66185475,-149.2013153,-21.5585459,104.8410336,-550.5030679,386.8284305,-1881.179401,-61.69524424,300.029195,-210.8250242,-56.29334421,273.7592979,-192.3656483,30.68038624
1972,267.7394354,12.66696597,11.72413664,-0.200764439,5.948518119,-1.768892353,160.4520269,137.4553799,0.04030636,35.38486781,3.128980158,2032.440365,1611.545655,-0.008092084,210.4875273,-5.534829075,148.5092398,-2.543076313,75.34967659,-22.40649925,-2.353789711,69.74123922,-20.73873565,-1.194250901,0.35513068,-10.52228821,1881.161487,1741.142619,-32.21306112,0.510559289,954.4517893,448.2189165,-283.8223635,39.63468518,-27.59615219,0.47255727,817.6558178,414.8570251,-243.1437704,36.6845909,0.239763112,-7.104023125,-0.071297612,-0.628187945,-62.5920221,18.61279516,-29.81537417,883.4099039,-262.6968587,-15.12753553,4.498428244,-133.2854668,-14.00156074,4.163600621,-123.3647448,2.112501287
1986,264.4511365,15.25755861,15.03630205,1.985067363,-1.74548609,-10.39760908,232.7930946,226.0903793,3.940492435,3.04672169,108.1102747,3551.854285,3399.563233,7.822142925,-5.31801033,-1124.088374,229.4172597,30.28728162,-26.63185631,-158.64213,29.84807245,-26.24565607,-156.3415908,-3.464907469,-20.63995444,18.14888203,3500.347286,3449.587213,462.1099744,60.12229426,-406.3371085,46.48553475,-2420.491596,1649.498852,448.804633,59.25043447,-394.6376121,45.81142759,-2350.799382,1625.578745,-6.878074732,6.047947791,-40.97169993,214.6061778,-31.67862113,-188.7049806,455.4087147,-400.4446357,-2385.390984,-52.86602878,-314.9153146,276.9076312,-52.09939528,-310.3485893,272.892072,36.02675338
2000,264.25915,15.22428332,14.13582141,1.293339254,3.539582774,-4.561528514,231.7788025,199.8214469,1.672726426,12.52864621,20.80754238,3528.666156,2824.640286,2.163402748,44.34618031,-94.91419788,215.20775,19.69016323,53.88761097,-69.44600245,18.28241271,50.03490994,-64.48095242,4.577881344,-5.899603885,-16.14590775,3276.383758,3042.13832,299.7686235,25.46606102,820.4002567,190.7396595,-1057.265617,316.7799204,258.436921,23.64536202,707.2845511,177.1027053,-911.4912275,294.1317031,5.920753642,16.20378994,-7.630189288,26.91121134,-57.14977693,73.65001858,278.3366309,761.7456447,-981.6762881,69.69496257,-89.81724101,-245.809874,64.7121131,-83.3957469,-228.2356684,-20.88213628
1999,265.8748842,16.35770496,15.47763031,1.375435215,6.587863169,-2.842850808,267.5745117,239.55704,1.891822032,43.39994113,8.081800715,4376.904918,3707.775303,2.602078644,285.9128737,-22.97535369,253.1785101,22.49896345,107.7623221,-46.50251477,21.28847778,101.9645107,-44.00059383,9.061178997,-3.910157113,-18.72831213,4141.419372,3918.603382,368.0314061,30.94586664,1762.744271,709.9234325,-760.6744167,132.1997117,329.4951889,29.28092202,1578.169,671.7282443,-681.0249246,125.0871237,12.46306469,59.69380738,-5.378167792,11.11599331,-123.3795577,53.24179727,348.2306386,1667.905382,-719.748732,148.2200927,-63.96119642,-306.3522043,140.2455787,-60.51996625,-289.8698915,-25.75958003
1996,264.2681212,15.6294558,15.4261125,-3.474748718,1.688756871,-7.648524083,244.2798887,237.9649468,12.07387865,2.85189977,58.49992065,3817.961725,3670.874039,-41.95369435,4.816165332,-447.438052,241.1017435,-54.30843151,26.39435088,-119.5422691,-53.60186461,26.05095347,-117.9869929,-5.868005772,26.57669925,-12.9164976,3768.289044,3719.262618,-848.8112301,188.7081527,412.5293406,44.57364141,-1868.380612,914.3219244,-826.8683935,186.2530103,401.8649389,43.99372668,-1820.080626,902.426357,20.38984553,-9.909635067,-92.34735163,-203.2725243,-21.81282407,98.79214296,-837.767974,407.162226,-1844.072492,-91.71373687,415.3793463,-201.8778284,-90.52051717,409.9751524,-199.251345,44.88158347
2001,265.3512182,14.48260834,14.07332163,-1.407742895,-4.422579568,-11.35854911,209.7459442,198.0583817,1.981740059,19.55921004,129.0166378,3037.66836,2787.339307,-2.789780488,-86.50216269,-1465.441816,203.8184052,-20.38778899,-64.05048772,-164.501418,-19.81161854,-62.2403847,-159.8525148,6.225854966,15.9899168,50.23408721,2951.822134,2868.40197,-295.2683628,28.7007651,-927.6181274,283.2683784,-2382.409607,1868.497434,-278.8152797,27.88966524,-875.9289523,275.2630537,-2249.655855,1815.69264,-8.764403094,-27.53433897,-22.50969177,-181.6222552,-222.1642477,-570.5863463,-286.9239118,-901.4031143,-2315.081364,90.16661902,231.5757024,727.5206101,87.61845936,225.031242,706.9604661,-70.71667936
2004,267.0346618,14.56043482,13.81331361,2.672483202,3.818857633,-3.532380491,212.0062622,190.8076329,7.142166463,14.58367362,12.47771193,3086.903361,2635.685672,19.0873199,55.69297332,-44.0760262,201.1278525,38.91251747,55.60422765,-51.4329959,36.91584858,52.75107812,-48.79387951,10.20583287,-9.440227524,-13.4896582,2928.508986,2778.242102,566.5831742,103.9930493,809.6217324,212.3446292,-748.8867844,181.6809113,509.9301937,98.65698521,728.6671853,201.4488573,-674.0051599,172.3585481,27.27491691,38.97462277,-25.22884948,33.34647553,-51.51508418,47.65060545,537.5108071,768.0786346,-710.4601022,148.6013643,-137.4538175,-196.415289,140.9763701,-130.4008233,-186.3368792,-36.05088494
2010,262.1672683,17.3138852,17.22541548,2.143419365,1.482445341,-6.013887183,299.7706208,296.7149385,4.594246573,2.19764419,36.16683905,5190.194114,5111.038095,9.84739707,3.257887392,-217.5032899,298.2388662,37.11091682,25.66688846,-104.1237523,36.92128911,25.53573693,-103.5917054,3.177502052,-12.89028225,-8.915259039,5163.673491,5137.288382,642.5341535,79.54425775,444.3935602,38.04975922,-1802.786694,626.1884995,635.9845449,79.13780604,439.8636783,37.85533426,-1784.410166,622.9888293,6.810719429,4.710473114,-27.62928058,77.52070319,-13.21638423,53.61536207,639.250961,442.1228178,-1793.574895,55.01490575,-223.180867,-154.3577715,54.73379303,-222.0404673,-153.5690411,-19.10913886
2014,265.2279848,16.57932246,16.02746259,-1.761953222,0.935991053,-7.203736947,274.8739332,256.8795572,3.104479158,0.876079251,51.893826,4557.223574,4117.127495,-5.469947055,0.82000234,-373.8294716,265.7244706,-29.21199063,15.51809748,-119.4330777,-28.23963936,15.00156159,-115.4576245,-1.649172451,12.69264753,-6.742633328,4405.531683,4258.889012,-484.3150123,51.47016102,257.2795421,14.5248004,-1980.119508,860.3644748,-452.6097636,49.75692357,240.4369672,14.04132742,-1850.492757,831.7263551,2.905764715,-1.543610659,-22.36385121,-91.43449393,-6.311044467,48.57215682,-468.1940871,248.7157269,-1914.209186,-27.34216186,210.4354962,-111.7882922,-26.43204978,203.4309334,-108.0673035,11.88020452
2012,256.9612311,14.9024108,11.68809963,2.031188162,5.500267279,-1.983581206,222.0818478,136.6116731,4.125725351,30.25294014,3.934594399,3309.554928,1596.730846,8.380124493,166.3992567,-7.804587502,174.1808623,30.26960042,81.96724252,-29.56014199,23.74072962,64.28767197,-23.18429476,11.17207779,-4.029026664,-10.9102268,2595.714764,2035.843273,451.0900203,61.48325404,1221.509521,450.841742,-440.5173794,58.63494208,277.4840132,48.22188896,751.4007153,353.5993786,-270.9803472,45.98793136,22.69259215,61.44941388,-8.183711265,7.991901567,-60.00916347,21.64132083,353.7941056,958.0412974,-345.5018848,166.4908927,-60.04221048,-162.5886817,130.5803583,-47.09166508,-127.5198179,-22.16072352
1975,342.4086898,17.72436321,17.32218488,2.976478149,6.822255775,-1.120764612,314.1530511,300.0580892,8.859422173,46.54317386,1.256113314,5568.16278,5197.661697,26.36987651,317.5294367,-1.407807351,307.0246964,52.75617979,120.9201393,-19.86483904,51.55910481,118.1763759,-19.41409181,20.30629524,-3.335931377,-7.646142844,5441.817233,5318.338556,935.0696921,157.0276164,2143.232467,824.9481183,-352.0916223,22.26380861,893.116346,153.4645489,2047.073032,806.2294628,-336.2944878,21.75862707,60.44124408,138.53474,-9.92932685,3.738793833,-52.16394217,8.569526314,913.8523002,2094.601008,-344.1024146,359.9161523,-59.12725935,-135.5230129,351.7494005,-57.78562007,-132.4479,-22.7585771
1980,465.6135912,16.63960625,15.75749608,1.553217554,8.194712255,-2.613873404,276.8764962,248.2986829,2.412484771,67.15330894,6.832334175,4607.115876,3912.565523,3.747113697,550.3020438,-17.85885659,262.1985303,25.84492853,136.3567853,-43.49382424,24.47481953,129.1281463,-41.18809994,12.72817093,-4.059914057,-21.41994042,4362.880304,4131.592315,430.0494343,40.14279668,2268.923216,1117.404619,-723.7201097,113.6873504,385.661873,38.01471934,2034.736259,1058.168003,-649.0213235,107.660479,19.76961852,104.3036983,-6.305929783,10.61210138,-175.5302483,55.98901259,407.2513601,2148.64151,-685.3537651,211.7917525,-67.55537132,-356.4193745,200.5641036,-63.97407986,-337.5246273,-33.26982748
1930,450.9796156,15.77327945,14.86332585,-0.470754016,8.465669639,-3.136276493,248.7963445,220.9184552,0.221609343,71.66756243,9.836230238,3924.334268,3283.582986,-0.104323488,606.7139073,-30.84913767,234.4433921,-7.425334644,133.5313729,-49.46936554,-6.996970332,125.8280064,-46.61549946,-3.98524798,1.476414754,-26.55068068,3697.941138,3484.60853,-117.1218783,3.495506103,2106.22766,1130.43249,-780.2941268,155.1496083,-103.99825,3.293851883,1870.222659,1065.218333,-692.861358,146.1990951,1.876071491,-33.73779282,-0.695028174,-4.630444886,-224.7692913,83.27027568,-110.3651683,1984.720307,-735.2792995,-62.86043005,23.28790249,-418.7913059,-59.2340393,21.94443357,-394.6314184,12.49883956
1928,352.6919188,15.49751699,15.6301397,3.380678587,7.482627986,-4.844733691,240.1730328,244.3012669,11.42898771,55.98972158,23.47144454,3722.085656,3818.46293,38.63773401,418.9502577,-113.7128981,242.2283555,52.39212383,115.9621543,-75.08134268,52.84047858,116.9545207,-75.72386438,25.29636021,-16.37848745,-36.2513399,3753.938054,3786.063034,811.9478291,177.1209311,1797.125457,867.7016614,-1163.574384,363.7491105,825.9040618,178.6366744,1828.015497,875.1271699,-1183.574579,366.861957,85.51886327,189.2832528,-55.3704018,79.34940994,-271.2552905,175.6280878,818.8962144,1812.504672,-1173.531875,392.030772,-253.8258875,-561.805756,395.3856438,-255.9980468,-566.6135068,-122.5541285
1961,321.5905896,15.67588152,15.12909738,1.754594681,4.783156278,-6.075066299,245.7332614,228.8895877,3.078602495,22.87858398,36.90643053,3852.085491,3462.892862,5.401699564,109.4318426,-224.2090123,237.1619381,27.50481834,74.9801911,-95.23201951,26.5454338,72.36483714,-91.91026965,8.392500565,-10.65927902,-29.05799151,3717.722442,3588.046057,431.1622734,48.25980796,1175.380592,358.6419718,-1492.845855,578.5408323,401.6084531,46.57647696,1094.814668,346.1323251,-1390.51942,558.3609816,14.72543685,40.14264177,-18.70271427,64.75582672,-138.9889145,176.5292249,416.1230751,1134.382613,-1440.774497,131.5598445,-167.0935949,-455.509632,126.9709583,-161.2652703,-439.6211833,-50.98499734
1941,369.8758245,17.93746224,16.49592219,-0.018679641,10.84948082,-0.545321718,321.7525516,272.1154489,0.000348929,117.711234,0.297375776,5771.424244,4488.795273,-6.52E-06,1277.105775,-0.162165469,295.8949814,-0.335065357,194.6121525,-9.781687723,-0.308137906,178.9721914,-8.995584628,-0.202664408,0.010186414,-5.916457517,5307.605056,4881.06059,-6.010222187,0.006258901,3490.848136,2111.440815,-175.4586542,5.334166753,-5.083018925,0.005755905,2952.311343,1941.755357,-148.3904641,4.905487663,0.003785698,-2.198803605,-0.000190279,-0.005554873,-64.19049233,3.226372777,-5.527212057,3210.306924,-161.3579596,-3.635285162,0.182718416,-106.1262333,-3.343136302,0.168034292,-97.59742285,0.110517303
1933,331.2705013,18.18914573,16.46286751,-1.674757197,7.075276631,-3.892623831,330.8450225,271.0260066,2.804811668,50.05953941,15.15252029,6017.788329,4461.865239,-4.697378526,354.1850893,-58.9830616,299.4454963,-30.46240272,128.6932377,-70.80350215,-27.57130584,116.4793418,-64.0837504,-11.84937046,6.519199776,-27.54139043,5446.657771,4929.731532,-554.0850824,51.01712818,2340.820056,910.5402576,-1287.855219,275.6113998,-453.9027551,46.17524288,1917.583971,824.1235648,-1055.002292,249.453934,19.84481845,-83.83757388,-10.91807674,-25.37679241,-194.8629561,107.2082727,-501.4985,2118.659722,-1165.628675,-215.5299261,118.5786748,-500.9543642,-195.0746159,107.3247222,-453.4102616,46.12514183
1959,373.8797378,17.07759919,16.40166918,2.364799256,5.417944308,-6.492874238,291.6443941,269.0147518,5.59227552,29.35412053,42.15741587,4980.586068,4412.290963,13.22460899,159.0389902,-273.7227995,280.1011323,40.38509385,92.52548133,-110.8827038,38.78665506,88.86333017,-106.4939753,12.81235067,-15.35434417,-35.17803102,4783.454869,4594.126107,689.6804461,95.50263988,1580.113085,501.2979049,-1893.610373,719.9474512,636.1658848,91.72265302,1457.506943,481.4565739,-1746.678952,691.4519885,30.29863732,69.41660238,-36.30994166,99.69382568,-190.592613,228.4065314,662.3829491,1517.572335,-1818.661426,218.8041894,-262.2153355,-600.7563141,210.143937,-251.8368734,-576.9784272,-83.18898158
2003,362.5955517,14.83969157,14.99623094,0.894224381,6.805899646,-2.68924045,220.2164459,224.8869424,0.799637244,46.32026999,7.232014196,3267.944136,3372.456525,0.715055119,315.2511091,-19.44862511,222.5394419,13.27001401,100.9974516,-39.90749883,13.40999533,102.0628428,-40.32847084,6.086001398,-2.404784377,-18.30270062,3302.41668,3337.252864,196.922915,11.86637006,1498.771031,687.37852,-592.214974,107.3208601,201.0993869,11.99154477,1530.557962,694.629466,-604.7750622,108.4529551,5.442250833,41.42071476,-2.150416821,6.467043419,-124.5663437,49.22036286,199.0001947,1514.581109,-598.4620688,90.31438364,-35.68625844,-271.6064322,91.26708247,-36.06270188,-274.4715254,-16.36672114
1998,392.2865792,19.05729893,18.41599294,1.11151347,6.210112773,-1.659984809,363.1806427,339.1487961,1.235462195,38.56550065,2.755549566,6921.242075,6245.761837,1.373232872,239.4961082,-4.57417042,350.9590827,21.18244448,118.3479755,-31.63482673,20.46962423,114.365393,-30.57026853,6.902624,-1.845095476,-10.30869286,6688.332153,6463.259991,403.6801765,23.54457237,2255.392748,734.9542744,-602.8743497,52.51333181,376.9684554,22.75226306,2106.152271,710.2219879,-562.9818495,50.74618136,7.672359557,42.86607347,-2.050848476,3.062830461,-64.01814523,17.11227355,390.095748,2179.495482,-582.5867459,131.545369,-35.16253604,-196.4558415,127.1186749,-33.97926526,-189.8448151,-11.45825098
1993,362.7338834,17.17465129,17.06992531,2.308815669,6.502344185,-2.217667058,294.9686469,291.3823501,5.330629795,42.28047989,4.91804718,5065.983652,4973.874953,12.3074416,274.9222326,-10.90659122,293.1700148,39.65310401,111.6754939,-38.0876584,39.41131103,110.9945296,-37.85541104,15.01271414,-5.120184453,-14.4200345,5035.092772,5004.390255,681.028234,91.55170789,1917.987666,726.1524986,-654.1422514,84.46574534,672.7481357,90.99345246,1894.66833,721.7246339,-646.1890391,83.95069804,34.66158965,97.61783449,-11.8215621,11.35486439,-93.76402746,31.97883548,676.8755239,1906.292341,-650.1534841,257.8381303,-87.93738252,-247.6590641,256.2659091,-87.40116619,-246.1489119,-33.2932016
2010,398.74251,21.15334559,19.94657005,3.800043838,5.634143571,-4.098217935,447.4640295,397.8656566,14.44033317,31.74357378,16.79539024,9465.361254,7936.055187,54.8738991,178.8478522,-68.83116952,421.9366894,80.38364056,119.1809861,-86.69102027,75.79784059,112.3818394,-81.7453911,21.40999256,-15.57340781,-23.08994823,8925.372608,8416.18973,1700.382928,305.461358,2521.076585,671.4827864,-1833.805111,355.2786941,1511.906937,288.0351171,2241.632231,633.175418,-1630.540169,335.0104279,81.35891032,120.626972,-59.1796324,63.82321921,-130.0920834,94.62763997,1603.377917,2377.251886,-1729.188508,452.8929717,-329.4296774,-488.4296546,427.0559163,-310.6360698,-460.5652698,-87.74281551
2004,343.7885387,17.08055076,16.86958177,4.648458583,8.149684504,-1.950780171,291.7452143,284.582789,21.6081672,66.41735752,3.805543277,4983.168941,4800.792629,100.4446703,541.2805094,-7.423778365,288.1417477,79.39823278,139.2010999,-33.32039974,78.41755216,137.4817691,-32.90884561,37.88347088,-9.06812083,-15.89824293,4921.619747,4860.830773,1356.165545,369.0793966,2377.631452,1134.445046,-569.130779,65.00077511,1322.871308,364.5207434,2319.259946,1120.433044,-555.1584619,64.19792348,176.0997454,308.7383356,-42.1527841,17.68991031,-129.5656641,31.01397707,1339.41498,2348.264336,-562.1012079,647.0705473,-154.8884981,-271.5507454,639.0783097,-152.9754058,-268.1967091,-73.90232381
1950,363.1016016,15.93760848,15.78749092,0.306262671,8.950675969,-2.615558054,254.0073642,249.2448697,0.093796823,80.1146003,6.841143935,4048.269922,3934.951118,0.028726466,717.0798277,-17.89340912,251.6148493,4.881094537,142.6523693,-41.68574023,4.835119132,141.3087156,-41.29309904,2.741257926,-0.801047795,-23.41101262,4010.138957,3972.367149,77.79297371,1.494897048,2273.537611,1276.835133,-664.3710072,109.0314736,76.33439942,1.480816498,2230.910065,1264.808525,-651.9144263,108.0044978,0.839544973,24.53611144,-0.245331037,2.095187011,-209.5443881,61.23286262,77.0602357,2252.122985,-658.1132456,43.68909558,-12.76678613,-373.1155534,43.27758463,-12.64653479,-369.6011493,-7.169919247
1932,221.6999822,17.05405223,16.12039916,6.046438743,10.26668767,1.330655407,290.8406975,259.8672691,36.55942147,105.4048756,1.770643812,4960.012447,4189.164106,221.0543024,1082.158937,2.356116762,274.9181293,103.1162821,175.0886277,22.69306681,97.47100603,165.5031032,21.4506963,62.07689807,8.045726406,13.66142345,4688.468136,4431.78998,1758.550462,623.4862834,2985.970602,1797.580255,387.0087467,30.19665205,1571.271524,589.3524672,2667.976086,1699.168669,345.7937867,28.54348502,375.3441615,637.3241238,48.64799185,10.70608934,140.2575677,18.17864698,1662.275628,2822.498567,365.8212952,1058.662662,137.2122384,232.9826291,1000.704375,129.7003212,220.2275992,82.60296006
1937,330.1217837,16.9808817,16.15825117,-1.193971442,7.787003247,-2.224199775,288.3503434,261.089081,1.425567805,60.63741957,4.947064638,4896.443069,4218.74295,-1.702087248,472.1837831,-11.00326005,274.3813517,-20.27468782,132.2301809,-37.76887325,-19.29249046,125.8243544,-35.93917862,-9.297459498,2.655631013,-17.31985087,4659.237274,4433.522798,-344.2820753,24.20739825,2245.38506,1029.676848,-641.3487687,84.00551938,-311.7329066,23.03468266,2033.101522,979.794656,-580.7142752,79.93591299,11.10090113,-72.3993473,-3.170747591,-5.906653901,-134.8697349,38.5228084,-327.6034982,2136.608477,-610.2789406,-157.8790599,45.09495607,-294.1063387,-150.2306859,42.91035293,-279.8585006,20.67940732
1981,318.1556971,17.95416555,16.69800705,-0.066685846,5.679345765,-3.582844766,322.3520607,278.8234395,0.004447002,32.25496832,12.83677661,5787.562264,4655.795758,-0.000296552,183.1871177,-45.9921779,299.798783,-1.19728872,101.9679141,-64.32698807,-1.113520728,94.83375563,-59.82636716,-0.378731978,0.238925035,-20.34821425,5382.636982,5006.042192,-21.4963199,0.079842211,1830.748811,579.1110411,-1154.937393,230.4736125,-18.59357697,0.074256072,1583.53472,538.5936885,-998.9811006,214.3485864,0.025256062,-2.150949853,-0.015932918,-0.856031309,-115.5645444,72.9044929,-19.9923355,1702.660949,-1074.1325,-6.799816624,4.289699625,-365.3352073,-6.324069231,3.989571912,-339.774625,1.356937883
1930,392.2149708,15.11390493,13.98384796,-0.626679876,5.270560936,-3.849927512,228.4301223,195.5480038,0.392727667,27.77881258,14.82194185,3452.471151,2734.513553,-0.246114526,146.4099245,-57.06340172,211.3505486,-9.47158007,79.65875693,-58.18743841,-8.763396107,73.7027228,-53.83680099,-3.302954475,2.412672097,-20.29127756,3194.332099,2955.493938,-143.1525607,5.935648625,1203.954879,419.8463325,-879.4394124,224.01742,-122.5459988,5.491843987,1030.64767,388.4546917,-752.8456397,207.2677813,2.069895101,-17.40842283,-1.511973051,-9.288612684,-106.9464148,78.11994772,-132.4491356,1113.935945,-813.6842919,-49.92053992,36.4648967,-306.6804399,-46.18801319,33.73843978,-283.7501402,12.71613531
1988,407.6380892,15.24508321,11.81450255,1.704587031,6.161873627,-1.593599122,232.4125621,139.5824705,2.905616947,37.9686866,2.539558162,3543.148848,1649.097453,4.952876965,233.9582486,-4.047037657,180.1130744,25.98657113,93.93827617,-24.29455122,20.13884782,72.79947167,-18.82758089,10.50344987,-2.716428396,-9.819556403,2745.838807,2127.946377,396.1674392,44.29637213,1432.096837,578.8357865,-370.3724549,38.71577549,237.9304689,34.32841882,860.0895435,448.5811446,-222.4385024,30.00361638,17.90404444,64.72093077,-4.630388616,4.328897908,-60.50686563,15.64843646,307.0184108,1109.834003,-287.0280373,160.1259673,-41.41217694,-149.6999544,124.0930353,-32.09325021,-116.0131741,-16.7382885
1973,328.0516955,17.25795936,17.18589678,1.608203591,3.52205358,-3.826736636,297.8371614,295.3550483,2.586318789,12.40486142,14.64391328,5140.061629,5075.941374,4.159327163,43.69058658,-56.03839947,296.5935083,27.75431222,60.78345757,-66.04166537,27.63842092,60.5296493,-65.76590085,5.664179214,-6.154171599,-13.47797147,5118.598715,5097.225421,478.9827924,44.63458456,1048.998441,214.0825943,-1139.744377,252.7240604,474.9910491,44.44820776,1040.256305,213.188668,-1130.245984,251.6687822,9.10915335,19.94954268,-9.897160863,23.55039392,-47.47013767,51.57664721,476.9827451,1044.618228,-1134.985244,97.75217471,-106.2084434,-232.602284,97.34399934,-105.7649579,-231.6310266,-21.67532211
1931,250.2739713,17.55026292,16.0176222,0.948162736,5.162014602,-3.738223865,308.0117285,256.5642211,0.899012574,26.64639475,13.97431767,5405.686817,4109.548764,0.852410222,137.5490788,-52.23912779,281.113481,16.64050531,90.59471345,-65.60681168,15.18731249,82.6831997,-59.87745758,4.894429888,-3.544444567,-19.29676618,4933.615501,4502.769535,292.0452432,15.77790704,1589.96104,467.6512336,-1151.416794,245.2529491,243.2646338,14.40004376,1324.388255,426.8118841,-959.0944941,223.8353409,4.640716033,25.26511855,-3.360710258,13.24992727,-99.61018876,72.13563183,266.5413273,1451.111894,-1050.865123,85.89853136,-62.20593406,-338.6633199,78.39712884,-56.773574,-309.0883103,-18.29647461
1978,309.8332994,16.45078182,15.05311032,2.805751781,2.707443079,-5.463192946,270.6282226,226.5961303,7.872243057,7.330248027,29.84647717,4452.045845,3410.976548,22.08755998,19.84622929,-163.0570635,247.6354336,46.1568104,44.53955539,-89.87379522,42.23529109,40.75543936,-82.23804612,7.596413242,-15.32836334,-14.79128393,4073.79649,3727.683502,759.3156175,129.504553,732.7105083,120.588311,-1478.494197,490.9978841,635.7724962,118.5017432,613.4961248,110.3430322,-1237.938381,449.2823135,21.31364998,20.56685646,-43.00758274,83.74180648,-40.04655932,80.80763805,694.803559,670.458841,-1352.880154,124.9669369,-252.163561,-243.3281849,114.3496466,-230.7395444,-222.6548288,-41.50067124
1954,520.5700457,18.31823156,16.44905693,-0.467400605,7.23704975,-4.056299514,335.5576074,270.5714737,0.218463325,52.37488909,16.45356574,6146.821954,4450.645574,-0.10210989,379.039678,-66.74059073,301.3176337,-8.561952507,132.5699531,-74.30423376,-7.688299154,119.0426433,-66.72230161,-3.38260143,1.895916846,-29.35564138,5519.606186,4956.390909,-156.8398286,4.001861779,2428.447099,959.4153462,-1361.12216,301.4002273,-126.4652704,3.593515673,1958.139216,861.5175321,-1097.518937,270.6456396,1.581029954,-24.48005483,-0.88615268,-7.690406578,-212.4482371,119.0752739,-140.8360442,2180.650706,-1222.234571,-61.96327626,34.72984379,-537.7434364,-55.64060347,31.18604412,-482.8726162,13.72084453
1984,349.944708,18.65109775,16.19995546,3.135070169,-2.437164719,-9.607309814,347.8634472,262.4385568,9.828664963,5.93977187,92.30040186,6488.035156,4251.49293,30.81355432,-14.47620244,-886.7585567,302.1469527,58.47250016,-45.45579741,-179.1868744,50.78799709,-39.48195989,-155.637991,-7.640682408,-30.1195904,23.41459653,5635.372349,4894.767175,1090.576316,183.315391,-847.8005207,110.7832657,-3342.03191,1721.503817,822.7632905,159.2239346,-639.6059916,96.22403971,-2521.328522,1495.262399,-23.95407549,18.6216016,-94.42702936,289.3682364,-57.06522858,-224.951283,947.251898,-736.3818932,-2902.819384,-142.5071145,-561.7634247,436.7079286,-123.7787147,-487.9360228,379.3154208,73.40640309
2017,330.1061539,16.53233892,15.3295058,3.908280035,3.606444313,-4.636397444,273.3182301,234.993748,15.27465284,13.00644058,21.49618126,4518.589613,3602.338022,59.69762072,46.90700368,-99.66483984,253.4325853,64.61301013,59.62295968,-76.6504939,59.91200146,55.28500901,-71.0736815,14.09499431,-18.12033957,-16.7209092,4189.833393,3884.996286,1068.204182,252.5257375,985.7069767,215.0268839,-1267.211943,355.382154,918.4213738,234.1528792,847.4918661,199.3823063,-1089.524413,329.5258352,55.08718485,50.83281207,-70.81936136,84.01309605,-60.30302788,77.52478065,990.4855134,913.990506,-1175.014191,233.023223,-299.571595,-276.4357378,216.069297,-277.7758504,-256.3232745,-65.34999558
2008,328.677001,18.05655046,15.90246423,-0.055264231,5.610254892,-2.324553377,326.0390145,252.8883687,0.003054135,31.47495995,5.403548403,5887.139917,4021.548237,-0.000168784,176.582548,-12.56083669,287.1436478,-0.997881369,101.3018505,-41.97341535,-0.878837451,89.21687775,-36.96612694,-0.31004642,0.128464654,-13.04133695,5184.823766,4566.291589,-18.01829529,0.055147146,1829.161976,568.3292025,-757.8950922,97.5694444,-13.97568113,0.048568276,1418.768207,500.5294248,-587.8525114,85.92973521,0.017134477,-1.739439446,-0.0070995,-0.298622945,-73.16522444,30.31528386,-15.86877278,1610.949055,-667.4807363,-5.598368832,2.319628506,-235.4815588,-4.930502108,2.042904565,-207.3893945,0.720719453
1934,548.2036352,19.10205449,16.91022795,-0.329408438,10.17084108,-1.744026284,364.8884856,285.9558093,0.108509919,103.4460083,3.04162768,6970.119734,4835.577919,-0.035744083,1052.132911,-5.304678619,323.0200957,-6.292377934,194.2839605,-33.31448511,-5.570371778,171.9912411,-29.49188201,-3.350360875,0.574496974,-17.73821418,6170.347469,5462.343451,-120.1973461,2.072762387,3711.2228,1976.031287,-636.3751097,58.10133766,-94.19625653,1.834927467,2908.411093,1749.295581,-498.7144476,51.4346174,1.103637143,-34.07598803,-0.189244151,-1.001937823,-180.4125575,30.93591176,-106.4055452,3285.38606,-563.3555372,-63.99877599,10.97407251,-338.8363337,-56.65536612,9.714874792,-299.9572452,5.843117428
1990,505.6123068,16.80670586,16.79048141,-0.077439659,-0.569513182,-11.15722214,282.4653618,281.9202659,0.005996901,0.324345264,124.4836059,4747.312251,4733.576984,-0.000464398,-0.184718904,-1388.891244,282.1926822,-1.301505564,-9.571640532,-187.5161507,-1.300249148,-9.562400494,-187.3351309,0.044102906,0.864011473,6.354185083,4742.729406,4738.150985,-21.87402118,0.100788147,-160.867747,5.451175456,-3151.528788,2092.159348,-21.83180914,0.10069085,-160.5573077,5.445913133,-3145.447033,2090.13967,-0.003415314,-0.025117187,-0.066908754,-9.63996794,-3.618792166,-70.89505449,-21.85290497,-160.7124524,-3148.486442,0.741224575,14.52118669,106.7929197,0.74050903,14.50716858,106.6898265,-0.492065923
1951,436.6206479,16.95911925,16.52025602,-2.201626393,3.492443465,-7.491603218,287.6117257,272.9188589,4.847158772,12.19716136,56.12411878,4877.641554,4508.689422,-10.67163268,42.59789646,-420.4596288,280.1689918,-37.33764453,59.22876519,-127.0509923,-36.37143166,57.69606017,-123.7632031,-7.689055707,16.49371137,-26.1640007,4751.419343,4628.463474,-633.2135661,82.20354364,1004.467692,206.8531139,-2154.67293,951.8156231,-600.8653628,80.07630388,953.1536852,201.5002283,-2044.599802,927.184811,16.92842798,-26.85359235,-36.31299026,-123.5643412,-91.37629326,196.0103118,-616.8274468,978.4743646,-2098.914921,-130.3996126,279.7188179,-443.7184079,-127.0251688,272.4803345,-432.23599,57.60335448
1974,467.4615857,14.75641214,14.61936629,4.211197323,5.267850738,-3.23426229,217.7516992,213.7258708,17.7341829,27.7502514,10.46045256,3213.233818,3124.536792,74.68214354,146.1841823,-33.83184724,215.7293942,62.1421633,77.73457658,-47.72610731,61.5650362,77.01263951,-47.2828651,22.18395893,-13.6201167,-17.03761099,3183.391852,3153.827034,916.9953729,261.6929118,1147.083449,409.4941466,-704.2661093,154.3587491,900.041815,259.2625156,1125.875986,405.6910899,-691.2455242,152.9251875,93.42102845,116.8617844,-57.35699897,44.05102981,-89.75159162,55.10410273,908.4790475,1136.430249,-697.7254445,327.3556408,-200.9840554,-251.4140096,324.3154214,-199.1174749,-249.0790758,-71.74874179
1979,339.8344174,16.3411562,15.38936107,3.561302123,6.467798746,-3.490902057,267.033386,236.8324343,12.68287281,41.83242062,12.18639717,4363.634273,3644.699845,45.16754188,270.5636776,-42.54151895,251.4799532,58.19579428,105.6913096,-57.0453758,54.80616427,99.53529026,-53.72275223,23.03378541,-12.43215691,-22.57845195,4109.473197,3870.115803,950.9865647,207.2528057,1727.118199,683.5901197,-932.1873966,199.1398197,843.4318511,195.1813092,1531.784521,643.7742255,-826.758832,187.5408663,82.03026887,148.9778884,-44.27466679,43.39944212,-146.0328832,78.81916434,895.5960912,1626.521726,-877.8918858,376.3986853,-203.155818,-368.9580101,354.4752405,-191.3229516,-347.4679495,-80.40868885
1967,315.0125635,17.23105309,16.80156108,1.972665314,6.678612056,-3.858527994,296.9091905,282.2924548,3.891408439,44.603859,14.88823828,5116.058025,4742.953923,7.676446449,297.8918704,-57.44668418,289.508591,33.99110074,115.0795189,-66.4865007,33.14385676,112.2111084,-64.82929378,13.17466635,-7.611584335,-25.76961158,4988.537901,4864.196275,585.7024615,67.05306541,1982.9413,768.5714623,-1145.632423,256.5400242,556.8685339,65.38173659,1885.321792,749.4144614,-1089.233339,250.1456448,25.98920732,87.98848549,-15.0151084,29.36951123,-172.1052386,99.43276766,571.1035554,1933.515566,-1117.077003,227.0133752,-131.1556138,-444.0375452,221.3549614,-127.8864991,-432.969703,-50.8348189
1975,407.7351293,17.53628192,16.78715651,2.465436681,5.977665456,-1.585143242,307.5211836,281.8086238,6.07837803,35.73248431,2.512679099,5392.778171,4730.765476,14.98585616,213.5968371,-3.982956295,294.3843093,43.2345927,104.8260267,-27.79751878,41.38767145,100.3480056,-26.61004771,14.73755569,-3.908070295,-9.475456004,5162.40624,4941.875475,758.1740063,106.5921508,1838.258756,626.6149185,-487.465126,44.06304906,694.7813184,102.0386833,1684.557676,599.8468067,-446.7070358,42.18073731,36.33451038,88.09617753,-9.63509986,6.19485122,-56.64110604,15.01995505,725.7858745,1759.730916,-466.6412985,258.4419313,-68.53302246,-166.1642678,247.4016539,-65.60538772,-159.065963,-23.36113681
1939,456.9307012,18.05091763,17.74664581,1.028051518,7.726393731,-3.531896142,325.8356271,314.9434374,1.056889923,59.69716008,12.47429036,5881.632065,5589.189634,1.08653729,461.2437634,-44.057898,320.3432416,18.55727326,139.4684968,-63.75396633,18.24446616,137.1175729,-62.67930987,7.943130802,-3.63097119,-27.28882021,5782.489467,5685.018046,334.9758111,19.07783295,2517.534347,1077.588519,-1150.817595,225.1723877,323.7780789,18.75625113,2433.377001,1059.424356,-1112.347512,221.3768127,8.165947678,61.37175603,-3.732825443,12.82421314,-210.8441694,96.38127883,329.3293558,2475.098014,-1131.419059,143.3807998,-65.54236185,-492.5882457,140.963929,-64.43755965,-484.2850268,-28.05431304
1928,339.2917809,14.8388719,15.04345458,2.968420994,6.345333758,-5.377526945,220.1921194,226.3055257,8.811523199,40.2632605,28.91779604,3267.402653,3404.416897,26.15631046,255.483826,-155.5062274,223.2278955,44.04801889,94.15759481,-79.79643349,44.6553064,95.45574017,-80.89658234,18.83562194,-15.96276388,-34.12220325,3312.450146,3358.118707,653.6229099,130.753064,1397.192488,597.4613649,-1184.089055,429.1074712,671.7700735,132.555749,1435.984092,605.6985305,-1216.964062,435.0235512,55.91205561,119.5183078,-47.38420343,85.84019287,-216.5167682,183.4930674,662.6343715,1416.455501,-1200.414023,279.4993812,-236.8694084,-506.3350031,283.3528231,-240.1351134,-513.3158148,-101.2890645
1968,378.7487038,17.2539078,16.35727875,-0.737764526,7.402500897,-1.470990779,297.6973344,267.5605681,0.544296495,54.79701953,2.163813873,5136.442362,4376.562794,-0.401562646,405.6349862,-3.182950256,282.2269794,-12.72932111,127.722068,-25.38033929,-12.06782,121.0847706,-24.06140622,-5.461302564,1.085244815,-10.88901056,4869.518282,4616.465373,-219.6305328,9.39124155,2203.704785,945.4627228,-437.910034,37.33424507,-197.3966956,8.903209498,1980.617345,896.3301231,-393.5791286,35.39410668,4.029155296,-40.42729713,-0.800655126,-1.596385116,-80.60591047,16.01763414,-208.2170536,2089.185468,-415.1532844,-94.22881092,18.72471398,-187.8779843,-89.33204837,17.75165195,-178.1145811,8.033525715
1956,442.0138213,16.46888234,16.44919276,-1.196562531,5.884897878,-5.519169238,271.2240856,270.5759425,1.431761889,34.63202303,30.46122907,4466.757554,4450.755834,-1.71319263,203.8059189,-168.1206784,270.8998202,-19.70604753,96.91769075,-90.8945488,-19.68248771,96.80181957,-90.78587867,-7.041648297,6.604031109,-32.47974733,4461.417266,4456.083361,-324.5365782,23.5795181,1596.126046,570.3507126,-1496.93163,501.6623976,-323.7610344,23.55132731,1592.31179,569.6688226,-1493.354418,501.0626287,8.425772505,-41.43938112,-7.902136176,-36.44876534,-191.1399962,179.2612223,-324.1485744,1594.217777,-1495.141954,-115.9680773,108.7610113,-534.9051374,-115.8294302,108.6309807,-534.2656247,38.86404866
1941,563.934824,17.1634127,16.03663653,-0.401354384,9.698071926,-1.085517204,294.5827355,257.1737111,0.161085341,94.05259908,1.178347601,5056.045063,4124.201329,-0.064652308,912.1288707,-1.279116593,275.243411,-6.88861093,166.4520109,-18.63117977,-6.436374373,155.5244545,-17.40804485,-3.892363683,0.435677089,-10.52742392,4724.116256,4413.978539,-118.2320723,2.764774196,2856.884557,1614.263574,-319.7746275,20.22446618,-103.2177964,2.583267071,2494.089148,1508.287346,-279.1664879,18.89673218,1.562217228,-37.74842296,-0.17486091,-0.472934975,-102.0957144,11.42769979,-110.4701497,2669.330397,-298.781458,-66.80624427,7.477705678,-180.6865215,-62.42042161,6.986795115,-168.824471,4.225227743
2000,382.228922,17.06593077,17.25522887,3.338937655,7.815425799,-2.364465663,291.2459932,297.7429232,11.14850466,61.08088042,5.590697872,4970.383959,5137.622283,37.22416202,477.3730886,-13.21901315,294.4765413,56.98207888,133.3775157,-40.35180733,57.6141334,134.8569608,-40.79939616,26.09521949,-7.894803436,-18.47930594,5025.516269,5081.260116,972.4522136,190.2596088,2276.211449,1042.402077,-688.6411505,95.41046287,994.1450578,192.3699995,2326.987724,1053.964571,-704.0029184,96.46877131,87.13031096,203.9452516,-26.36025647,18.66699164,-144.4236444,43.69368438,983.2388123,2301.459558,-696.2796706,445.3392094,-134.7321689,-315.366556,450.2789846,-136.2266401,-318.8646534,-61.70125045
2018,408.9531603,19.7080831,19.84931799,2.40729155,6.209334654,-4.40465234,388.4085395,393.9954246,5.795052609,38.55583685,19.40096223,7654.787772,7820.54047,13.95038118,239.4060939,-85.45449369,391.1920084,47.44310192,122.3740834,-86.80725433,47.78309548,123.2510581,-87.42934492,14.94767885,-10.60328236,-27.34996041,7709.64461,7764.89457,935.0125952,114.2093784,2411.758604,759.8616366,-1710.804582,382.3557759,948.4618566,115.027842,2446.449444,765.307066,-1735.412869,385.0958687,35.98342099,92.81514027,-25.52519203,46.70377245,-169.825057,120.4670671,941.7132164,2429.042094,-1723.064795,294.5900969,-208.9703699,-539.0152926,296.7012306,-210.4679233,-542.8780612,-65.83932861
1972,262.4312133,12.28500106,11.07865919,-1.86291756,2.256037251,-5.160819622,150.921251,122.7366895,3.470461836,5.089704078,26.63405917,1854.067729,1359.757953,-6.465184296,11.482562,-137.4535752,136.1013399,-22.8859442,27.71542002,-63.40067452,-20.63862875,24.99386783,-57.17496174,-4.202811411,9.614181498,-11.64300131,1672.005105,1507.82036,-281.1538488,42.63462733,340.4839643,62.52702,-778.8773537,327.1994451,-228.6483341,38.44806392,276.8985435,56.38709687,-633.4219154,295.0696644,7.82949118,-9.481699103,-17.91042754,-49.61705652,-26.26704468,60.08742963,-253.5455761,307.0496928,-702.3944656,-51.63154264,118.1102299,-143.0342835,-46.56151527,106.5122402,-128.9888435,21.6899516
1952,258.4267506,16.09105795,15.32066431,-6.672698544,-0.530547798,-10.36259625,258.9221459,234.7227548,44.52490585,0.281480966,107.383401,4166.331253,3596.108531,-297.1012744,-0.149339106,-1112.770829,246.5256971,-107.3707789,-8.537075356,-166.7451367,-102.2301744,-8.128344707,-158.7618585,3.540185517,69.14648091,5.497852619,3966.859278,3776.937449,-1727.709426,716.4528402,-137.3705743,4.529326529,-2683.105658,1727.912529,-1566.234184,682.1511358,-124.5316406,4.312475383,-2432.337138,1645.185039,-23.62259074,-1.878237629,-461.3936224,-716.5370638,-2.916873599,-56.97202693,-1644.99166,-130.7936657,-2554.646265,56.9653303,1112.640031,88.46626508,54.23799389,1059.370022,84.23075438,-36.68551316
1936,275.45025,12.01106319,10.73035033,-2.556617312,-2.038128453,-10.28286322,144.2656391,115.1404183,6.53629208,4.153967592,105.737276,1732.783707,1235.497026,-16.71079749,-8.466319542,-1087.281946,128.882916,-30.7076921,-24.48008965,-123.5081199,-27.43339943,-21.86983233,-110.3387248,5.210714488,26.28934612,20.9577961,1548.020848,1382.95884,-368.8320303,78.50781723,-294.0319038,49.89356725,-1483.463833,1270.017104,-294.3699867,70.13670391,-234.6709626,44.57352754,-1183.973172,1134.598014,-13.32180287,-10.62010546,-67.21179741,-270.3297503,-42.71468056,-215.5061507,-329.5042942,-262.6799381,-1325.285396,62.586221,315.7629976,251.7254134,55.91279194,282.0938939,224.8844944,-53.58106434
1937,271.2481797,13.95980127,13.15558163,-4.257537834,2.946667904,-6.493708221,194.8760514,173.0693281,18.12662841,8.682851738,42.16824646,2720.43095,2276.827674,-77.17480624,25.58548054,-273.8282887,183.6493052,-59.43438205,41.13489835,-90.65087626,-56.01038653,38.76513016,-85.4285086,-12.54555009,27.64720843,-19.13480159,2563.707803,2416.013426,-829.6921619,253.0441302,574.2350061,121.2108847,-1265.468217,588.6603404,-736.8492122,238.4663397,509.9778343,114.2279648,-1123.861719,554.7478086,53.41315414,-36.96756978,-117.7090359,-179.5329047,-56.38390572,124.2558184,-781.8938649,541.1535131,-1192.565003,-175.133386,385.9495353,-267.1180276,-165.0440083,363.7151075,-251.7294444,81.46714173
1931,268.132947,16.00677287,14.60619611,-2.110968902,0.211774286,-7.795142081,256.2167776,213.3409649,4.456189704,0.044848348,60.76424006,4101.203763,3116.099972,-9.406877885,0.009497727,-473.6658846,233.7980636,-33.78979974,3.389822894,-124.7750687,-30.83322577,3.093216753,-113.857374,-0.447048932,16.45530252,-1.650810648,3742.352501,3414.900368,-540.8656495,71.32921643,54.26012513,0.717877323,-1997.246185,972.6393889,-450.3561423,65.08798073,45.18013051,0.655063769,-1663.023133,887.5344069,0.943706393,-0.094673468,-34.73663188,-128.2714211,-0.349599246,12.86830355,-493.5404416,49.51241799,-1822.489124,-7.155810712,263.3962898,-26.42415109,-6.529684371,240.3493756,-24.11206407,3.484809941
1971,263.1093335,16.7472035,15.53510063,-1.781404799,1.179322115,-7.993770161,280.4688251,241.3393515,3.173403057,1.390800651,63.90036138,4697.068489,3749.231111,-5.653115433,1.640201966,-510.8048021,260.1694916,-29.83354868,19.75034746,-133.8732956,-27.6743028,18.32088773,-124.1840238,-2.100850075,14.24014052,-9.427229934,4357.11142,4041.759232,-499.6285109,53.14562678,330.7630881,23.29202154,-2242.003325,1070.152356,-429.9230788,49.29913581,284.6168345,21.60622807,-1929.211307,992.6985442,3.742464405,-2.477578954,-25.36745466,-113.8324104,-11.11774075,75.35910935,-463.4671808,306.8236351,-2079.735119,-35.18336373,238.4825312,-157.8797382,-32.63691732,221.222016,-146.4529657,16.79371264
1969,263.4032769,11.70518866,11.3468349,-1.471525948,0.017444028,-8.626827376,137.0114416,128.7506623,2.165388615,0.000304294,74.42215057,1603.744773,1460.912509,-3.186425534,5.31E-06,-642.0270459,132.8168432,-17.22448884,0.20418564,-100.978642,-16.69716199,0.197934507,-97.88718597,-0.02566934,12.69460033,-0.150486619,1554.646208,1507.050793,-201.6158915,25.34628227,2.390031439,0.00356182,-1181.974055,871.125313,-189.4599404,24.57030712,2.245930173,0.003452775,-1110.709738,844.4558556,0.0377731,-0.000447777,-18.68043378,-109.5141257,-0.002625093,1.298222087,-195.4434312,2.316860748,-1145.787979,-0.300464468,148.5926919,-1.76147427,-0.291265763,144.0435341,-1.707546824,0.221444965
1985,264.4091821,12.19899335,10.27324062,-3.038050314,2.574559887,-6.316492087,148.8154388,105.5394729,9.229749713,6.628358613,39.89807229,1815.398549,1084.232401,-28.04044402,17.0651062,-252.0158579,125.3231941,-37.06115559,31.40703895,-77.05484498,-31.21062191,26.44907322,-64.89084311,-7.821642475,19.18982077,-16.26218716,1528.816812,1287.475328,-452.1087907,112.5936554,383.1342594,80.85930266,-939.9915418,486.7163186,-320.6342289,94.81943969,271.7176935,68.09472297,-666.6392455,409.882497,23.76254338,-20.13728697,-58.29964103,-121.2123511,-41.86797473,102.7199765,-380.7381692,322.6520684,-791.6029637,-95.41616456,234.096496,-198.382313,-80.35361521,197.1416463,-167.0653617,49.4053428
1998,261.4859619,14.14343427,13.88779723,-2.808116738,1.163415993,-5.190139968,200.0367328,192.870912,7.885519614,1.353536772,26.93755289,2829.206382,2678.552118,-22.14345962,1.574726328,-139.8096699,196.4211473,-39.7164145,16.45469762,-73.40640347,-38.99855586,16.15728541,-72.07961149,-3.267007923,14.57451892,-6.038291844,2778.069585,2727.857066,-561.7264977,111.5283283,232.7259341,19.14365837,-1038.218642,380.9895086,-541.6040362,109.5124975,224.3891036,18.79764424,-1001.027029,374.1032725,9.174139631,-3.800889266,-40.92695052,-75.64379314,-7.0250453,31.33957984,-551.5735114,228.5195041,-1019.453247,-46.2067118,206.1337503,-85.40218377,-45.37154359,202.4079635,-83.85857276,16.9562284
2001,267.6614295,13.51768118,13.02552338,-3.387438866,-6.381110446,-14.71740256,182.7277046,169.6642593,11.47474207,40.71857052,216.601938,2470.054855,2209.965776,-38.86998727,-259.8296957,-3187.817916,176.0748723,-45.79031862,-86.25781661,-198.9451556,-44.12316414,-83.1173033,-191.7018711,21.61562153,49.85430142,93.91337119,2380.123989,2293.467366,-618.9789285,155.111905,-1166.005665,550.4206546,-2689.277187,2927.955942,-574.7273061,149.4645211,-1082.646377,530.3806923,-2497.017204,2821.353608,-73.22159649,-137.9316684,-168.8783983,-733.7258232,-599.2715939,-1382.160889,-596.4428658,-1123.553207,-2591.364776,292.1930805,673.9145524,1269.491011,281.5547836,649.3783688,1223.270812,-318.1258036
2014,266.1762411,15.64287412,14.7272349,-3.598598129,-3.024858097,-11.07967625,244.6995108,216.8914477,12.94990849,9.149766505,122.7592259,3827.803645,3194.211298,-46.60151647,-27.67674529,-1360.13248,230.3762817,-56.29241754,-47.31747444,-173.317981,-52.99739995,-44.54779572,-163.1729948,10.88524869,39.87130224,33.51444843,3603.747175,3392.805615,-880.5752016,202.5737884,-740.1812964,143.1286457,-2711.191359,1920.307118,-780.505158,190.7163443,-656.0658518,134.7507606,-2403.087023,1807.903956,-39.17163556,-32.92633262,-143.4807936,-441.7611206,-101.3764507,-371.3292384,-829.0316562,-696.8555609,-2552.494618,170.276575,623.701762,524.262298,160.3096143,587.1940338,493.5751545,-120.6050314
2016,261.4537095,14.98876852,14.47980617,1.039875078,5.51679117,-0.526306621,224.6631818,209.6647867,1.081340178,30.43498481,0.27699866,3367.424427,3035.905471,1.124458703,167.9034555,-0.145786229,217.0344629,15.58644684,82.68990582,-7.888688118,15.05718957,79.88206681,-7.620817862,5.736773649,-0.547293139,-2.903523721,3253.079325,3142.616954,233.6216437,16.20795763,1239.419857,456.1829423,-118.2417201,4.15186879,218.0251864,15.65759618,1156.676844,440.6926808,-110.3479655,4.010886901,5.965527947,31.64858221,-0.569116496,0.288044003,-16.01813403,1.52814376,225.6887291,1197.333808,-114.2266749,85.98717229,-8.203250174,-43.52024495,83.06737047,-7.92469857,-42.04246069,-3.019301957
1947,347.2081944,12.47690199,12.09408217,-0.245115104,4.404341246,-5.55417312,155.6730832,146.2668236,0.060081414,19.39822181,30.84883905,1942.317801,1768.962983,-0.014726862,85.43638845,-171.3397926,150.8966779,-3.058277122,54.95253405,-69.29887364,-2.964442203,53.26646495,-67.17262611,-1.07957056,1.361411719,-24.46247376,1882.72306,1824.956822,-38.1578239,0.749629913,685.6373813,242.0297123,-864.6352542,384.8979412,-35.8522076,0.726629558,644.2090041,234.6036886,-812.3912599,373.0883943,0.26461905,-4.754797148,-0.333702574,-7.561516376,-107.7410822,135.8688142,-36.98705482,664.6004624,-838.1062722,-13.46969607,16.98620059,-305.2158875,-13.05641507,16.4650252,-295.8511678,5.996121788
1980,258.4411469,12.52952267,12.26235353,-1.127615172,3.836607494,-5.591391777,156.9889384,150.3653142,1.271515977,14.71955706,31.263662,1966.996463,1843.832642,-1.433780707,56.47316293,-174.8073826,153.6414366,-14.12847987,48.07086058,-70.05747004,-13.82721589,47.04583746,-68.56362271,-4.32621682,6.304938202,-21.45197559,1925.053864,1884.005613,-177.0231088,15.93148826,602.3049376,184.4290239,-877.7866593,391.7187619,-169.5542097,15.59177843,576.8926912,180.4964126,-840.7513813,383.3660762,4.878307725,-16.59799587,-7.109543977,-35.25337962,-82.30281031,119.9463999,-173.248415,589.4618871,-859.0694653,-54.20543174,78.99786615,-268.7830146,-53.04960012,77.31338124,-263.0517087,24.18957315
1971,256.9395834,15.84369925,15.53200608,-0.964111166,2.502913343,-6.630772133,251.0228061,241.2432128,0.92951034,6.264575203,43.96713908,3977.129845,3746.991049,-0.896151298,15.67968886,-291.5360806,246.0844331,-15.27508736,39.65540627,-105.0559595,-14.97458049,38.87526526,-102.9891931,-2.413086701,6.392801452,-16.59624805,3898.88775,3822.184911,-242.0138902,14.72688228,628.2883307,99.25404547,-1664.475027,696.6021286,-232.5852752,14.43716025,603.8108564,97.30142013,-1599.628773,682.8978715,2.326483833,-6.039746903,-6.163371261,-42.38920972,-41.53897068,110.0459391,-237.2527497,615.9280112,-1631.729802,-38.23221997,101.2856236,-262.9459628,-37.48007731,99.29303101,-257.7730255,16.00062805
1938,254.6923096,13.38270147,12.82941476,-3.873228588,-0.992331037,-8.467190696,179.0966986,164.5938831,15.0018997,0.984720887,71.69331828,2396.797652,2111.643194,-58.10578679,-0.977169098,-607.0409975,171.6922278,-51.83426192,-13.28007002,-113.3138854,-49.69125603,-12.73102645,-108.6291013,3.843524941,32.79536507,8.402256122,2297.705829,2202.710802,-693.6824531,200.7659451,-177.7232126,13.17822565,-1516.4459,959.4502759,-637.5097337,192.4655934,-163.3316187,12.63339268,-1393.647796,919.7833159,-14.88685068,-3.814049089,-127.0239455,-277.68461,-8.337819528,-71.14350486,-665.0032451,-170.3755264,-1453.750834,51.43674687,438.8905803,112.4448853,49.31017561,420.7453407,107.7960287,-32.54385862
1970,340.3839688,14.36222147,13.87995249,-1.71857052,0.25522363,-7.157447293,206.2734056,192.6530811,2.953484632,0.065139102,51.22905175,2962.544334,2674.015612,-5.075771619,0.016625038,-366.6692378,199.3469516,-24.68249042,3.665578305,-102.7968432,-23.85367716,3.542491865,-99.34502836,-0.438619807,12.30057791,-1.826749683,2863.065069,2766.926217,-354.4953938,42.41860039,52.64584744,0.935542203,-1476.391028,735.762987,-331.0879057,40.99422636,49.16961877,0.904127635,-1378.904274,711.0568043,0.75379907,-0.11194614,-21.13941058,-88.0407381,-0.466229686,13.07486457,-342.5917943,50.87805272,-1426.815299,-6.299554814,176.6636242,-26.23618352,-6.088022085,170.731437,-25.35519881,3.139398152
1940,253.3964282,14.00805985,12.71719808,-2.063444812,5.085388221,-4.225578816,196.2257408,161.727127,4.257804491,25.86117336,17.85551633,2748.741921,2056.71591,-8.785744586,131.5141064,-75.44989157,178.1432719,-28.90485842,71.23642256,-59.19216096,-26.2412364,64.67188933,-53.73752281,-10.49341794,8.719248685,-21.48870874,2495.441614,2265.483275,-404.9009867,59.64358014,997.8840708,362.2648642,-829.1673335,250.1211414,-333.7150012,54.1473431,822.4452268,328.8816642,-683.390722,227.072138,21.65258881,-53.36310399,-17.99168846,-36.84387254,-109.2784263,90.80223243,-367.5888101,905.9276963,-752.7584358,-146.9924265,122.1397574,-301.0151181,-133.4468745,110.8844126,-273.2761655,44.34076456
1932,234.367605,14.63616464,13.39107829,3.163267086,5.059705925,-2.151106062,214.2173152,179.3209779,10.00625866,25.60062405,4.627257288,3135.319894,2401.301254,31.65246866,129.5316292,-9.9537212,195.9940266,46.29809786,74.05468893,-31.48394247,42.35955721,67.75491819,-28.80562969,16.00520122,-6.804523003,-10.88396409,2868.60084,2624.571355,677.6265825,146.4532491,1083.876619,374.6949484,-460.8041653,67.72529948,567.2401471,133.9945931,907.3114142,342.819961,-385.7384424,61.96396463,50.62872622,80.98161144,-21.52452365,14.63725068,-55.06965758,23.41256112,619.9814532,991.6721375,-421.6039385,234.2547601,-99.59211893,-159.2994903,214.3269026,-91.11990028,-145.7480152,-34.42888536
1937,227.6844516,13.33903825,12.82677111,-3.534915549,3.991325124,-5.343617866,177.9299414,164.526057,12.49562794,15.93067625,28.5542519,2373.414294,2110.338074,-44.17098949,63.58450836,-152.5830106,171.0967904,-47.15237371,53.2404385,-71.2787231,-45.34155262,51.19581378,-68.54136324,-14.10899724,18.88923788,-21.32811624,2282.266631,2194.619367,-628.9673164,166.679659,710.1762455,212.4998998,-950.7896138,380.8862582,-581.585717,160.2785594,656.6769849,204.3391378,-879.1643776,366.2588532,49.87411373,-56.31359518,-66.77186069,-100.936869,-85.12744622,113.969303,-604.8127047,682.9029182,-914.2758659,-188.2004539,251.9642666,-284.4965583,-180.9728782,242.2879307,-273.5708652,75.39308974
1967,236.3462787,15.28345524,14.07032314,-0.319047372,0.561908877,-7.20267787,233.5840041,197.9739932,0.101791225,0.315741586,51.87856851,3569.970672,2785.558056,-0.032476223,0.177418,-373.6646173,215.0431539,-4.876146222,8.587909167,-110.0818049,-4.489099613,7.906239468,-101.3440051,-0.17927555,2.297995442,-4.047248631,3286.602418,3025.726664,-74.52436254,1.555721635,131.2529254,4.825622393,-1682.430337,792.8837798,-63.16308214,1.432235432,111.2433441,4.442586139,-1425.942899,729.9482227,0.057197393,-0.100736523,-0.733169406,-16.55172092,-2.274184932,29.15102815,-68.60895301,120.834657,-1548.886566,-2.739949846,35.12131049,-61.85594331,-2.522464921,32.33353844,-56.94609606,1.291264038
1929,253.2676155,11.70777974,10.95640701,-0.080198577,2.85152349,-5.623337699,137.0721065,120.0428546,0.006431812,8.131186216,31.62192688,1604.810032,1315.238374,-0.000515822,23.1862685,-177.8207736,128.2752001,-0.938947271,33.38500896,-65.83679921,-0.878688247,31.24245197,-61.6115766,-0.228688125,0.450983679,-16.03507954,1501.817789,1405.435302,-10.99298784,0.075302235,390.8643316,95.19813727,-770.8027442,370.222555,-9.627266076,0.070469547,342.3050198,89.08858568,-675.0415099,346.4627014,0.018340462,-0.652109561,-0.036168249,-2.536033527,-45.72440599,90.17066732,-10.28748846,365.7797463,-721.3347685,-2.6774302,5.280017587,-187.7351795,-2.505600178,4.941160748,-175.686858,1.285990556
1994,209.0076644,14.11922656,14.4905431,-1.862730882,0.803692701,-6.296943295,199.3525587,209.9758393,3.469766338,0.645921957,39.65149486,2814.703942,3042.66395,-6.46324091,0.519122762,-249.6832147,204.595261,-26.30031934,11.34751933,-88.90796903,-26.99198212,11.64594372,-91.24612821,-1.497063213,11.72951074,-5.060807364,2888.726844,2964.696448,-371.3401674,48.99041704,160.2181963,9.119918457,-1255.311758,559.8484394,-391.1284803,50.27879866,168.7560494,9.359759962,-1322.205954,574.5716952,2.788625879,-1.203178777,-21.84892188,-73.86006398,-4.067333939,31.867617,-381.105911,164.4317179,-1288.324757,-21.13737468,165.6116195,-71.45468575,-21.69325901,169.9669809,-73.33384722,9.426922163
1999,270.369937,15.44479498,14.58933606,0.505707034,6.007969532,-3.936627249,238.5416919,212.8487267,0.255739604,36.09569789,15.4970341,3684.227526,3105.321603,0.129329317,216.8618532,-61.00604671,225.3293043,7.810541462,92.79185766,-60.80040077,7.377929869,87.65228653,-57.43277788,3.038272453,-1.990780091,-23.65113657,3480.164908,3287.404945,120.6322116,3.949845758,1433.151217,557.4906536,-939.0497246,239.3485144,107.6390983,3.731071032,1278.788665,526.6122669,-837.9060973,226.0914384,1.536475751,18.25384833,-1.006751495,7.836959152,-142.0953079,93.10570869,113.9506142,1353.771595,-887.0374794,46.92549513,-30.74719035,-365.2869553,44.32637786,-29.04415977,-345.0543796,-11.96054613
2014,266.3454829,15.60840654,14.44765964,-2.726514489,-1.319604028,-9.270426259,243.6223546,208.734869,7.433881259,1.741354792,85.94080302,3802.556752,3015.730342,-20.26858496,-2.297898798,-796.707877,225.5049451,-42.55654657,-20.59691614,-144.6965818,-39.39175334,-19.06518986,-133.9359633,3.597919503,25.27595151,12.23329184,3519.772859,3258.018694,-664.2398797,116.0310408,-321.4850405,27.17977351,-2258.483073,1341.398992,-569.1186447,107.4021862,-275.447374,25.15850134,-1935.061211,1241.643471,-9.809779656,-4.74782907,-68.91524803,-234.3188446,-16.14310119,-113.4078299,-614.8425002,-297.577234,-2090.526965,56.15779029,394.5173268,190.9421923,51.98151639,365.1783445,176.7424367,-33.35424744
1971,279.6199352,16.62660048,15.94447751,-0.133051008,4.006283691,-5.197574836,276.4438434,254.226363,0.017702571,16.05030902,27.01478418,4596.321339,4053.506527,-0.002355345,64.30209125,-140.4113625,265.1024573,-2.212185957,66.61087833,-86.41800026,-2.121428808,63.87810021,-82.87261507,-0.533040084,0.691542572,-20.8229593,4407.752644,4226.920168,-36.78113209,0.294333572,1107.512462,266.8620755,-1436.837564,449.1640235,-33.82507392,0.282258242,1018.502932,255.9137911,-1321.360547,430.7366187,0.070921521,-2.135509797,-0.092010436,-3.594344272,-83.42268226,108.2288893,-35.27214923,1062.075651,-1377.889861,-8.862644522,11.49800206,-346.2150251,-8.499045636,11.02628499,-332.0112062,2.770515729
1947,326.7656011,13.90901892,12.85311165,0.860962546,5.982949567,-4.199841065,193.4608073,165.2024791,0.741256505,35.79568552,17.63866497,2690.850029,2123.365909,0.638194087,214.1637812,-74.07958947,178.7741731,11.97514434,83.21695872,-58.41566883,11.06604773,76.89951878,-53.98102612,5.151095489,-3.615905854,-25.12743728,2486.573356,2297.804407,166.5625091,10.31015075,1157.466253,497.8828671,-812.5046429,245.3365248,142.2331469,9.52745262,988.3981007,460.0859426,-693.8241557,226.7117302,4.434900285,30.81874453,-3.113159509,15.18622989,-150.33619,105.5312429,153.9178672,1069.596862,-750.8231135,71.64668461,-50.29370294,-349.4980005,66.20760544,-46.47564166,-322.9657568,-21.63378236
1930,307.0024301,14.05461276,12.21361264,-2.734897828,1.339662167,-6.472910276,197.5321398,149.1723336,7.47966613,1.794694722,41.89856745,2776.237732,1821.933099,-20.45612265,2.404284621,-271.2056678,171.657596,-38.4379299,18.82843299,-90.97424735,-33.40298267,16.36211477,-79.05761874,-3.663839151,17.70274826,-8.671513009,2412.581038,2096.559383,-540.23022,105.123811,264.6263345,25.22373934,-1278.607817,588.8681406,-407.9710912,91.35374475,199.8405317,21.91970614,-965.5791312,511.7328728,10.02022574,-4.908306698,-48.41520775,-114.5883011,-11.61689791,56.12992567,-469.4659864,229.963187,-1111.124217,-51.49384048,248.8052715,-121.8747574,-44.74871215,216.2145098,-105.9105009,23.71570209
1976,294.5160925,15.22653088,13.14582534,3.426618629,3.139979635,-3.940088958,231.8472426,172.812724,11.74171523,9.85947211,15.524301,3530.229198,2271.765886,40.23438013,30.95854164,-61.16712694,200.1653155,52.17551436,47.81099687,-59.99388618,45.04573001,41.27762387,-51.79572128,10.75951271,-13.50118222,-12.37179909,3047.823357,2631.338278,794.4520804,178.7855895,727.9956202,150.1255565,-913.4987604,236.3812485,592.1632992,154.3545376,542.628434,129.6108983,-680.8975055,204.0797495,36.86874669,33.7846508,-46.26340251,53.19585899,-38.84719719,48.74598898,685.890199,628.5150144,-788.6691494,163.8300525,-205.576168,-188.3795809,141.4426749,-177.4841834,-162.63751,-42.39343723
1987,296.4474801,16.21259287,14.62346484,-2.274199975,2.825794036,-4.138203549,262.8481677,213.845724,5.171985528,7.985111932,17.12472861,4261.450331,3127.165426,-11.76212936,22.56428167,-70.86561273,237.0842819,-36.87067831,45.81344825,-67.09100937,-33.25668338,41.32289973,-60.51487411,-6.426420726,9.411102409,-11.69371091,3843.750939,3466.993661,-597.7692965,83.85129571,742.7547846,129.4593688,-1087.719221,277.6362531,-486.3279402,75.63234853,604.2839714,116.7700036,-884.937134,250.4228668,14.61496586,-18.15974136,-21.40272887,-38.94505739,-33.04401854,48.39095598,-539.177068,669.9513497,-981.1030168,-104.1889429,152.5783719,-189.5853741,-93.97653755,137.6229252,-171.0025703,26.59383706
1991,367.7375167,16.82062008,15.0681834,1.794031599,3.354598485,-5.47693195,282.9332597,227.050151,3.218549377,11.253331,29.99678358,4759.112869,3421.233317,5.774179283,37.75040711,-164.2903424,253.4561882,30.17672392,56.42642662,-92.12539151,27.03279716,50.54770521,-82.5274151,6.018255682,-9.825788981,-18.37290762,4263.290248,3819.124329,507.5912082,54.13799626,949.1274844,189.2880053,-1549.60621,504.5645001,407.3351454,48.49769229,761.6620926,169.5672553,-1243.538226,451.9970365,10.79694086,20.18883139,-17.62777591,53.8151776,-61.63372807,100.6271648,454.7084105,850.243745,-1388.162295,101.2307924,-165.2758634,-309.0436988,90.68418038,-148.0567904,-276.8463417,-32.96157683
1991,368.613704,16.45641485,14.46466658,1.158155993,2.417210134,-6.392233184,270.8135897,209.2265792,1.341325303,5.842904832,40.86064508,4456.620779,3026.392707,1.553463938,14.12352877,-261.1907714,238.0365539,19.05909548,39.77861274,-105.1932411,16.75234028,34.96413864,-92.4615217,2.799506402,-7.403203169,-15.45137083,3917.22828,3443.119385,313.6443818,22.07340564,654.6133534,96.15326584,-1731.103615,672.4197265,242.3170165,19.40182329,505.7446076,84.51567024,-1337.425083,591.0356073,3.242265116,6.766995246,-8.574064115,47.32300097,-37.34921016,98.76876538,275.6834613,575.3843703,-1521.585159,46.06983873,-121.8301826,-254.2741684,40.49392669,-107.0848654,-223.4989273,-17.89509772
1957,235.4136888,15.23423591,14.2532455,-1.076569927,3.498693718,-3.557956473,232.0819436,203.1550073,1.159002808,12.24085773,12.65905427,3535.591079,2895.618193,-1.247747569,42.82701206,-45.04036408,217.1373044,-16.40072024,53.29992547,-54.20274826,-15.34461547,49.86774049,-50.71242709,-3.766588442,3.830388942,-12.44819996,3307.920918,3094.911306,-249.8524412,17.6565222,811.9836383,186.4801144,-825.7374537,192.851019,-218.7105714,16.51955156,710.7771477,174.4719504,-722.8166732,180.4326083,4.054995845,-13.17813932,-4.123681545,-13.62835713,-43.55243902,44.29015364,-233.763492,759.6969227,-772.5650777,-57.38109688,58.35304875,-189.6388148,-53.68610976,54.59547395,-177.4272501,13.40135773
1985,225.7253229,12.5932288,10.35039415,-1.876756585,4.670733004,-3.987659859,158.5894117,107.1306592,3.522215278,21.81574679,15.90143115,1997.152748,1108.844548,-6.610340715,101.8955285,-63.4094987,130.3448818,-23.63442508,58.8196094,-50.217513,-19.42517038,48.34392758,-41.27385129,-8.76582892,7.483866897,-18.62529451,1641.46292,1349.120903,-297.6337227,44.35606289,740.7287994,274.7306909,-632.4006312,200.2503608,-201.05817,36.45631642,500.3787054,225.8015781,-427.2006292,164.58608,16.45132714,-40.94284644,-14.04539648,-29.84311562,-86.99377778,74.27133928,-244.6256152,608.8061413,-519.771053,-110.3900892,94.24604818,-234.5525953,-90.72978441,77.46097219,-192.7791394,34.95514411
1966,219.9559842,14.0548554,12.40428053,0.142344905,5.347307637,-2.476436201,197.5389604,153.8661755,0.020262072,28.59369896,6.132736257,2776.381525,1908.599206,0.002884203,152.8993048,-15.18733008,174.3403693,2.000637054,75.15563562,-34.80595272,1.765686131,66.32950402,-30.71840936,0.761161996,-0.352508075,-13.24226621,2450.328681,2162.566849,28.1186645,0.284780491,1056.301591,401.8803043,-489.1926326,86.19472131,21.9020661,0.251336424,822.7697755,354.6842634,-381.0397672,76.07218096,0.108347532,4.070167355,-0.050177728,0.872963758,-70.81047122,32.79362742,24.81646326,932.2515879,-431.7428017,10.69802179,-4.954450024,-186.1181368,9.441666932,-4.372609054,-164.2607849,-1.884969122
1942,190.6845714,14.99864819,13.72125207,-0.171551467,5.203942879,-2.991103992,224.9594475,188.2727585,0.029429906,27.08102148,8.94670309,3374.087609,2583.337978,-0.005048743,140.9280889,-26.76051933,205.8002326,-2.573040094,78.05210843,-44.86251647,-2.353900917,71.40461202,-41.04169185,-0.892744033,0.513128277,-15.56553432,3086.725285,2823.836868,-38.59212314,0.441408802,1170.676115,406.1787138,-672.8771013,134.1884521,-32.29846784,0.403815155,979.7606808,371.5855222,-563.1433995,122.7599683,0.153151548,-4.645788952,-0.088027908,-1.534820036,-81.00215146,46.55813183,-35.30533172,1070.972655,-615.5698972,-13.38995367,7.696230495,-233.4619731,-12.24956591,7.040762429,-213.57862,2.670290241
1953,260.2763265,15.21442093,14.39986204,-1.852840987,2.537516122,-4.290828386,231.4786041,207.3560267,3.433019724,6.438988071,18.41120824,3521.812918,2985.898177,-6.360839655,16.33903604,-78.99933493,219.0855623,-28.18990269,38.60683839,-65.28246919,-26.68065459,36.53988208,-61.78733679,-4.701613877,7.950222703,-10.88804621,3333.259964,3154.801872,-428.8930454,52.23140713,587.3806899,97.96547485,-993.2349653,280.1158719,-384.1977452,49.4350104,526.1692608,92.72053988,-889.7291254,265.1188586,8.711342898,-11.93042101,-14.73049848,-34.11304125,-27.62859279,46.71873774,-405.9307096,555.9331465,-940.0585497,-71.53233256,120.9580347,-165.6553181,-67.70259119,114.4821101,-156.7863632,20.17381829
1932,222.9923019,14.89836492,13.52931332,3.518605897,5.929332788,-1.678082924,221.9612772,183.0423189,12.38058746,35.15698731,2.8159623,3306.860106,2476.436883,43.56240805,208.4574776,-4.725418249,201.5646469,52.42147466,88.3373636,-25.00069176,47.60432163,80.21980106,-22.70330965,20.86298532,-5.904512472,-9.949912102,3002.983664,2727.031262,780.994259,184.4505099,1316.082279,523.7816264,-372.4694291,41.95323393,644.0537827,167.5008468,1085.318823,475.6498967,-307.1601897,38.09803624,73.40862317,123.7035829,-20.77565241,9.908261554,-58.99634007,16.69677759,709.2265553,1195.14387,-338.242192,310.8243685,-87.96758147,-148.2374214,282.2618651,-79.88399923,-134.6154783,-35.0098194
1992,225.6597445,11.83550283,9.725874811,-2.628053619,3.492674787,-4.805946486,140.0791273,94.59264084,6.906665825,12.19877717,23.09712163,1657.906908,919.9961828,-18.15108812,42.60636145,-111.0035305,115.1106189,-31.10433605,41.33756234,-56.88079325,-25.5601205,33.96931773,-46.74203387,-9.178936615,12.63028506,-16.78560812,1362.392056,1119.551469,-368.1354575,81.74386294,489.2508361,144.3786617,-673.2127896,273.3660484,-248.5945321,67.17336717,330.3813317,118.6437796,-454.6071698,224.6397134,24.12273759,-32.05904049,-33.19306635,-60.70047408,-58.62667026,80.67073435,-302.5168785,402.0439563,-553.2154743,-108.6373303,149.4857746,-198.6661124,-89.27318841,122.8405713,-163.2547232,44.11347817
1998,227.4797807,14.78883536,14.51243088,-1.178010374,2.018295747,-3.896221656,218.7096513,210.6106501,1.38770844,4.073517722,15.18054319,3234.461025,3056.472503,-1.634734938,8.221563495,-59.14676114,214.621951,-17.42140147,29.84824351,-57.6205806,-17.09579413,29.29037753,-56.54364748,-2.377573327,4.589789529,-7.863727598,3174.008698,3114.686229,-257.642238,20.52259165,441.420759,60.24258293,-852.1412798,224.502554,-248.1015306,20.13902283,425.0745794,59.11664439,-820.5857759,220.3065838,2.800806043,-4.798646134,-5.406819678,-17.88283736,-15.87132797,30.63882576,-252.8268847,433.1705709,-836.2146933,-35.16154049,67.87764168,-116.2953728,-34.50436858,66.6090033,-114.1218032,9.263552686
2003,227.9926469,12.34565093,10.60094693,-1.921811604,3.07376224,-6.475804174,152.415097,112.3800759,3.693359843,9.448014306,41.93603971,1881.663585,1191.335221,-7.097941805,29.04094962,-271.569581,130.8755904,-23.72601523,37.94759567,-79.94801786,-20.37302283,32.58479039,-68.6496564,-5.907191941,12.44527561,-19.90508234,1615.744355,1387.405189,-292.9131021,45.59693139,468.4877699,116.6418867,-987.0103214,517.7277078,-215.9733339,39.1531117,345.4296337,100.1578983,-727.7513645,444.5617315,11.35251002,-18.15730353,-23.91747509,-80.59316775,-61.18349048,128.9014153,-251.5182284,402.2804479,-847.5246947,-72.92812971,153.6450285,-245.7411984,-62.6218283,131.9317063,-211.0127216,38.25381823
1996,258.4961227,14.21652688,14.86843058,-4.484769662,0.565400878,-8.588028636,202.1096364,221.0702278,20.11315893,0.319678152,73.75423585,2873.297078,3286.967334,-90.20288497,0.180746308,-633.4034895,211.3774429,-63.75784844,8.038036772,-122.0919399,-66.68148637,8.406623696,-127.6905076,-2.535692703,38.51533029,-4.855678927,3005.053098,3142.850835,-906.4151659,285.9392644,114.2729658,4.544713045,-1735.723345,1048.529076,-991.4490508,299.0511071,124.9933008,4.753112415,-1898.557447,1096.609735,11.37199771,-1.43368288,-172.7323848,-330.7707594,-2.745405127,41.70070967,-947.9791432,119.5129917,-1815.315532,-36.04874346,547.5542282,-69.03088997,-37.70177092,572.6625145,-72.19632503,21.77660154
2001,271.8280099,13.76725667,13.03539453,-2.130695119,-4.55218578,-12.48019085,189.5373561,169.9215106,4.53986169,20.72239538,155.7551636,2609.40943,2214.99393,-9.673061145,-94.33219357,-1943.854168,179.4616223,-29.33382658,-62.67111003,-171.8179907,-27.7744515,-59.33953763,-162.6842116,9.699320023,26.59148173,56.81214732,2470.694216,2339.35305,-403.8463196,62.50144113,-862.8092575,285.2905359,-2365.462378,2144.321315,-362.0509333,59.17888825,-773.5142843,270.1245994,-2120.652882,2030.330008,-20.66629383,-44.15310669,-56.65834033,-331.8667669,-258.6194492,-709.0264411,-382.3780026,-816.942645,-2239.715296,133.5330283,366.0917541,782.147414,126.4344632,346.6304555,740.5687545,-121.049365
2006,221.9610229,14.04038752,11.96848343,-0.534381321,-1.811617556,-8.597696002,197.1324817,143.2445956,0.285563396,3.281958168,73.92037655,2767.816436,1714.420569,-0.152599745,-5.945653033,-635.5449259,168.0421454,-7.502920826,-25.43581252,-120.7149836,-6.395733982,-21.68231469,-102.9013821,0.968094582,4.594448145,15.57573701,2359.376841,2011.209632,-105.3439159,4.009420741,-357.1286646,46.0799645,-1694.88515,1037.870732,-76.54723618,3.417760772,-259.5044241,39.28006194,-1231.573487,884.7148017,-0.517331661,-1.75381714,-2.455187268,-39.50166845,-28.21727862,-133.9154519,-89.79858358,-304.4281006,-1444.775281,13.59242309,64.50783239,218.6893836,11.58662396,54.98857649,186.4179504,-8.323382917
1965,191.9242955,14.9276793,13.94701429,0.529347014,0.44191145,-7.649890487,222.8356092,194.5192077,0.280208262,0.19528573,58.52082447,3326.41851,2712.962169,0.148327407,0.086299,-447.6778984,208.1965565,7.901922466,6.596712405,-114.1951119,7.382810373,6.16334531,-106.693132,0.233924507,-4.049446689,-3.380574198,3107.891426,2903.720349,117.9573644,4.182859065,98.4736072,2.915162745,-1704.668007,873.5800999,102.9681618,3.908068628,85.96026513,2.723652864,-1488.050636,816.1907752,0.123827239,0.103373918,-2.143562514,30.9778237,-1.493914446,25.8610224,110.2082256,92.00444219,-1592.680857,3.491950016,-60.44884151,-50.46412748,3.262548438,-56.47769085,-47.14891666,-1.789496858
1977,199.7214311,14.60841059,13.16170629,-7.453285213,-0.513623252,-11.99561509,213.4056599,173.2305124,55.55146046,0.263808845,143.8947813,3117.517501,2280.009124,-414.0408788,-0.135498357,-1726.10641,192.2716095,-108.8806506,-7.503219359,-175.2368704,-98.09795085,-6.760158392,-157.8827625,3.828180593,89.40674055,6.161226837,2808.782615,2530.622451,-1590.573249,811.5185431,-109.6101091,3.853827931,-2559.932153,2102.074047,-1291.136416,731.1520064,-88.97521921,3.47217454,-2078.006548,1893.900848,-28.5325218,-1.966242567,-666.3739372,-1072.488846,-3.164549367,-73.9077056,-1433.055144,-98.75516941,-2306.416219,55.92363389,1306.090375,90.00573135,50.38538858,1176.745259,81.092258,-45.92138087
1926,185.2598595,12.88759729,11.60742164,-3.288773057,-0.118039785,-9.144378405,166.0901639,134.7322371,10.81602822,0.013933391,83.61965642,2140.503145,1563.893885,-35.57146221,-0.001644694,-764.6497804,149.5917757,-42.38438274,-1.521249218,-117.8490663,-38.17417556,-1.370137559,-106.1426558,0.388206066,30.07378533,1.079400464,1927.878562,1736.374814,-546.232856,139.392616,-19.60524729,0.179567931,-1518.791308,1077.656457,-443.1037515,125.5462001,-15.90376435,0.161730743,-1232.04256,970.6086095,-1.27672165,-0.045823761,-98.90585492,-275.0060731,-0.127412199,-9.870446295,-491.9734014,-17.65778109,-1367.923803,5.00304344,387.5788342,13.91087849,4.506071489,349.0791066,12.52905631,-3.549903164
1978,191.9033833,15.2241187,13.42247364,-0.708264511,-0.84099159,-9.432165873,231.7737902,180.1627986,0.501638617,0.707266854,88.96575306,3528.551693,2418.230415,-0.35529283,-0.594805476,-839.1397399,204.3453319,-10.78270298,-12.80335579,-143.5964128,-9.506661726,-11.28818745,-126.6029978,0.595644497,6.680468348,7.932372175,3110.977589,2742.819831,-164.1571501,7.637005854,-194.9198083,10.76751454,-2186.128834,1354.425185,-127.6029164,6.733231117,-151.5153984,9.493270709,-1699.3254,1194.140475,-0.421873858,-0.500932013,-4.731538647,-63.01128557,-6.671058288,-74.81945012,-144.7305465,-171.8527056,-1927.419066,9.068162526,101.7042431,120.7633756,7.99502256,89.6684103,106.4720564,-5.618217698
1967,182.7313156,16.11802292,15.33352178,-0.43978473,2.60117889,-6.682433538,259.7906629,235.1168901,0.193410609,6.766131616,44.65491799,4187.311859,3605.169954,-0.085059032,17.59991872,-298.4035216,247.1460555,-7.088460354,41.92586096,-107.7076169,-6.74344873,39.88523315,-102.4652402,-1.143958755,2.938832228,-17.38220505,3983.505787,3789.619423,-114.2519665,3.117396621,675.761988,109.0566645,-1736.033838,719.7489917,-103.400818,2.965665777,611.5810911,103.7486265,-1571.152992,684.7171575,0.503095592,-2.975641364,-1.292453537,-19.63855104,-45.21422483,116.15543,-108.6910612,642.8711021,-1651.53709,-18.43835343,47.3681652,-280.1667794,-17.54091648,45.06264796,-266.5304197,7.64442835
1956,197.0630451,16.23429585,14.89049542,-4.173530274,1.243771129,-9.476289439,263.5523617,221.7268538,17.41835495,1.546966621,89.80006154,4278.587011,3301.622701,-72.69603171,1.924072421,-850.9713748,241.736708,-67.7543252,20.19174848,-153.8408863,-62.14593343,18.5203683,-141.1066445,-5.190916461,39.54958086,-11.78633522,3924.425234,3599.579342,-1099.94376,282.7747274,327.7988185,25.1139138,-2497.498462,1457.840766,-925.383737,259.3679346,275.7774593,23.03509939,-2101.147843,1337.167405,21.664447,-6.456312028,-165.0613731,-374.7832755,-14.65950346,111.6907239,-1008.895469,300.6651382,-2290.767013,-84.27087356,642.0595964,-191.3428528,-77.29531779,588.9128527,-175.5043705,49.19062684
1963,200.4476901,15.87463301,14.18981929,-1.514285888,2.096017778,-9.269795156,252.0039733,201.3509715,2.29306175,4.393290525,85.92910224,4000.470593,2857.1339,-3.472351048,9.208415044,-796.5451757,225.2581738,-24.03873274,33.27351301,-147.1545962,-21.4874431,29.7421135,-131.5367181,-3.173970142,14.03711999,-19.42965545,3575.890841,3196.372779,-381.6060604,36.40151375,528.2048081,69.7418748,-2336.025211,1364.092963,-304.9029346,32.53813185,422.0352159,62.33999865,-1866.48226,1219.318433,4.806298194,-6.652697843,-21.2562127,-130.1212269,-40.72490323,180.1089259,-341.1052736,472.1451368,-2088.097128,-50.38561119,222.8341284,-308.4386497,-45.03806274,199.184196,-275.7032997,29.42205304
1990,202.3706554,15.95545783,15.27211427,-3.083349422,-3.836794514,-14.02415852,254.5766345,233.2374743,9.50704366,14.72099214,196.6770222,4061.886756,3562.02936,-29.31353758,-56.4814219,-2758.229736,243.6735752,-49.19625168,-61.21781307,-223.7618698,-47.08926472,-58.59596426,-214.1785515,11.83017815,43.24138107,53.80781447,3887.923453,3721.410686,-784.948719,151.6892342,-976.7582348,234.8801693,-3570.223078,3138.071933,-719.1526317,145.1926572,-894.884262,224.8206742,-3270.959313,3003.673957,-36.47657296,-45.38996262,-133.3282873,-606.4239827,-206.4495274,-754.6093198,-751.3307774,-934.9254366,-3417.316846,188.7559086,689.9360321,858.5283147,180.6718325,660.387313,821.7590913,-165.9082937
1947,240.9873146,14.28177635,13.65579626,-0.309773789,6.062636118,-4.853099851,203.9691358,186.4807715,0.0959598,36.7555567,23.55257816,2913.04158,2546.543421,-0.029725831,222.8355656,-114.3030136,195.0290281,-4.424119977,86.58521314,-69.31088668,-4.230207752,82.79012362,-66.27294279,-1.878045763,1.50336313,-29.42257844,2785.360961,2663.276672,-63.18429207,1.370476409,1236.590649,524.9346405,-989.8825823,336.3726538,-57.76685519,1.310407484,1130.56506,501.9263937,-905.0098041,321.6292087,0.581769352,-11.38590807,-0.465702493,-7.295971383,-178.3783867,142.790711,-60.41488103,1182.39003,-946.495347,-26.82182956,21.470696,-420.206685,-25.6462103,20.52962061,-401.7887366,9.114343611
1991,207.8602463,17.80834682,16.03804611,1.236546744,1.797903893,-7.114818622,317.1372165,257.2189232,1.529047849,3.232458407,50.62064402,5647.689543,4125.288951,1.890739139,5.811649552,-360.1567008,285.6110876,22.02085327,32.01769607,-126.7031576,19.8317937,28.83486554,-114.1077892,2.223192204,-8.797805799,-12.7917601,5086.261304,4580.643793,392.1549924,27.22981441,570.1822361,57.5647404,-2256.373774,901.4699852,318.0632219,24.52293992,462.4549032,51.84231699,-1830.065984,811.8562232,2.74908108,3.997085917,-10.87889811,62.59479253,-22.99835527,91.01105294,353.1714603,513.5012861,-2032.071084,39.59137782,-156.6743769,-227.8001003,35.65565909,-141.0996151,-205.1548383,-15.81760929
1933,224.9503704,18.20709405,15.43275402,-4.374846593,2.046473141,-7.759163977,331.4982736,238.1698967,19.13928271,4.188052315,60.20462562,6035.620245,3675.61743,-83.73142577,8.570736575,-467.1375624,280.9856039,-79.65324336,37.26032894,-141.2718283,-67.51593135,31.58271659,-119.7452691,-8.953006047,33.94515209,-15.87892067,5115.931315,4336.381708,-1450.254093,348.4707203,678.4023132,76.25226238,-2572.149463,1096.151281,-1041.956761,295.3718422,487.4082964,64.63318121,-1847.999283,929.1231782,39.168028,-18.3220864,-148.504833,-263.3860013,-32.49578466,123.2071493,-1229.268912,575.0294912,-2180.213376,-163.0082231,618.0425765,-289.1090021,-138.1695401,523.8671824,-245.0554769,69.46784201
1974,208.8111664,13.6120786,12.84996245,0.602204128,0.916214228,-6.887372735,185.2886837,165.121535,0.362649812,0.839448511,47.43590319,2522.164126,2121.805525,0.218389214,0.76911467,-326.7087463,174.9146989,8.197249928,12.47158008,-93.751459,7.73830044,11.77331843,-88.50248104,0.551747991,-4.147604295,-6.310308892,2380.952629,2247.647313,111.5816103,4.936417749,169.7641283,11.42663911,-1276.152228,645.7012425,99.4368701,4.660036472,151.2866997,10.78688185,-1137.253558,609.5495749,0.332264918,0.505519359,-2.49770443,28.56609674,-5.781594789,43.46144941,105.3343538,160.2593358,-1204.702728,7.510437013,-56.45751566,-85.89642061,7.089940962,-53.29655946,-81.08723233,-3.800094067
1951,199.0584531,14.88047141,13.94800375,-4.70852179,-1.87112737,-11.27543185,221.4284293,194.5468087,22.17017745,3.501117634,127.1353633,3294.95941,2713.539618,-104.3887636,-6.55103703,-1433.506125,207.552871,-70.06502387,-27.84325732,-167.7837412,-65.6744796,-26.09849158,-157.2697657,8.810243993,53.09061655,21.09776914,3088.484563,2894.948224,-1042.600584,329.9026916,-414.3207945,52.09828084,-2496.701163,1891.834139,-916.027888,309.2297183,-364.0218584,48.8336019,-2193.599283,1773.284525,-41.48322582,-16.48508867,-249.9783249,-598.6196286,-39.47661327,-237.886458,-977.2672158,-388.3578576,-2340.248252,131.1005838,790.0134015,313.9447504,122.8853163,740.5081189,294.2717631,-99.3393057
1993,208.1714179,14.96740904,14.39234234,-0.36684769,1.885748097,-5.642225616,224.0233334,207.1395181,0.134577228,3.556045885,31.83470991,3353.048865,2981.222857,-0.049369345,6.70580676,-179.6186157,215.4160749,-5.490759437,28.22476311,-84.44949869,-5.279797547,27.14033218,-81.20484265,-0.691782334,2.069837436,-10.63981622,3224.220506,3100.341896,-82.18244243,2.014272418,422.4515745,53.22479333,-1263.99019,476.4831248,-75.9886538,1.936881536,390.6129521,51.17982977,-1168.727895,458.1760433,0.253778751,-1.30452722,-0.759315083,-11.6784898,-20.06401319,60.03224362,-79.02488954,406.2204533,-1215.426096,-10.35418916,30.98010355,-159.2504814,-9.956368177,29.78980897,-153.1318775,3.903192006
1994,186.9159966,16.22789054,15.28851981,-2.316475082,1.817655285,-5.953778398,263.3444313,233.7388379,5.366056807,3.303870736,35.44747721,4273.524605,3573.520853,-12.43033688,6.005298104,-211.0464241,248.1004259,-37.59150407,29.496711,-96.61726413,-35.41547518,27.78925883,-91.02445896,-4.210553176,13.7917793,-10.82191677,4026.146554,3793.088276,-610.0308132,87.07978249,478.6693974,53.61485265,-1567.894386,575.23778,-541.4501938,82.03906578,424.856634,50.51129318,-1391.629244,541.9394574,9.753641516,-7.653334234,-31.9483131,-82.11319769,-19.67051422,64.4312943,-574.7184546,450.9610504,-1477.134956,-68.32839605,223.8114849,-175.6168808,-64.37312564,210.8558911,-165.4510889,25.06870054
2003,193.4515289,13.73723425,12.18698969,-2.319653929,4.617662734,-6.473063674,188.7116049,148.5227177,5.380794353,21.32280913,41.90055333,2592.375523,1810.04483,-12.48158076,98.46154111,-271.2249496,167.4155322,-31.86562942,63.43391468,-88.92199202,-28.26959852,56.27540814,-78.88716026,-10.71137951,15.01526759,-29.8904249,2299.826384,2040.291365,-437.7456159,73.91723249,871.4065456,292.9164239,-1221.542235,575.5977164,-344.5213058,65.5756853,685.8278188,259.860855,-961.3970088,510.6416114,24.84669356,-49.46153798,-34.83022446,-97.19478317,-138.0239012,193.4826236,-388.3460972,773.0684643,-1083.6914,-147.1447295,206.2682482,-410.6117688,-130.5394716,182.9909113,-364.2743002,69.33544158
1996,204.5101716,15.87868679,15.40843545,-4.709429542,1.450325882,-8.134614346,252.1326943,237.4198829,22.17872661,2.103445163,66.17195055,4003.536083,3658.268938,-104.4491503,3.050680961,-538.2832983,244.6657204,-74.77955667,23.02927042,-129.1669934,-72.56494108,22.34725272,-125.34168,-6.830207553,38.30939311,-11.79784172,3884.970343,3769.915958,-1187.401159,352.1690533,365.6745721,33.39994693,-2051.002232,1050.723677,-1118.11221,341.7394772,344.336201,32.41079901,-1931.319185,1019.606228,32.16638123,-9.906026791,-180.4153877,-311.6321388,-17.1107152,95.97089253,-1152.235972,354.8450267,-1990.261279,-108.4547265,608.3028545,-187.3342336,-105.2428122,590.2878107,-181.7862826,55.56110434
2001,199.0146547,14.97571787,14.04463976,-2.800357681,-5.040552384,-13.18641707,224.2721258,197.2519059,7.842003144,25.40716834,173.8815951,3358.636082,2770.331959,-21.96041374,-128.066163,-2292.875233,210.3285626,-41.93736657,-75.48589042,-197.4760617,-39.33001482,-70.79274241,-185.1984774,14.11534959,36.92668433,66.46682599,3149.821213,2953.988892,-628.0421701,117.4396266,-1130.455398,380.490585,-2957.345787,2604.001711,-552.3758898,110.1381091,-994.2585644,356.8345265,-2601.045898,2442.104363,-39.52802764,-71.14915902,-103.4079241,-486.9306605,-335.0295182,-876.4592887,-588.9952058,-1060.172138,-2773.480147,211.3874931,553.0036064,995.3884338,198.245,518.6219787,933.5026268,-186.1308867
2013,203.2085359,15.76677355,14.70534483,-1.644523234,5.071682677,-3.067339876,248.591148,216.2471667,2.704456666,25.72196518,9.408573915,3919.480337,3179.989155,-4.447541821,130.4536452,-28.85929395,231.8558419,-25.92882541,79.96407227,-48.36205321,-24.18328124,74.58084265,-45.1062906,-8.340499996,5.044311691,-15.55657451,3655.618554,3409.520107,-408.8139186,42.64055581,1260.775419,405.5524001,-762.5135412,148.3428543,-355.6234898,39.76996785,1096.737009,378.2503678,-663.3035574,138.3563238,13.71614602,-42.30036935,-8.295487773,-15.4726184,-78.89800948,47.71730134,-381.2923188,1175.899257,-711.1806693,-131.5027747,79.53252013,-245.2769875,-122.6499285,74.17834287,-228.7647927,25.58314822
2015,198.5796884,15.81607976,16.13853118,-4.594802265,2.935551449,-3.404188538,250.148379,260.4521887,21.11220785,8.617462313,11.5884996,3956.366714,4203.31577,-97.00642044,25.29700398,-39.44943752,255.2482964,-72.6717591,46.42891586,-53.84091744,-74.15335963,47.37548861,-54.93860288,-13.48827845,15.6415732,-9.993170598,4037.027414,4119.332591,-1149.382338,333.9123633,734.3234365,136.2944713,-851.5522446,183.284634,-1196.726307,340.7200247,764.5708002,139.0731842,-886.6283557,187.0213622,61.97597236,-39.59553535,-71.86993598,-53.24686422,-29.33546643,34.01863681,-1172.81545,749.2945065,-868.913325,-213.3316878,247.3883694,-158.0527832,-217.6810023,252.4320169,-161.2750953,45.91664289
1969,193.9522916,12.98435659,12.1021098,0.058363701,1.541090759,-6.854285504,168.593516,146.4610617,0.003406322,2.374960729,46.98122976,2189.07833,1772.487851,0.000198806,3.660030034,-322.0227621,157.1381092,0.757815109,20.01007196,-88.99848713,0.706323921,18.65044959,-82.95131579,0.089943761,-0.400041471,-10.56307605,2040.337243,1901.702652,9.8397416,0.044228895,259.8179096,30.83733699,-1155.588093,610.0210402,8.54800965,0.041223678,225.7097888,28.74203552,-1003.885932,568.5720013,0.005249451,0.138611498,-0.023347901,2.741998458,-16.2786589,72.40233906,9.171161658,242.164088,-1077.069464,1.167861862,-5.194281114,-137.1547461,1.088509268,-4.841345813,-127.8355063,-0.616500215
1977,219.2807647,13.71538292,12.62473318,-6.752402438,-1.14807929,-11.71219512,188.1117288,159.3838879,45.59493868,1.318086057,137.1755146,2580.024393,2012.179059,-307.8753751,-1.513267304,-1606.626393,173.1530499,-92.61178509,-15.74634709,-160.637241,-85.24727912,-14.49419471,-147.8633384,7.752293398,79.08545489,13.44652866,2374.860384,2186.011055,-1270.206096,625.3520434,-215.96718,18.07805499,-2203.201272,1881.41471,-1076.224153,575.6239353,-182.985341,16.64048478,-1866.735195,1731.804271,-52.34660484,-8.900247502,-534.0168184,-926.264279,-15.43768108,-157.4883674,-1169.199076,-198.7934307,-2028.002307,106.3256725,1084.687298,184.4242896,97.87063571,998.4327667,169.7588366,-90.79637292
1943,228.4979629,17.63042385,15.67056002,-0.265375342,-0.726051277,-8.909368699,310.831845,245.5664514,0.070424072,0.527150456,79.37685062,5480.097172,3848.163815,-0.018688812,-0.382738262,-707.1976283,276.2786151,-4.678679751,-12.80059174,-157.0759464,-4.158580219,-11.37763011,-139.6147969,0.192676106,2.364326762,6.468658518,4870.909083,4329.44062,-82.48710705,1.241606237,-225.6798579,9.293885976,-2769.31551,1399.44752,-65.16728092,1.103584646,-178.2938355,8.260742866,-2187.842055,1243.879702,-0.051131487,-0.139892732,-0.627434022,-21.06465885,-4.696577776,-57.63166373,-73.31753185,-200.5924412,-2461.468045,3.396961406,41.68408292,114.0451914,3.019342477,37.05032443,101.3675016,-1.716622464
1926,202.6311291,12.20901143,10.95864549,-2.768422166,-0.257948053,-8.988110942,149.0599602,120.0919111,7.664161289,0.066537198,80.7861383,1819.874758,1316.04468,-21.217634,-0.017163141,-726.1147736,133.7942281,-33.79969787,-3.149290726,-109.7359492,-30.3381571,-2.826761267,-98.49752147,0.714109107,24.88288556,2.318465716,1633.495261,1466.203515,-412.6608978,93.5718328,-38.44972648,0.812353411,-1339.767459,986.3188861,-332.4651086,83.98882658,-30.97747463,0.729157565,-1079.39942,885.3066505,-1.976955481,-0.184203054,-68.88633194,-223.650136,-0.598043717,-20.83862707,-370.3989068,-34.51196063,-1202.557366,8.718566254,303.7954343,28.30617444,7.82566855,272.6827217,25.40724388,-6.41849188
1958,238.9028464,12.97177847,12.06803483,-0.57825667,5.751578721,-4.172886881,168.2670366,145.6374647,0.334380776,33.08065778,17.41298492,2182.722722,1757.557997,-0.193357914,190.2660073,-72.66241633,156.5438744,-7.501017417,74.608205,-54.12976419,-6.978421632,69.41025234,-50.35854423,-3.325888757,2.412999671,-24.00068739,2030.652459,1889.176929,-97.30153621,4.337513351,967.8011071,429.1149643,-702.1593095,225.8773828,-84.21583532,4.035318853,837.6453429,399.2185303,-607.7286658,210.1405085,1.923217356,-19.129111,-1.395333154,-10.06917467,-138.0418429,100.1521535,-90.52253946,900.3744167,-653.2398796,-43.14269216,31.30089717,-311.3315998,-40.13694136,29.12016408,-289.6411314,13.87855756
1946,223.4548199,14.73545307,13.12426876,-1.030262801,-1.947949828,-9.920950076,217.1335771,172.2464305,1.06144144,3.794508533,98.42525041,3199.561634,2260.608447,-1.093563632,-7.391512245,-976.4719955,193.3920463,-15.18138916,-28.70392327,-146.1896942,-13.5214459,-25.56541708,-130.2052152,2.006900247,10.22118582,19.325513,2849.719422,2538.129193,-223.7046474,15.64082052,-422.9653141,55.9138024,-2154.171378,1450.340658,-177.45909,13.93064273,-335.5274047,49.8001498,-1708.848238,1291.759439,-2.067634671,-3.909340991,-10.53050754,-101.4038742,-37.64512972,-191.7274496,-199.2446314,-376.7180035,-1918.632837,29.5725844,150.6138039,284.7701897,26.33909822,134.1455897,253.6332265,-19.91035716
1996,247.1367276,15.39530591,15.15932497,-4.274990125,1.120970084,-8.358422963,237.015444,229.8051336,18.27554057,1.25657393,69.86323443,3648.925266,3483.690701,-78.12775544,1.408581784,-583.946463,233.3824453,-65.81478072,17.25767736,-128.6804784,-64.80596455,16.99314979,-126.70805,-4.79213604,35.73217563,-9.369542093,3592.994139,3537.920331,-1013.238683,281.3575377,265.6872222,19.34534005,-1981.07533,1075.565866,-982.4146768,277.0448585,257.60468,19.04881255,-1920.808506,1059.079474,20.48633425,-5.371841141,-152.7546979,-298.6646373,-10.50297639,78.31459579,-997.707649,261.6147394,-1950.70919,-73.77640029,550.1077745,-144.2469667,-72.64554754,541.6756623,-142.0359334,40.05469992
1993,258.9026588,14.58071449,13.72905522,0.070940612,1.747246741,-5.395158742,212.5972352,188.4869573,0.00503257,3.052871174,29.10773785,3099.819588,2587.747846,0.000357014,5.33411921,-157.0408663,200.1794345,1.03436481,25.47610588,-78.66526927,0.97394758,23.988047,-74.0704323,0.123950753,-0.382735863,-9.426673529,2918.759182,2748.27451,15.08177798,0.073378473,371.4598263,44.51304298,-1146.995832,424.4116152,13.37138011,0.069092437,329.3332219,41.91303694,-1016.917055,399.6217404,0.008793142,0.21657255,-0.027151516,2.064920738,-16.4707246,50.8584001,14.2008516,349.7628645,-1079.999826,1.807290544,-5.580562349,-137.4476354,1.701726736,-5.254601802,-129.4193214,-0.66873399
2001,236.4196319,14.39296323,13.43059373,-2.259656702,-4.934893536,-12.63287361,207.1573907,180.3808479,5.106048412,24.35317421,159.5894957,2981.608708,2422.621885,-11.53791652,-120.180322,-2016.073928,193.3060418,-32.52315584,-71.02774123,-181.8244854,-30.34853114,-66.27855018,-169.6669931,11.15116525,28.54595752,62.34188633,2782.246752,2596.214912,-468.1045863,73.49116708,-1022.299668,350.5143411,-2616.993134,2296.965744,-407.5987919,68.57726179,-890.1602804,327.0775889,-2278.728453,2143.38168,-25.19780531,-55.02981334,-64.50406425,-360.6174735,-307.6505719,-787.5571706,-436.8052929,-953.944736,-2442.010794,160.4983115,410.8609172,897.2844779,149.7667701,383.3891581,837.2885475,-140.8712613
2015,260.5314608,15.45618685,15.0692283,-4.467040296,3.21888177,-3.141832535,238.8937118,227.0816416,19.95444901,10.36119985,9.871111679,3692.385846,3421.945101,-89.13732779,33.3514773,-31.01337983,232.9128083,-69.04340946,49.75163807,-48.5607507,-67.31485005,48.50606427,-47.34499176,-14.37887457,14.03469254,-10.11318747,3599.943883,3509.816282,-1067.147837,308.4196922,768.9706139,160.1446408,-750.5640363,152.5697465,-1014.382844,300.6981477,730.9489565,156.135286,-713.4524898,148.7500355,64.23101213,-46.28389724,-62.69353711,-44.09465364,-32.55315479,31.77394143,-1040.4309,749.7187925,-731.7730389,-222.2425721,216.9228302,-156.3113152,-216.6785437,211.491986,-152.3979309,45.17601596
2004,214.5254332,15.00611149,13.27270156,0.983511401,3.895545208,-4.722375799,225.183382,176.1646066,0.967294676,15.17527247,22.30083319,3379.126937,2338.180248,0.951345341,59.11595993,-105.312915,199.1716393,14.75868173,58.4569857,-70.86449774,13.0538533,51.70440894,-62.67868462,3.831313124,-4.644510438,-18.39622841,2988.791825,2643.545727,221.4704235,14.51533175,877.2120448,227.7218305,-1063.400554,334.6487891,173.259899,12.83861355,686.257189,201.4168625,-831.9154748,295.9923034,3.768140138,14.92505348,-4.567928967,21.93312369,-71.66333944,86.87390386,195.887578,775.882125,-940.5633294,57.49311189,-69.69604144,-276.0558546,50.85187566,-61.64520091,-244.1676495,-18.09290038
2013,239.5986208,15.30558664,14.19255726,-1.488344004,5.807397159,-1.786670048,234.2609825,201.4286817,2.215167875,33.72586176,3.19218986,3585.501765,2858.788099,-3.296931824,195.8594738,-5.70339001,217.2254149,-22.77997811,88.88562039,-27.34603322,-21.12340751,82.42181673,-25.35741696,-8.643404741,2.659179653,-10.37590256,3324.762409,3082.98414,-348.6609287,33.90444384,1360.446564,516.1940993,-418.5470808,48.85833849,-299.7951706,31.43889691,1169.776354,478.6562243,-359.8865923,45.30533738,12.86435962,-50.19568414,-3.957774093,-4.751076638,-60.25698705,18.53831432,-323.3061438,1261.514257,-388.1101424,-132.2923802,40.70030458,-158.8092756,-122.6720167,37.7405595,-147.2605912,15.44291236
2008,210.8030972,16.0751654,14.08572135,-2.454498527,0.52358143,-5.990192026,258.4109428,198.4075461,6.024563021,0.274137514,35.8824005,4153.998648,2794.713409,-14.78728106,0.143533311,-214.9424694,226.4303006,-39.45646981,8.416658086,-96.29332762,-34.57338232,7.375022126,-84.37617574,-1.285129848,14.70291751,-3.136353305,3639.904535,3189.434121,-634.2692785,96.84584706,135.2991709,4.406805875,-1547.931169,576.8155232,-486.9910297,84.86031601,103.8825067,3.861424629,-1188.4993,505.429495,3.15434932,-0.672870123,-36.08828937,-88.0732992,-1.642136348,18.78735856,-555.7728395,118.5547005,-1356.360981,-20.65867488,236.3518308,-50.41739815,-18.10198095,207.1011991,-44.17779873,7.69817457
1973,361.1999681,17.52220528,17.67216384,1.700802981,4.41702128,-3.21514435,307.0276778,312.3053749,2.892730782,19.51007699,10.33715319,5379.801997,5519.111753,4.919965138,86.17642524,-33.23543969,309.6552826,29.80181898,77.39595359,-56.33641931,30.05686895,78.05832376,-56.81855774,7.512482962,-5.468327097,-14.20136101,5425.843427,5472.278888,522.1935899,50.68702257,1356.147787,341.859574,-987.1383038,181.1297203,531.1699127,51.12081233,1379.459487,344.7852771,-1004.106862,182.6798649,12.77725342,33.18279711,-9.30054703,17.58146097,-62.72771381,45.65942563,526.6626278,1367.753973,-995.5864323,131.6352686,-95.81714993,-248.8391629,132.7618298,-96.6371724,-250.9687786,-24.15371715
1984,349.1898437,18.94862215,16.35761795,3.011641657,-1.382036727,-8.852240882,359.0502812,267.5716652,9.06998547,1.910025514,78.36216863,6803.50811,4376.835074,27.31554607,-2.639725409,-693.6807927,309.9543218,57.0664598,-26.18769172,-167.7377676,49.26328364,-22.60682877,-144.8015744,-4.162199377,-26.6597774,12.23412201,5873.207327,5070.11438,1081.330784,171.8637275,-496.2206754,36.19235175,-3178.399578,1484.855124,805.829973,148.3633572,-369.7938683,31.24346764,-2368.608833,1281.818417,-12.53505303,5.752312403,-80.28969618,235.9987714,-16.90800594,-108.299395,933.4713474,-428.3682564,-2743.790319,-78.8679433,-505.1660484,231.8197553,-68.08366727,-436.0904534,200.1210939,36.84479149
1939,359.0447819,18.46703503,17.71289863,1.246225357,7.073058398,-3.420903043,341.0313827,313.746778,1.55307764,50.0281551,11.70257763,6297.83849,5557.364875,1.935484736,353.8520626,-40.03338341,327.1047195,23.01408732,130.6184172,-63.17393631,22.07426342,125.2843664,-60.59410883,8.814624726,-4.263216115,-24.19624699,6040.654312,5793.972739,425.0019566,28.68073918,2412.134885,923.8716926,-1166.635295,216.1119109,390.9991904,27.50950681,2219.149283,886.1436402,-1073.297307,207.2865712,10.98500885,62.34635545,-5.312928024,14.58404898,-171.141468,82.77301496,407.6461958,2313.630783,-1118.99353,162.7799836,-78.72896132,-446.8329408,156.1325543,-75.5139149,-428.5856703,-30.15397655
1925,307.830761,18.62832875,16.76283191,0.98444347,4.745607534,-6.098279149,347.0146318,280.9925338,0.969128946,22.52079087,37.18900858,6464.302641,4710.230613,0.954052662,106.8748348,-226.7889556,312.2635436,18.33853659,88.40273724,-113.6007488,16.50206042,79.54982143,-102.2244283,4.671782348,-6.003411087,-28.94003948,5816.947945,5234.421295,341.6162883,18.05325259,1646.795251,419.5246959,-2116.192094,692.7690776,276.621265,16.24534562,1333.480285,377.5122319,-1713.57091,623.3931,4.599105626,22.17044551,-5.910018842,36.61047665,-137.3380694,176.4844393,307.4058064,1481.880225,-1904.270257,87.0274974,-111.8335153,-539.1045692,78.31230224,-100.634171,-485.1170173,-28.48983288
1947,364.9596594,17.08184438,15.83911422,3.171315111,9.819935,-1.347374384,291.7894073,250.8775392,10.05723953,96.43112341,1.81541773,4984.301246,3973.677997,31.89467571,946.9473639,-2.446047346,270.5612841,54.1719112,167.7426015,-23.01563954,50.23082226,155.5390721,-21.34121676,31.14210826,-4.272948744,-13.23112887,4621.685749,4285.451081,925.3561566,171.7962006,2865.353013,1647.221443,-393.1495729,31.01068315,795.611731,159.2977657,2463.601128,1527.383578,-338.0259697,28.75460878,98.76143851,305.8134789,-13.55086692,5.757261681,-129.9288255,17.82728411,858.0350888,2656.894223,-364.5473435,531.9646468,-72.98984547,-226.0120843,493.2634096,-67.6797232,-209.5693614,-41.96007893
1990,369.016913,17.29386729,16.35453631,0.435274932,-1.209194433,-10.8344168,299.0778457,267.4708581,0.189464267,1.462151176,117.3845874,5172.212572,4374.361861,0.082469046,-1.768025062,-1271.793545,282.8331805,7.527586909,-20.91164804,-187.3689662,7.118719684,-19.77581426,-177.191863,-0.526332025,-4.715950037,13.10091647,4891.279488,4625.605522,130.181089,3.276569881,-361.643266,25.28624839,-3240.334036,2030.033475,116.4233596,3.098600228,-323.4242725,23.91280451,-2897.890758,1919.770497,-0.229099136,0.636437754,-2.052734832,51.0945683,-15.84155527,-141.9407895,123.1101935,-342.0003073,-3064.332563,-9.102316183,-81.55701406,226.5655108,-8.60791621,-77.12717613,214.2594142,5.70250053
1991,399.8813281,18.75872667,17.63998618,3.856105084,7.416236214,-2.106348513,351.8898261,311.1691124,14.86954642,55.00055958,4.436704058,6601.005064,5489.018841,57.33853356,407.8971417,-9.345244994,330.9036791,72.33562127,139.119148,-39.51241601,68.02164039,130.8223043,-37.15595865,28.59778617,-8.12230121,-15.62117812,6207.331669,5837.136326,1356.924148,278.933757,2609.698071,1031.740464,-741.2026119,83.22691871,1199.900796,262.2985934,2307.70364,970.2091107,-655.4305971,78.26339826,110.2760687,212.0879374,-31.32044699,17.10839708,-115.8503469,32.9036453,1275.999359,2454.059848,-696.9984724,536.458054,-152.3640283,-293.0334105,504.4645528,-143.2772811,-275.5573661,-60.23690437
1958,380.0232152,15.29100222,15.20449738,1.75273815,9.120279681,-0.835641463,233.8147489,231.1767407,3.072091023,83.17950147,0.698296655,3575.261844,3514.926149,5.384571138,758.6203171,-0.583525638,232.4920032,26.80112295,139.4582168,-12.77779546,26.64950262,138.6692686,-12.70550844,15.98546214,-1.464660672,-7.621283856,3555.035737,3534.924055,409.8160304,46.97535066,2132.455903,1271.897942,-195.3852988,10.6776557,405.1922929,46.70959993,2108.396531,1264.702512,-193.1808698,10.61724966,28.01832934,145.7918855,-2.567166637,1.223931187,-69.50824029,6.368660791,407.4976037,2120.392093,-194.2799577,244.433737,-22.39612959,-116.5370683,243.0509173,-22.26942936,-115.8777904,-13.35811497
1998,364.3147748,18.32897679,17.78919935,0.509551879,5.371111847,-2.072940185,335.95139,316.4556133,0.259643117,28.84884247,4.297081011,6157.645228,5629.49199,0.132301638,154.9503595,-8.907591906,326.0578218,9.339564553,98.44698435,-37.99487253,9.064519944,95.54777934,-36.87594618,2.736860131,-1.056270565,-11.13399359,5976.306247,5800.307591,171.1846619,4.758992663,1804.432491,528.7697639,-696.4071366,78.7610981,161.2505523,4.618843166,1699.718494,513.1978095,-655.9935577,76.44163071,1.394572221,14.69998187,-0.538224651,2.189585701,-59.80192485,23.08010272,166.1433756,1751.293029,-675.8983615,50.16384581,-19.36035867,-204.07471,48.68655046,-18.79020765,-198.0648314,-5.673347347
2002,389.7114385,18.43656281,16.85171049,3.647106321,8.065389252,-0.361314058,339.9068481,283.9801463,13.30138452,65.05050379,0.130547848,6266.713953,4785.55121,48.51156355,524.6576341,-0.047168773,310.6876188,67.24010475,148.6980555,-6.661389317,61.45997984,135.9156046,-6.088759895,29.41533212,-1.317750784,-2.914138517,5728.011797,5235.617804,1239.676414,245.2318111,2741.481039,1199.307699,-122.8131225,2.406853604,1035.705787,224.151081,2290.41042,1096.212257,-102.606019,2.199954544,107.2808437,237.2461036,-4.805977212,0.476121883,-23.50366148,1.052919212,1133.110778,2505.816581,-112.2558042,542.3176182,-24.29479508,-53.7266978,495.6986608,-22.2063547,-49.10821861,-10.62817301
1942,181.3875724,15.3688802,13.92212843,-0.800152249,4.920041923,-3.661946094,236.2024787,193.82566,0.640243622,24.20681252,13.40984919,3630.167598,2698.465731,-0.512292374,119.0985324,-49.10614487,213.967524,-12.29744406,75.6155349,-56.28001082,-11.13982238,68.49745553,-50.98208382,-3.936782611,2.930114403,-18.0169283,3288.441243,2978.883349,-188.9979446,9.839827525,1162.126097,372.0316018,-864.9607441,206.0943658,-155.0900378,8.91355393,953.630373,337.0103528,-709.7791185,186.6936427,3.150025461,-19.36913549,-2.34453763,-10.72992099,-88.64404257,65.97702022,-171.2065956,1052.729188,-783.5375386,-60.50394033,45.03257724,-276.9000127,-54.80839311,40.79342904,-250.8339897,14.4162857
1970,327.2086935,14.74565512,13.98831917,-2.312102454,-0.242099253,-7.691361362,217.434345,195.6730731,5.34581776,0.058612048,59.15703959,3206.211864,2737.1374,-12.36007836,-0.014189933,-454.9981686,206.2669302,-34.0934654,-3.569912095,-113.4141621,-32.34242708,-3.386561626,-107.5892176,0.559758278,17.78321548,1.862072843,3041.541016,2885.327653,-502.7304828,78.82758504,-52.64069257,0.864273053,-1672.36612,872.309304,-452.4161927,74.77900504,-47.3723049,0.819884041,-1504.992314,827.5075508,-1.294218488,-0.135517061,-41.11661617,-136.7771364,-0.450806445,-14.32187511,-476.9102756,-49.93706978,-1586.473497,8.254002517,262.2251625,27.45748395,7.830077447,248.757294,26.04726923,-4.30530319
1980,238.1112261,13.10943636,12.55007566,-1.667659802,3.886856459,-6.126148882,171.8573216,157.504399,2.781089215,15.10765313,37.52970012,2252.952621,1976.692125,-4.637910689,58.72127916,-229.9125305,164.5244181,-21.86208004,50.95449739,-80.31035889,-20.92925669,48.78034264,-76.88363196,-6.481954273,10.21633223,-23.81146135,2156.822389,2064.793895,-286.599547,36.45851207,667.9847407,198.0528173,-1052.823539,491.9932153,-262.6637549,34.90288006,612.1969907,189.6021899,-964.8953981,471.000576,10.80969458,-25.19442583,-17.03736658,-62.58677227,-92.55173235,145.8725573,-274.3707586,639.4827973,-1007.90108,-84.97476702,133.9303572,-312.1548372,-81.34901654,128.2157425,-298.8356415,39.70941692
1964,239.565664,14.84259367,13.48415483,0.810508318,-5.126998826,-14.15551186,220.3025868,181.8224315,0.656923734,26.28611696,200.378516,3269.861779,2451.721818,0.532442151,-134.7688908,-2836.460459,200.1398311,12.03004563,-76.09796031,-210.1045107,10.92901966,-69.13324599,-190.8751136,-4.155475197,-11.47316011,72.57529268,2970.594189,2698.71647,178.5570791,9.750452056,-1129.491104,390.1541532,-3118.495879,2974.136892,147.3685932,8.858061343,-932.2033928,354.446071,-2573.789585,2701.934934,-3.368047214,21.30511646,-9.299091708,162.408454,-372.0934404,-1027.340416,162.2149979,-1026.116679,-2833.081752,-61.67802984,-170.2914536,1077.205579,-56.03307095,-154.7058673,978.6164833,58.82287842
1987,277.1038562,15.72964583,14.04399981,-3.851181931,1.653244605,-5.6314928,247.421758,197.2339307,14.83160227,2.733217724,31.71371115,3891.856625,2769.953287,-57.11919866,4.518677456,-178.595536,220.9071431,-60.57772782,26.00495211,-88.58138725,-54.08599832,23.21816692,-79.08868383,-6.36694575,21.68790332,-9.310235089,3474.791124,3102.419877,-952.866204,233.2958508,409.0486866,42.99254678,-1393.353849,498.8454445,-759.5837503,208.2950195,326.0759319,38.3853092,-1110.721461,445.3873535,24.52026643,-10.52611871,-83.52406138,-122.1352714,-15.39209593,52.43052187,-850.7535982,365.2135426,-1244.036986,-100.1498017,341.143038,-146.4467006,-89.41738493,304.5849101,-130.7529398,35.85540915
1953,276.654765,15.8592637,14.66381549,-2.723964638,1.999539473,-5.286418278,251.5162451,215.0274847,7.419983351,3.998158102,27.94621821,3988.862457,3153.123361,-20.21177227,7.994474943,-147.7353987,232.5573167,-43.20007351,31.71122378,-83.8387015,-39.94371486,29.32087789,-77.51906222,-5.446674816,14.40001645,-10.57040201,3688.187811,3410.177583,-685.1213578,117.6754726,502.9166602,63.40784366,-1329.620075,443.206444,-585.7272646,108.8052668,429.9559433,58.62825271,-1136.725225,409.7981874,14.8365496,-10.89084129,-39.22513561,-76.12451017,-21.13593607,55.87956641,-633.4779071,465.0075344,-1229.39525,-86.38025221,228.3736582,-167.638793,-79.86903453,211.1591843,-155.0024248,28.7934013
1991,310.927506,16.42177029,14.74833527,0.421444606,0.627501739,-7.681424942,269.6745394,217.5133932,0.177615556,0.393758433,59.00428915,4428.533338,3207.960448,0.074855118,0.247084101,-453.2370184,242.1937739,6.920866509,10.30468942,-126.1425959,6.215606347,9.254606032,-113.2882304,0.264457223,-3.237295109,-4.820107511,3977.25052,3571.954977,113.65288,2.916761859,169.2212425,6.466210531,-2071.484733,968.9548823,91.6698463,2.619533768,136.4900325,5.807281381,-1670.812804,870.2150386,0.11145407,0.165947368,-1.364340562,24.86703939,-3.024625847,37.02529406,102.0712596,151.9770144,-1860.393296,4.342855771,-53.16211663,-79.15469831,3.900303793,-47.74471363,-71.08856161,-2.031408311
1955,320.0193607,13.12806804,11.68656888,-0.823787453,1.76893058,-6.000318618,172.3461705,136.5758922,0.678625768,3.129115396,36.00382352,2262.572254,1596.103571,-0.559043393,5.535187912,-216.0344126,153.4220714,-10.81473774,23.22264101,-78.7725911,-9.627248814,20.67272906,-70.12313683,-1.457222817,4.942987192,-10.61414709,2014.135393,1792.977606,-141.9766129,8.909045258,304.8684114,41.07923983,-1034.131936,472.6606449,-112.5095064,7.930806782,241.5932722,36.56862261,-819.4988687,420.7611635,1.200441873,-2.577726003,-4.07197083,-29.65949808,-18.77568937,63.6882644,-126.3871775,271.3929938,-920.5813117,-19.1305203,64.8918722,-139.3432452,-17.02993483,57.7665603,-124.0429611,8.7438012
1983,318.9946156,14.7398955,12.63444938,-1.119326082,5.40618622,-3.025415486,217.2645195,159.6293111,1.252890877,29.22684944,9.153138863,3202.456313,2016.82845,-1.402393436,158.0057907,-27.69204806,186.2304636,-16.49874948,79.68661995,-44.59430812,-14.14206871,68.30418612,-38.2244588,-6.051285238,3.386426461,-16.35595951,2745.017572,2352.919364,-243.1898432,18.4674806,1174.572451,430.8007067,-657.3154417,134.9163104,-178.6772512,15.82958636,862.9857817,369.2651497,-482.9449897,115.6448696,6.773361393,-32.71437486,-3.790515461,-10.24534706,-88.42336291,49.48357319,-208.452615,1006.796566,-563.4245284,-89.19531206,49.91557217,-241.085134,-76.454657,42.78563369,-206.6485424,18.30765207
1965,221.8011848,13.81528587,12.29462817,0.366028313,-0.80438728,-8.35670201,190.8621238,151.1578818,0.133976726,0.647038897,69.83446848,2636.814803,1858.429951,0.049039275,-0.520469858,-583.5858431,169.8538028,5.056785787,-11.11284023,-115.4502272,4.500182011,-9.889642513,-102.7425439,-0.294428519,-3.058789542,6.722024802,2346.578843,2088.289349,69.86094125,1.850926773,-153.5270647,8.939027329,-1594.977893,964.7831459,55.32806451,1.647194031,-121.5894774,7.955102644,-1263.181374,858.5888232,-0.107769174,0.236834556,-1.119603577,25.56139271,-5.407111248,-56.17395817,62.17130097,-136.6282385,-1419.417616,-4.067614166,-42.25805195,92.86669429,-3.619889169,-37.60668006,82.64479547,2.460451401
1999,267.7981238,15.53577851,14.47751131,0.060283261,5.515927595,-4.706420954,241.360414,209.5983336,0.003634072,30.42545723,22.1503982,3749.721934,3034.462245,0.000219074,167.8246191,-104.2490982,224.9194091,0.936547387,85.69422941,-73.11791353,0.872751589,79.85690412,-68.13726258,0.332518101,-0.283718402,-25.96027721,3494.298123,3256.273288,14.54999277,0.05645813,1331.326568,472.6831647,-1135.94371,344.1236803,12.635271,0.052612312,1156.129232,440.4849011,-986.4579894,320.6826403,0.020045275,1.834145772,-0.01710347,1.33529823,-143.1950094,122.1799926,13.55887539,1240.639175,-1058.56542,5.165927576,-4.407786247,-403.3131169,4.814034574,-4.107536367,-375.8402069,-1.56497016
2002,246.890597,15.85341199,13.95937839,2.446086895,4.366189464,-3.780255352,251.3306717,194.8642451,5.983341096,19.06361043,14.29033053,3984.448685,2720.183733,14.63577224,83.23533501,-54.02109846,221.3037768,38.7788233,69.21900039,-59.92994552,34.14585255,60.94929086,-52.77001489,10.68007883,-9.246833075,-16.50531109,3508.419949,3089.26316,614.7766623,94.85637148,1097.357331,302.2232702,-950.0941169,226.5504973,476.6548763,83.52372242,850.814214,266.1161516,-736.6366056,199.4841312,26.12440085,46.63124764,-22.6185572,34.95539022,-72.06531537,62.39429058,541.3282682,966.2542185,-836.5847867,169.3156897,-146.5938543,-261.6654967,149.0872616,-129.0800418,-230.403883,-40.37342515
2008,239.5478568,15.49478332,13.78497451,-3.536646236,-0.723358376,-7.30318653,240.0883101,190.0255223,12.5078666,0.52324734,53.33653349,3720.116342,2619.496981,-44.23589932,-0.378495346,-389.5266529,213.5951931,-54.7995671,-11.20828129,-113.1612928,-48.75257822,-9.971476771,-100.6742402,2.558262676,25.82878715,5.282821145,3309.611235,2944.404293,-849.1074182,193.8066827,-173.66989,8.107604148,-1753.409712,826.4380293,-672.0530481,172.4206222,-137.4565531,7.212951239,-1387.791835,735.2427546,-9.047670064,-1.850540734,-91.34728284,-188.6324504,-3.821372922,-38.58142822,-755.4106357,-154.5058719,-1559.925537,39.63972584,400.2114603,81.85616895,35.26558579,356.0491725,72.82355483,-18.68346952
2015,260.53825,14.62114793,14.36901142,-5.307962136,2.336155473,-4.161458241,213.7779668,206.4684892,28.17446204,5.457622396,17.31773469,3125.679278,2966.74808,-149.5489777,12.74985443,-72.06702973,210.0914416,-77.6084996,34.15727477,-60.84529655,-76.27016856,33.56824468,-59.79604099,-12.4002248,22.08886277,-9.721813446,3071.778047,3018.806324,-1134.725353,411.9429773,499.4185673,79.79670441,-889.6280818,253.2051607,-1095.926923,404.8391668,482.3424912,78.42063855,-859.209996,248.8387275,65.8199237,-28.96885303,-117.2468472,-91.92188,-22.71166769,40.45692068,-1115.157417,490.8062713,-874.286761,-181.3055211,322.9645302,-142.1440726,-178.1789717,317.3951214,-139.6928484,51.60301766
1938,233.0253458,15.00403974,13.96484,-2.798415107,0.202700362,-6.86858971,225.1212084,195.0167563,7.831127111,0.041087437,47.17752461,3377.727557,2723.3778,-21.91474441,0.008328438,-324.0430601,209.5290143,-41.98753147,3.041324293,-103.0565929,-39.07941923,2.83067813,-95.91875635,-0.567239756,19.22116521,-1.392265624,3143.781657,2926.039161,-629.9825906,117.4985424,45.63215054,0.616477536,-1546.265216,707.8534539,-545.737837,109.3604372,39.52996719,0.573779483,-1339.490086,658.8265829,1.587372304,-0.114979704,-53.7887991,-132.0222976,-0.282212747,9.562901337,-586.3491591,42.47160714,-1439.168832,-8.510887846,288.3951266,-20.88960874,-7.921412442,268.4204968,-19.44276668,3.896137154
1970,267.0217931,15.43187673,14.93374975,-0.941712458,1.060585444,-6.154375581,238.1428194,223.0168816,0.886822353,1.124841483,37.8763388,3674.990634,3330.4783,-0.835131658,1.192990504,-233.1052146,230.4557853,-14.53239056,16.36682383,-94.97356532,-14.06329818,15.83851761,-91.9079048,-0.998766525,5.795652155,-6.527241157,3556.36527,3441.569026,-224.2620598,13.68533324,252.5708078,17.35841511,-1465.620353,584.5029913,-210.0177757,13.2435831,236.5284584,16.79810122,-1372.52965,565.6357651,0.940550879,-1.059277238,-5.457837835,-35.6686201,-6.922696959,40.17109359,-217.023084,244.4180513,-1418.311458,-15.4128419,89.43778963,-100.7275809,-14.91532934,86.55081892,-97.476186,6.146784312
1932,206.5325421,16.11537014,14.65605178,4.408754688,7.204519146,-0.680237819,259.7051548,214.7998537,19.4371179,51.90509613,0.46272349,4185.244698,3148.117777,85.69348467,373.9512588,-0.314762017,236.1876992,71.04871367,116.1034927,-10.96228423,64.61493698,105.5898056,-9.969600688,31.76295756,-2.999001671,-4.900786387,3806.252196,3461.579148,1144.976319,313.2363495,1871.05076,836.4698364,-176.661268,7.456960311,946.9998618,284.8714063,1547.529658,760.7237763,-146.1149839,6.781699423,140.0350881,228.8368359,-13.22186268,2.040034355,-35.30780936,3.333700241,1041.293626,1701.618801,-160.6638053,511.8718179,-48.33002199,-78.97798662,465.5195506,-43.95352377,-71.82617904,-21.60636496
1991,386.1152161,17.3114059,15.68521379,2.130329961,3.069102094,-5.479722239,299.6847741,246.0259318,4.538305744,9.419387661,30.02735581,5187.964765,3858.969339,9.6680887,28.90906239,-164.5415694,271.5331026,36.87900665,53.13047208,-94.86169587,33.4146809,48.1395225,-85.95061484,6.538200144,-11.67361646,-16.817827,4700.619752,4259.054766,638.4274532,78.56445281,919.7631676,163.0628431,-1642.189321,519.8157444,524.1164137,71.18429586,755.0787023,147.7451093,-1348.15377,470.9854956,13.92852366,20.06640375,-24.86865491,63.96817574,-51.61562804,92.15702059,578.4551039,833.3628135,-1487.925981,113.1854365,-202.0867129,-291.1402294,102.5530671,-183.10317,-263.791212,-35.82752073
1989,216.9243148,14.81684634,14.12674112,0.705186686,3.468315968,-6.835609924,219.5389356,199.5648146,0.497288263,12.02921565,46.72556303,3252.874675,2819.200473,0.350681062,41.72112074,-319.3977223,209.3137525,10.44864277,51.38950477,-101.2821819,9.961989758,48.9960018,-96.56489178,2.445810245,-4.820381111,-23.70805505,3101.369708,2956.921194,154.8159345,7.368243775,761.4303959,178.23504,-1500.682527,692.3254877,140.7304503,7.025062547,692.1538333,169.9336154,-1364.147227,660.0799325,1.724752822,8.482842727,-3.399268582,32.95024496,-82.2270259,162.0590164,147.6052715,725.9662301,-1430.787164,36.23919458,-71.42284624,-351.2786088,34.55132815,-68.09627605,-334.9175561,-16.71860478
1965,193.6196499,14.97060688,13.5862415,1.40433957,1.333071005,-6.188241639,224.1190703,184.5859582,1.972169628,1.777078303,38.29433458,3355.198496,2507.829406,2.769595847,2.368971559,-236.9745958,203.3942805,21.02381562,19.95688195,-92.64173285,19.07969655,18.11142461,-84.07494539,1.872084361,-8.690392602,-8.249365499,3044.935815,2763.363816,314.7392788,29.52457619,298.7666342,26.60394067,-1386.902963,573.2894287,259.2213652,26.79437285,246.0661887,24.143815,-1142.262513,520.2760779,2.629042147,2.49562138,-12.20426221,53.77824936,-10.99698995,51.04906708,285.6346364,271.1390179,-1258.652956,28.02623902,-130.1004513,-123.4980079,25.43459025,-118.0697727,-112.0778719,-11.5849104
2010,261.9748941,17.16907098,17.25325054,2.147615922,1.268813296,-6.076758502,294.7769983,297.6746543,4.612254148,1.60988718,36.92699389,5061.047207,5135.85539,9.905350445,2.04264626,-224.3964241,296.2222832,36.8725702,21.78434554,-104.332298,37.05335557,21.89115369,-104.8438369,2.724923637,-13.05054331,-7.710271985,5085.861406,5110.797268,633.067775,79.18811885,374.0169748,27.64026727,-1791.288631,634.0021792,639.2908271,79.57637639,377.6935593,27.77578687,-1808.896986,637.1106774,5.852089388,3.457419341,-28.02755461,79.30500003,-9.782895611,46.85346084,636.1716918,375.8507715,-1800.071278,46.78440733,-224.0657045,-132.378207,47.01379021,-225.1642935,-133.0272543,-16.55870288
2018,236.2330424,17.53699679,18.25014425,-0.237963283,2.728201445,-7.596788119,307.5462566,333.067765,0.056626524,7.443083125,57.71118972,5393.437716,6078.534755,-0.013475033,20.30623014,-438.4196804,320.0527211,-4.173161324,47.84446,-133.2248489,-4.342864232,49.79006991,-138.642479,-0.649211771,1.807756638,-20.72556832,5612.763545,5841.008327,-73.18471676,0.993059167,839.0481417,130.5293249,-2336.363748,1012.080949,-79.25789868,1.033442228,908.6759578,135.8373407,-2530.24524,1053.237537,0.154488564,-1.771180493,-0.430179704,-13.73314415,-56.54352545,157.4477512,-76.16079612,873.1682964,-2431.372709,-11.38522475,31.70262236,-363.4642253,-11.84820847,32.9918194,-378.2446115,4.931924272
2008,227.9215323,16.54829094,14.34217188,-1.61614387,1.307650777,-4.958987717,273.8459332,205.6978942,2.61192101,1.709950555,24.59155918,4531.682176,2950.154553,-4.22124013,2.236018172,-121.9492399,237.338433,-26.74441898,21.63938551,-82.06277154,-23.17901317,18.7545522,-71.12265418,-2.113351788,8.014437603,-6.484624143,3927.545442,3403.948599,-442.5744264,43.22282879,358.0948474,28.29675928,-1357.998619,406.9482761,-332.4373908,37.46062005,268.9810111,24.52440476,-1020.053331,352.6963685,3.415480538,-2.763526108,-12.95248421,-39.74349763,-8.479623799,32.15717147,-383.5730537,310.3557864,-1176.958374,-34.97236026,132.6252452,-107.309447,-30.31005458,114.9444416,-93.00359401,10.48008556
1929,200.0155085,13.9897043,13.43455055,1.275932538,5.770711294,-3.523053196,195.7118265,180.4871484,1.628003841,33.30110884,12.41190382,2737.950582,2424.763718,2.077223073,192.1710849,-43.72779743,187.9453896,17.84991892,80.73054463,-49.28647246,17.14158018,77.52691257,-47.33063624,7.363038307,-4.495178206,-20.33052287,2629.300426,2524.961837,249.7150875,22.77529235,1129.396448,465.8726657,-689.5031759,173.6388643,230.2894253,21.8714999,1041.539226,447.38543,-635.865825,166.7483493,9.394740155,42.48996832,-5.735544137,15.83675194,-117.3215779,71.62551356,239.805638,1084.578582,-662.1416055,103.0067287,-62.88621389,-284.4180033,98.91911032,-60.39069882,-273.1314371,-25.94037564
1988,258.0193102,15.14888598,11.38130823,1.251049578,4.733263185,-2.252870001,229.4887463,129.5341771,1.565125047,22.40378037,5.07542324,3476.498851,1474.268396,1.958049029,106.0429888,-11.43426876,172.4141407,18.95200741,71.70366428,-34.12847076,14.23858086,53.87072724,-25.64060788,5.92154691,-2.818452064,-10.66342663,2611.882157,1962.298478,287.1017992,23.70990087,1086.230634,339.3923143,-517.0083121,76.88700794,162.0536775,17.81317058,613.1193514,254.98433,-291.8236616,57.7649563,7.408148762,28.02823998,-3.526023265,6.349606103,-50.47280471,24.02331397,215.6986379,816.0815045,-388.4266452,89.70483893,-42.69640894,-161.5390342,67.39495059,-32.07767167,-121.3637453,-13.34047539
1975,200.9345637,16.97427253,16.0446347,1.707265945,3.606187766,-2.548301144,288.125928,257.4303028,2.914757007,13.0045902,6.493838722,4890.728025,4130.37517,4.976265376,46.8969941,-16.54825664,272.3460021,28.97959743,61.21241394,-43.25555811,27.39245843,57.85996538,-40.88656097,6.156721564,-4.350627761,-9.189652411,4622.875263,4369.692117,491.9075847,49.4758798,1039.036197,220.7434583,-734.2316319,110.2281882,439.5019891,46.76621143,928.3420085,208.6538993,-656.0099351,104.1912701,10.51116106,22.20229398,-7.427678616,11.0867097,-33.1396121,23.41800175,464.9670547,982.130821,-694.0196289,104.5058697,-73.8487413,-155.9876645,98.78234847,-69.80423316,-147.444616,-15.68918061
1974,223.4286291,14.25512781,13.68566645,2.653359295,2.519049527,-4.725659249,203.2086689,187.2974662,7.040315551,6.345610518,22.33185533,2896.765547,2563.29065,18.68048671,15.98490717,-105.5327387,195.0909244,37.82397588,35.90937296,-67.36487658,36.31299029,34.4748716,-64.67379624,6.683943477,-12.53887189,-11.90416969,2781.046063,2669.94932,539.1856105,100.360598,511.8927012,90.45748896,-960.2949255,318.343452,496.9674731,96.35141034,471.8115937,86.84390898,-885.1040036,305.6263233,17.73490355,16.83718465,-33.27013229,59.25443593,-29.98719303,56.25504961,517.6463178,491.4437009,-921.9332314,95.28046854,-178.7432214,-169.6954605,91.47422101,-171.6028184,-162.9164958,-31.58603931
1952,218.1324394,18.62685325,17.28926054,-4.011612106,3.247034702,-6.446206893,346.959662,298.9185302,16.09303169,10.54323436,41.5535833,6462.766709,5168.08035,-64.55900075,34.23424782,-267.8629951,322.044519,-74.72371,60.48203889,-120.0725498,-69.35780691,56.13882896,-111.4501505,-13.02584372,25.85968161,-20.93105748,5998.675995,5567.911596,-1391.867581,299.7625397,1126.590063,196.3872791,-2236.573765,774.0124982,-1199.145194,278.2366178,970.5988406,182.2847258,-1926.89069,718.4307283,52.25463236,-42.29536658,-103.7390118,-166.6968578,-67.96386997,134.925927,-1291.917691,1045.689729,-2075.965598,-242.6304794,481.6844945,-389.879736,-225.2072059,447.0947729,-361.8825062,83.96728357
1971,202.3875332,18.11863534,16.79357482,5.42E-06,5.88777594,-4.117564145,328.2849464,282.0241552,2.94E-11,34.66590552,16.95433449,5948.075231,4736.193752,1.59E-16,204.1050844,-69.81055977,304.2766581,9.82E-05,106.6784652,-74.60464321,9.10E-05,98.87680577,-69.14862154,3.19E-05,-2.23E-05,-24.2432951,5513.07781,5109.892825,0.001779486,5.32E-10,1932.868209,628.0989006,-1351.734325,307.1894039,0.001528727,4.93E-10,1660.495036,582.164478,-1161.252549,284.7238847,1.73E-10,0.000187908,-1.21E-10,9.19E-05,-142.7390896,99.82332266,0.001649348,1791.512787,-1252.878658,0.000578256,-0.000404399,-439.2554233,0.000535967,-0.000374824,-407.1315902,-0.000131412
1986,202.5524375,17.01857989,16.46840835,1.969314266,-0.784548434,-9.971476008,289.6320616,271.2084735,3.87819868,0.615516245,99.43033379,4929.126381,4466.371889,7.637391989,-0.482902306,-991.4671878,280.2689232,33.51493218,-13.3519002,-169.7003611,32.43147151,-12.92026398,-164.2143387,-1.545022423,-19.63696996,7.823105885,4769.779062,4615.583075,570.376551,66.00143408,-227.2303803,10.47521239,-2888.059154,1692.163079,534.0947161,63.86775952,-212.7761831,10.13657287,-2704.348787,1637.459339,-3.0426347,1.212144922,-38.67136509,195.8095748,-6.13760547,-78.00791264,551.9375889,-219.8845447,-2794.694844,-26.29408755,-334.1933422,133.1381525,-25.44406018,-323.38964,128.8341023,15.40615403
1946,214.0541758,16.16792518,14.72489253,0.033430729,-0.474717855,-8.353894991,261.4018046,216.82246,0.001117614,0.225357042,69.78756152,4226.324819,3192.687422,3.74E-05,-0.106981011,-582.9979606,238.0709607,0.540505531,-7.675202757,-135.0651492,0.492263897,-6.990169394,-123.010206,-0.015870164,-0.279276803,3.965743109,3849.11348,3505.569311,8.738852988,0.018069494,-124.0921039,3.643555788,-2183.723226,1128.320073,7.248532984,0.016456741,-102.9294931,3.318358219,-1811.312063,1027.614343,-0.000530551,0.00753385,-0.009336427,2.333049083,-1.882609061,-33.1294015,7.95888586,-113.0165357,-1988.819806,-0.256587626,-4.51532645,64.11783787,-0.233686461,-4.112320906,58.39514109,0.132577685
1980,246.4120758,15.24973975,14.44194639,0.136242091,6.909720127,-3.672463171,232.5545625,208.5698155,0.018561907,47.74423223,13.48698574,3546.396555,3012.154095,0.002528913,329.8992823,-49.53045841,220.2359239,2.077656426,105.3714337,-56.0041076,1.96760097,99.78980764,-53.03751623,0.941394716,-0.50034406,-25.37569268,3358.540524,3180.635407,31.68371979,0.283064255,1606.886941,728.0871161,-854.0480658,205.6730225,28.41598772,0.26807007,1441.159052,689.5196423,-765.964966,194.778325,0.128257584,6.504774017,-0.068167921,1.837495134,-175.3389345,93.19129681,30.00540272,1521.768596,-808.8083195,14.35602442,-7.630116706,-386.9727094,13.59557202,-7.225942096,-366.4743934,-3.457237424
1999,215.7948969,16.77057241,16.13537541,1.665967997,6.855278858,-2.673411166,281.2520988,260.3503395,2.775449367,46.99484822,7.14712726,4716.758688,4200.850465,4.623809822,322.1627894,-19.10720982,270.5994815,27.93923692,114.9669505,-44.83463552,26.88101904,110.6124979,-43.13649277,11.42067519,-4.453817444,-18.32697904,4538.108198,4366.224219,468.5569957,46.54587456,1928.061567,788.1305048,-751.9025013,119.8614152,433.7353336,44.78291745,1784.774178,758.2795182,-696.0235045,115.3215814,19.02647936,78.29191315,-7.419917326,11.90688529,-125.636552,48.9955504,450.8100762,1855.034905,-723.4236753,191.5312601,-74.69306793,-307.353929,184.2768815,-71.86401645,-295.7126869,-30.53216056
1992,206.5754181,13.93935634,11.97625942,-1.140970315,5.813164709,-2.762947918,194.3056552,143.4307896,1.30181326,33.79288393,7.6338812,2708.495768,1717.764345,-1.485330286,196.4436003,-21.09201617,166.9413477,-15.9043918,81.03177435,-38.51371559,-13.66455648,69.61996859,-33.08978103,-6.632648371,3.152441558,-16.06147133,2327.054933,1999.332887,-221.6969847,18.14643893,1129.530778,471.051051,-536.8564057,106.4113903,-163.6502733,15.59085332,833.7868044,404.7123444,-396.2918016,91.42534161,7.567654903,-38.55667744,-3.596842238,-8.71003184,-93.36797832,44.37700878,-190.4751221,970.4575507,-461.250249,-92.45484914,43.94300622,-223.8865723,-79.43431751,37.75445789,-192.3563473,18.32566201
2015,223.4484738,17.32662283,17.1824347,-3.36965805,4.441533332,-1.62154876,300.2118587,295.2360622,11.35459537,19.72721834,2.629420382,5201.657645,5072.874359,-38.26110369,87.61909779,-4.26373336,297.7135653,-58.38479409,76.95677283,-28.09596377,-57.89892939,76.31635643,-27.86215568,-14.96644854,5.464064833,-7.202162867,5158.370658,5115.443895,-1011.611306,196.7367914,1333.400977,341.8060716,-486.8081673,45.55897521,-994.8445734,195.0995935,1311.300811,338.9616409,-478.7396706,45.179844,50.43181381,-66.47398007,-18.41203005,-8.860247555,-31.98864644,11.67865827,-1003.192912,1322.304724,-482.7570627,-259.318009,94.67379047,-124.7891596,-257.1600248,93.88593717,-123.7506932,24.26882608
2016,208.0949838,17.76157262,16.5256882,3.204695404,8.9208667,2.283408248,315.4734619,273.0983704,10.27007263,79.58186268,5.213953229,5603.304804,4513.138515,32.91245456,709.9391887,11.90558381,293.522211,56.92043014,158.4486217,40.55692143,52.95979701,147.4234615,37.73489274,28.58866051,7.317627919,20.36998061,5213.416066,4850.656537,1010.996354,182.4126409,2814.296701,1413.499033,720.3547052,92.60800892,875.1970923,169.7200181,2436.274158,1315.145049,623.5950715,86.16416534,91.61794895,255.0356296,23.45076856,16.70913195,181.7178817,46.51298174,940.6492805,2618.472518,670.2310377,507.7795698,129.9725797,361.8028898,472.4472896,120.9288373,336.6279481,65.27958323
2009,212.8285115,17.17089051,15.97394768,-1.155819412,2.212389842,-6.603084209,294.8394809,255.1670046,1.335918513,4.894668813,43.60072107,5062.656446,4076.024382,-1.54408055,10.82891556,-287.8992328,274.2869067,-19.84644857,37.98870374,-113.380836,-18.46299882,35.34059959,-105.4773217,-2.557123126,7.631972908,-14.60859643,4709.750443,4381.444698,-340.7811955,22.93891052,652.2998726,84.04582227,-1946.849921,748.6632078,-294.9269772,21.33989244,564.5288889,78.18718354,-1684.889219,696.4756374,2.955572548,-5.657353229,-8.821182439,-50.39455979,-32.31991035,96.46179241,-317.0261312,606.8295661,-1811.139542,-43.90808122,131.0477712,-250.8426098,-40.84735104,121.912736,-233.3569551,16.88489934
2017,210.9193288,16.59538756,14.38556319,3.809927239,2.035891818,-5.995010265,275.4068882,206.9444282,14.51554557,4.144855493,35.94014808,4570.484046,2977.012149,55.30317245,8.438477384,-215.4615567,238.7339963,63.2272191,33.78641374,-99.48951877,54.80794904,29.28745039,-86.24159898,7.756599692,-22.84055291,-12.20519235,3961.883193,3434.322989,1049.280205,240.8911043,560.6986303,68.78548329,-1651.067122,596.4406864,788.4432141,208.814298,421.3164681,59.6260806,-1240.633972,517.0192712,29.55208045,15.79159785,-87.02084469,136.9293492,-24.84845123,73.17025341,909.5591556,486.0365898,-1431.212759,128.723778,-379.0478276,-202.5498972,111.583055,-328.5742171,-175.5785657,-46.50089478
2004,208.4891237,15.24842103,14.21826586,2.763944255,5.029729642,-2.769382693,232.5143439,202.1590841,7.639387847,25.29818027,7.669480499,3545.476611,2874.351604,21.11484215,127.2430072,-21.23972656,216.8061042,42.14578571,76.69543525,-42.22871329,39.29849425,71.51403327,-39.3758194,13.90189235,-7.654419385,-13.92924622,3305.950758,3082.606829,642.656685,116.4886023,1169.484288,385.7573041,-643.9211998,116.9474677,558.7564392,108.6188474,1016.805538,359.696253,-559.8558687,109.0467128,38.4240555,69.92276004,-21.15638849,21.19801657,-70.06034261,38.57541341,599.2399861,1090.476089,-600.4190726,211.9819077,-116.7178095,-212.399011,197.6608014,-108.8325698,-198.049726,-38.49966007
1969,195.7722648,13.78427671,13.38732119,0.222661811,2.744552221,-6.770907219,190.0062845,179.2203685,0.049578282,7.532566894,45.84518457,2619.099203,2399.280636,0.01103919,20.6735232,-310.4134912,184.5345397,3.06923201,37.83166727,-93.33205871,2.980845174,36.74220209,-90.64430966,0.611106967,-1.507622461,-18.58310845,2543.675158,2470.423152,42.30714333,0.683400757,521.4821702,103.8309864,-1286.514924,631.9427102,39.90553175,0.663720383,491.8796605,100.8408924,-1213.484487,613.7442107,0.136070184,1.677214983,-0.335689947,10.2079718,-51.00231156,125.8245031,41.08879472,506.4646807,-1249.466247,8.423667531,-20.78148518,-256.154709,8.181085242,-20.18302611,-248.7780414,-4.137748573
1944,199.7705026,18.2269444,16.38317115,-3.142896004,2.259503879,-7.306892072,332.2215022,268.4082968,9.877795291,5.10535778,53.39067176,6055.382848,4397.379065,-31.04488335,11.53557571,-390.1198762,298.6151496,-57.28539072,41.18385158,-133.1823155,-51.49060313,37.01783876,-119.7100634,-7.101385712,22.96480189,-16.50995098,5442.841729,4892.263103,-1044.137632,180.0420256,750.6557729,93.0550724,-2427.50666,973.1488056,-843.5793636,161.8296108,606.4695879,83.64195028,-1961.230456,874.7085131,22.31891678,-16.04560856,-72.1759841,-167.8013289,-37.30429829,120.63643,-938.5163604,674.7220889,-2181.948669,-129.4365625,418.5781673,-300.9259586,-116.3432175,376.2362798,-270.4853526,51.88905897
1936,293.8404701,14.96138344,12.37748099,-0.716498354,-0.01266029,-8.392444877,223.8429946,153.2020356,0.513369891,0.000160283,70.43313102,3349.000873,1896.255282,-0.367828682,-2.03E-06,-591.1061696,185.1842391,-10.71980661,-0.18941546,-125.5625858,-8.868444751,-0.156702505,-103.8773269,0.009071077,6.01317294,0.10625079,2770.612409,2292.114398,-160.3831371,7.68072379,-2.833917334,0.002398055,-1878.589993,1053.77708,-109.7690063,6.354226066,-1.939582273,0.001983899,-1285.739638,871.7847399,-0.006499412,-0.000114842,-4.308428513,-50.46522243,-0.001345166,-0.891703898,-132.6842025,-2.34448626,-1554.148519,0.135715866,89.96538607,1.589658811,0.112277087,74.42793372,1.315117133,-0.076128516
1971,184.1464476,17.9560337,17.31399834,-0.705053185,4.806572952,-5.491278534,322.4191462,299.7745385,0.497099994,23.10314354,30.15413994,5789.369054,5190.295862,-0.350481934,111.0469448,-165.5847813,310.8907376,-12.65995875,86.30698589,-98.6015824,-12.20728968,83.2209961,-95.07598742,-3.388889569,3.87164342,-26.39423087,5582.364562,5382.761715,-227.3226459,8.925944239,1549.731147,414.8408239,-1770.493336,541.4487528,-211.3569932,8.606788467,1440.888188,400.0077889,-1646.145488,522.0887288,2.389347384,-16.28894494,-2.729714525,-21.2602724,-126.8657962,144.9380734,-219.1945048,1494.31901,-1707.187634,-60.8510153,69.51935972,-473.935699,-58.67522837,67.03362775,-456.9896695,18.60933654
1989,239.811276,14.88437307,14.09223558,-0.100834512,4.764086998,-6.984910659,221.5445618,198.5911035,0.010167599,22.69652492,48.78897691,3297.55191,2798.592614,-0.001025245,108.1282193,-340.7866449,209.7540917,-1.500858495,70.91044823,-103.9660161,-1.420983697,67.13663628,-98.43300648,-0.480384387,0.704320057,-33.27672205,3122.058155,2955.904074,-22.33933777,0.151338334,1055.457566,337.8235444,-1547.468971,726.1933343,-20.024837,0.143284198,946.1052942,319.844776,-1387.141116,687.5457562,0.048439325,-2.288593014,-0.071019769,-4.919612676,-158.5331989,232.4349306,-21.15045147,999.2867412,-1465.113591,-7.15022044,10.4833625,-495.3031457,-6.769689954,9.92544417,-468.9434063,3.355442028
1960,223.8616101,15.24967006,14.51949423,-4.304926024,5.925969547,-1.868240588,232.552437,210.8157126,18.53238808,35.11711508,3.490322893,3546.347937,3060.937521,-79.78055973,208.1029545,-6.520762892,221.4174964,-65.64870152,90.3690804,-28.49005256,-62.50534855,86.04208062,-27.12590842,-25.51086052,8.042637525,-11.07113683,3376.543766,3214.87006,-1001.121038,282.6128036,1378.09866,535.5244184,-434.4639016,53.22627253,-907.5460473,269.0809017,1249.287493,509.8827495,-393.8544707,50.67772309,109.8223674,-151.1765826,-34.62295959,-15.02558186,-65.6072197,20.68354717,-953.1859426,1312.113341,-413.6611536,-389.032206,122.6475687,-168.8311839,-370.4047921,116.7750291,-160.7473073,47.66042506
1982,186.8029254,13.33079526,13.08775617,1.271146988,1.533626279,-7.41180239,177.7101022,171.2893616,1.615814666,2.352009564,54.93481466,2369.016987,2241.793399,2.053937946,3.607103677,-407.1659906,174.4701979,16.94540024,20.44445793,-98.80522014,16.63646184,20.0717268,-97.00386246,1.949464426,-9.421490285,-11.36693492,2325.826486,2283.423409,225.8956612,21.54009448,272.5408828,31.35415794,-1317.15216,732.3247667,217.7339561,21.14738836,262.6938663,30.78252769,-1269.562899,718.9734596,2.478055834,2.989749874,-11.976099,69.83022421,-17.43263011,84.24947541,221.7772666,267.5720804,-1293.13863,25.98791112,-125.595958,-151.5302821,25.51411507,-123.3061676,-148.7676727,-14.44904509
1937,171.6298269,16.08245221,15.39861123,-2.528914189,5.743000496,-4.002283302,258.6452691,237.1172279,6.395406976,32.98205469,16.01827163,4159.650179,3651.276009,-16.17343545,189.4159564,-64.10966105,247.6474292,-40.67114159,92.36153101,-64.36652993,-38.94176644,88.43423194,-61.6296046,-14.52355544,10.12143103,-22.98511498,3982.777946,3813.426486,-654.0916909,102.8538271,1485.399909,530.4323184,-1035.171641,257.6130879,-599.6491221,98.48038569,1361.764357,507.8778379,-949.0103216,246.6591374,36.72882543,-83.4087861,-25.59623055,-40.5088344,-132.0035267,91.99294188,-626.2790977,1422.239309,-991.1551707,-233.5743863,162.7774308,-369.6570133,-223.642584,155.8559815,-353.9388498,58.12738342
1945,234.9184981,14.67874236,13.86075887,2.18371535,-0.525962043,-8.87561027,215.4654773,192.1206365,4.768612732,0.276636071,78.77645767,3162.762229,2662.937818,10.41329282,-0.145500073,-699.1891368,203.4585084,32.05419502,-7.720461323,-130.2827964,30.26795192,-7.290233057,-123.0226938,-1.148551387,-19.38180639,4.668234112,2986.515026,2820.089326,470.5152702,69.9972377,-113.3266627,4.060669612,-1912.387603,1156.339326,419.5367831,66.09659123,-101.0481625,3.834385874,-1705.187895,1091.901485,-2.508109295,0.604094434,-42.32434814,172.0253599,-2.455313952,-41.43342663,444.295468,-107.0114528,-1805.818427,-16.8592899,-284.5005425,68.52380581,-15.91979383,-268.6465449,64.70526739,10.19409449
1938,204.4176161,15.3101206,14.77648651,-3.121695638,0.341226539,-6.887319612,234.3997927,218.3445535,9.744983655,0.116435551,47.43517144,3588.689095,3226.365349,-30.42087297,0.0397309,-326.7011865,226.2297904,-47.79353669,5.224219469,-105.4456939,-46.12769347,5.042129355,-101.7703853,-1.065205399,21.50011559,-2.350136237,3463.605375,3342.881446,-731.7248105,149.196875,79.9834301,1.78264233,-1614.386289,726.2381953,-681.6052403,143.9966195,74.50495639,1.720508351,-1503.808726,700.9251707,3.325247049,-0.363476352,-67.11681705,-148.0781678,-0.801928855,16.18613939,-706.22055,77.1956085,-1558.116873,-16.30842313,329.1693625,-35.9808692,-15.73999321,317.6961679,-34.72675639,7.336410038
1925,166.626285,16.83148953,15.59774398,-0.77394418,-0.306060361,-10.07603361,283.2990398,243.2896173,0.598989594,0.093672945,101.5264533,4768.344823,3794.769165,-0.46358451,-0.028669575,-1022.983956,262.5332646,-13.02663336,-5.15145176,-169.5946542,-12.07178318,-4.773851152,-157.1633926,0.236873635,7.798287569,3.083874483,4418.825894,4094.926647,-219.2576431,10.08188707,-86.70660637,1.576655185,-2854.530647,1708.841436,-188.2925834,9.342886329,-74.46130808,1.461086606,-2451.394361,1583.583626,-0.183326971,-0.07249763,-6.035439277,-78.57580764,-0.943851737,-31.07322294,-203.1860921,-80.35102569,-2645.293997,3.986936108,131.2567956,51.90620107,3.694694315,121.635693,48.10148466,-2.386746708
1992,190.0366018,14.18015988,11.50900415,-2.380660356,5.075113576,-4.073419387,201.0769343,132.4571764,5.667543731,25.75677781,16.5927455,2851.303076,1524.450193,-13.49249668,130.7185727,-67.5892112,163.1995189,-33.75814447,71.96592192,-57.76173817,-27.39902991,58.40950318,-46.88100061,-12.08212169,9.697428048,-20.67306603,2314.19527,1878.263939,-478.6958859,80.36667624,1020.488279,365.2352273,-819.0706823,235.2877841,-315.3355488,65.2277843,672.2352143,296.4348625,-539.5536304,190.9659768,28.76342813,-61.31813982,-23.08628251,-39.50169141,-104.9181581,84.21006795,-388.5226247,828.2560937,-664.7800841,-171.3264173,137.5110802,-293.1473815,-139.0531886,111.6077396,-237.9264026,49.21554873
1999,203.5998317,16.33365574,15.80695125,1.188445823,6.363512426,-3.963408467,266.7883098,249.8597077,1.412403473,40.4942904,15.70860668,4357.628408,3949.520219,1.678565008,257.6859201,-62.25962473,258.1853,19.41166493,103.9394213,-64.73694946,18.78570518,100.5877307,-62.64940442,7.56268976,-4.710296237,-25.22119903,4217.109807,4081.12245,317.0634523,23.0697121,1697.710725,661.4197988,-1057.391046,256.5789737,296.9447259,22.32579285,1589.985355,640.0912741,-990.2960814,248.30518,8.987847054,48.12527027,-5.597931886,18.66882799,-160.4954134,99.9619138,306.8392412,1642.965365,-1023.293804,123.526371,-76.93635716,-411.9543823,119.5430683,-74.45542298,-398.6702635,-29.97402863
1998,206.4908762,16.23119967,15.6861053,-1.218370129,2.517349619,-3.846309365,263.4518428,246.0538995,1.48442577,6.337049102,14.79409573,4276.139464,3859.627378,-1.808580017,15.95256814,-56.90266894,254.6043072,-19.77560883,40.8596043,-62.43021529,-19.11148213,39.4874112,-60.33361371,-3.067063578,4.686228435,-9.682505412,4132.533347,3993.749973,-320.9818555,24.09401107,663.2003959,102.8579093,-1013.31729,240.1259217,-299.7847212,23.28485894,619.4036901,99.40361951,-946.3994179,232.0617434,3.736818647,-7.720871329,-5.709560741,-18.02468432,-24.3742513,37.24191124,-310.2022825,640.9280556,-979.2869311,-49.78212135,76.06310944,-157.1586787,-48.11028226,73.5086727,-151.8807995,11.79687536
2002,203.3127917,17.28697998,16.66169043,3.226790295,6.498527183,-2.578143933,298.8396769,277.6119279,10.41217561,42.23085555,6.64682614,5166.035511,4625.484001,33.59790719,274.4383628,-17.13647449,288.0303088,55.78145923,112.3399093,-44.56832256,53.76378096,108.2764482,-42.95623609,20.96938444,-8.319129822,-16.75413843,4979.174183,4799.07184,964.2929689,179.9950713,1942.017763,730.0439544,-770.4516999,114.9035504,895.7954746,173.4844466,1804.06866,703.6374416,-715.7235076,110.7473595,67.66380621,136.2701148,-26.84408737,21.44791408,-108.877224,43.19458035,929.4134052,1871.772792,-742.5835933,362.4973291,-143.8126307,-289.6284557,349.385392,-138.6107657,-279.1522679,-54.06209129
2004,188.4147377,14.96298284,14.44907512,0.780920874,4.594970665,-4.220702544,223.8908555,208.7757719,0.609837411,21.11375541,17.81432997,3350.075028,3016.616811,0.476234764,97.01708676,-75.18898781,216.2012631,11.68490563,68.75446721,-63.15429974,11.28358437,66.39307632,-60.98524812,3.588308506,-3.296034718,-19.39400438,3235.015789,3123.908292,174.8410424,9.124986712,1028.771913,315.9247599,-944.9767032,266.5555136,163.0373581,8.81158656,959.3185473,305.0742381,-881.1804314,257.4005919,2.802185013,16.48817232,-2.573942311,13.91158212,-89.1148812,81.85632362,168.8360792,993.4384617,-912.5212211,53.6917986,-49.31851092,-290.1921547,51.84773916,-47.62465324,-280.2254261,-15.14518284
2009,200.8595078,16.956413,16.32836398,-1.011834591,1.74297719,-7.8114309,287.5199418,266.6154702,1.02380924,3.037969486,61.01845271,4875.306878,4353.394441,-1.035925604,5.29511152,-476.6414269,276.8704832,-17.15708521,29.55464109,-132.4538484,-16.52160349,28.45996597,-127.5478869,-1.763604613,7.903875991,-13.61514588,4694.73026,4520.842025,-290.9226227,17.3601323,501.1407003,51.51306529,-2245.942157,1034.654085,-269.7707553,16.71712991,464.7046832,49.60507153,-2082.648323,996.3315052,1.784476152,-3.073922613,-7.997415132,-61.74058115,-23.73088872,106.3537713,-280.1471322,482.578937,-2162.754648,-29.90440818,134.0213856,-230.8640366,-28.79677803,129.057364,-222.3130576,13.77627557
2015,215.6781862,16.49848055,17.06868175,-3.976753779,3.496144054,-2.568206985,272.1998606,291.3398966,15.81457062,12.22302324,6.59568712,4490.884107,4972.787976,-62.89065346,42.73345004,-16.93908974,281.6073139,-65.61039489,57.68106469,-42.37151301,-67.87794464,59.6745702,-43.8359077,-13.90330408,10.21312683,-8.978821581,4646.092792,4806.665619,-1082.471824,260.9163858,951.6499241,201.6613113,-699.0655834,108.8188157,-1158.587035,269.9338728,1018.566247,208.6308938,-748.2211576,112.5796844,55.29001702,-48.60795388,-40.61509073,-26.22942368,-31.39125368,23.05947231,-1119.88295,984.539736,-723.2258707,-229.383392,168.5010745,-148.1369133,-237.3110725,174.3246116,-153.256648,35.70656265
1940,251.3170169,13.64718465,12.44790506,-2.188033642,4.835856335,-4.388316578,186.2456489,154.9503404,4.787491219,23.3855065,19.25732239,2541.728761,1928.807126,-10.47519185,113.0889497,-84.50722711,169.8788589,-29.86049914,65.99582436,-59.88816666,-27.23643504,60.19628054,-54.62534814,-10.58101635,9.601784306,-21.22126853,2318.368156,2114.635907,-407.5117455,65.33577668,900.6572013,319.1463253,-817.3048688,262.8082346,-339.0365576,59.59423617,749.3175851,291.1005646,-679.9711475,239.7133208,23.15161974,-51.16827495,-21.00902708,-42.13566925,-102.6230058,93.12564449,-371.7006583,821.5097559,-745.4822127,-144.4010839,131.0373234,-289.6105701,-131.711487,119.5220994,-264.1603359,46.43284946
1958,317.6346378,10.8376918,10.80598736,-1.092015846,3.912903468,-5.139595647,117.4555636,116.7693629,1.192498608,15.31081355,26.41544341,1272.947199,1261.80826,-1.302227376,59.90973543,-135.764698,117.1119607,-11.83493118,42.40684184,-55.70135361,-11.80030943,42.28278543,-55.53840562,-4.272952591,5.612519888,-20.11074163,1269.223336,1265.510367,-128.2633367,12.92393239,459.5922821,165.9338785,-603.6741034,286.2824345,-127.5139947,12.88612489,456.9072452,165.4484578,-600.1473094,285.4449477,4.666131939,-16.71965101,-6.128960654,-28.84608279,-78.69139066,103.3610801,-127.8881168,458.2477971,-601.9081233,-46.30894327,60.82676079,-217.9540197,-46.17347171,60.648819,-217.3164199,21.96124853
1928,193.0322163,11.29852967,10.50606122,-0.196690613,0.332684534,-9.463058492,127.6567727,110.3773224,0.038687197,0.110678999,89.54947602,1442.333833,1159.630906,-0.007609409,0.036821191,-847.4119295,118.7030444,-2.222314724,3.758846074,-106.9186471,-2.06644362,3.495204078,-99.41947186,-0.065435925,1.861294774,-3.148213201,1341.169869,1247.101452,-25.10888884,0.437108445,42.46943388,1.250509953,-1208.023507,1011.777412,-21.71018318,0.406450062,36.72082802,1.162800339,-1044.507058,940.8122774,0.012870632,-0.02176952,-0.36609921,-17.61354131,-1.047361841,29.79172567,-23.34777455,39.49066697,-1123.293852,-0.739329738,21.02989422,-35.57018026,-0.687473832,19.55487684,-33.07532063,0.619223984
1980,257.7057207,12.23099016,11.83946591,-1.301293356,3.58070349,-5.80063008,149.5971203,140.1729531,1.693364397,12.82143748,33.64730933,1829.720907,1659.5729,-2.203563839,45.90976594,-195.1755946,144.8083911,-15.91610623,43.79554916,-70.94744945,-15.40661833,42.39361691,-68.67636211,-4.65954566,7.548321382,-20.77033637,1771.150007,1714.454011,-194.6697387,20.71152328,535.6629309,156.8188757,-867.7575562,411.5399094,-182.4061325,20.04853006,501.9177824,151.798972,-813.0914483,398.3661719,6.063435807,-16.6844514,-9.82258046,-43.78502006,-74.37241593,120.4810379,-188.4381972,518.5159114,-839.9799094,-56.99085712,92.32344456,-254.0417798,-55.16653201,89.3680937,-245.9096895,27.02830071
1952,260.6612926,15.56678961,14.96232409,-5.976824636,-0.503923359,-9.421013011,242.3249389,223.8711422,35.72243273,0.253938752,88.75548616,3772.221342,3349.632583,-213.506716,-0.127965669,-836.1665899,232.9153512,-93.03997167,-7.844468908,-146.6549275,-89.42718723,-7.539864611,-140.9602499,3.011861546,56.30774266,4.74746852,3625.744271,3484.954971,-1448.333665,556.0835948,-122.1131971,3.95301112,-2282.946402,1381.63798,-1338.038558,534.4906158,-112.8138979,3.7995139,-2109.092943,1327.988349,-18.00136829,-1.517747386,-336.5415036,-530.4759762,-2.392360282,-44.7259627,-1392.094209,-117.3714861,-2194.298554,46.88501503,876.5307837,73.90284365,45.06444856,842.4946945,71.0331626,-28.37478681
1949,258.7949454,15.39268053,14.3054716,1.280620529,1.732644418,-6.647586213,236.934614,204.6465178,1.639988938,3.00205668,44.19040246,3647.058821,2927.564949,2.100203501,5.201496751,-293.7595101,220.1995543,19.71218268,26.67004201,-102.3241709,18.31988061,24.78629552,-95.0968558,2.218860011,-8.51303537,-11.51790315,3389.461392,3150.058471,303.4233306,25.24382581,410.5234365,46.20969943,-1575.043273,680.2087477,262.0745318,23.46081519,354.5796468,42.94583659,-1360.40537,632.1645475,2.84151768,3.844495413,-10.90196786,56.59113655,-19.9564306,76.56625416,281.9920696,381.5275286,-1463.795521,34.1542033,-131.0384338,-177.2914036,31.74183888,-121.7829857,-164.7690364,-14.75006322
1987,282.3287818,15.17326686,13.64441583,-3.82970452,1.476381671,-5.553744013,230.2280271,186.1700832,14.66663671,2.179702839,30.84407256,3493.311293,2540.18203,-56.16888489,3.218073319,-171.3000833,207.0303624,-58.10912866,22.40153308,-84.26843996,-52.25408095,20.14436544,-75.7775927,-5.654105559,21.26919855,-8.199445867,3141.326936,2824.808353,-881.7053159,222.5407927,339.9044394,33.07321284,-1278.627527,468.0053439,-712.9764091,200.11769,274.8580986,29.74077191,-1033.940985,420.8493518,21.65355361,-8.347617813,-81.45474581,-118.1236841,-12.10551159,45.53762339,-792.8651147,305.6558324,-1149.793636,-85.79125247,322.7232254,-124.4123802,-77.14696736,290.2057893,-111.8766489,31.4014549
1979,251.1659211,13.42025104,12.05988488,-0.727728777,-0.990615492,-8.493148114,180.1031379,145.4408234,0.529589172,0.981319052,72.13356489,2417.029322,1753.999587,-0.385397281,-0.972109856,-612.6410507,161.8466826,-9.766302869,-13.29430858,-113.9801798,-8.776325273,-11.94670879,-102.4263886,0.7208994,6.180708287,8.413444095,2172.02311,1951.852361,-131.0662362,7.10721964,-178.4129585,13.16954803,-1529.642626,968.050549,-105.8414725,6.386784455,-144.0759328,11.8345948,-1235.250455,869.9224888,-0.524619238,-0.714134113,-4.497879281,-52.49367094,-8.334488059,-71.45662685,-117.7804883,-160.3278311,-1374.587847,9.674650918,82.9466568,112.9105318,8.693963775,74.53863044,101.4651673,-6.122705379
1961,298.3643293,12.53338166,11.42490193,-0.10151601,-0.050884968,-10.25044534,157.0856559,130.5283842,0.0103055,0.00258928,105.0716296,1968.81448,1491.273989,-0.001046173,-0.000131755,-1077.030996,143.1926564,-1.2723389,-0.637760722,-128.4727436,-1.159810461,-0.581355766,-117.1103328,0.005165639,1.040584313,0.52159358,1794.688214,1635.962057,-15.94670904,0.129162769,-7.993298535,0.032452434,-1610.197929,1316.902836,-13.25072078,0.117739331,-6.64193262,0.029582269,-1337.974067,1200.433065,-0.000524395,-0.000262853,-0.105635968,-10.66645262,-0.026541273,-5.346566484,-14.53634716,-7.286353703,-1467.788497,0.064742924,13.04204035,6.537331416,0.059016918,11.88857373,5.959155505,-0.052950099
1943,217.2724604,15.58758005,14.24002117,-1.251479876,-2.341192521,-10.08050579,242.9726519,202.7782031,1.566201881,5.48118242,101.6165969,3787.355662,2887.565905,-1.960070137,-12.83250329,-1024.346693,221.96747,-19.50754276,-36.49352584,-157.1306909,-17.82109994,-33.33863107,-143.5466158,2.929955327,12.61555014,23.60040475,3459.935708,3160.821473,-304.0753844,24.4132972,-568.8457555,85.43836976,-2449.287224,1583.956839,-253.7728405,22.30274795,-474.7428124,78.05215373,-2044.106849,1447.022492,-3.66678013,-6.859589498,-15.78810712,-127.1711261,-55.2530911,-237.9040167,-277.787822,-519.6685807,-2237.544366,45.67091321,196.6458977,367.8731984,41.7226259,179.6457011,336.0702634,-29.53543163
1991,441.5266234,15.24322664,14.15463192,0.469692948,1.115655968,-7.404377722,232.3559585,200.3536047,0.220611465,1.24468824,54.82480944,3541.854538,2835.931528,0.103619649,1.388643863,-405.9435976,215.7622624,7.159636057,17.00619678,-112.8666078,6.648330791,15.79169958,-104.8062412,0.524015741,-3.477783999,-8.260738196,3288.913067,3054.035406,109.1359551,3.362830565,259.2293119,18.97306494,-1720.451283,835.7069961,94.10467521,3.122674087,223.5256949,17.61810388,-1483.493767,776.0249976,0.246126498,0.584621288,-1.633490618,25.75082636,-9.216141871,61.16562586,101.342013,240.7164558,-1597.585289,7.987690698,-53.01264972,-125.9203046,7.417249926,-49.22675239,-116.9277085,-3.880010475
1956,297.6294027,14.93906385,13.52353589,-3.963338734,-0.950345245,-10.36797246,223.1756287,182.8860229,15.70805392,0.903156084,107.4948529,3334.034966,2473.265695,-62.25633856,-0.85831009,-1114.503675,202.0289661,-59.20857041,-14.19726829,-154.8878026,-53.59835361,-12.85202803,-140.2116477,3.76654012,41.09178685,9.853153327,3018.123624,2732.145974,-884.5206137,234.6636205,-212.0938975,13.49230641,-2313.878772,1605.872472,-724.8392587,212.428431,-173.8048623,12.21386372,-1896.157249,1453.710502,-14.92807435,-3.579513493,-162.8606705,-426.0385144,-9.363897412,-102.1572224,-800.7092268,-191.9972673,-2094.630757,56.26858334,613.8728274,147.1968867,50.93694049,555.7062542,133.2494726,-39.05138424
2006,266.0831397,13.25554312,11.8094994,-0.897210484,-2.972636023,-9.268665452,175.7094235,139.4642761,0.804986652,8.836564924,85.90815925,2329.12384,1647.003285,-0.722242463,-26.26789121,-796.2539877,156.5413286,-11.89301225,-39.40390499,-122.8611946,-10.59560667,-35.10534333,-109.4582991,2.667080203,8.315943812,27.5523688,2075.040331,1848.674726,-157.6483368,10.67053528,-522.3201618,117.1334674,-1628.591863,1138.75931,-125.1288106,9.506489383,-414.5765311,104.3554082,-1292.647718,1014.532355,-2.392932319,-7.928258688,-7.461151968,-77.0777011,-81.90316402,-255.3736888,-140.4505211,-465.3403924,-1450.929204,35.35359665,110.2323518,365.2216128,31.49688207,98.20713347,325.3796829,-24.72027414
2016,256.8627,14.44625599,13.49179214,1.118410906,6.267219891,-0.034405638,208.6943123,182.028455,1.250842954,39.27804516,0.001183748,3014.85146,2455.890078,1.398956401,246.1641459,-4.07E-05,194.905883,16.15685025,90.53786292,-0.497032654,15.08936746,84.55602804,-0.464193716,7.009327075,-0.038479641,-0.215627699,2815.660281,2629.62966,233.4059948,18.06999752,1307.933145,567.4206954,-7.180260956,0.017100726,203.5826092,16.87611313,1140.812354,529.9312208,-6.262805125,0.015970881,7.839307842,43.92899407,-0.04303605,0.001323917,-1.351386202,0.007418809,217.9848651,1221.518027,-6.705861251,101.2585333,-0.555886741,-3.115012935,94.5683839,-0.519159314,-2.90920409,-0.24116037
1929,181.9101316,14.03529726,12.98566377,1.116519488,5.00581717,-4.086471444,196.9895691,168.6274636,1.246615768,25.05820554,16.69924886,2764.807159,2189.739545,1.391870799,125.4367955,-68.24100363,182.2576511,15.67068291,70.258132,-57.35484145,14.49874667,65.00385867,-53.06554419,5.589092425,-4.562625006,-20.45612892,2558.040311,2366.736577,219.9426929,17.49662287,986.0937673,351.6993635,-804.9922489,234.3789218,188.2758494,16.18813321,844.1182525,325.3974318,-689.0913146,216.850831,6.240330615,27.97797483,-5.094259737,18.6450368,-102.3996414,83.59338669,203.4942194,912.3484793,-744.7906868,78.44457359,-64.03779823,-287.1078501,72.57807502,-59.24871424,-265.6364122,-22.8396666
1958,213.0446267,13.54844152,13.42321585,0.122317574,6.615615199,-3.097853083,183.5602676,180.1827239,0.014961589,43.76636447,9.596693722,2486.95555,2418.631595,0.001830065,289.541426,-29.72914723,181.863655,1.657212499,89.63127563,-41.97108132,1.6418952,88.80283083,-41.58315061,0.809206002,-0.378921874,-20.49420394,2463.969094,2441.195097,22.45264663,0.202706213,1214.364096,592.9660294,-568.6427407,130.0202437,22.03951368,0.200832638,1192.019567,587.4853574,-558.1796065,128.8184913,0.098980115,5.353395529,-0.046348804,1.173844296,-135.5817671,63.48803285,22.24512109,1203.13996,-563.3868842,10.9634802,-5.13380085,-277.6645235,10.86214684,-5.086350107,-275.0981232,-2.506801309
1976,161.8601095,15.58937395,13.53328678,3.544957562,3.940928671,-3.437409986,243.0285801,183.1498512,12.56672411,15.53091879,11.81578741,3788.663416,2478.619461,44.54850368,61.20624313,-40.61570563,210.9754684,55.26366907,61.43661076,-53.58706968,47.97492732,53.3337179,-46.51945513,13.97042489,-12.18547252,-13.54658757,3288.975472,2855.191519,861.5260029,195.9073615,957.7582993,242.1173008,-835.3888682,184.2007284,649.2584499,170.0690814,721.7804996,210.184378,-629.5611273,159.9064396,49.52456336,55.056448,-43.19698296,41.88646493,-53.38613533,46.56517537,747.8990822,831.4392724,-725.209182,217.7901779,-189.9638879,-211.1828193,189.0657666,-164.9094942,-183.3298545,-48.02207803
1953,266.6026269,17.7762927,16.16080472,-1.148971574,3.742089495,-3.402369883,315.9965823,261.1716092,1.320135678,14.00323379,11.57612082,5617.247741,4220.743375,-1.516798368,52.40135404,-39.38624486,287.2791951,-20.42445501,66.52047819,-60.48152294,-18.56830524,60.47517757,-54.98503527,-4.299554457,3.90922628,-12.7319726,5106.759059,4642.662972,-363.0710906,23.46711822,1182.487491,248.9255826,-1075.137255,205.7805121,-300.0787549,21.33445489,977.3275352,226.3035267,-888.6024176,187.0794281,4.940065852,-16.08931756,-4.491589872,-13.30063376,-47.64418091,43.31888012,-330.0756289,1075.024458,-977.4300814,-76.43013852,69.49155061,-226.3272716,-69.48425996,63.17624252,-205.7589229,14.6286746
1944,227.9053738,17.73201971,15.86745645,-2.385948746,2.475345233,-7.072571608,314.4245229,251.7761742,5.692751417,6.127334021,50.02126916,5575.381836,3995.047479,-13.5826131,15.16726706,-353.7790081,281.3620505,-42.30769018,43.89287045,-125.4109791,-37.85893781,39.27743268,-112.223722,-5.906046853,16.87479336,-17.50705641,4989.117424,4464.500082,-750.2007959,100.9439803,778.3092438,108.6500076,-2223.789954,886.9781305,-600.725047,90.32948518,623.2329525,97.22520574,-1780.705021,793.7103099,14.09152508,-14.61950492,-40.26239204,-119.3481844,-43.33600864,123.8199101,-671.3154314,696.4682103,-1989.95325,-104.7261392,299.2241684,-310.4354693,-93.71394123,267.7600487,-277.7924552,41.77093929
1966,237.549174,14.91096851,13.43553652,1.221560942,7.09137382,-1.612008803,222.3369818,180.5136417,1.492211134,50.28758266,2.59857238,3315.259733,2425.297625,1.822826838,356.6080471,-4.188921552,200.3368619,18.21465673,105.7392517,-24.03661249,16.41232664,95.27641196,-21.65820315,8.66254528,-1.969166991,-11.43135702,2987.216639,2691.633226,271.5981728,22.25031322,1576.674652,749.8365612,-358.4091718,38.74723092,220.5084141,20.04865719,1280.089713,675.6406534,-290.9895794,34.91321412,10.58182697,61.42934682,-2.405457483,3.174314523,-81.06402591,18.42744815,244.7236857,1420.663578,-322.944785,129.1669399,-29.36218698,-170.4526045,116.3859435,-26.45681503,-153.5864148,-13.96409925
1978,187.5145909,16.09855946,13.66385103,0.997448612,0.567315416,-7.647767927,259.1636167,186.7008251,0.994903735,0.321846781,58.48835426,4172.160894,2551.052262,0.99236535,0.182588641,-447.3053598,219.9683183,16.0574858,9.13296096,-123.1180467,13.62898925,7.751713335,-104.4979617,0.565867975,-7.628255507,-4.338696644,3541.173052,3005.614334,258.5023899,16.01651693,147.0275151,5.181269547,-1982.023196,941.5782488,186.2244789,13.59421642,105.9182563,4.397666477,-1427.844582,799.1761598,0.564424226,0.321025626,-7.608792871,58.3391278,-2.461409492,33.18134504,219.4070939,124.791418,-1682.26665,9.109659237,-122.8039249,-69.8467659,7.731935711,-104.2313469,-59.28330462,-4.327626947
1993,224.0360309,15.22916528,14.34793567,1.040860431,2.546453929,-4.392120703,231.927475,205.8632579,1.083390437,6.484427612,19.29072427,3532.061849,2953.71278,1.127658237,16.51229617,-84.72718942,218.5070836,15.85143553,38.78036775,-66.88833209,14.9341985,36.53635715,-63.01786528,2.650503134,-4.571584647,-11.18433302,3327.680491,3135.125578,241.4041316,16.49913202,590.59263,98.75241983,-1018.653465,293.7816282,214.2749193,15.54441629,524.2213018,93.03815021,-904.1762768,276.7820707,2.758803834,6.749384118,-4.758381566,20.07895157,-28.48038876,49.1229406,227.4353772,556.4182216,-959.7094857,40.36495029,-69.62141817,-170.3280561,38.02924845,-65.59280241,-160.4720906,-11.64132969
2009,209.9105847,16.22505666,15.30572439,-1.250894556,1.195230513,-7.157376516,263.2524637,234.265199,1.564737191,1.428575979,51.2280386,4271.286139,3585.598569,-1.957321233,1.7074776,-366.6583604,248.3362454,-20.29583505,19.39268279,-116.1288395,-19.14584731,18.29386881,-109.5488323,-1.495107342,8.953123321,-8.554714805,4029.269653,3800.966127,-329.3010737,25.38794958,314.6473772,23.1787262,-1884.197001,831.1778289,-293.0410621,23.94943618,280.0009139,21.8653902,-1676.724234,784.0822396,1.870221635,-1.786997915,-11.19941322,-64.0808746,-10.22485616,61.22931485,-310.6424575,296.819058,-1777.436011,-24.25820134,145.2649332,-138.8007324,-22.8837009,137.0340379,-130.936107,10.70104618
2013,220.6617887,15.97929425,15.17710463,-0.998160654,6.526445076,-1.069455907,255.3378447,230.3445049,0.996324692,42.59448533,1.143735938,4080.118554,3495.962651,-0.994492107,277.9905691,-1.223175155,242.5194207,-15.94990281,104.2879863,-17.08915063,-15.14918869,99.05253977,-16.2312442,-6.514440689,1.067488808,-6.97974524,3875.289185,3680.742622,-254.8681902,15.92056542,1666.448419,680.6298145,-273.0725664,18.27609309,-229.9208217,15.1213241,1503.33076,646.4609605,-246.3432915,17.35859999,6.502458381,-42.51613936,-1.065525328,-1.141632212,-45.55292396,7.464529779,-242.0733437,1582.789679,-259.3638271,-104.0961646,17.05771778,-111.531403,-98.87034792,16.20138933,-105.9323238,6.966907077
1955,192.8575988,13.69269673,13.03901478,0.781778322,4.764933835,-3.401492373,187.4899437,170.0159065,0.611177345,22.70459446,11.57015037,2567.242938,2216.839918,0.477805199,108.1858903,-39.35577823,178.5392751,10.70465347,65.24479394,-46.57560349,10.1936191,62.13004272,-44.35210934,3.725121978,-2.659213,-16.2078861,2444.684147,2327.976247,146.5755736,8.368666029,893.3771764,310.8871262,-637.7456135,158.4265601,132.9147501,7.969150434,810.1145455,296.0455427,-578.3078094,150.8633617,2.91221961,17.74995976,-2.078915077,9.045292739,-77.22950488,55.13100096,139.5781349,850.7278326,-607.2999825,51.00696552,-36.41179715,-221.929669,48.57192054,-34.67351762,-211.3348665,-12.670974
1929,184.0709604,14.22525119,13.49549964,1.449518866,6.210519716,-3.326005723,202.3577713,182.1285106,2.101104944,38.57055514,11.06231407,2878.590126,2457.91525,3.045591257,239.5431932,-36.79331991,191.9768723,20.61976997,88.34620295,-47.31326686,19.56198135,83.81406661,-44.88610905,9.002265499,-4.821108046,-20.65622412,2730.91923,2590.823812,293.3214073,29.8887456,1256.746928,548.6758353,-673.0431055,157.3641964,263.9987123,28.35546103,1131.112706,520.5289132,-605.7604687,149.2914556,13.04895368,55.90874737,-6.98828707,16.03503295,-128.2858871,68.70271964,278.2740983,1192.27615,-638.516176,128.059488,-68.58147294,-293.8399766,121.4900708,-65.06326191,-278.7660652,-29.94158657
1940,188.5358672,16.87060047,15.06683392,-0.680755527,7.22448026,-2.58826253,284.6171601,227.0094843,0.463428088,52.19311503,6.699102922,4801.662394,3420.314199,-0.315481232,377.0681292,-17.33903708,254.1865353,-11.48475451,121.88132,-43.66554304,-10.25683046,108.8500442,-38.99692167,-4.918104867,1.761974022,-18.69885155,4288.279482,3829.786313,-193.7547048,7.81831011,2056.211055,880.5291907,-736.6639308,113.0178889,-154.5379611,6.982394028,1640.025538,786.3849958,-587.5601422,100.9342711,3.34802707,-35.53075153,-1.199473554,-4.56045134,-135.0894839,48.39753682,-173.0388888,1836.365607,-657.901485,-82.97138226,29.72555976,-315.4608537,-74.10026922,26.54736996,-281.7324908,12.72934654
1975,184.8148364,17.01085124,16.03265111,1.921321744,4.12315477,-2.179940806,289.36906,257.0459017,3.691477244,17.00040526,4.75214192,4922.414035,4121.127263,7.092515495,70.09530205,-10.35938809,272.7290431,32.68331838,70.13837245,-37.08264878,30.8038812,66.10510192,-34.9502304,7.921906914,-4.188367672,-8.988233335,4639.353183,4372.569597,555.9710671,62.79517026,1193.11342,289.191365,-630.8074221,80.83797929,493.8678802,59.18416674,1059.840036,272.5615663,-560.3448503,76.18943344,15.22053201,32.66324828,-8.047201879,9.130393601,-37.05987715,19.59381663,524.0002408,1124.504055,-594.5331703,134.7583801,-71.24769942,-152.8975002,127.0091697,-67.15063762,-144.1052092,-17.26928815
1954,202.503696,18.37994043,16.29963428,-0.69017603,6.047522127,-4.606395079,337.8222102,265.6780778,0.476342952,36.57252388,21.21887563,6209.152099,4330.455506,-0.328760488,221.1731474,-97.74252428,299.5863072,-12.68539431,111.1530964,-84.66526715,-11.24961688,98.57239901,-75.08255517,-4.173854812,3.179223468,-27.85727617,5506.378479,4883.147243,-233.1567918,8.755155085,2042.987291,672.2008103,-1556.142567,390.00167,-183.364641,7.764215915,1606.694054,596.1187641,-1223.81819,345.8599127,2.880694544,-25.24147934,-2.194223831,-14.64475934,-168.4674941,128.3216199,-206.7672881,1811.754822,-1380.012891,-76.71520281,58.43393795,-512.0150765,-68.032307,51.82017984,-454.0634138,19.22642427
1970,193.4771351,15.83648843,15.58092469,-0.486307366,2.339325448,-5.220172569,250.7943658,242.7652141,0.236494854,5.472443549,27.25020165,3971.702073,3782.506517,-0.11500919,12.80182646,-142.2507551,246.7471336,-7.701400976,37.04670039,-82.66920249,-7.577118444,36.44885362,-81.33511564,-1.137631197,2.538608372,-12.21168253,3907.608126,3844.548505,-121.9631475,3.745248023,586.6896421,86.66428896,-1309.189869,431.5475031,-118.0585118,3.684808513,567.9068431,85.2657308,-1267.276311,424.5833396,0.553238431,-2.661289608,-1.234543951,-13.25197379,-28.5670997,63.74709016,-119.9949486,577.2218486,-1288.062618,-18.01608328,40.20264211,-193.3901691,-17.725346,39.55386585,-190.2693058,5.938631166
1948,187.0637839,15.92405663,14.24314518,-0.868574864,5.352708532,-3.784884239,253.5755795,202.8671846,0.754422294,28.65148863,14.3253487,4037.951886,2889.466763,-0.655272241,153.3630676,-54.2197865,226.8086504,-13.83123531,85.23683377,-60.27071094,-12.37123788,76.23940473,-53.9086557,-4.649228083,3.287455312,-20.25938216,3611.713792,3230.468536,-220.2493744,12.01346333,1357.316168,456.2479273,-959.754214,228.1176639,-176.2053372,10.74534626,1085.88891,408.0873121,-767.8288096,204.0380213,4.038202649,-24.88596283,-2.855401049,-12.44263779,-108.4425677,76.6794162,-197.0002926,1214.040598,-858.444486,-74.03457127,52.34962454,-322.6115487,-66.21963057,46.82370328,-288.5573213,17.59679009
1961,187.6296953,14.36207595,13.55057369,1.164786068,1.737055211,-7.762432923,206.2692255,183.6180475,1.356726585,3.017360806,60.25536488,2962.454283,2488.129884,1.580296224,5.241322312,-467.7282282,194.6143685,16.72874597,24.94771887,-111.4846512,15.78351946,23.53809465,-105.1854194,2.02329771,-9.041573724,-13.48377456,2795.066342,2637.136343,240.2595202,19.48541025,358.3010331,43.33556506,-1601.151027,865.3921267,213.8757436,18.38442357,318.9546862,40.88696997,-1425.322777,816.4947624,2.356708984,3.51457983,-10.53149911,70.18460955,-23.42206086,104.6668956,226.6841052,338.055903,-1510.680982,29.05875537,-129.8557685,-193.6549943,27.41684472,-122.5185111,-182.7128809,-15.70571275
1960,188.7722921,15.2645397,14.69293145,-2.929355785,6.732616074,-0.760670797,233.0061724,215.8822346,8.581125316,45.3281192,0.578620061,3556.731969,3171.942873,-25.13716909,305.1768239,-0.440139383,224.2808355,-44.71526769,102.7702854,-11.61128958,-43.04082374,98.92186645,-11.17648387,-19.72222785,2.228275399,-5.121304433,3423.543718,3295.342941,-682.557979,130.9869281,1568.741101,691.9128752,-177.2409908,8.832368893,-632.3958727,126.081886,1453.452202,666.0029481,-164.2153114,8.50162489,57.77342224,-132.7821882,-6.527411431,-1.694984023,-34.47977654,3.895626723,-656.9983629,1509.996758,-170.6038818,-301.05073,34.0135983,-78.17435485,-289.7773418,32.73989769,-75.24697496,15.00212277
1993,187.573677,15.95034716,15.68301268,1.642171693,3.947923945,-3.43147291,254.4135745,245.9568869,2.69672787,15.58610348,11.77500634,4057.984836,3857.344976,4.428490172,61.53275113,-40.40561526,250.1494968,26.1932086,62.97075749,-54.73318419,25.75419949,61.91534131,-53.81583318,6.48316895,-5.635067679,-13.54719407,3989.971317,3923.097732,417.7907705,43.01374572,1004.405443,248.6037613,-873.0132891,187.8154389,403.9034373,42.29281739,971.0190831,244.4370585,-843.9943944,184.6675737,10.64647653,25.59505794,-9.253748632,19.33658209,-53.48329186,46.48682947,410.7884228,987.5711884,-858.381222,103.4087954,-89.88128576,-216.0824485,101.6756209,-88.37483789,-212.4608164,-22.24681862
1995,193.8327755,16.28825921,15.78997278,3.163622762,7.051531633,-1.070218269,265.307388,249.3232404,10.00850898,49.72409837,1.145367142,4321.395505,3936.807178,31.66314683,350.6310526,-1.22579284,257.1911695,51.52990758,114.857175,-17.43199256,49.9535173,111.3434925,-16.89871733,22.30838598,-3.385766875,-7.546677975,4189.196434,4061.041565,839.3324915,163.0211886,1870.823439,809.9190031,-283.9368134,18.6560369,788.7646783,158.0340844,1758.110716,785.1421597,-266.8302866,18.085316,70.57531768,157.3082894,-10.71128915,3.623509562,-53.21563846,8.076592635,813.655838,1813.591667,-275.2506881,363.3647733,-55.14824847,-122.922247,352.2488074,-53.46116679,-119.1618398,-23.87484222
2003,187.8487583,13.83804908,13.26990802,-0.833848289,4.877793723,-5.236408897,191.4916024,176.0904588,0.695302969,23.79287161,27.41997813,2649.870193,2336.704191,-0.579777191,116.0567198,-143.5822174,183.6296385,-11.53883355,67.49914896,-72.46168333,-11.06509009,64.72787403,-69.4866644,-4.06733995,4.366370599,-25.54212245,2541.07595,2436.748412,-159.674945,9.621636613,934.0565363,329.2469251,-1002.728331,379.4390033,-146.8327278,9.226606443,858.9329346,315.7292177,-922.081645,363.8605877,3.391544458,-19.83964528,-3.640890653,-22.86410185,-124.5892046,133.7489972,-153.1192598,895.7074979,-961.5598726,-56.28404987,60.42205066,-353.4531441,-53.97322701,57.94133622,-338.9416154,21.2982551
1997,190.6617776,16.21907285,15.41332489,-2.801620971,4.266649578,-3.568926061,263.0583242,237.5705842,7.849080065,18.20429862,12.73723323,4266.562125,3661.752598,-21.99014731,77.67136303,-45.4582436,249.9898393,-45.43969464,69.20110034,-57.88467179,-43.18229425,65.76325614,-55.00901688,-11.95353493,9.998778096,-15.22735687,4054.603416,3853.174612,-736.9897177,127.3048014,1122.377688,295.2568456,-938.8357088,206.5861137,-665.5827307,120.9804211,1013.630433,280.588769,-847.8718491,196.3231139,33.48927415,-51.00154478,-28.0127864,-35.68489972,-64.96979577,54.34531077,-700.3767763,1066.619042,-892.1952524,-193.8752539,162.1709104,-246.9736104,-184.2437175,154.1144153,-234.7041987,42.66128234
1999,189.1714398,16.88218076,16.69633976,1.899150705,7.01006932,-2.178687128,285.0080271,278.7677614,3.606773399,49.14107187,4.746677604,4811.557029,4654.401258,6.849806241,344.4823202,-10.3415254,281.8706258,32.06180548,118.3452574,-36.78098991,31.70886542,117.0424991,-36.37610053,13.31317809,-4.137655195,-15.2727478,4758.590854,4706.207737,541.2731954,60.89020046,1997.926026,829.6084577,-620.9433201,80.1342693,529.4219904,60.2199141,1954.181331,820.4760321,-607.3477336,79.25214201,25.28373154,93.32630126,-7.858030779,9.014656116,-107.0630208,33.27453904,535.3147976,1975.932626,-614.1079043,224.7554789,-69.85264291,-257.8372889,222.2813446,-69.08369695,-254.9989863,-29.00524974
2018,186.4777534,18.57862024,18.65702844,0.71550411,4.186570393,-6.379770761,345.16513,348.0847101,0.511946132,17.52737166,40.70147496,6412.691869,6494.226336,0.366299562,73.37957525,-259.6660799,346.6218461,13.29307914,77.78070144,-118.5273382,13.34918053,78.10896288,-119.0275645,2.995508324,-4.564752202,-26.70935938,6439.755646,6466.93364,246.9670692,9.511252766,1445.058114,325.6343818,-2202.074404,756.1772464,249.0560408,9.55139354,1457.281142,327.0086715,-2220.700656,759.3685758,2.143298518,12.54090646,-3.266098963,29.12207263,-111.8206132,170.39959,248.0093556,1451.156759,-2211.367919,55.65241158,-84.80679764,-496.2230448,55.88728399,-85.16471164,-498.3172776,-19.11065642
1985,270.8128447,15.57701411,14.42569346,-0.10438608,8.487380962,-0.930089638,242.6433687,208.1006317,0.010896454,72.0356356,0.865066735,3779.659179,3001.995922,-0.001137438,611.3938822,-0.804589607,224.7092306,-1.626023447,132.208053,-14.48801942,-1.505841597,122.436356,-13.41718801,-0.885964431,0.097088412,-7.89402509,3500.298856,3241.586478,-25.32859019,0.169734214,2059.406708,1122.100112,-225.680083,13.47515675,-21.72280927,0.157188902,1766.22934,1039.163997,-193.5522413,12.47918755,0.092482354,-7.519517647,-0.010134679,-0.090300926,-66.99959826,7.342150941,-23.4565158,1907.192846,-208.999727,-13.80068045,1.51234756,-122.9653402,-12.7806513,1.400567666,-113.8767861,0.824026337
1950,293.3193299,16.35312438,15.44410823,-0.017546212,8.529236774,-3.156322385,267.4246769,238.520479,0.00030787,72.74787995,9.962370999,4373.229002,3683.736093,-5.40E-06,620.4838929,-31.44445459,252.5594228,-0.286935381,139.4796698,-51.61573254,-0.270985592,131.7264559,-48.74658453,-0.149655794,0.055381501,-26.92102096,4130.135653,3900.55506,-4.692289981,0.005034629,2280.928388,1189.655129,-844.0784939,162.915892,-4.185130809,0.004754771,2034.397641,1123.526131,-752.8475273,153.8599359,0.002625892,-1.276449699,-0.000971736,-0.17480187,-229.6157619,84.97142108,-4.431461087,2154.139116,-797.1589597,-2.447339808,0.905660568,-440.2428041,-2.311300275,0.855317889,-415.7711614,0.472361932
1951,285.2603701,15.81370121,15.59333408,-2.956139498,1.269931474,-8.41326575,250.0731459,243.1520679,8.738760731,1.612725948,70.78304058,3954.58201,3791.551428,-25.83299576,2.048051441,-595.5165309,246.5883261,-46.74750675,20.08231688,-133.0448708,-46.09607079,19.80246574,-131.1908636,-3.75409459,24.87078719,-10.68427097,3899.47411,3845.13415,-739.251104,138.1921511,317.5757588,25.50316628,-2103.931833,1119.341854,-718.7914319,136.2664156,308.786464,25.1477745,-2045.702965,1103.743599,11.0976273,-4.767442876,-73.52151636,-209.244542,-13.56829199,89.88961105,-728.9494904,313.1502764,-2074.613118,-59.36613015,393.2991974,-168.9578688,-58.53885112,387.8184936,-166.6034068,31.58419543
1958,285.9552626,15.13831627,14.7754954,0.627592953,8.985883245,-1.926136695,229.1686195,218.3152643,0.393872915,80.74609769,3.71000257,3469.227041,3225.716182,0.247191866,725.5750063,-7.145972089,223.6761224,9.500700618,136.0311425,-29.15846648,9.272996795,132.7708765,-28.45962388,5.639477005,-1.208829817,-17.30803946,3386.079883,3304.925517,143.8246107,5.96257276,2059.282458,1222.359964,-441.4100875,56.16319226,137.0131215,5.819667445,1961.755475,1193.063595,-420.5050416,54.81712589,3.539296029,50.67568192,-0.758653075,2.32837147,-155.5280218,33.33764993,140.3775583,2009.92752,-430.8307872,85.37218649,-18.29964809,-262.0145754,83.32606653,-17.8610594,-255.7348574,-10.8624036
1959,300.4180447,17.10601712,15.18043961,1.425443176,3.041943057,-7.824374946,292.6158218,230.4457468,2.031888249,9.253417563,61.2208433,5005.491258,3498.267743,2.896341239,28.14836931,-479.0148325,259.6768599,24.38365538,52.03553002,-133.8438918,21.63885406,46.17803288,-118.7774514,4.336116973,-11.15320188,-23.80130304,4442.036812,3942.008891,417.1072265,34.75751518,890.1206676,158.2891193,-2289.535905,1047.244794,328.4873173,30.84495686,701.0028396,140.4709465,-1803.093928,929.3593147,6.180888351,13.19022092,-15.89825551,87.26683333,-72.40220855,186.2303192,370.154608,789.9222212,-2031.809117,74.17369119,-190.7868623,-407.1454974,65.82416186,-169.3105076,-361.3142435,-33.92740501
1928,239.1587576,14.28256517,14.4983335,2.224556802,4.582407977,-6.38178027,203.9916679,210.2016744,4.948652965,20.99846287,40.72711941,2913.524291,3047.573978,11.00855961,96.22352374,-259.9115271,207.0733931,31.7723775,65.44854057,-91.14819261,32.25236641,66.4372791,-92.52517869,10.19382683,-14.19663271,-29.24392081,2957.539233,3002.219113,453.7910523,70.67945848,934.773046,299.9119144,-1301.830001,581.6877372,467.6055645,71.74722108,963.2298294,304.4427177,-1341.460898,590.4753598,22.67674682,46.7122734,-31.58121585,90.59979051,-134.007576,186.6282769,460.6465252,948.8947685,-1321.496895,145.5939961,-202.7643319,-417.6782049,147.7935011,-205.8275156,-423.9881169,-65.05476296
1987,277.8214751,18.19685903,16.56877615,-0.197342038,4.543338844,-2.910997036,331.1256786,274.524343,0.03894388,20.64192785,8.473903745,6025.447294,4548.532385,-0.007685265,93.78327265,-24.66750869,301.4996838,-3.591005241,82.67449648,-52.97100271,-3.269716047,75.27756427,-48.23165826,-0.896591746,0.574462087,-13.22564591,5486.347244,4995.480769,-65.34501616,0.708656292,1504.416158,375.6182513,-963.9058689,154.1984319,-54.17519325,0.645252428,1247.257111,342.0114818,-799.1395488,140.4022142,0.176935242,-4.073520106,-0.113365519,-1.672257433,-60.08859081,38.49981605,-59.49856198,1369.815225,-877.6646861,-16.3151536,10.45340562,-240.6652142,-14.85542793,9.518133724,-219.1327665,2.609975914
1936,373.3064471,15.59074148,13.13508349,0.546769398,1.603814738,-7.086055182,243.0712199,172.5304183,0.298956774,2.572221713,50.21217804,3789.66055,2266.20145,0.163460415,4.125367092,-355.8062644,204.785691,8.524540329,25.00466096,-110.4768545,7.18186169,21.06624049,-93.07592645,0.876916818,-3.874438124,-11.36471973,3192.760768,2689.87715,132.9039045,4.660957782,389.8412048,40.10284375,-1722.416077,782.845087,94.33435293,3.926822191,276.7068277,33.78634696,-1222.560065,659.5411509,0.479471281,1.406412117,-2.1184242,27.45448235,-18.226905,80.53103116,111.970549,328.4383094,-1451.122707,13.67178341,-60.40536317,-177.1844074,11.51837562,-50.89106825,-149.2765426,-6.213880964
2002,291.4040686,18.77317502,17.01966025,3.295177031,7.255994906,-1.495596119,352.4321003,289.668835,10.85819167,52.64946207,2.236807752,6616.269502,4930.065157,35.77966379,382.0242286,-3.345360994,319.5130607,61.86093513,136.2180623,-28.07708771,56.08279354,123.4945681,-25.45453782,23.90978775,-4.928253981,-10.85203782,5998.274609,5438.003738,1161.326162,203.8427326,2557.245525,988.3975662,-527.0960816,41.99198342,954.5100919,184.8027331,2101.835591,896.0759569,-433.2275856,38.06970799,78.78698343,173.4892981,-16.23946932,7.370677529,-78.74233117,16.23026566,1052.852099,2318.38514,-477.8624936,448.8626302,-92.51897452,-203.7272054,406.9364642,-83.87720838,-184.6979968,-35.75938578
2000,271.5808407,16.45076883,16.00451011,2.134341731,6.212087296,-3.070048168,270.6277952,256.144344,4.555414625,38.59002857,9.425195753,4452.0353,4099.464744,9.722811535,239.7246262,-28.93580496,263.2864962,35.11156243,102.1936121,-50.50465272,34.15909382,99.42141395,-49.13461696,13.25871715,-6.552531921,-19.07140722,4331.265286,4213.771391,577.6121969,74.94007293,1681.163489,634.8356393,-830.840367,155.0517166,546.6995626,72.90717943,1591.191025,617.6145025,-786.375474,150.8456408,28.29863332,82.36430837,-13.98534232,20.11658862,-118.4732465,58.5501388,561.943356,1635.558698,-808.3022253,218.1160909,-107.7941879,-313.7393115,212.1992728,-104.8700634,-305.2285298,-40.7049003
2005,288.8617299,18.20431441,16.26651605,3.777473851,5.265662739,-4.3398463,331.3970633,264.5995443,14.2693087,27.72720408,18.83426591,6032.856335,4304.112734,53.90194047,146.0021054,-81.73781921,296.1207725,68.76632167,95.8577801,-79.00392655,61.44633902,85.65398745,-70.59417948,19.89090331,-16.39365592,-22.85216696,5390.675647,4816.853298,1251.843741,259.762982,1745.025168,504.7547409,-1438.212319,342.8648983,999.5178597,232.1119389,1393.291961,451.0250101,-1148.321353,306.3678886,75.13736711,104.7387884,-61.92660655,71.14594697,-120.331804,99.17489221,1118.588475,1559.272118,-1285.118639,362.1002577,-298.4352667,-416.0080323,323.5556978,-266.667667,-371.7251405,-86.32346312
1985,302.4119057,15.89581713,15.18124705,0.087768839,9.727631417,-0.352620741,252.6770022,230.4702619,0.007703369,94.62681298,0.124341387,4016.50742,3498.825983,0.000676116,920.4947589,-0.043845352,241.3183269,1.39515742,154.6286501,-5.605194815,1.332440433,147.6775757,-5.353222584,0.853782919,-0.030949113,-3.430164599,3835.951994,3663.513137,22.17716721,0.122451347,2457.948745,1504.170515,-89.09915176,1.976507949,20.22810739,0.11694675,2241.929761,1436.553025,-81.26859454,1.887657314,0.074935536,8.305285545,-0.002716368,0.010913299,-33.36737691,1.209547183,21.18022946,2347.455738,-85.09384724,13.57157715,-0.491961443,-54.52526918,12.96148942,-0.469846133,-52.07417619,-0.301061566
1961,302.2471535,15.76111307,14.14750348,1.399069296,3.760943025,-6.917685931,248.4126853,200.1518548,1.957394895,14.14469244,47.85437864,3915.260423,2831.649063,2.738531099,53.19738237,-331.0415619,222.9804021,22.05088938,59.27664828,-109.0304302,19.79333774,53.20795455,-97.8679858,5.261819911,-9.678321987,-26.01702265,3514.419331,3154.616015,347.5465608,30.85072228,934.2659563,222.9360969,-1718.440939,754.2382729,280.0263146,27.6922511,752.7597222,200.1120855,-1384.58767,677.0199885,7.361650679,19.78940489,-13.54064313,66.95159184,-97.84853988,179.9775916,311.9650342,838.616588,-1542.508391,82.93213859,-152.5411272,-410.0572359,74.44161552,-136.924094,-368.0759186,-36.39961757
1937,301.6659554,18.00253862,16.63840493,-1.702331717,8.264273027,-2.605761205,324.0913969,276.8365187,2.897933275,68.29820866,6.789991456,5834.46789,4606.118098,-4.933243728,564.4350437,-17.69309632,299.5335274,-30.64629249,148.7778944,-46.91031673,-28.32408444,137.5043211,-43.35571008,-14.06853409,4.435869946,-21.53472204,5392.363897,4983.76012,-551.7110642,52.17015571,2678.37979,1229.541139,-844.5047888,122.2370834,-471.2675862,48.2169873,2287.852574,1136.373252,-721.3698605,112.9746273,23.9493118,-116.2662068,-7.551322102,-11.55881782,-177.9688225,56.11434325,-509.9054241,2475.426851,-780.5128453,-253.2693284,79.85692003,-387.6796653,-234.077967,73.80580039,-358.3034254,36.65924035
1990,305.2002422,18.05442599,16.96694714,-0.833926747,-0.110445138,-11.54853903,325.9622979,287.8772953,0.69543382,0.012198128,133.3687538,5885.062184,4884.398853,-0.579940863,-0.001347224,-1540.214259,306.3284915,-15.05606874,-1.994023566,-208.5022433,-14.14919104,-1.873916815,-195.9434513,0.092103155,9.630635592,1.275479985,5530.585079,5197.459323,-271.8286788,12.55565843,-36.00095091,0.220230208,-3764.388321,2407.896295,-240.0685765,11.79938886,-31.79464755,0.206965001,-3324.562182,2262.860596,-0.076807284,-0.010172346,-8.031244613,-111.219771,-0.140870563,-14.72993039,-255.4555225,-33.83249245,-3537.646541,1.662869587,173.8755976,23.02805899,1.562709354,163.402485,21.64100148,-1.063656875
1940,301.7694186,17.53139857,15.50148988,-0.565067314,8.88898116,-2.500224278,307.3499359,240.2961886,0.31930107,79.01398606,6.251121442,5388.274227,3724.948936,-0.180426598,702.3538334,-15.6292056,271.7627976,-9.906420309,155.8362716,-43.83242834,-8.759385258,137.7924515,-38.75720136,-5.022872712,1.412795018,-22.22444651,4764.381922,4212.728257,-173.6734029,5.597794319,2732.027789,1385.225682,-768.4437716,109.5909015,-135.7835219,4.949642303,2135.988293,1224.834505,-600.7943647,96.90169579,2.838261194,-44.6482209,-0.798324287,-3.532304405,-197.5526863,55.56610072,-153.5642742,2415.694388,-679.4679445,-88.05798349,24.76827257,-389.6256297,-77.86201052,21.90042768,-344.5120327,12.5583083
2002,307.7222064,19.21382675,17.28946787,3.630141444,8.163046658,-1.06589524,369.1711384,298.9256994,13.1779269,66.63533075,1.136132662,7093.190295,5168.266276,47.83773859,543.947314,-1.210998397,332.1968403,69.74890878,156.8433643,-20.47992647,62.76321387,141.134733,-18.42876151,29.63301398,-3.869350485,-8.700952576,6382.772538,5743.506599,1340.143449,253.1984044,3013.561228,1280.3197,-393.4977592,21.82945614,1085.14257,227.8393438,2440.144431,1152.08941,-318.62348,19.64312917,107.5720322,241.8956758,-14.04628956,4.124322264,-71.02628185,9.274303934,1205.921518,2711.738308,-354.0870308,569.3635968,-74.34502986,-167.1785954,512.3390432,-66.8990109,-150.43484,-31.58568855
1998,305.9348308,18.46482834,17.63248502,0.886761519,4.800387927,-2.102055765,340.9498855,310.9045279,0.786345991,23.04372425,4.418638437,6295.581108,5482.019431,0.697301365,110.6188157,-9.288224399,325.580809,16.37389922,88.63833902,-38.81409885,15.63580919,84.6427682,-37.06446678,4.256799288,-1.864022162,-10.09068311,6011.793749,5740.798738,302.3412383,14.51974374,1636.691714,425.4984125,-716.6956723,81.58940023,275.6981714,13.86523391,1492.462342,406.3181226,-653.5386552,77.91157605,3.774765801,20.43428791,-1.652943123,3.918278531,-48.43919339,21.21117861,288.7125327,1562.914185,-684.3890165,78.60106812,-34.41884924,-186.3227315,75.05794968,-32.86734285,-177.9238188,-8.948029482
2006,313.6463079,17.78695976,15.34456516,0.916197358,2.964365562,-5.13204508,316.3759375,235.4556799,0.839417599,8.787463183,26.3378867,5627.366069,3612.965022,0.769072186,26.04925324,-135.1672219,272.933163,16.29636554,52.72705096,-91.28347932,14.05865006,45.48690052,-78.74900013,2.715943896,-4.701966144,-15.2132577,4854.651187,4188.040704,289.8627981,14.93068705,937.8539337,156.302254,-1623.655573,468.4709309,215.7238719,12.88049804,697.9767088,134.8398014,-1208.369164,404.1434187,2.488340622,8.051050553,-4.307928959,24.13070221,-45.0976572,78.07512431,250.0606429,809.0736691,-1400.705296,48.30838479,-83.63368259,-270.5976025,41.67497808,-72.14962587,-233.440824,-13.93834651
1991,403.5233691,18.82328092,17.43774792,3.668075904,7.29419581,-3.29005579,354.3159045,304.0750525,13.45478084,53.20529251,10.8244671,6669.387803,5302.384113,49.35315737,388.0898217,-35.61310068,328.2356276,69.04522316,137.3006968,-61.92964438,63.96298295,127.1943478,-57.37116351,26.75566389,-12.06817437,-23.99831116,6178.471426,5723.690132,1299.657632,253.2631193,2584.449586,1001.498167,-1165.719093,203.7519851,1115.370373,234.6210765,2217.982973,927.7804787,-1000.423887,188.7543287,98.14180599,195.1610514,-44.2669796,39.70496696,-175.0483807,78.9557826,1203.993196,2394.21494,-1079.913527,503.6293775,-227.1626363,-451.7269525,466.5585222,-210.4417824,-418.4765005,-88.0276269
1935,382.6087262,15.26759313,14.90296343,3.141813841,4.079904966,-4.717303401,233.0994,222.098319,9.870994211,16.64562453,22.25295137,3558.866798,3309.923127,31.01282624,67.91256618,-104.9739232,227.5323821,47.96793542,62.29032903,-72.021869,46.82233678,60.80267451,-70.30180008,12.81830189,-14.82088912,-19.24614957,3473.871834,3390.90677,732.3549213,150.7063234,951.0233996,254.1386227,-1099.600592,339.7490075,697.7915728,147.1070658,906.1400347,248.0691337,-1047.705156,331.6349206,40.2727183,52.29745354,-46.56447456,69.91463063,-78.5224612,90.78992681,714.8643874,928.3104957,-1073.33928,195.7046179,-226.2793049,-293.842381,191.0306843,-220.8751685,-286.8246632,-60.4678191
1950,386.6379218,17.02405783,15.94873923,0.179305237,9.608585118,-2.568507462,289.8185448,254.362283,0.032150368,92.32490798,6.597230585,4933.887666,4056.757721,0.005764729,887.1117368,-16.94503599,271.5122589,3.052502726,163.5771087,-43.72641956,2.85969247,153.2448184,-40.96445573,1.722869633,-0.46054684,-24.67972258,4622.240395,4330.278214,51.96598291,0.547329725,2784.746157,1571.744572,-744.4010952,112.311635,45.60848948,0.512757836,2444.061647,1472.465882,-653.3314221,105.2175102,0.308919548,16.55433952,-0.08257846,1.182917995,-237.1372151,63.39005162,48.68356997,2608.84865,-697.3812631,29.33023226,-7.84037603,-420.1490243,27.47759851,-7.345141449,-393.6104597,-4.42520351
1940,403.3109878,16.87818442,15.52962306,-0.502476219,8.729172377,-2.292436894,284.8731092,241.1691925,0.252482351,76.19845038,5.255266911,4808.140872,3745.266653,-0.126866377,665.1494082,-12.04736775,262.111842,-8.480886292,147.3325812,-38.69217265,-7.803266282,135.5607567,-35.60068085,-4.386201532,1.151895023,-20.01107681,4423.972007,4070.498106,-143.1419629,4.261443679,2486.706476,1286.091498,-653.0536255,88.69936408,-121.181784,3.920955739,2105.207453,1183.333212,-552.8651544,81.61231422,2.203961963,-38.28790926,-0.578799856,-2.640646648,-174.6801389,45.87413075,-131.7049674,2288.019451,-600.8748568,-74.03111835,19.44189663,-337.7506447,-68.11605648,17.88849551,-310.7644799,10.05509022
1980,424.9267225,16.19804653,14.88239747,0.953735238,7.74803222,-3.155556639,262.3767115,221.4857545,0.909610904,60.03200329,9.957537703,4249.990183,3296.239033,0.867527972,465.1298957,-31.42157421,241.0657668,15.44864777,125.5029865,-51.11385328,14.1938669,115.3092951,-46.96224815,7.389571354,-3.009565563,-24.44935451,3904.794508,3587.636558,250.2379154,14.73391976,2032.903215,972.4011828,-827.944574,161.2926591,211.2387688,13.53719102,1716.078762,893.4201339,-698.9108431,148.1920339,7.047694595,57.25463695,-2.870328728,9.496854592,-189.4343865,77.15132296,229.9129165,1867.785328,-760.6966809,119.6966207,-48.74908303,-396.0317821,109.974538,-44.78955092,-363.8650118,-23.31821095
1979,335.1960626,16.48469397,15.03005398,3.292548542,6.216148819,-3.652620057,271.7451353,225.9025225,10.8408759,38.64050614,13.34163328,4479.635393,3395.327107,35.69411015,240.1951366,-48.73191733,247.7658402,54.2766551,102.471311,-60.21232383,49.48718231,93.42905228,-54.89907662,20.46697173,-12.02642884,-22.70522986,4084.344051,3723.933951,894.734049,178.7085216,1689.208202,636.9769185,-992.5817316,219.9327417,743.7950213,162.93895,1404.243699,580.768893,-825.1360848,200.5254684,67.38849794,127.2257422,-39.59760076,43.92797521,-141.1390877,82.93357797,815.7810558,1540.149335,-904.9944773,337.3917655,-198.2519991,-374.2887657,307.6196899,-180.7578747,-341.2608303,-74.75807146
1928,345.0366536,14.52707083,14.74139141,2.816332693,5.668633557,-5.526514422,211.0357869,217.3086208,7.931729837,32.13340641,30.54236166,3065.731824,3203.431437,22.33839005,182.1525059,-168.7928022,214.1492372,40.91306451,82.3486412,-80.28406646,41.51666258,83.56354605,-81.46851225,15.96475801,-15.56450325,-31.32778511,3110.961137,3156.857726,594.346986,115.2248012,1196.284543,466.8042709,-1166.29232,443.6910512,612.0133732,116.9247341,1231.84294,473.6911213,-1200.959227,450.2369079,44.96206992,90.498363,-43.83481934,86.01745166,-177.5857339,173.1334562,603.1154979,1213.933552,-1183.498848,231.9211704,-226.1066411,-455.1009532,235.3427467,-229.4424345,-461.8151424,-88.2294654
1937,379.6787188,17.05296387,16.35318094,-1.430158387,8.433762109,-2.310817157,290.8035767,267.4265268,2.045353013,71.12834331,5.339875931,4959.062887,4373.274381,-2.925178767,599.8795266,-12.33947692,278.8702037,-24.38843931,143.8206405,-39.40628148,-23.38763888,137.9188378,-37.78921108,-12.06161562,3.304834538,-19.48888217,4755.563508,4560.414899,-415.8951743,34.87933103,2452.568186,1212.949068,-671.9938943,91.06071132,-382.4622903,33.44802791,2255.411709,1163.174668,-617.9738063,87.32395729,17.25002074,-101.7247968,-4.726436834,-7.63686835,-164.364596,45.03524329,-398.8285608,2351.924957,-644.4180511,-205.6862953,56.35722397,-332.3432036,-197.2457826,54.04455718,-318.7052165,27.8721883
1969,359.9097649,15.78311241,15.35978112,2.327491283,4.935596693,-4.757840301,249.1066375,235.9228761,5.417215674,24.36011471,22.63704433,3931.678062,3623.723738,12.60852226,120.2317016,-107.7034418,242.4251521,36.73505657,77.89907743,-75.09352832,35.74975667,75.8096849,-73.07938563,11.48755828,-11.07383183,-23.48278085,3826.223427,3723.597274,579.7935274,85.50052396,1229.489896,384.478429,-1185.209599,357.2830154,549.1084376,83.20724704,1164.420167,374.1660301,-1122.483368,347.7000461,26.73719177,56.69795466,-25.77424705,52.68752336,-115.9015355,111.7273211,564.2424284,1196.512779,-1153.420159,181.3094237,-174.7795326,-370.63137,176.4463808,-170.0916331,-360.690374,-54.65596775
1968,354.8771524,16.8491876,16.1418557,-0.749256308,6.743417263,-1.486930359,283.8951229,260.5595055,0.561385015,45.47367639,2.210961892,4783.402185,4205.913938,-0.420621263,306.6479744,-3.28754636,271.977155,-12.62436009,113.6211026,-25.05356857,-12.0943872,108.8512684,-24.00181529,-5.052547921,1.114091951,-10.02699185,4582.594107,4390.215989,-212.7102116,9.458881432,1914.423273,766.1945045,-422.132277,37.25291171,-195.225853,9.061795901,1757.061467,734.0295224,-387.433839,35.68902783,3.7856534,-34.07143887,-0.834740422,-1.656577144,-67.61618996,14.90943859,-203.7805989,1834.055442,-404.4110886,-85.13132779,18.77154428,-168.9466668,-81.55749946,17.98351151,-161.8542556,7.512786894
1998,379.2015075,17.90676869,17.28599353,0.426027458,4.956289252,-2.328552964,320.6523648,298.8055723,0.181499395,24.56480315,5.422158904,5741.847724,5165.15119,0.077323726,121.7502698,-12.62578419,309.5362876,7.628775146,88.75112517,-41.69685929,7.364307884,85.67438394,-40.25135146,2.111515311,-0.9920275,-11.54098203,5542.794702,5350.642265,136.6067119,3.250067684,1589.245869,439.8762477,-746.6560142,97.09334528,127.2993784,3.137397368,1480.966846,424.6270283,-695.784601,93.72740374,0.899563501,10.46528064,-0.422630954,2.309988575,-57.20044517,26.8737879,131.8709578,1534.151375,-720.7716399,37.81041626,-17.76400697,-206.6616955,36.49964001,-17.14818095,-199.4973406,-4.916775236
1946,214.2870068,14.76580409,13.62416813,-0.972029159,-1.542499868,-9.72852525,218.0289705,185.6179573,0.944840687,2.379305844,94.64420354,3219.373064,2528.890259,-0.918412699,-3.670078951,-920.748524,201.1717976,-14.35279214,-22.77625087,-143.6494979,-13.2430887,-21.01527755,-132.5430637,1.499354851,9.456410222,15.00624892,2970.463352,2740.798394,-211.9305169,13.95133248,-336.3096583,35.13236397,-2121.100345,1397.497768,-180.426067,12.87266838,-286.3156748,32.41606286,-1805.788985,1289.448542,-1.457416635,-2.31275466,-9.191906479,-91.99692562,-23.14713698,-145.9886715,-195.5448533,-310.3074713,-1957.104912,22.13917999,139.6315007,221.5793317,20.42746258,128.8357228,204.4476583,-14.58651152
1960,239.2310359,14.57659472,13.60451619,-4.163236983,5.736789215,-2.109307534,212.4771135,185.0828609,17.33254218,32.9107505,4.449178274,3097.19277,2517.962778,-72.15948061,188.8020385,-9.384685254,198.3075189,-60.68581821,83.62285136,-30.74652106,-56.63882496,78.04624178,-28.69610851,-23.88361303,8.781547135,-12.10065271,2890.648332,2697.877852,-884.5925771,252.6494427,1218.936413,479.7266719,-448.1795764,64.85386852,-770.5438114,235.8008507,1061.78136,447.7348382,-390.3966729,60.52891788,99.43314104,-137.0152536,-36.5596618,-18.52298353,-69.41889399,25.52399794,-825.6011966,1137.648436,-418.2915437,-348.1417474,128.0050536,-176.3863104,-324.9250002,119.4687002,-164.6235258,50.3778849
1985,186.9666975,14.22550273,11.80372176,-1.487922083,5.741698759,-3.448685623,202.3649278,139.3278475,2.213912124,32.96710464,11.89343253,2878.742833,1644.587145,-3.294128739,189.2871838,-41.01670977,167.9138761,-21.16643964,81.67855136,-49.05928674,-17.56301827,67.7734146,-40.70732554,-8.543200376,5.131375495,-19.80131396,2388.659303,1982.008674,-301.1032449,31.49401296,1161.918455,468.973637,-697.8930173,169.1900569,-207.308981,26.13240272,799.9785289,389.1345305,-480.4979444,140.3867684,12.7116165,-49.052483,-7.635086914,-17.6965009,-113.6931798,68.28850679,-249.8427643,964.1108942,-579.0821705,-121.5313202,72.9963961,-281.6836458,-100.8415602,60.56932861,-233.7292006,29.46281231
1963,194.43548,14.99095509,13.87786716,-0.869945994,1.784438806,-8.851396597,224.7287346,192.5951968,0.756806033,3.184221853,78.34722173,3368.898368,2672.810556,-0.658380377,5.682049042,-693.4823318,208.0424833,-13.04132133,26.75044201,-132.6908889,-12.07299494,24.7642047,-122.8385061,-1.552365392,7.700237014,-15.79477558,3118.755525,2887.185947,-195.5018625,11.34524526,401.0146749,47.73452681,-1989.163157,1174.499682,-167.54742,10.50285359,343.6743431,44.19020788,-1704.73647,1087.292335,1.350474054,-2.770101046,-6.698790346,-68.15785171,-28.18481048,139.8058228,-180.985725,371.2390806,-1841.466529,-23.27143987,115.4339073,-236.7787714,-21.54352068,106.8628664,-219.1977972,13.74060175
1976,184.1705811,14.88403716,12.92658049,2.899136638,3.682877951,-4.372231498,221.5345623,167.0964831,8.404993248,13.56359,19.11640827,3297.328657,2159.986138,24.36722387,49.95304657,-83.58136235,192.3997044,43.15085747,54.81609229,-65.07645609,37.4759231,47.60701827,-56.51800236,10.6771664,-12.67569653,-16.10239498,2863.68435,2487.070264,642.2589661,125.1002319,815.8847548,201.8809777,-968.6003909,284.5293311,484.4355363,108.6478217,615.3959534,175.3308379,-730.5845066,247.1097901,30.95456432,39.32270073,-36.74857622,55.42107961,-59.30315544,70.40339852,557.7930321,708.584629,-841.2160475,158.9193415,-188.6655382,-239.6686453,138.0192509,-163.8534114,-208.1489048,-46.68304326
1939,173.0728282,16.67252827,15.71378902,-0.380599635,2.919361629,-5.841085404,277.9731988,246.9231653,0.144856082,8.522672322,34.1182787,4634.516015,3880.098524,-0.055132172,24.88076255,-199.2877797,261.9885916,-6.345558179,48.67313928,-97.38566151,-5.98066237,45.87423271,-91.78558368,-1.111107971,2.223114975,-17.0522406,4368.012199,4116.833454,-105.7964981,2.415117129,811.5042906,142.0944952,-1623.665194,568.837966,-93.97886667,2.276237917,720.8580142,133.9234747,-1442.299297,536.1274331,0.422887289,-3.243725978,-0.846116749,-12.98540443,-49.7816569,99.60359368,-99.71276242,764.8394416,-1530.297738,-18.52497906,37.06494726,-284.3039634,-17.45971624,34.93355968,-267.9553111,6.490076554
1953,255.385188,16.75924896,15.66299843,-1.747406063,3.436344993,-4.022431419,280.8724259,245.3295197,3.05342795,11.80846691,16.17995452,4707.210912,3842.59588,-5.335578513,40.57796615,-65.0827574,262.5000901,-29.28521326,57.59056127,-67.41292959,-27.36961842,53.82346622,-63.00333697,-6.004690076,7.028821049,-13.82246207,4399.304364,4111.538498,-490.7981799,51.1731592,965.1745543,197.9010369,-1129.79007,271.163886,-428.6902901,47.82583717,843.0368666,184.9559986,-986.8211678,253.4266021,10.49263185,-20.63418668,-12.28220452,-28.27295062,-47.49874831,55.59990569,-458.6942491,902.0408705,-1055.88861,-100.6340959,117.7977619,-231.6540831,-94.05145121,110.092413,-216.5012016,24.15345402
1969,180.8250925,13.23243884,12.51365049,0.1798253,2.166699668,-6.74382627,175.0974376,156.5914486,0.032337139,4.694587453,45.47919276,2316.966134,1959.530657,0.005815036,10.17176108,-306.7037748,165.5861147,2.37952729,28.67072084,-89.23726865,2.250270959,27.11332237,-84.3898849,0.389627419,-1.212710585,-14.61184614,2191.108136,2072.086766,31.48694932,0.42789921,379.38356,62.12084134,-1180.8267,601.8006366,28.15910428,0.404655651,339.2866397,58.74642658,-1056.025524,569.1107227,0.070064868,0.844205599,-0.218076045,8.178309501,-31.65948219,98.53975186,29.77657283,358.7753799,-1116.68399,5.155720989,-16.04711864,-193.3503604,4.87566134,-15.17543641,-182.8475356,-2.627579622
1933,283.6715537,17.38736272,15.12354157,-3.771611738,2.606414128,-7.199583038,302.3203822,228.7215096,14.2250551,6.793394605,51.83399592,5256.554142,3459.079258,-53.6513848,17.70639968,-373.1831578,262.9585028,-65.57838132,45.31866783,-125.1817617,-57.04012691,39.41821241,-108.8831934,-9.830382119,27.15403189,-18.76509494,4572.154868,3976.863848,-1140.235102,247.3361927,787.9721154,118.1192161,-2176.580696,901.256488,-862.6487304,215.1332122,596.1429739,102.7401857,-1646.699501,783.9135919,37.07638459,-25.62204684,-102.4144654,-195.4977074,-48.90960857,135.1008593,-991.7773759,685.3787568,-1893.191577,-170.9244195,472.1370018,-326.2755122,-148.6701926,410.6651301,-283.7946934,70.77465236
1951,235.4999025,14.26390071,13.81703238,-3.856705563,-1.728891952,-10.69917792,203.4588635,190.9103838,14.8741778,2.989067381,114.4724081,2902.117028,2637.814955,-57.36532426,-5.167774537,-1224.760661,197.084778,-55.01166522,-24.66074314,-152.6120115,-53.28822564,-23.88815608,-147.8308877,6.667827208,41.26357899,18.49772259,2811.197705,2723.126759,-784.6809307,212.1637953,-351.7583916,42.63576034,-2176.84258,1632.823064,-736.2851392,205.5169963,-330.0634261,41.30004079,-2042.584163,1581.66897,-25.71584628,-11.52795279,-159.1414746,-441.4863732,-31.98056371,-197.9104251,-760.0979597,-340.7382865,-2108.645105,95.10922525,588.5795938,263.8496784,92.12958444,570.1402071,255.583632,-71.34026962
1968,235.6692863,15.80909366,14.34451735,-2.53286382,3.173275427,-3.917245623,249.9274425,205.7651779,6.415399129,10.06967694,15.34481327,3951.126348,2951.602165,-16.24933234,31.95385839,-60.1094026,226.7738183,-40.04228136,50.16660846,-61.92810296,-36.332709,45.51910442,-56.19099779,-8.037474519,9.92184971,-12.43049928,3585.088535,3252.960971,-633.0321767,101.4216457,793.0886119,159.1924659,-979.0271801,242.5875902,-521.1751745,92.02580409,652.949583,144.4446555,-806.0327426,220.1139401,20.35782841,-25.50512039,-25.13069415,-38.86632234,-39.44539791,48.69331888,-574.3871997,719.6157853,-888.3287472,-127.0651875,156.8554514,-196.5149274,-115.2936927,142.3241453,-178.3095125,31.48476188
1931,214.0358968,16.73010917,15.12592153,-0.807334619,2.51113758,-5.742309095,279.8965528,228.7935021,0.651789187,6.305811947,32.97411374,4682.699885,3460.712558,-0.526211975,15.83476135,-189.3475533,253.0583184,-13.50679631,42.01160586,-96.06945805,-12.21168009,37.98326998,-86.85771676,-2.027328301,4.635964925,-14.41972817,4233.693294,3827.740267,-225.9701768,10.90450425,702.8587524,105.4969223,-1607.252521,551.6605227,-184.7129148,9.858912094,574.5319611,95.38121668,-1313.803008,498.7638569,1.636732322,-5.090900285,-3.742774976,-26.62114355,-36.2099213,82.8025362,-204.3027411,635.4642534,-1453.139084,-33.91742381,77.5601993,-241.2436264,-30.6652088,70.12324166,-218.1116767,11.64154574
2012,323.1444182,15.5320065,12.41513079,1.170885258,5.489780406,-2.58405051,241.2432259,154.1354724,1.370972286,30.13768891,6.677317039,3746.991351,1913.612049,1.605251239,165.4492941,-17.2545245,192.8318921,18.18619743,85.26730495,-40.13548931,14.53669361,68.15634174,-32.08132504,6.427902945,-3.025626647,-14.18586986,2995.0662,2394.03316,282.4681366,21.29395046,1324.372334,468.09878,-623.3846808,103.7121316,180.4749524,17.02080024,846.1698966,374.1633494,-398.2938462,82.89976434,7.526336796,35.28777564,-3.542661636,7.818372081,-77.8773104,36.65700425,225.7840196,1058.604743,-498.287349,99.83823032,-46.99405274,-220.3350228,79.80325575,-37.56355054,-176.1194296,-16.61002589
2004,200.2589752,15.23115685,13.56076254,1.39646714,4.48172823,-4.232581302,231.988139,183.8942808,1.950120474,20.08588792,17.91474448,3533.447734,2493.746674,2.723279162,90.01949093,-75.82561249,206.5461013,21.26981005,68.26190563,-64.46710969,18.93715929,60.77565231,-57.39702998,6.258586205,-5.910660707,-18.9692791,3145.936066,2800.922634,323.9638131,29.70259082,1039.707792,305.9313095,-981.9086596,272.8622831,256.8023204,26.44512068,824.1641893,272.3799566,-778.3474942,242.9375959,8.73990998,28.04928247,-8.254043455,25.01735199,-85.01515366,80.28901604,288.4348435,925.683493,-874.2231664,95.32550816,-90.02620032,-288.9240654,84.87120138,-80.15306632,-257.2378895,-26.48997495
1962,200.007483,15.27272758,14.74176387,-0.112267607,0.579151414,-8.072121107,233.2562079,217.3196019,0.012604016,0.33541636,65.15913916,3562.45852,3203.674256,-0.001415023,0.194256859,-525.9724625,225.1469437,-1.714632579,8.845221775,-123.2833067,-1.655022553,8.537713388,-118.9973033,-0.065019943,0.90623772,-4.674980352,3438.607937,3319.063079,-26.18711628,0.192497697,135.0906626,5.122722698,-1882.872359,995.1577821,-24.39795167,0.185805422,125.8609547,4.94462878,-1754.230146,960.5606433,0.007299633,-0.037656392,-0.10174114,-7.31526063,-2.707521481,37.73700758,-25.2767086,130.3941708,-1817.413396,-0.993031882,13.84072183,-71.39970138,-0.958508652,13.35954248,-68.91745644,0.524848857
1943,194.6000301,17.79354841,16.72762457,-0.700119958,-0.803507272,-9.319867877,316.6103651,279.8134238,0.490167955,0.645623936,86.85993725,5633.62186,4680.613905,-0.343176368,-0.518763528,-809.5231389,297.6437977,-12.45761836,-14.29724555,-165.8335203,-11.71134381,-13.44076799,-155.8992509,0.562551477,6.525025503,7.488581615,5296.139324,4978.873704,-221.6652354,8.72182724,-254.3987308,11.48794077,-2950.766772,1545.546499,-195.9029625,8.199345531,-224.8321209,10.79975482,-2607.824141,1452.960421,-0.393853517,-0.452014203,-4.568300579,-60.81237559,-6.017129786,-69.79259124,-208.386363,-239.1589559,-2774.000869,10.00978695,116.1033572,133.2484395,9.410149916,109.1481769,125.2661818,-5.242905443
1965,189.4628529,14.91265408,14.1013504,0.595467088,0.153275163,-7.956107823,222.3872516,198.848083,0.354581053,0.023493275,63.29965169,3316.384155,2804.026494,0.211141347,0.003600936,-503.618854,210.2885605,8.879994702,2.285739478,-118.6466838,8.396890062,2.161386774,-112.1918642,0.091270315,-4.73760036,-1.21947372,3135.960559,2965.352676,132.4242892,5.287744589,34.08644215,0.35034709,-1769.336953,943.9658089,118.407489,5.000071676,30.47847225,0.331286909,-1582.056789,892.6105685,0.054348469,0.013989472,-2.821085092,37.69285928,-0.186915033,9.702264403,125.2199168,32.23201329,-1673.078461,1.361082632,-70.65019532,-18.18558974,1.287034689,-66.80656271,-17.19622622,-0.726156465
1956,239.1037365,16.40224794,14.93502198,-4.41993388,0.844654421,-9.671918108,269.0337374,223.0548814,19.5358155,0.713441091,93.54599989,4412.758063,3331.329556,-86.34701282,0.602611171,-904.7692503,244.9679334,-72.49685136,13.85423123,-158.6411988,-66.01180963,12.61493234,-144.4503095,-3.733316691,42.74923853,-8.169428387,4018.02478,3658.601469,-1189.111331,320.4312895,227.2405356,11.70203765,-2602.072276,1534.364684,-985.8878276,291.7678339,188.4042917,10.65525837,-2157.368547,1397.111564,16.50101293,-3.153362447,-188.9488077,-413.4671343,-6.900343803,79.01404235,-1082.742068,206.9132479,-2369.309791,-61.23478599,701.1836095,-133.9969899,-55.75716683,638.4608169,-122.0105925,36.10833331
1961,227.5348267,14.19261597,12.94324171,-0.269764509,1.732152163,-9.586121969,201.4303479,167.5275059,0.07277289,3.000351117,91.89373441,2858.823572,2168.349001,-0.019631543,5.197064677,-880.9045463,183.6984589,-3.828664077,24.58377045,-136.0521477,-3.491627244,22.41966412,-124.0754937,-0.467273178,2.585995486,-16.60462191,2607.16168,2377.653554,-54.33875891,1.032837685,348.9080129,42.58283116,-1930.935884,1304.212482,-45.19297536,0.941917109,290.1831317,38.83426971,-1605.939104,1189.402816,0.126053719,-0.809388246,-0.697609803,-24.78966814,-28.76173176,159.1739309,-49.55532456,318.1936829,-1760.955832,-6.631828764,36.70204082,-235.663022,-6.048029683,33.47116463,-214.9176348,4.479337675
1989,413.0834651,15.15738961,13.48269688,-0.622427904,3.684366046,-7.696830313,229.7464599,181.7831152,0.387416496,13.57455316,59.24119686,3482.356604,2450.926641,-0.241138838,50.01362277,-455.9694398,204.3624897,-9.43438225,55.84537164,-116.6638558,-8.392006764,49.67519061,-103.7740301,-2.293252237,4.790721961,-28.35794027,3097.601878,2755.357502,-143.0006075,5.872222772,846.470056,205.7547911,-1768.319516,897.941902,-113.1468834,5.223419183,669.7555376,183.0215856,-1399.153792,798.7311003,1.427384184,-8.449180677,-2.98187903,-36.87337401,-104.4810323,218.2662543,-127.2009162,752.9462181,-1572.943405,-34.75971763,72.61483929,-429.8323493,-30.91922478,64.59185205,-382.3415129,17.65077333
1960,291.8086349,14.67547523,13.8588434,-5.061352501,5.345968432,-2.466386933,215.3695733,192.0675403,25.61728914,28.57937848,6.083064504,3160.650839,2661.833962,-129.6581304,152.7844551,-15.0031908,203.385113,-74.27775327,78.45462732,-36.19540035,-70.14449168,74.0889393,-34.18127026,-27.05783069,12.48325367,-13.18522669,2984.773189,2818.68243,-1090.061329,375.9458923,1151.35894,419.415961,-531.1847014,89.27186246,-972.1215253,355.0259984,1026.787007,396.0771307,-473.7128716,84.30423832,136.949219,-144.6503087,-63.18214719,-30.78853374,-70.48780563,32.51987081,-1029.40375,1087.290394,-501.6263851,-397.0865242,183.1976801,-193.4994677,-374.9902382,173.0034577,-182.7319918,66.73508006
1971,167.4995992,18.14557805,16.78097594,-1.359812814,3.28368648,-6.574299293,329.2620027,281.6011534,1.84909089,10.7825969,43.2214112,5974.649369,4725.542179,-2.514417487,35.40666767,-284.1504931,304.5005086,-24.67458955,59.58438932,-119.2944609,-22.81898612,55.10346381,-110.3231582,-4.465198954,8.939816424,-21.58793771,5525.337745,5109.815708,-447.7346906,33.55282306,1081.193187,195.6564536,-2164.666952,784.2774902,-382.9248569,31.02954973,924.6899003,180.9424991,-1851.330264,725.2974613,6.071834756,-14.66231344,-12.15647693,-58.7730288,-70.88801918,141.9255636,-414.0636936,999.8842033,-2001.877478,-81.02361612,162.2181367,-391.7256086,-74.9303962,150.0188443,-362.2666632,29.35555433
2013,253.9225725,16.1038788,14.72575691,-1.712606499,4.548259554,-3.68053674,259.3349125,216.8479166,2.933021021,20.68666497,13.54635069,4176.298,3193.249706,-5.023110864,94.08832162,-49.85784141,237.1418046,-27.5796075,73.24462063,-59.27091759,-25.21942699,66.97656456,-54.19868933,-7.789378873,6.303311141,-16.74003639,3818.90288,3492.092567,-444.1386566,47.23301506,1179.522494,333.1355456,-954.4916733,218.1487898,-371.3751513,43.19095457,986.2806084,304.6267997,-798.1167239,199.4802673,13.34014088,-35.42811688,-10.79509163,-23.19956824,-76.13803046,61.61231896,-406.1305957,1078.582478,-872.8091242,-125.4392133,101.5077587,-269.5795172,-114.7044998,92.82102759,-246.5097066,28.66909512
2005,259.5250472,17.51031441,15.89193419,1.165885963,2.812910482,-6.722349881,306.6111106,252.5535723,1.359290079,7.91246538,45.18998793,5368.856948,4013.564749,1.584777223,22.2570568,-303.78291,278.2727642,20.41502978,49.25494694,-117.71046,18.528183,44.70258826,-106.8311419,3.279532847,-7.837493367,-18.90936844,4872.643592,4422.292455,357.4735901,23.80159666,862.469607,138.5497565,-2061.147163,791.2908966,294.4486649,21.60174848,710.4105907,125.7443791,-1697.753476,718.1563141,3.823561312,9.225032321,-9.137623503,52.6863726,-53.19036071,127.1153907,324.4343097,782.7563752,-1870.646883,57.42565126,-137.236973,-331.1089867,52.11812017,-124.5529288,-300.5064389,-22.04616724
2018,183.4684515,18.02309704,17.68681052,-1.66865405,2.240587781,-8.298600774,324.832027,312.8232665,2.78440634,5.020233605,68.8667748,5854.479145,5532.845843,-4.646210918,11.24827407,-571.4978706,318.7711024,-30.07431388,40.38233101,-149.5664871,-29.51316802,39.62885155,-146.7757795,-3.738765876,13.84749379,-18.59374349,5745.242514,5638.04409,-542.0322775,50.18362567,727.8146706,90.48015744,-2695.65131,1241.192565,-521.9938108,49.24726736,700.9079887,88.79192056,-2595.995402,1218.033597,6.238706823,-8.377033139,-23.10667661,-114.9148227,-41.66091448,154.3020541,-531.9186913,714.2346371,-2645.354117,-67.38414021,249.5747244,-335.1168434,-66.12684365,244.917999,-328.8640181,31.02652539
1988,436.0330708,16.24598684,12.0130947,1.079823015,7.033327177,-1.970148973,263.9320883,144.3144443,1.166017743,49.46769118,3.881486974,4287.837231,1733.663086,1.259092795,347.9224567,-7.647107574,195.1645784,17.54279048,114.2633407,-32.00701427,12.97201614,84.49202544,-23.66758618,7.594748555,-2.127412203,-13.85670231,3170.641171,2344.530562,284.9999432,18.9431089,1856.320729,803.6514596,-519.9855325,63.05858628,155.8340583,14.00748157,1015.010703,594.2600588,-284.3209542,46.6286706,8.200984281,53.41635142,-2.297228659,4.191318966,-97.45872095,27.29976782,210.7432034,1372.656333,-384.5032936,123.3841851,-34.56191064,-225.1158033,91.23643363,-25.55680426,-166.4618771,-14.96278606
1934,540.0202823,19.59191496,16.84180974,-0.431854041,9.942601576,-2.111594317,383.843132,283.6465555,0.186497913,98.85532611,4.458830561,7520.222001,4777.121322,-0.080539877,982.8791212,-9.415241274,329.9633044,-8.460847645,194.7946046,-41.3701763,-7.273203593,167.4514041,-35.56306975,-4.293752667,0.911900538,-20.99474099,6464.613,5557.179195,-165.7642076,3.653851244,3816.399329,1936.765143,-810.5209762,87.35702919,-122.4939111,3.140962361,2820.184689,1664.902594,-598.9464546,75.09477599,1.854274439,-42.69107203,-0.393807932,-1.925563995,-208.7423448,44.33237576,-142.4959863,3280.69367,-696.7486384,-84.12283713,17.86587781,-411.3271801,-72.31456551,15.35805537,-353.5894333,9.066663731
1983,438.2637958,16.25837743,15.67814361,2.220963476,10.18790739,1.363330261,264.3348365,245.8041872,4.932678763,103.793457,1.8586694,4297.655538,3853.753348,10.95529937,1057.438128,2.533980238,254.9011762,36.10926244,165.6388436,22.16553794,34.82058434,159.7274752,21.37448762,22.62697022,3.027906715,13.88948244,4144.279529,3996.377248,587.0780174,80.19735304,2693.018835,1687.513199,360.3756816,30.21894862,545.9221221,77.33524604,2504.230296,1627.288726,335.1122866,29.14048579,50.25367443,230.5214771,6.724870224,4.128036852,141.5047608,18.93595172,566.1262024,2596.909577,347.514487,367.8778218,49.22885019,225.8204478,354.7488886,47.47195633,217.7613005,30.84803321
1968,353.8229665,17.20646557,16.84184021,-0.406768667,7.09516599,-1.387238679,296.0624574,283.6475816,0.165460749,50.34138043,1.924431153,5094.188479,4777.147246,-0.067304248,357.1804503,-2.66964533,289.7885437,-6.999051065,122.0827293,-23.86947457,-6.850732894,119.4956519,-23.36365217,-2.886091213,0.564285228,-9.842688696,4986.236599,4880.572347,-120.4289312,2.846994673,2100.612279,866.197229,-410.7092923,33.11265837,-115.3789487,2.786663488,2012.526675,847.8414851,-393.4868965,32.41096197,1.173971476,-20.47729622,-0.22953355,-0.782798295,-69.83551009,13.65415847,-117.8768997,2056.09782,-402.0058766,-49.65942908,9.709354355,-169.3578842,-48.60708704,9.503601651,-165.7689903,4.003697362
1986,375.37994,18.6252142,17.93629207,3.696495222,2.415965524,-8.211790215,346.8986039,321.7105734,13.66407693,5.836889414,67.43349853,6461.060803,5770.294808,50.50919507,14.10172359,-553.7497434,334.0672818,68.84801529,44.99787538,-152.9463517,66.30141795,43.33346328,-147.2890677,8.930605017,-30.35484329,-19.83940205,6222.07468,5991.928339,1282.309032,254.4963596,838.0950675,108.7133156,-2848.658561,1255.963354,1189.201597,245.0828747,777.2416541,104.6921533,-2641.819739,1209.506925,33.01193877,21.57603383,-112.2065332,249.2676051,-47.93131138,162.9170076,1234.878111,807.0950356,-2743.290436,166.3344314,-565.3654583,-369.5131128,160.18194,-544.4533352,-355.8453098,-73.33625489
1991,380.6185616,18.83654817,17.7841556,3.649037681,6.729102632,-3.762084712,354.8155468,316.2761904,13.315476,45.28082223,14.15328138,6683.500138,5624.704982,48.58867365,304.6993001,-53.24584349,334.9921036,68.73527404,126.7530658,-70.86468988,64.8950539,119.6714083,-66.90549989,24.55474906,-13.72798887,-25.31545413,6310.094894,5957.551694,1294.7353,250.817605,2387.59023,852.934389,-1334.846144,266.5989664,1154.103736,236.804497,2128.254945,805.2811882,-1189.857821,251.7041583,89.60120457,165.2314265,-50.09394867,51.64585705,-170.350289,95.23888297,1222.398809,2254.196246,-1260.268671,462.5267134,-258.5879236,-476.8557712,436.685478,-244.1406902,-450.2139754,-92.37704604
1984,347.8826442,19.04637979,16.74228863,3.307698749,-1.767017219,-10.07045866,362.7645829,280.3042285,10.94087102,3.122349851,101.4141377,6909.352019,4692.934297,36.18910537,-5.51724595,-1021.286882,318.8799877,62.99968659,-33.65528103,-191.8057803,55.37844715,-29.58391229,-168.6025256,-5.844760644,-33.31004353,17.79467386,6073.509351,5338.780792,1199.915957,208.3839845,-641.0112644,59.46946109,-3653.205737,1931.572183,927.161946,183.1752204,-495.3023982,52.27528241,-2822.792147,1697.904765,-19.33270747,10.3277927,-110.1795893,335.4474165,-31.44349511,-179.2005276,1054.758936,-563.4664289,-3211.267735,-111.321531,-634.4357397,338.9241165,-97.85466966,-557.686363,297.9235658,58.85942047
1965,343.9310563,17.11590107,15.91811037,2.269154952,5.864951955,-4.038736929,292.9540696,253.3862377,5.149064198,34.39766143,16.31139598,5014.172874,4033.430097,11.68402453,201.7406316,-65.87743733,272.4528023,38.83863169,100.3839375,-69.12662175,36.12065897,93.35895251,-64.28906019,13.30848477,-9.164519905,-23.68699805,4663.275212,4336.933778,664.7581778,88.13087344,1718.161543,588.7469702,-1183.164419,279.18424,574.9726361,81.96337219,1486.09811,547.545771,-1023.360355,259.6466015,30.19901413,78.05362378,-20.79571573,37.01308498,-138.9231055,95.66555376,618.2376257,1597.922596,-1100.365194,227.7867088,-156.8590161,-405.4243153,211.8459294,-145.8818393,-377.0522492,-53.74946893
1982,336.3148822,15.31371998,14.8454203,3.018036568,4.858041805,-5.421786013,234.5100198,220.3865038,9.108544723,23.60057018,29.39576357,3591.220776,3271.730276,27.48992105,114.6525566,-159.3775397,227.3386095,46.2173669,74.39469188,-83.02771281,44.80402131,72.11967241,-80.48869211,14.66174782,-16.36314845,-26.33926311,3481.399807,3374.937207,707.7598151,139.4857034,1139.25948,361.4125233,-1271.463145,450.158492,665.1345273,135.2201747,1070.646849,350.3603836,-1194.888463,436.3924651,44.24969105,71.22738383,-49.38458037,88.71748938,-127.9572413,142.8058483,686.1162366,1104.420469,-1232.581293,224.5259005,-250.5806734,-403.3520999,217.6598086,-242.9178161,-391.0174311,-79.49285922
1926,342.5255685,15.18835363,13.84921216,-0.66012088,6.047754168,-5.771327493,230.6860859,191.8006775,0.435759577,36.57533047,33.30822103,3503.741849,2656.288275,-0.287653995,221.1986073,-192.2326518,210.3467318,-10.02614937,91.85542895,-87.65696286,-9.142154123,83.75663057,-79.9283389,-3.992248805,3.809773785,-34.9035699,3194.820546,2913.136516,-152.2807021,6.618470545,1395.132737,555.5190533,-1331.36495,505.8970397,-126.6116321,6.034926828,1159.963347,506.5395116,-1106.944523,461.2926198,2.635366795,-24.14413935,-2.514911225,-21.98745219,-211.0882103,201.4399326,-138.8542697,1272.125324,-1213.979876,-60.63568662,57.86419148,-530.1277625,-55.2895007,52.76236544,-483.3869447,23.04057529
1971,376.7599496,18.4801302,18.79616917,0.512647893,9.822891645,-2.383909218,341.5152122,353.2959756,0.262807862,96.48920028,5.683023158,6311.245588,6640.610924,0.134727897,947.8029593,-13.54781129,347.3556536,9.473799804,181.5283166,-44.05495273,9.635816517,184.6327331,-44.80836095,5.035684702,-1.222106037,-23.41688194,6419.177704,6528.955628,175.0770539,4.856723505,3354.666925,1783.132984,-814.1412624,105.0230079,181.1164374,4.939781031,3470.388087,1813.627332,-842.2255327,106.8190647,2.581533151,49.46498519,-0.626510084,2.913389846,-230.0214939,55.8237207,178.0711438,3412.036948,-828.0643444,93.06010894,-22.58467868,-432.7470271,94.65158156,-22.97091181,-440.1476744,-12.00461518
1943,387.5383615,19.2665159,18.68166993,2.63544383,5.205561377,-4.646129401,371.1986348,349.0047915,6.945564182,27.09786925,21.58651841,7151.704398,6519.99232,18.30464427,141.0596215,-100.2937578,359.9306907,50.77582045,100.293031,-89.51472595,49.23449176,97.24857946,-86.79745593,13.71896461,-12.24461306,-24.18571176,6934.610375,6724.106363,978.2731518,133.8168227,1932.297276,522.0815286,-1724.636891,415.8970001,919.7825244,129.7547375,1816.765863,506.2334492,-1621.521423,403.2722119,36.15556064,71.41491231,-32.26998995,56.89005675,-125.900207,112.3699465,948.5771182,1873.641302,-1672.284564,264.3166498,-235.9110322,-465.9744001,256.2931687,-228.7498197,-451.8294842,-63.74008483
1998,385.2102193,18.30528447,17.63338667,0.943134666,5.458270914,-2.065553348,335.0834396,310.9363253,0.889502998,29.79272137,4.266510634,6133.797683,5482.860453,0.838921113,162.6167445,-8.812705325,322.7841591,17.26434835,99.9152018,-37.81054163,16.63065824,96.24780155,-36.42270087,5.147884514,-1.948094967,-11.27434976,5908.655856,5691.777887,316.0288078,16.28260541,1828.976192,545.3642398,-692.1327205,78.09969085,293.2548273,15.6849503,1697.1747,525.3465757,-642.2555678,75.23303172,4.855148341,28.09854831,-1.837315895,4.023894081,-61.53845537,23.2877709,304.42893,1761.843387,-666.7279006,94.23349046,-35.66043254,-206.3801796,90.77463815,-34.35151181,-198.8049687,-10.63323009
2003,373.0345791,15.18254545,14.71157549,0.243651864,7.425299696,-3.394799311,230.5096864,216.4304533,0.059366231,55.13507558,11.52466236,3499.72379,3184.032952,0.014464693,409.39446,-39.12391584,223.3591635,3.699255503,112.7349501,-51.54169484,3.584502794,109.237857,-49.94284633,1.809188114,-0.827149181,-25.20740229,3391.160652,3285.965195,56.16411482,0.9013305,1711.603504,837.090791,-782.5341245,174.9737101,52.73368344,0.873370788,1607.060979,811.1238264,-734.7379539,169.5459403,0.440812057,13.43376395,-0.20153644,2.808005469,-187.1725166,85.57407193,54.42187659,1658.508729,-758.2595344,27.46808077,-12.55823003,-382.712531,26.61600751,-12.16866761,-370.8406017,-6.141830562
2011,418.1779705,19.05175152,17.65130736,0.264538472,2.619693963,-6.090570649,362.9692361,311.5686517,0.069980603,6.862796458,37.09505083,6915.199696,5499.594036,0.018512562,17.97842645,-225.9300278,336.2883219,5.039921239,49.90975844,-116.0360386,4.669449881,46.24102333,-107.5065346,0.693009838,-1.611190254,-15.95543116,6406.88155,5935.928534,96.01932714,1.333253064,950.8683164,130.7482929,-2210.689776,706.7256911,82.42189507,1.235249137,816.2145157,121.1373297,-1897.630885,654.7761439,0.183327764,1.815473689,-0.426221808,9.81306807,-41.79834668,97.17768071,88.96119888,880.9724867,-2048.187783,13.20305124,-30.69599637,-303.9789099,12.23252966,-28.43961439,-281.6342195,-4.220825381
2004,306.6258639,16.56473799,16.44505539,3.965571524,7.645204821,-2.338850991,274.3905448,270.4398468,15.72575751,58.44915675,5.470223959,4545.207483,4447.398262,62.36161616,446.855775,-12.79403873,272.4080339,65.68865328,126.6408148,-38.74245387,65.21404337,125.7258168,-38.4625341,30.31760653,-9.274880888,-17.88099487,4512.367708,4479.765206,1088.115331,260.4930529,2097.771916,968.1949675,-641.7585977,90.61282665,1072.448555,258.6109533,2067.568021,961.1996204,-632.5185038,89.95813601,120.2266371,231.7843116,-36.78020354,21.69256436,-136.7038682,41.82098258,1080.253542,2082.615214,-637.1218,502.2032088,-153.6359718,-296.1939951,498.5747187,-152.52593,-294.0539511,-70.90836408
1952,271.0753525,19.0187709,17.53203411,-3.372354807,4.343117554,-5.351594697,361.7136466,307.37222,11.37277694,18.86267008,28.6395658,6879.348977,5388.860244,-38.35303898,81.92279355,-153.2673484,333.4377401,-64.13804347,82.60075775,-101.7807535,-59.12423949,76.14368508,-93.82434076,-14.64653336,18.0474761,-23.24260487,6341.57599,5845.841833,-1219.826755,216.2962392,1570.964888,358.7448009,-1935.744833,544.6893406,-1036.568183,199.3879133,1334.953684,330.7009753,-1644.931542,502.1098444,49.39330717,-63.61161612,-60.86249277,-96.58277738,-100.9453652,124.3850009,-1124.470366,1448.159302,-1784.423642,-278.5590624,343.2408133,-442.0457771,-256.7835224,316.4089665,-407.4901413,78.38231024
1946,251.4529338,16.89979482,15.14965783,0.922061068,1.089191944,-7.680773759,285.603065,229.5121324,0.850196613,1.186339092,58.99428554,4826.633199,3477.030275,0.783933196,1.292150982,-453.1217603,256.026109,15.58264286,18.40712038,-129.8035006,13.96890968,16.50088527,-116.3610943,1.004301487,-7.082142453,-8.365836905,4326.788711,3878.707947,263.343467,14.36814831,311.0765577,20.04888724,-2193.652527,996.9913212,211.6242019,12.88018777,249.9827658,17.97263131,-1762.830764,893.7432399,0.926027302,1.09387709,-6.530167831,54.39633391,-9.112002165,64.25610057,236.0717074,278.8615755,-1966.478619,16.97248907,-119.6867543,-141.3809272,15.21482389,-107.2920349,-126.7395666,-7.713812509
1931,272.6944877,17.56092723,16.01336586,0.458579145,4.723228085,-3.979390732,308.3861651,256.4278861,0.210294832,22.30888355,15.8355506,5415.547002,4106.273557,0.096436824,105.3699453,-63.0158433,281.2095525,8.053074992,82.94426468,-69.88179106,7.343395623,75.63477937,-63.72343969,2.165973897,-1.824865599,-18.79557007,4938.300487,4503.111447,141.4194639,3.692972244,1456.578196,391.7646805,-1227.189047,278.0869517,117.5924808,3.367528086,1211.167394,357.2403141,-1020.426754,253.5804653,0.993270457,10.23038874,-0.836845306,7.261853254,-88.77576443,74.79491734,128.9568361,1328.216856,-1119.042687,38.03650997,-32.04633199,-330.0676382,34.68453245,-29.22224049,-300.9803401,-8.619256451
1977,253.9295093,16.14947171,15.04755819,-4.957467391,3.338321927,-8.215232889,260.8054367,226.4290074,24.57648293,11.14439329,67.49005142,4211.870022,3407.203663,-121.8371127,37.20357248,-554.4464901,243.0101153,-80.06047941,53.91213553,-132.6716712,-74.59777902,50.23359344,-123.6191949,-16.54962209,40.72674916,-27.42509209,3924.484983,3656.70885,-1292.934448,396.897216,870.6525079,179.9760642,-2142.577401,1089.928676,-1122.51442,369.8160569,755.8929202,167.6959065,-1860.167028,1015.560476,82.04421186,-55.24796632,-201.9015309,-334.5797291,-91.55378627,225.3035185,-1204.714722,811.2459964,-1996.384692,-267.2676539,657.7154835,-442.900749,-249.0314014,612.8381277,-412.680669,135.9589997
1967,228.8124676,16.90268544,16.47001802,1.716315478,5.133440022,-4.145989979,285.700775,271.2614936,2.94573882,26.35220646,17.18923291,4829.110328,4467.681687,5.05581713,135.2774713,-71.26638737,278.3875337,29.01034063,86.7689219,-70.07836444,28.26774685,84.54784967,-68.28452966,8.810602564,-7.115826772,-21.28319089,4705.496912,4585.047697,490.3526621,49.79089665,1466.627792,445.4230563,-1184.51255,290.5441967,465.5703,48.51637144,1392.504608,434.0213153,-1124.647434,283.1069757,15.12177355,45.22869982,-12.21300363,29.50214649,-109.2559839,88.23989614,477.800833,1429.085707,-1154.191925,148.9228437,-120.2765815,-359.7430807,145.110783,-117.1977952,-350.5345375,-36.52866994
1983,377.6600184,16.32921621,15.12402027,1.765690228,8.783805362,0.690823807,266.6433021,228.7359892,3.117661981,77.15523664,0.477237532,4354.07613,3459.407739,5.504825294,677.7165813,0.329687048,246.963397,28.83233749,143.4326569,11.2806113,26.7043348,132.8464504,10.44803326,15.50947929,1.219780844,6.068061856,4032.718706,3735.079423,470.8094728,50.90897656,2342.142866,1259.884541,184.2035409,7.792914839,403.876901,47.15158301,2009.172409,1166.897363,158.0162668,7.217750105,27.38493602,136.2322474,2.153755117,0.842653646,53.30067427,4.19196159,436.0608568,2169.278411,170.608194,253.2576407,19.91806514,99.08669403,234.5656792,18.44799022,91.77349054,10.71431752
1986,231.6352519,17.60109245,17.11238104,2.986962317,0.307218184,-8.98687089,309.7984554,292.8335848,8.921943886,0.094383013,80.7638484,5452.791253,5011.079884,26.64951019,0.028996178,-725.8142781,301.1966007,52.57379989,5.407375662,-158.1787454,51.11403732,5.25723463,-153.786759,0.91764914,-26.8434447,-2.760930157,5301.389213,5154.190998,925.3563122,157.0359592,95.17571894,1.661244132,-2784.11872,1421.531962,874.6828831,152.6757034,89.9638022,1.615118077,-2631.657619,1382.061748,2.7409834,0.281918502,-80.18035779,241.2385718,-0.84820795,24.81212286,899.6628963,92.53307275,-2706.814963,16.15162734,-472.4739518,-48.59538693,15.70316173,-459.3552541,-47.24608886,-8.246794339
1961,259.8361953,14.69531427,13.89201824,1.357280086,2.582111109,-7.321714808,215.9522614,192.9881708,1.842209231,6.667297781,53.60750773,3173.486348,2680.99519,2.500393902,17.21570367,-392.4988832,204.1475739,19.94565741,37.94493423,-107.5949001,18.85535971,35.87073463,-101.7133957,3.504647988,-9.937617701,-18.90548115,3000.012755,2836.02182,293.1077038,27.07184359,557.6127333,97.97803621,-1581.14087,787.7791732,261.939001,25.59200424,498.3168999,92.6222224,-1413.004348,744.7164753,4.75678892,9.049390503,-13.4881306,72.76040268,-48.8160529,138.4205413,277.0854365,527.1317184,-1494.710315,51.50190357,-146.0364152,-277.8219868,48.68663377,-138.0535664,-262.6352889,-25.66003307
1930,318.0863027,15.02077001,14.00375942,-1.446482717,4.821395691,-4.405871957,225.6235317,196.105278,2.09231225,23.24585641,19.4117077,3389.039179,2746.211135,-3.026493508,112.0774719,-85.52549857,210.3472496,-21.72728421,72.42107581,-66.17958936,-20.25619598,67.51766534,-61.69877093,-6.974065538,6.373017638,-21.24245207,3159.577658,2945.652278,-326.3605391,31.4281411,1087.820324,349.1706628,-994.0683911,291.5787968,-283.6628953,29.30023739,945.5011423,325.5293807,-864.0147448,271.8368846,10.08786527,-33.62472953,-9.218459867,-28.07869969,-102.4182669,93.59152385,-304.2636611,1014.167323,-926.7630481,-104.7558345,95.72763221,-319.077987,-97.663136,89.2462058,-297.4741883,30.72683978
1987,261.9099317,18.10991618,16.50327253,-0.00438463,4.525223611,-2.860901923,327.9690642,272.3580043,1.92E-05,20.47764873,8.184759811,5939.492263,4494.798371,-8.43E-08,92.66593953,-23.41579508,298.8728823,-0.079405285,81.95142031,-51.81069403,-0.072360747,74.68099852,-47.21424412,-0.019841432,0.012543997,-12.94622093,5412.562848,4932.380629,-1.438023055,0.000348163,1484.133353,370.8485021,-938.2873263,148.2253142,-1.194189124,0.000317275,1232.480872,337.9482178,-779.1895381,135.0753218,8.70E-05,-0.089786917,-5.50E-05,-0.035887145,-58.58454462,37.03786835,-1.310447058,1352.466624,-855.0460037,-0.35932667,0.227170732,-234.4549759,-0.32744856,0.207016999,-213.6550123,0.056764391
1957,300.2114354,17.51150505,16.8565728,0.084640667,7.136596441,-0.814270711,306.6528092,284.1440466,0.007164043,50.93100876,0.663036791,5369.952216,4789.694808,0.000606369,363.4740558,-0.539891439,295.1839598,1.482185468,124.9725446,-14.25910567,1.426751565,120.2985575,-13.72581352,0.604046283,-0.068920416,-5.811121457,5169.115402,4975.789908,25.9552983,0.125453167,2188.457346,891.8786171,-249.6984009,11.61077211,24.05014163,0.120761204,2027.821392,858.522257,-231.3701749,11.17652793,0.05112688,4.310834552,-0.00583347,0.056119876,-41.47162871,4.731826,24.98456724,2106.608797,-240.3596528,10.57775953,-1.206900214,-101.7614828,10.18215014,-1.161762011,-97.95559191,-0.491857196
1933,391.8532364,17.86160122,15.74586347,-2.596018694,5.099293399,-5.130043579,319.0367983,247.9322165,6.739313061,26.00279317,26.31734712,5698.508066,3903.906832,-17.49538269,132.5958716,-135.0091376,281.2463343,-46.36905069,91.08154522,-91.63079266,-40.87655593,80.29277768,-80.7769658,-13.23786099,13.31768903,-26.15959736,5023.509868,4428.466382,-828.2254924,120.3749224,1626.86224,464.4515224,-1636.672678,470.0699595,-643.636669,106.1163034,1264.279115,409.4364312,-1271.903075,414.3893547,34.36573461,-67.50373718,-34.5729697,-68.32032511,-133.3954622,134.1998745,-730.1207415,1434.157576,-1442.805951,-236.4493941,237.8752507,-467.2522962,-208.4415519,209.6985133,-411.9054485,67.91080378
1948,228.9829804,15.91571928,14.85336856,-0.310715119,6.654735011,-3.310945289,253.3101201,220.6225577,0.096543885,44.28549806,10.9623587,4031.612761,3276.988163,-0.029997645,294.7082544,-36.29576991,236.4020444,-4.945254602,105.9148943,-52.69607575,-4.615166174,98.84523181,-49.17869067,-2.067726778,1.028760758,-22.03346353,3762.508575,3511.366695,-78.70728399,1.53656537,1685.711725,704.8355552,-838.6959487,174.4738237,-68.55076417,1.434001905,1468.184659,657.7888248,-730.469218,162.8279542,0.642473971,-13.76017378,-0.319651521,-3.406170584,-146.6268612,72.95159227,-73.45368924,1573.192961,-782.7142351,-32.90935893,16.37346742,-350.6784202,-30.71270792,15.2805627,-327.2711546,6.846130233
1975,261.9194173,16.69128146,16.44220528,2.239462683,4.613003165,-1.958595184,278.5988768,270.3461144,5.015193107,21.2797982,3.836095093,4650.172268,4445.086308,11.23133781,98.16377642,-7.513357374,274.4414761,37.37950196,76.9969342,-32.69146348,36.82170514,75.84794497,-32.20362406,10.33064844,-4.386200824,-9.03500578,4580.779923,4512.423087,623.9117881,83.70999974,1285.1775,355.1871011,-545.6624183,64.02934292,605.4300345,82.46083457,1247.107481,349.8868102,-529.4985975,63.07386299,23.13510168,47.65531396,-9.822733065,8.590791809,-41.67851026,17.69591881,614.6014444,1265.999398,-537.5197533,172.4317608,-73.21131251,-150.8058245,169.8586423,-72.11881434,-148.5554197,-20.23355828
1941,245.1653435,17.20745485,15.68405801,-0.865798109,7.549794164,-1.588356406,296.0965026,245.9896755,0.749606365,56.99939192,2.522876071,5095.067201,3858.116339,-0.649007773,430.3336765,-4.007226369,269.8827201,-14.89818187,129.9127422,-27.33157114,-13.57922776,118.4114096,-24.911874,-6.536597509,1.375195972,-11.99176392,4643.994722,4232.856236,-256.359792,12.89881769,2235.467647,980.8144632,-470.3067766,43.4122761,-212.9773958,11.75686971,1857.171417,893.9817692,-390.7192768,39.56893465,5.659373762,-49.34996573,-1.190642072,-2.184301331,-90.53534928,19.04719504,-233.6639486,2037.558985,-428.6699472,-112.4782065,23.66362261,-206.3477363,-102.5203745,21.5686534,-188.0795209,10.38244653
2002,304.3569715,18.54853585,16.72314361,3.224222259,6.962305605,-1.336455177,344.0481821,279.6635323,10.39560918,48.47369934,1.786112439,6381.590038,4676.853414,33.51775451,337.4887087,-2.387059216,310.1898288,59.80460216,129.1405751,-24.78928675,53.91913189,116.4316365,-22.34973185,22.44802071,-4.30902853,-9.304809369,5753.567158,5187.349054,1109.287807,192.8233295,2395.368587,899.1161499,-459.804974,33.12977061,901.697386,173.8472652,1947.102979,810.6326356,-373.7577755,29.86941483,72.37740805,156.2899804,-13.8932657,5.758823485,-64.78292642,12.43546065,1000.120951,2159.636384,-414.5548025,416.3779168,-79.92617015,-172.5905901,375.4014742,-72.06050293,-155.6056634,-30.00077349
1998,271.8713239,17.66024339,16.92882619,0.442701999,3.809707575,-2.543481375,311.8841967,286.5851563,0.19598506,14.5138718,6.469297505,5507.950824,4851.550302,0.086762978,55.29360735,-16.45453771,298.967191,7.818225052,67.28036302,-44.91850015,7.494425197,64.49387738,-43.05815413,1.686565159,-1.126004289,-9.68992026,5279.833359,5061.163614,138.0717573,3.461143859,1188.187587,256.3185086,-793.2716455,114.2493685,126.8718216,3.317797016,1091.805641,245.7028132,-728.9240075,109.5176131,0.746645767,6.42532006,-0.49848435,2.863970937,-36.91576261,24.64613171,132.3533731,1138.977572,-760.4174819,29.7851512,-19.88550981,-171.1263503,28.55156844,-19.0619309,-164.0389759,-4.289747069
1992,233.3103458,14.92013316,12.68900621,-0.622512148,6.712787199,-2.234071036,222.6103735,161.0108785,0.387521374,45.06151198,4.991073394,3321.376416,2043.068037,-0.241236763,302.4883408,-11.15041251,189.3216623,-9.287964136,100.1556789,-33.33263735,-7.899060505,85.17859844,-28.34814124,-4.178791576,1.390736358,-14.99684345,2824.704412,2402.303748,-138.5776617,5.781870501,1494.336066,672.3237592,-497.3273878,74.46747965,-100.2312278,4.917261119,1080.831764,571.7858053,-359.7097402,63.33176127,2.601348518,-28.0513386,-0.865750277,-3.107003817,-100.6706188,33.50401359,-117.8550346,1270.876031,-422.9580422,-62.34812676,20.74997166,-223.7549013,-53.02471224,17.64706229,-190.2950397,9.335717224
2012,407.3112829,16.13200607,13.00470276,2.954339989,7.061574206,-0.939912671,260.2416198,169.1222939,8.728124772,49.86583027,0.883435829,4198.219391,2199.385162,25.78584804,352.1312608,-0.830352529,209.7919439,47.65943064,113.917358,-15.16267691,38.42031341,91.83367357,-12.2232849,20.86229106,-2.776821589,-6.637263071,3384.364912,2728.281871,768.8422244,140.8021618,1837.71551,804.4358766,-244.6043959,14.25159215,499.6447558,113.5066683,1194.269628,648.4903005,-158.9601869,11.48882036,61.63430076,147.3206165,-8.203675064,2.609969796,-46.8695257,6.23844766,619.7967291,1481.461379,-197.1861062,336.5506061,-44.79570273,-107.0723682,271.3078942,-36.11173939,-86.31563338,-19.60873171
2008,257.0038692,17.8528822,15.51795236,-0.647529364,4.057732653,-3.215271904,318.7254028,240.8068455,0.419294278,16.46519428,10.33797342,5690.167069,3736.829156,-0.271505357,66.81135647,-33.23939547,277.0401754,-11.56026546,72.44222304,-57.40187054,-10.04832983,62.967702,-49.89443623,-2.627501045,2.081982972,-13.04671379,4945.965616,4299.096244,-206.3840574,7.485611344,1293.302474,293.9511739,-1024.788833,184.5626216,-155.9295035,6.506588624,977.1297998,255.5061005,-774.2594845,160.424179,1.701384081,-10.66169678,-1.34814511,-6.694141354,-52.94007656,41.94873229,-179.3916487,1124.154966,-890.7594923,-46.90846663,37.16939673,-232.9214444,-40.77343604,32.30811257,-202.4582831,8.448130287
1948,219.8529609,15.78676985,14.45285727,-0.986897485,6.457087473,-3.850440857,249.2221023,208.8850834,0.973966645,41.69397863,14.82589479,3934.41197,3018.986297,-0.961205233,269.2216671,-57.08623104,228.1639314,-15.57992346,101.9365538,-60.78602362,-14.26348849,93.32336365,-55.64987215,-6.372483386,3.799990397,-24.86263342,3601.971474,3297.620736,-245.9566659,15.37578727,1609.248914,658.2132447,-959.614965,234.0529889,-206.1481634,14.07660092,1348.789255,602.5971223,-804.2996594,214.2765414,6.288987825,-41.14768264,-3.750200965,-14.63163828,-160.5401988,95.73209953,-225.1744101,1473.274463,-878.5317237,-100.6009286,59.98957382,-392.5006716,-92.10059285,54.92071885,-359.3360923,24.53687039
1970,236.9477686,16.03725608,15.82185973,-0.648236172,2.078889468,-5.33872129,257.1935825,250.3312453,0.420210134,4.321781419,28.50194502,4124.679344,3960.705849,-0.272395409,8.984505874,-152.1639407,253.7392161,-10.39592948,33.33968275,-85.61844046,-10.25630178,32.89189755,-84.46849939,-1.34761135,3.460752251,-11.09861146,4069.280786,4014.626285,-166.7221833,6.73901753,534.6770298,69.30951533,-1373.084855,457.0929909,-162.2737681,6.648505801,520.4109893,68.37861939,-1336.448749,450.9537761,0.873570422,-2.801535042,-2.24338479,-18.47599172,-23.07278647,59.2523933,-164.4829381,527.4957839,-1354.642955,-21.61198831,55.50097007,-177.9912741,-21.32171775,54.75553667,-175.6006737,7.194521405
1980,226.6563851,14.9337426,14.80071405,0.164365133,6.851867956,-3.78944834,223.0166681,219.0611365,0.027015897,46.94809449,14.35991872,3330.473518,3242.261242,0.004440472,321.6821442,-54.41617017,221.030054,2.454586596,102.3240324,-56.59064612,2.432721341,101.4125384,-56.0865413,1.126208191,-0.622853182,-25.96479965,3300.805934,3271.402627,36.65616442,0.403448453,1528.080762,701.1107587,-845.1101428,214.44733,36.00601294,0.399854568,1500.977982,694.8653218,-830.1208601,212.5370509,0.18510936,7.716629816,-0.102375346,2.360269958,-177.9073787,98.39226695,36.32963433,1514.468744,-837.5819713,16.81850324,-9.301529102,-387.7516347,16.6686854,-9.218671847,-384.2975751,-4.26770776
1958,226.0806557,14.73021157,14.23732729,0.257665959,8.566608802,-2.48932295,216.9791328,202.7014884,0.066391747,73.38678636,6.196728749,3196.148531,2885.927433,0.017106893,628.67589,-15.42565909,209.7188431,3.795474094,126.1879601,-36.66825371,3.668474595,121.9656133,-35.44130557,2.207323475,-0.641413786,-21.32505589,3089.202929,2985.835809,55.9081364,0.977964474,1858.775349,1081.002889,-540.1311349,91.27912549,52.22927347,0.945241026,1736.464355,1044.831696,-504.5894671,88.22485534,0.568752121,18.90927671,-0.165270498,1.596686058,-182.6834115,53.08495104,54.03740691,1796.579288,-522.0579293,32.51434178,-9.448160769,-314.122585,31.42638675,-9.132018,-303.6118003,-5.494740985
1966,234.9262675,14.80285561,13.80973186,1.690655055,9.103993726,-1.059367843,219.1245343,190.7086939,2.858314516,82.88270177,1.122260226,3243.668842,2633.635926,4.832423885,754.5635969,-1.188886395,204.4234667,25.02652267,134.7651046,-15.68166922,23.34749297,125.7237122,-14.62958585,15.39171302,-1.791025599,-9.644478194,3026.051061,2823.03326,370.4640016,42.31121707,1994.908385,1226.900667,-232.1334852,16.61265609,322.4226175,39.47255702,1736.210753,1144.587887,-202.0306577,15.4981128,26.02207742,140.1260587,-3.028006482,1.897354925,-87.80326897,10.21705006,345.6095674,1861.069958,-216.5596469,227.8413054,-26.51229334,-142.7658182,212.5554295,-24.73358326,-133.1876578,-16.30548581
1947,246.9008091,15.94633716,15.14317056,1.699113734,8.46587298,-2.606220038,254.2856689,229.3156147,2.886987481,71.67100532,6.792382884,4054.925011,3472.565466,4.90532008,606.7576274,-17.70244438,241.4781035,27.09464048,134.9996649,-41.55966344,25.72996908,128.2001585,-39.46643455,14.38448105,-4.42826426,-22.0639278,3850.691255,3656.744108,432.0602723,46.03687576,2152.750173,1142.890015,-662.7244055,108.3136276,389.6333103,43.71814384,1941.356866,1085.326258,-597.6469499,102.8582125,24.44086931,121.7771895,-7.524124622,11.54103105,-186.7904102,57.50345073,410.2987621,2044.322952,-629.3450719,229.3797847,-70.61459493,-351.8388317,217.82665,-67.05796098,-334.1178219,-37.48912275
2001,225.7704636,15.22392251,15.04747782,-1.422440915,-2.929103051,-11.30126573,231.7678167,226.4265888,2.023338155,8.579644682,127.7186071,3528.415282,3407.149073,-2.878078976,-25.13066341,-1443.381918,229.0816364,-21.65513026,-44.59243788,-172.0495938,-21.40414811,-44.07561319,-170.0555454,4.166476022,16.07538276,33.10257193,3487.521081,3447.100842,-329.6760251,30.80314329,-678.8718189,130.6158458,-2619.269684,1944.378178,-322.078444,30.44613602,-663.226812,129.1020131,-2558.907048,1921.842908,-5.926565964,-12.20403763,-22.86628216,-181.6721723,-96.96084443,-374.1009618,-325.8550923,-671.0037199,-2588.912447,63.43010812,244.7303815,503.95099,62.69495554,241.8939656,498.1102169,-47.08645269
1992,217.9836134,13.73669053,12.22843267,-1.250886413,6.307884445,-2.823603297,188.6966668,149.5345655,1.564716819,39.78940617,7.972735578,2592.067716,1828.573366,-1.957283009,250.9869762,-22.51184246,167.9781953,-17.18303955,86.64945653,-38.78696467,-15.29638028,77.13554021,-34.5282428,-7.890446948,3.532007001,-17.81096331,2307.464485,2054.110051,-236.0380967,21.49403071,1190.276769,546.574759,-532.8045304,109.5190013,-187.0507563,19.13403427,943.2467598,486.5620742,-422.2262922,97.4940602,9.870052882,-49.77202757,-4.418139569,-9.972986611,-112.3494984,50.29109473,-210.1216422,1059.587045,-474.3037859,-108.3886279,48.51808712,-244.6636911,-96.48779923,43.19090979,-217.8001656,22.27949202
2000,222.4947071,15.44400808,15.33116067,1.313742366,5.694474015,-3.633964682,238.5173855,235.0444875,1.725919003,32.4270343,13.20569931,3683.664428,3603.504802,2.267412915,184.6549042,-47.98904489,236.7745692,20.28944771,87.94550268,-56.1229799,20.14119529,87.30289605,-55.71289641,7.481071763,-4.774093358,-20.69351745,3656.74836,3630.028963,313.3503943,26.65510703,1358.231054,500.8033797,-866.7637549,203.9489268,308.7879011,26.46034155,1338.454726,497.144073,-854.1433662,202.4586979,9.828200917,42.60076876,-6.271928702,17.34888665,-117.8386974,75.19951156,311.0607827,1348.306632,-860.4304221,115.5377327,-73.73113638,-319.5908507,114.6935132,-73.19239233,-317.2556409,-27.18595057
2008,221.7269289,17.44213711,15.51594683,-0.93516359,3.248536847,-3.883448863,304.2281471,240.744606,0.874530941,10.55299165,15.08117507,5306.389055,3735.380506,-0.817829494,34.28178221,-58.56697219,270.631272,-16.31125157,56.6614251,-67.73564754,-14.50994854,50.40412499,-60.25538607,-3.037913381,3.631659982,-12.61552673,4720.387754,4199.100427,-284.5030863,15.25368858,988.2963456,184.0667273,-1181.454452,263.0479234,-225.1355901,13.56917557,782.0677233,163.7396573,-934.9193664,233.9987105,2.840945985,-9.868773557,-3.396196187,-14.10336583,-40.98200341,48.99175292,-253.084512,879.1556591,-1050.982706,-52.98770173,63.34391135,-220.0417469,-47.13610249,56.34864317,-195.7418419,11.79758127
1981,174.2551872,17.30549733,16.01503642,-0.643579131,4.907065316,-4.02742082,299.4802379,256.4813914,0.414194097,24.07929002,16.22011846,5182.654458,4107.558824,-0.266566677,118.1586489,-65.32524279,277.14817,-11.13745693,84.91920573,-69.69652025,-10.30694321,78.58682973,-64.4992911,-3.15808483,2.59196399,-19.76281702,4796.186916,4438.538035,-192.7392311,7.167834846,1469.569088,416.7040891,-1206.132945,280.6972167,-165.0660709,6.633333552,1258.57094,385.6307065,-1032.958496,259.7657878,2.032477489,-15.49692853,-1.668133931,-10.43892974,-96.97743394,79.59318072,-178.3667783,1359.984172,-1116.19231,-54.6522286,44.85522591,-342.0053772,-50.57684356,41.51039769,-316.5022342,12.71893659
1939,156.5761692,17.5985364,16.84583559,0.710735166,4.869830399,-4.13047002,309.7084834,283.7821766,0.505144477,23.71524812,17.06078259,5450.416017,4780.54789,0.359023944,115.4892362,-70.46905101,296.4620507,12.50789869,85.70188753,-72.69022699,11.97292776,82.03636224,-69.58121886,3.461159719,-2.935670297,-20.11468847,5217.298191,4994.150965,220.1207104,8.889803458,1508.227787,417.3536572,-1279.241606,300.2448034,201.6939725,8.509580801,1381.97107,399.5031707,-1172.153773,287.4031385,2.459967928,16.85526081,-2.086484117,12.12569815,-97.95512137,83.08311768,210.7060049,1443.719907,-1224.527613,60.91134529,-51.66350057,-353.9890771,58.30612756,-49.45381916,-338.8487348,-14.29621645
1970,261.5224802,15.97481837,15.68949775,-0.31456565,2.44222371,-5.152249528,255.194822,246.1603397,0.098951548,5.96445665,26.5456752,4076.690931,3862.132095,-0.031126758,14.56653745,-136.7699425,250.6368769,-5.025129131,39.01408019,-82.30625041,-4.935377064,38.3172634,-80.83620737,-0.76823969,1.620720724,-12.58294596,4003.878586,3932.366716,-80.27552516,1.580733014,623.242845,95.28111166,-1314.827401,424.0623398,-77.43358735,1.552500096,601.178618,93.57932919,-1268.279494,416.4883113,0.241661818,-1.876213185,-0.509823069,-8.350357583,-30.73036896,64.83047736,-78.8417522,612.1113234,-1291.343731,-12.27248951,25.89071919,-201.0102762,-12.05329488,25.42829415,-197.4201023,3.958162579
1944,265.922855,17.9775157,16.15460242,-1.772435077,3.118637059,-6.13775837,323.1910708,260.9711793,3.141526102,9.725897105,37.67207781,5810.172549,4215.885645,-5.568151058,30.33154314,-231.2221109,290.4196186,-31.86397942,56.06534669,-110.3416475,-28.63298398,50.38034178,-99.15304621,-5.527581715,10.87877823,-19.14144071,5221.023254,4691.613474,-572.8351904,56.47683482,1007.91565,174.8474679,-1983.6687,677.2503702,-462.5544723,50.75010517,813.8743911,157.1180009,-1601.77804,608.5774393,9.797279723,-17.23852118,-19.28192813,-66.77131212,-59.69520636,117.4855379,-514.7499191,905.7133853,-1782.525445,-99.37218707,195.5734064,-344.1155509,-89.29588495,175.7423371,-309.2223644,33.92696094
1942,227.4359441,17.08124811,16.1038814,1.027669119,7.490651884,-0.920719,291.769037,259.3349962,1.056103817,56.10986564,0.847723476,4983.779313,4176.300023,1.085325279,420.2994708,-0.780515111,275.0743938,17.55387119,127.9496833,-15.72702967,16.54946161,120.6285696,-14.82714958,7.69791162,-0.946194483,-6.89678551,4698.613969,4429.765415,299.8420291,18.03957134,2185.540287,958.4265366,-268.6372959,14.48017503,266.510567,17.00737063,1942.588178,903.5866219,-238.7746583,13.65163833,7.91090605,57.66237617,-0.97237485,0.871179238,-51.66141937,6.350001456,282.6854598,2060.486526,-253.2662207,131.4899383,-16.16218273,-117.8057045,123.9662558,-15.23740374,-111.0650159,-7.087613486
1936,398.380694,14.55011172,12.48451935,0.754833093,0.618796158,-7.244358398,211.7057511,155.8632233,0.569772998,0.382908686,52.4807286,3080.342331,1945.877427,0.430083514,0.236942424,-380.1892069,181.6511513,10.98290583,9.003553236,-105.406224,9.423728349,7.72537261,-90.44233257,0.467087818,-5.468281454,-4.482781146,2643.044546,2267.827313,159.8025068,8.290260773,131.0027055,5.571364153,-1533.672336,763.6004644,117.6507189,7.113342014,96.44756381,4.780430892,-1129.129051,655.1966715,0.352573342,0.289032147,-4.127639801,39.61419067,-2.773927751,32.47487324,137.1163003,112.4050346,-1315.946043,6.796179934,-79.56410608,-65.2249665,5.831366899,-68.2688656,-55.96536794,-3.383751556
1986,168.3623578,16.97536872,16.42238632,3.199334264,-0.307367623,-8.944128265,288.1631432,269.6947724,10.23573973,0.094474856,79.99743042,4891.675608,4429.031739,32.74755284,-0.029038512,-715.5072786,278.776063,54.30987879,-5.217678733,-151.8298752,52.54070324,-5.047709846,-146.8839296,-0.983371768,-28.61525602,2.749135444,4732.32646,4578.168203,921.9302176,173.7554561,-88.57202035,1.603745509,-2577.368114,1357.985878,862.843726,168.0952721,-82.89544111,1.551502577,-2412.184636,1313.748707,-3.146134991,0.302256643,-91.54976904,255.9385202,-0.844995227,-24.58862003,891.8978103,-85.68673583,-2493.408865,-16.69309835,-485.7545219,46.66758783,-16.14931106,-469.9307889,45.14736431,8.795403223
1962,194.3913964,16.11469225,15.75197298,1.632284698,3.016528278,-5.246397691,259.6833064,248.1246529,2.664353336,9.099442853,27.52468873,4184.716566,3908.452828,4.348983181,27.44872668,-144.4054634,253.838197,26.30376558,48.61042487,-84.54408423,25.71170447,47.51627194,-82.64111469,4.92383295,-8.563614672,-15.82590699,4090.524427,3998.452421,423.8770874,42.93523406,783.3420371,146.6347212,-1362.401899,443.5518883,405.0100741,41.96882176,748.4750319,143.334178,-1301.760606,433.5681533,8.037097181,14.85288133,-13.97825719,44.92812824,-47.73929597,83.02900191,414.3362048,765.7100993,-1331.736131,79.34605269,-138.000015,-255.0296208,77.5600836,-134.8938269,-249.2892594,-25.83238582
1988,334.8785903,15.40533663,11.56481801,1.713975349,5.218896748,-1.781340708,237.3243967,133.7450157,2.937711496,27.23688327,3.173174717,3656.062222,1546.736766,5.035165085,142.1464815,-5.652505295,178.1599145,26.40436722,80.39886124,-27.44215325,19.82181298,60.35559112,-20.6008811,8.945060373,-3.05317406,-9.296633226,2744.613458,2060.386989,406.7681655,45.25643451,1238.571522,419.5933555,-422.7556087,48.8838247,229.2356598,33.97409882,698.0014273,314.9895982,-238.2454408,36.69718812,15.33161297,46.68334649,-5.233065074,5.438743241,-48.51816891,16.56047121,305.3617016,929.7981987,-317.3635083,137.8016662,-47.03517419,-143.2177644,103.4479953,-35.30940237,-107.5138714,-15.93420017
2002,284.9356064,17.9487652,16.22507318,3.275505503,6.790663299,-1.327675131,322.1581723,263.2529998,10.7289363,46.11310804,1.762721254,5782.341391,4271.299187,35.14268989,313.1385904,-2.340321171,291.2200289,58.79127919,121.8840211,-23.83012919,53.1453165,110.179009,-21.54162616,22.24285501,-4.348807198,-9.015794786,5227.039921,4725.066282,1055.230866,192.5711585,2187.667677,827.673349,-427.7213936,31.6386699,862.2866494,174.0777766,1787.662484,748.1885527,-349.514461,28.60028134,72.85659397,151.0437392,-14.24454191,5.773803166,-61.22322676,11.97004652,953.8928073,1977.577162,-386.6455901,399.2317819,-78.0557193,-161.8223837,360.8919502,-70.55971504,-146.2819302,-29.53128543
1994,180.1809674,17.27048353,16.59716504,0.014034138,3.49098267,-3.519481935,298.2696015,275.4658873,0.000196957,12.18696,12.38675309,5151.260242,4571.952793,2.76E-06,42.54446615,-43.59495374,286.6410655,0.242376349,60.29095871,-60.78315481,0.232926905,57.94041551,-58.41342252,0.048992933,-0.049392895,-12.28645044,4950.429802,4757.42907,4.185956752,0.003401543,1041.25401,210.474692,-1049.754474,213.9252153,3.865926279,0.003268928,961.6466385,202.2689864,-969.4972139,205.5849853,0.000687574,0.171033479,-0.000693187,0.173837402,-42.89178556,43.24194037,4.022760272,1000.658992,-1008.828052,0.846131635,-0.853039183,-212.19294,0.813143788,-0.819782033,-203.9202457,-0.172429741
2001,211.7003971,15.28059444,15.01987089,-0.896159571,-2.812729733,-10.74057373,233.4965663,225.5965215,0.803101977,7.911448551,115.359924,3567.966333,3388.430626,-0.719707524,-22.25276657,-1239.03177,229.5125555,-13.69385096,-42.98018231,-164.1223512,-13.46020106,-42.24683743,-161.3220307,2.520654672,9.625267949,30.21033108,3507.088279,3447.248952,-209.2501828,12.27187561,-656.7627347,120.8916367,-2507.887086,1762.768214,-202.170482,12.06248801,-634.5420437,118.8289358,-2423.036073,1732.691165,-2.25890881,-7.089920342,-8.625775999,-103.3809001,-84.97349647,-324.4762884,-205.6798734,-645.5567891,-2465.096525,38.51710175,147.0798159,461.631817,37.85990772,144.5702819,453.7552723,-27.07327735
1992,170.8073887,14.21955823,12.18628364,-0.598805973,6.088631582,-2.324103002,202.1958361,148.5055088,0.358568594,37.07143455,5.401454762,2875.135465,1809.730252,-0.214713016,225.7143072,-12.55353723,173.2835697,-8.514756404,86.5776513,-33.04771796,-7.297219434,74.19779141,-28.32217838,-3.645908961,1.39168676,-14.15060694,2464.015809,2111.68273,-121.0760745,5.098686996,1231.095954,527.139422,-469.9239497,76.8063005,-88.92598577,4.369618586,904.1953313,451.7630161,-345.1420989,65.82365978,2.183192064,-22.19859645,-0.833350345,-3.234423376,-86.1578323,32.88746806,-103.7632366,1055.059815,-402.7288645,-51.84321476,19.78917092,-201.2153793,-44.43008071,16.95948959,-172.4433097,8.47346796
2006,231.2239326,16.0405112,14.0739314,0.665680703,0.852545225,-6.108530595,257.2979996,198.0755452,0.443130798,0.72683336,37.31414603,4127.191445,2787.701636,0.294983621,0.61965831,-227.9346026,225.7530544,10.67785877,13.67526122,-97.98395343,9.368744546,11.99866301,-85.97104057,0.567522904,-4.066330938,-5.207798588,3621.194397,3177.233001,171.2783132,7.108044527,219.3581809,11.65877865,-1571.712703,598.5379773,131.8550681,6.236592452,168.8683602,10.22940285,-1209.950528,525.1567316,0.377789046,0.483838942,-2.706878036,24.83930694,-4.439883817,31.811997,150.2794518,192.4646884,-1379.019439,9.103357501,-65.22602697,-83.53575158,7.987278423,-57.22926269,-73.29420009,-3.466731023
2005,229.4921232,17.26482477,16.13920106,3.24574483,4.155977757,-4.804012074,298.0741744,260.4738108,10.5348595,17.27215111,23.07853201,5146.198389,4203.839202,34.19346576,71.78267584,-110.8695464,278.6404782,56.03721574,71.75222772,-82.94042666,52.38372839,67.0741606,-77.53291675,13.48924332,-15.59259735,-19.96536732,4810.67903,4497.0347,967.4727103,181.8825033,1238.789638,298.2006624,-1431.951933,398.4468111,845.4315246,170.0242156,1082.523364,278.7587195,-1251.319332,372.4690682,43.78264175,56.06099518,-50.60959224,74.90702596,-82.9756225,95.91386569,904.3958915,1158.023629,-1338.592222,232.8894221,-269.203461,-344.6985683,217.70561,-251.6520637,-322.2250774,-64.80248777
2018,189.5961118,18.6982573,18.84546821,1.09524361,4.434885674,-5.993850116,349.624826,355.1516722,1.199558566,19.66821094,35.92623921,6537.374954,6692.99955,1.313808855,87.22626695,-215.3364931,352.3774136,20.47914683,82.92463342,-112.0745517,20.64037865,83.57749701,-112.9569118,4.857280198,-6.564726042,-26.58204001,6588.843545,6640.717347,382.9243567,22.42965472,1550.546132,367.7612688,-2095.598804,671.7580646,388.9775998,22.60624283,1575.057063,370.6566442,-2128.725892,677.0467992,5.319905101,21.54148237,-7.189974252,39.34798395,-117.8883084,159.3287636,385.9391107,1562.753543,-2112.097401,90.82267491,-122.7489366,-497.0378237,91.53771958,-123.715336,-500.9509901,-29.11380948
1939,220.8933269,15.37005887,14.58892034,-1.457678847,1.505678828,-7.304339729,236.2387096,212.8365967,2.124827621,2.267068732,53.35337887,3631.002873,3105.056155,-3.097316276,3.413477391,-389.711205,224.2325645,-22.40460969,23.14237222,-112.2681316,-21.26596058,21.96622848,-106.5624304,-2.194796177,10.64738151,-10.99798968,3446.467716,3271.311021,-344.3601698,32.65872561,355.6996233,34.84497987,-1725.567792,820.0445741,-310.2474049,30.99894089,320.4635574,33.07408514,-1554.630809,778.3681943,3.199307961,-3.304658136,-15.52046281,-77.77209179,-16.55944021,80.33305296,-326.859066,337.6222248,-1637.870829,-33.73414645,163.6508806,-169.0397488,-32.0197066,155.3338007,-160.4487954,16.03153692
1935,276.9539523,12.52908752,11.78647121,1.243207035,-1.374296291,-9.284179742,156.9780342,138.9209035,1.545563732,1.888690296,86.19599349,1966.791529,1637.387229,1.921455705,-2.595620069,-800.2590966,147.6737293,15.57624975,-17.21867851,-116.3223006,14.65302392,-16.19810366,-109.4277172,-1.708534817,-11.54215757,12.75921379,1850.217079,1740.552158,195.1561964,19.36450327,-215.7343301,23.66356602,-1457.412285,1079.957147,172.7074445,18.21674243,-190.9184824,22.26099379,-1289.766638,1015.946595,-2.124062505,2.348033063,-14.34929149,107.1594655,-17.53494018,-118.4588342,183.5890192,-202.9474585,-1371.029446,-21.40638226,-144.6127024,159.8613062,-20.13759643,-136.0413079,150.3861059,15.86234434
1961,256.6576629,13.43862109,11.79404521,-0.559252308,-0.06220073,-10.49376724,180.5965367,139.0995024,0.312763144,0.003868931,110.119151,2426.968426,1640.545821,-0.17491351,-0.00024065,-1155.56474,158.4957047,-7.515579856,-0.835892039,-141.0217618,-6.595847002,-0.73359822,-123.7639653,0.034785902,5.868663549,0.652719981,2129.963719,1869.305507,-100.9990299,4.203105379,-11.23323639,0.051993095,-1895.138021,1479.849544,-77.79171775,3.688742658,-8.652090571,0.045630345,-1459.677802,1298.750245,-0.019454096,-0.002163708,-3.282063633,-61.58438932,-0.040599659,-6.84949156,-88.63908861,-9.858548505,-1663.217034,0.467474552,78.86674571,8.771656504,0.410266497,69.21528323,7.69820897,-0.365035156
1964,228.8266268,14.31312622,13.35500282,0.919292993,-5.240599426,-14.3158137,204.8655823,178.3561003,0.845099606,27.46388235,204.942522,2932.266938,2381.946223,0.776894146,-143.9272061,-2933.918965,191.1518411,13.15795664,-75.00936107,-204.9040485,12.27716051,-69.98822011,-191.1877324,-4.81764633,-13.16042722,75.02344508,2735.980429,2552.833376,188.3314942,12.09601734,-1073.618453,393.0940146,-2932.81751,2933.368186,163.9615132,11.28630763,-934.692877,366.7802262,-2553.312705,2737.007959,-4.428828513,25.24735459,-12.09828853,188.4022244,-393.1678232,-1074.021663,175.724548,-1001.750229,-2736.494146,-68.95558002,-188.366856,1073.820039,-64.33968032,-175.7575427,1001.938321,68.96852735
1926,263.4305032,11.03943336,10.44709043,-3.669690543,-1.629449045,-10.198126,121.8690889,109.1416985,13.46662868,2.655104189,104.0017739,1345.365685,1140.213194,-49.41835992,-4.326356984,-1060.623194,115.3299586,-40.51130419,-17.98819414,-112.5815323,-38.33758896,-17.02300152,-106.5407445,5.979573749,37.42396653,16.61732666,1273.177392,1204.862507,-447.2218429,148.6639499,-198.5794704,29.31084575,-1242.836323,1148.120652,-400.5162588,140.6870876,-177.8408363,27.73811357,-1113.040793,1086.515936,-21.94318524,-9.743410733,-137.334376,-381.654326,-27.07708706,-169.4655911,-423.2252584,-187.9242909,-1176.149449,66.01110591,413.1393845,183.4458703,62.4691477,390.9715626,173.6027144,-60.98044651
1982,220.486294,10.95744496,10.60465423,-0.584482011,-0.317194579,-8.957890828,120.0656001,112.4586914,0.341619222,0.100612401,80.24380809,1315.612205,1192.585538,-0.19967029,-0.031913708,-718.8152725,116.1999151,-6.404429472,-3.475642139,-98.15559572,-6.198229638,-3.363738833,-94.9953349,0.185394525,5.23572605,2.841394408,1273.254174,1232.259922,-70.17618345,3.74327382,-38.08415745,1.102454844,-1075.534538,879.2671106,-65.73008217,3.622753726,-35.67128725,1.066959722,-1007.39268,850.9578392,-0.108359765,-0.058806138,-3.060187693,-46.90106236,-0.901274902,-25.45290091,-67.91676012,-36.85798313,-1040.906154,2.031450309,57.37018003,31.13442284,1.966044839,55.52306442,30.13200524,-1.660743919
2011,252.1752018,15.66466532,13.80804387,-1.634346598,-3.22477022,-10.46757477,245.3817397,190.6620755,2.671088802,10.39914297,109.5701215,3843.822829,2632.670302,-4.365484897,-33.53484656,-1146.933438,216.298386,-25.60149248,-50.51494624,-163.9710554,-22.56712952,-44.52776866,-144.5367315,5.270392238,17.10764521,33.75552338,3388.241826,2986.657602,-401.0388115,41.84171214,-791.2997266,162.8990943,-2568.551706,1716.379282,-311.6079144,36.88251136,-614.841383,143.5918223,-1995.76953,1512.949044,-8.613647624,-16.99580393,-27.95982174,-179.0755553,-108.8538065,-353.3384647,-353.5065312,-697.5125936,-2264.119527,82.55893053,267.9855366,528.7689765,72.77380722,236.2231155,466.0977475,-55.16822479
2010,241.8404192,15.81248048,15.56962618,0.694246401,-0.85993254,-7.829556749,250.034539,242.4132595,0.481978066,0.739483974,61.30195889,3953.666268,3774.283833,0.334611537,-0.635906332,-479.967166,246.1944102,10.97775767,-13.59766651,-123.8047133,10.80915695,-13.3888282,-121.9032718,-0.597005071,-5.435641596,6.732890625,3892.944306,3833.154935,173.5855789,7.621268755,-215.0128363,11.6930759,-1957.659613,969.3360285,168.294533,7.504218311,-208.4590501,11.51348904,-1897.988372,954.4485843,-0.414468622,0.513384088,-3.773674616,42.55866435,-5.789831739,-52.71554923,170.9195833,-211.7105846,-1927.593106,-9.44013104,-85.95097665,106.4637016,-9.295145792,-84.63090773,104.8285902,4.674285086
2007,220.5016036,15.07449258,13.1539847,-0.732297771,3.371152688,-5.137659728,227.2403265,173.0273135,0.536260026,11.36467044,26.39554748,3425.532614,2275.998635,-0.392702022,38.31203932,-135.6113413,198.2896447,-11.03901732,50.81841617,-77.44761343,-9.632633682,44.34409088,-67.58069746,-2.4686876,3.762296769,-17.3198354,2989.115778,2608.298953,-166.4075846,8.083847782,766.0618373,171.3166403,-1167.483474,397.8994845,-126.7075161,7.053956179,583.3014931,149.4907012,-888.9554605,347.2066277,1.807814428,-8.32232284,-2.755121539,-19.32940059,-58.38780966,88.98342083,-145.2070649,668.4646689,-1018.744722,-37.21421291,56.71471472,-261.0877302,-32.47307893,49.48919414,-227.8248499,12.68327687
2018,249.1423106,16.24752569,16.59860222,-2.097405492,0.493782096,-8.949152862,263.9820911,275.5135958,4.3991098,0.243820758,80.08733694,4289.055807,4573.140584,-9.226717056,0.120394325,-716.7138205,269.6862161,-34.07764962,8.022737286,-145.401591,-34.81399947,8.196092592,-148.5434286,-1.03566128,18.77000236,-4.418931455,4381.733724,4476.414226,-553.6774878,71.47464949,130.3496302,3.961484031,-2362.416086,1301.221064,-577.863729,73.01907371,136.0436807,4.047083777,-2465.613284,1329.337849,2.172201656,-0.511390997,-39.36830605,-167.9756204,-2.181989235,39.54569308,-565.6413508,133.166225,-2413.463172,-16.82693325,304.9660956,-71.79670234,-17.19052962,311.555803,-73.34808547,9.268291105
2004,216.2420602,14.03709707,12.68489946,-0.734499614,3.088436859,-6.047897905,197.0400942,160.9066743,0.539489682,9.538442233,36.57706907,2765.87093,2041.084987,-0.396254963,29.45887657,-221.2143794,178.0591651,-10.31024238,43.35268799,-84.89492998,-9.317053754,39.17651105,-76.71697688,-2.26845568,4.442178675,-18.67855081,2499.433785,2258.662607,-144.7258731,7.572869042,608.5458897,133.8920395,-1191.678373,513.4358692,-118.1858901,6.843372382,496.9501039,120.9941807,-973.1471387,463.9764437,1.66617982,-7.005982135,-3.26277852,-26.8658431,-57.6875248,112.9659683,-130.784388,549.9244886,-1076.883652,-31.84253258,62.35529327,-262.1926309,-28.77513223,56.34858988,-236.9355391,13.71938835
2006,233.1121908,13.91848639,12.33394016,-1.052632712,-3.021582128,-9.505419633,193.7242634,152.1260798,1.108035627,9.129958554,90.3530024,2696.348523,1876.313965,-1.166354548,-27.58691959,-858.8432029,171.6697782,-14.65105408,-42.05584972,-132.3010538,-12.98310888,-37.26801314,-117.2392769,3.180616191,10.00571565,28.72140608,2389.383472,2117.364771,-203.9204968,15.4221788,-585.3537719,127.0752039,-1841.430417,1257.577034,-160.132888,13.66644512,-459.6614439,112.6083624,-1446.022226,1114.408525,-3.348020648,-9.610493037,-10.53234361,-95.108526,-86.78408729,-273.0090172,-180.7052243,-518.7143337,-1631.79328,44.26936316,139.2644171,399.7584996,39.22952976,123.4098981,354.2481038,-30.23309159
1991,246.7577856,17.22029974,16.06708169,1.75389803,2.669006918,-6.358493194,296.5387233,258.151114,3.076158298,7.123597929,40.43043569,5106.4857,4147.735037,5.395267977,19.01293216,-257.0766502,276.6799627,30.20264979,45.96109915,-109.4951587,28.18002291,42.88315218,-102.1624296,4.681165975,-11.15214868,-16.97086232,4764.51189,4445.439562,520.0986824,52.97236795,791.4639039,122.6704916,-1885.539454,696.2242214,452.7707302,49.42488666,689.0071092,114.4554298,-1641.452101,649.599113,8.210287778,12.49406437,-19.5597316,70.9108615,-45.29534895,107.9091126,485.2684414,738.4607345,-1759.26766,80.61108123,-192.0433431,-292.2433361,75.21267611,-179.1824839,-272.6722313,-29.76516199
1958,201.6063617,13.35627195,12.80526318,-0.799481127,6.239897644,-4.02000064,178.3900005,163.9747651,0.639170073,38.9363226,16.16040515,2382.625361,2099.740022,-0.51100441,242.9586676,-64.96483905,171.0305775,-10.67808736,83.34176989,-53.69222181,-10.23756624,79.90353154,-51.47716618,-4.988680401,3.213914643,-25.08439252,2284.330905,2190.091556,-142.6194387,8.536929315,1113.135344,520.0441135,-717.1279163,215.8427661,-131.09473,8.184740997,1023.18575,498.5898582,-659.1786607,206.938241,3.98835583,-31.12885508,-2.569464102,-12.91993892,-156.5240418,100.839274,-136.7357189,1067.213297,-687.543031,-66.63017213,42.92591801,-335.0339683,-63.88136546,41.15502284,-321.212248,20.05449841
1933,333.955669,17.82190312,15.2020477,-4.108246565,2.483547937,-7.297323539,317.6202308,231.1022542,16.87768984,6.168010354,53.25093083,5660.596982,3513.227492,-69.33771133,15.31854939,-388.589271,270.9294213,-73.21677228,44.26155072,-130.0521931,-62.45376024,37.75501419,-110.9342605,-10.20302728,29.97920436,-18.12325282,4828.477899,4118.681985,-1304.862222,300.7925532,788.8250688,109.925683,-2317.777587,949.0329303,-949.4250421,256.575446,573.9535266,93.7663876,-1686.42792,809.5231904,41.91655178,-25.33970735,-123.1619634,-218.7679537,-45.00996714,132.2512394,-1113.044864,672.8662052,-1977.059643,-181.8373637,534.2864758,-322.9908559,-155.1069074,455.7452947,-275.5105538,74.45479114
1929,217.2387971,13.85103991,12.43677893,0.483003262,4.310033932,-4.770635144,191.8513065,154.6734701,0.233292151,18.57639249,22.75895968,2657.340102,1923.639754,0.11268087,80.06488198,-108.5746929,172.2623213,6.690097458,59.69845199,-66.07825776,6.007004793,53.60293919,-59.33133464,2.081760449,-2.304232337,-20.56159935,2386.012286,2142.388407,92.66480687,3.231338896,826.8856409,257.3023537,-915.2525852,315.2352587,74.70779063,2.90140291,666.6479046,231.0304867,-737.8906924,283.0481502,1.005497088,8.972458172,-1.112951735,10.99265177,-88.62119088,98.09188846,83.2032631,742.4564498,-821.8006838,28.83454705,-31.91601405,-284.7995331,25.89039448,-28.65722817,-255.7200655,-9.931319558
1932,144.4433504,16.18136575,14.59302212,3.943430741,6.912588274,-0.903175623,261.8365976,212.9562946,15.55064601,47.78387665,0.815726207,4236.873753,3107.675918,61.3228955,330.3102654,-0.736744025,236.1350283,63.81009513,111.8551192,-14.6146151,57.54657203,100.8755536,-13.18006185,27.2593131,-3.561610518,-6.243281224,3820.98726,3445.923692,1032.534488,251.6306907,1809.968594,773.2083851,-236.4844323,13.19956411,839.7783985,226.9309212,1472.079185,697.3111689,-192.3369341,11.90391058,107.4952132,188.4324081,-14.0449644,3.2167598,-43.15723258,5.638779412,931.1821298,1632.304228,-213.2714014,441.0929154,-57.63172245,-101.024817,397.795759,-51.97466107,-91.10834101,-24.6199471
1992,216.2693578,13.05685015,11.28706297,-2.394264718,4.567169179,-4.437484678,170.4813358,127.3977906,5.732503542,20.85903431,19.69127026,2225.949255,1437.946885,-13.72513098,95.26673857,-87.37971008,147.3734899,-31.26155565,59.63284357,-57.93957248,-27.02421665,51.54992613,-50.086169,-10.93501203,10.624513,-20.26674325,1924.233574,1663.413861,-408.1774476,74.84843973,778.6171026,272.3532852,-756.5083156,257.1059651,-305.0240352,64.70312848,581.8472626,235.4372338,-565.3257437,222.2566075,26.18131349,-49.9420499,-25.43789663,-47.14611365,-92.56164512,89.93336264,-352.8511473,673.0796607,-653.9676033,-142.7768134,138.7226742,-264.6198296,-123.4241694,119.9195473,-228.7520073,48.52394832
2006,224.3301987,15.27029796,13.03216622,-0.515883254,-1.093233296,-8.27619463,233.1819997,169.8373565,0.266135532,1.195159039,68.49539756,3560.758614,2213.348661,-0.137294864,-1.306587656,-566.8812415,199.0050613,-7.877690996,-16.69399817,-126.379958,-6.723076315,-14.24719803,-107.8567441,0.56398075,4.269550215,9.047811534,3038.86658,2593.467038,-120.2946887,4.063968863,-254.9223261,18.25043464,-1929.859614,1045.945129,-87.61624807,3.468322485,-185.671853,15.57551127,-1405.607018,892.6434065,-0.290948224,-0.616562534,-2.202589457,-35.33562856,-9.891368825,-74.88144923,-102.6633785,-217.558959,-1647.004619,8.612154092,65.19730392,138.162778,7.349890879,55.6414881,117.9125839,-4.667614453
1946,417.9094699,17.5404316,15.98663428,1.87061919,3.659099395,-6.738355894,307.6667406,255.5724755,3.499216153,13.38900839,45.40544015,5396.607417,4085.743696,6.545700884,48.99171249,-305.9580152,280.412465,32.81146794,64.18218265,-118.1936706,29.90490485,58.49668381,-107.7236313,6.844781546,-12.60489784,-24.65631398,4918.55566,4482.851524,575.5273089,61.37776157,1125.783184,234.8489857,-2073.167995,796.431017,478.078777,55.94068889,935.1650905,214.0451804,-1722.138296,725.8801658,12.80397971,25.04573602,-23.57896379,84.93628766,-90.21990356,166.1430186,524.544938,1026.057081,-1889.518986,120.0604225,-221.0953484,-432.4823887,109.4250193,-201.5098919,-394.1714741,-46.12257407
1982,415.0308225,15.30416082,15.05414933,3.156086044,4.963653258,-5.063523191,234.2173383,226.6274121,9.960879116,24.63785366,25.63926711,3584.499812,3411.682903,31.43739156,122.2937626,-129.8250236,230.3911223,48.30124837,75.9645477,-77.49297322,47.5121906,74.72357736,-76.22703425,15.66571677,-15.98091488,-25.13357338,3525.942787,3468.34236,739.2100728,152.4428959,1162.573654,377.0616747,-1185.964924,392.387467,715.2556123,149.9525617,1124.899892,370.9019282,-1147.533157,385.9773557,49.44235008,77.7591861,-50.43714241,80.91973309,-124.7543434,127.2644317,727.1342058,1143.581645,-1166.590791,239.7506488,-244.5744913,-384.648249,235.8340397,-240.579079,-378.3645669,-79.32372018
1947,543.8037651,17.6008437,16.41831119,3.347139881,11.22515437,-0.729765337,309.7896988,269.5609424,11.20334538,126.0040907,0.532557447,5452.560067,4425.735438,37.49916414,1414.41537,-0.388641965,288.976129,58.91248587,197.5721876,-12.84448563,54.95438417,184.2980777,-11.9815144,37.57216188,-2.442626664,-8.191728567,5086.223679,4744.500014,1036.909456,197.188331,3477.437193,2217.778306,-226.073784,9.373460389,902.2581807,183.9400109,3025.863192,2068.774373,-196.716232,8.743693898,125.7592814,421.7533173,-8.175813121,1.782544271,-91.95341775,5.978039559,967.2435262,3243.801659,-210.8847622,661.3017485,-42.99229012,-144.1813341,616.8714459,-40.10380469,-134.4943488,-27.41886138
1954,604.3300406,18.46245223,17.149642,-0.531741396,8.727594829,-3.872647629,340.8621422,294.1102208,0.282748912,76.17091149,14.99739966,6293.151017,5043.884996,-0.150349301,664.7888533,-58.07964423,316.6244462,-9.817250122,161.1328026,-71.49857184,-9.11917458,149.6751269,-66.41452044,-4.640823459,2.059247057,-33.79889942,5845.663711,5429.995901,-181.2505114,5.220238285,2974.90667,1406.301815,-1320.038967,276.8887747,-156.3905794,4.849042622,2566.874842,1306.303863,-1138.985249,257.2000351,2.467717945,-40.50322682,-1.094986905,-7.974738232,-294.9830998,130.8912277,-168.362325,2763.369879,-1226.174911,-85.6809814,38.01875041,-624.0105659,-79.58846091,35.31534982,-579.6390251,17.97227396
1935,451.9662153,15.87788144,15.54054965,3.366905359,5.544452726,-4.251986209,252.107119,241.5086835,11.33605169,30.74095603,18.07938672,4002.926946,3753.177688,38.16741319,170.4417774,-76.87330299,246.7510049,53.4593241,88.03416303,-67.51253291,52.3235599,86.16384288,-66.0782028,18.66764759,-14.31603515,-23.57493652,3917.883201,3834.646244,848.82081,179.9924848,1397.796003,488.1012551,-1071.955993,287.0623588,813.1368807,176.1684742,1339.033479,477.7313535,-1026.891592,280.963607,62.85220271,103.5018896,-48.20073546,60.87158402,-130.7101211,100.240305,830.7872807,1368.099282,-1049.18187,296.4026952,-227.3083088,-374.3200471,290.1055043,-222.4790551,-366.3674716,-79.37458011
1949,458.5136857,18.51581033,17.91816247,3.539901924,9.432978949,-1.881957509,342.835232,321.0605463,12.53090563,88.98109186,3.541764064,6347.872129,5752.81503,44.35817697,839.3567664,-6.665449474,331.7692977,65.5441526,174.659249,-34.84596827,63.4285378,169.0216494,-33.7212204,33.39182033,-6.661945006,-17.75246556,6142.977387,5944.696178,1213.603098,232.0198719,3233.957527,1647.557019,-645.2013391,65.57863163,1136.522846,224.530803,3028.557374,1594.377661,-604.2223057,63.46190393,118.2037691,314.9843383,-23.58263195,12.53749743,-167.4586339,33.40938586,1174.430775,3129.572801,-624.3757209,618.2766118,-123.3513101,-328.7012852,598.3200619,-119.369813,-318.0915622,-62.84198701
1937,439.5246578,17.73669817,16.99791655,-1.150748457,9.32204112,-1.96788895,314.5904621,288.9291671,1.32422201,86.90045064,3.872586919,5579.796073,4911.193872,-1.523846435,810.0895741,-7.620821006,301.4869154,-20.41047805,165.3422297,-34.90385234,-19.56032624,158.455277,-33.45001215,-10.72732443,2.264545172,-18.34474171,5347.382422,5124.64943,-362.0144887,23.48732611,2932.625223,1541.327064,-619.079094,68.68690533,-332.4847931,22.50901523,2693.409576,1477.126608,-568.5805152,65.82590929,12.34445203,-100.0005594,-2.605921861,-4.45637342,-171.0104365,36.1004145,-346.9356026,2810.473423,-593.2927694,-190.2673156,40.16555421,-325.3751468,-182.3421655,38.49254986,-311.8223887,21.11018321
1991,513.2528925,19.08323493,18.02020346,4.008192307,7.811243559,-2.748611008,364.1698555,324.7277329,16.06560557,61.01552594,7.554862475,6949.538907,5851.659817,64.39403663,476.607134,-20.76537817,343.8837762,76.48927544,149.063796,-52.45238961,72.22844089,140.7601982,-49.53052961,31.30896634,-11.0169615,-21.47007004,6562.414891,6196.855615,1459.662813,306.5837253,2844.619438,1164.373616,-1000.961274,144.1712155,1301.571201,289.5054811,2536.527412,1099.512192,-892.5502213,136.1401589,125.492358,244.5619617,-44.15810032,30.28134165,-167.7079463,59.01287085,1378.352306,2686.159932,-945.2027329,597.4763601,-210.2392645,-409.7183905,564.1939437,-198.5278877,-386.8950304,-86.05616954
2000,439.8008195,17.10738504,17.05990601,3.240848606,8.478931158,-2.254250692,292.6626229,291.0403932,10.50309969,71.89227358,5.081646184,5006.692177,4965.121753,34.03895597,609.5696385,-11.45530443,291.8503809,55.44244496,145.05234,-38.56433457,55.28857262,144.6497686,-38.45730494,27.47893222,-7.305685213,-19.11363643,4992.79684,4978.940068,948.4752534,179.6805704,2481.466232,1229.888806,-659.7349203,86.93367791,943.2178524,179.1818935,2467.711458,1226.47543,-656.0780078,86.69240629,89.05505918,232.9919746,-23.67661974,16.46884595,-162.0632075,43.08692816,945.8429001,2474.579288,-657.9039232,470.092674,-124.9811699,-326.984338,468.788001,-124.6343031,-326.0768411,-61.94440199
2018,445.4003404,20.07110666,20.03954137,2.574708472,6.829741644,-4.15647272,402.8493224,401.5832184,6.629123717,46.64537093,17.27626547,8085.631718,8047.543519,17.068061,318.5758324,-71.80832613,402.2157722,51.67724836,137.080473,-83.42500728,51.59597695,136.8648902,-83.29380703,17.58459368,-10.70170553,-28.38763483,8072.915664,8060.219608,1037.219564,133.0538492,2751.356794,936.224215,-1674.432219,346.7537669,1033.959715,132.844599,2742.70963,934.7518405,-1669.169692,346.2084367,45.27520232,120.0982317,-27.55377189,44.48134708,-193.8802118,117.9924297,1035.588356,2747.02981,-1671.798885,352.9422552,-214.795073,-569.7712464,352.3871925,-214.4572706,-568.8751826,-73.0898839
1927,164.7348144,13.52441671,13.28771982,-1.836706615,2.268254112,-5.860698623,182.9098473,176.5634981,3.373491188,5.144976714,34.34778835,2473.748995,2346.126294,-6.19611358,11.67011459,-201.3020359,179.70866,-24.84038563,30.67681381,-79.26253038,-24.40564289,30.13992512,-77.87532127,-4.16611733,10.76438393,-13.29355375,2430.454804,2387.918324,-335.9517264,45.62450059,414.8860132,69.58280904,-1071.97949,464.5338026,-324.2953449,44.82600574,400.4908805,68.36500908,-1034.78545,456.4037881,7.651935258,-9.449812763,-19.77101516,-63.08681006,-30.15315794,77.90951214,-330.0720845,407.6249069,-1053.218296,-56.34430683,145.5820138,-179.7875604,-55.35819984,143.0341177,-176.6410177,24.4163581
1931,188.4534392,17.07631781,15.54100116,0.125029248,3.590429435,-4.501305247,291.60063,241.5227171,0.015632313,12.89118353,20.26174892,4979.465033,3753.504827,0.001954496,46.28488478,-91.20431673,265.3830749,2.135039168,61.31131411,-76.86571896,1.943079682,55.79886802,-69.95479006,0.448908691,-0.562794808,-16.16161885,4531.76573,4124.318676,36.45860738,0.266942341,1046.971485,220.1339469,-1312.583446,345.996064,30.1974036,0.242941791,867.1702726,200.3418981,-1087.167474,314.8878635,0.056126716,1.611774977,-0.070365811,2.533311223,-58.02715204,72.74837973,33.18064619,952.8392038,-1194.570228,7.665707474,-9.610463009,-275.9809399,6.976490486,-8.746394769,-251.1677373,-2.020675045
1944,280.789792,17.84403706,15.92748851,-2.017361965,2.726555589,-6.441708799,318.4096584,253.6848901,4.069749297,7.434105378,41.49561224,5681.713744,4040.563172,-8.210157438,20.26950156,-267.3026505,284.2106951,-35.99788165,48.65275896,-114.9460905,-32.13150951,43.4271828,-102.6002429,-5.500449539,12.99525832,-17.56367712,5071.466175,4526.76258,-642.3475342,72.62075726,868.1616337,132.6544518,-2051.102298,740.4492425,-511.7742484,64.82088516,691.685955,118.406628,-1634.164189,660.9208871,11.09639769,-14.99728143,-26.21613985,-83.71166985,-47.88834202,113.1400935,-573.3558463,774.9162591,-1830.802535,-98.1502254,231.887871,-313.4069054,-87.60834682,206.9818275,-279.7452655,35.43229419
1962,170.979218,15.89648825,15.39462826,1.354764059,2.336059309,-5.65824269,252.6983387,236.9945794,1.835385656,5.457173093,32.01571034,4017.016173,3648.44345,2.486514521,12.74828,-181.152659,244.7205273,21.53599095,37.13513935,-89.94618845,20.85608907,35.96276466,-87.10654284,3.164809191,-7.665583834,-13.21799051,3890.196987,3767.381547,342.3466271,29.17618651,590.3183064,86.74988796,-1429.828528,508.9373633,321.0717383,28.25507989,553.6333932,84.01115114,-1340.972846,492.8699593,4.287569746,7.393181971,-10.38505747,43.3737337,-30.87800977,74.79059817,331.5385749,571.6816659,-1384.688135,50.30935213,-121.8558634,-210.1196308,48.72106102,-118.0088136,-203.4860502,-17.90725847
1956,195.083761,16.25707163,15.3952622,-2.068950197,2.864535634,-7.064045996,264.2923779,237.0140983,4.280554918,8.2055644,49.90074584,4296.620118,3648.894189,-8.85625494,23.50513162,-352.5011639,250.2818804,-33.63507155,46.56896098,-114.8407017,-31.85203077,44.10027718,-108.7528403,-5.926581565,14.61515936,-20.23521148,4068.850456,3853.155173,-546.8077673,69.5892879,757.0749343,133.3984482,-1866.973514,811.2399994,-490.3703653,65.90026533,678.9353304,126.3268155,-1674.278492,768.2350663,12.2618021,-16.97690408,-30.23803683,-103.2421579,-57.96448435,142.9424646,-517.8207457,716.9413649,-1768.002715,-96.348861,237.5996925,-328.9652824,-91.24127715,225.0042104,-311.5263864,41.86564477
1983,281.6564387,15.94944852,14.54148474,1.47246543,7.889352717,0.324597136,254.384908,211.4547786,2.168154441,62.24188629,0.105363301,4057.298995,3074.866436,3.192532461,491.0481947,0.034200626,231.9286623,23.48501156,125.830825,5.177145307,21.41183358,114.7229022,4.720124299,11.61679914,0.477958061,2.560861296,3699.134259,3372.587105,374.5729829,34.58086764,2006.932265,992.7237611,82.57261255,1.680486539,311.3598514,31.52818473,1668.241332,905.08944,68.63761548,1.532138828,17.10533513,91.64902584,0.703776722,0.155143818,20.20353802,0.831248242,341.5069374,1829.767022,75.2833795,185.2815398,7.623167489,40.8443254,168.9255074,6.950219853,37.23872546,3.770779728
1945,238.7485806,14.56240215,13.93846129,2.415542342,0.181691125,-7.793847955,212.0635564,194.2807031,5.834844807,0.033011665,60.74406595,3088.154789,2707.974059,14.09431469,0.005997927,-473.4300141,202.9774786,35.176099,2.645859236,-113.4971482,33.66894343,2.532494719,-108.634248,0.438882607,-18.82636974,-1.416073007,2955.839671,2829.193728,512.2484996,84.96935656,38.53006623,0.480729142,-1652.791115,884.5795165,469.2932646,81.32875846,35.2990796,0.460131816,-1514.19426,846.6788117,1.06013952,0.079741075,-45.47589326,146.7298633,-0.257287898,11.03665771,490.3006941,36.87920653,-1581.975607,6.391185016,-274.1571672,-20.6214246,6.117348224,-262.4106259,-19.73787878,-3.420584307
1951,240.6600475,15.05593521,14.84609986,-3.017105402,-0.983619272,-9.189050136,226.681185,220.406681,9.10292501,0.967506872,84.4386424,3412.897234,3272.179596,-27.46448423,-0.951658405,-775.9109184,223.5219175,-45.42534345,-14.80930802,-138.3497435,-44.79224809,-14.60290993,-136.4215559,2.967683019,27.72433281,9.038526803,3365.331508,3318.428708,-683.9210278,137.0530491,-222.9679821,14.56672077,-2082.984773,1271.302729,-664.990188,135.1429337,-216.7962591,14.36370363,-2025.328042,1253.584517,-8.953812469,-2.91907021,-83.6472343,-254.7602841,-8.890469151,-83.05547594,-674.389185,-219.8604658,-2053.954107,44.68124325,417.4157584,136.0834739,44.05851844,411.5982134,134.1868715,-27.27018805
1982,186.5509056,13.4262891,13.35209794,2.14313024,1.564468937,-6.778159042,180.2652391,178.2785194,4.593007227,2.447563055,45.94344,2420.293216,2380.392251,9.843412681,3.82913637,-311.4119433,179.2691271,28.7742862,21.00501224,-91.0055229,28.61528486,20.88894247,-90.50264338,3.352860689,-14.52647762,-10.60421927,2406.919128,2393.618942,386.3318852,61.66704289,282.019367,32.86168917,-1221.866461,616.8499079,382.074086,61.32628232,278.9112057,32.68010162,-1208.400158,613.4413105,7.185617133,5.245446397,-31.13213346,98.46277561,-16.58997165,71.87708474,384.1970874,280.4609807,-1215.114655,45.01647694,-195.0366882,-142.3753137,44.76772429,-193.9589518,-141.5885743,-22.72622299
1946,207.0508685,15.89491727,14.51607952,0.457001171,-0.265732659,-8.213446817,252.6483949,210.7165648,0.20885007,0.070613846,67.46070862,4015.825334,3058.778411,0.095444726,-0.018764405,-554.0849425,230.7318831,7.263995796,-4.223798624,-130.5520576,6.633865335,-3.857396406,-119.2270472,-0.121440136,-3.75355481,2.18258106,3667.464192,3349.322363,115.4606122,3.319654582,-67.13692968,1.122401238,-2075.114155,1072.282382,96.29771675,3.031684223,-55.99427298,1.025036202,-1730.709298,979.2650111,-0.055498284,0.03227061,-1.715378942,30.82962281,-0.579983068,-17.92651346,105.4447406,-61.31299673,-1895.104051,-1.930280915,-59.66244315,34.69194537,-1.762834673,-54.48690012,31.68252023,0.997442099
1994,166.0362765,16.89576194,16.13571628,-0.184395339,3.026508022,-3.910284725,285.4667714,260.36134,0.034001641,9.159750809,15.29032663,4823.178611,4201.116713,-0.006269744,27.7220593,-59.78953068,272.625221,-3.115499754,51.13515904,-66.06723982,-2.975350878,48.83487477,-63.09524491,-0.558073974,0.721038279,-11.83450809,4606.210832,4399.003218,-52.63874216,0.574483634,863.9674738,154.7609691,-1116.256356,258.3417187,-48.00941761,0.548640835,787.9856841,147.7991403,-1018.086971,246.7203724,0.10290624,-1.689015358,-0.132956098,-2.819464967,-35.81723367,46.27629622,-50.27082012,825.1024184,-1066.042237,-9.429085,12.1824911,-199.9530313,-9.004923302,11.63446909,-190.9582649,2.182228134
2003,196.1963108,13.48812861,12.98214597,-0.746829132,4.311535251,-5.342140343,181.9296134,168.5361139,0.557753753,18.58933622,28.53846344,2453.890024,2187.960431,-0.416546751,80.14857839,-152.4564769,175.1048544,-10.07332739,58.15454197,-72.05547601,-9.695444807,55.97297996,-69.3524457,-3.21998013,3.989666037,-23.0328264,2361.836797,2273.23678,-135.8703353,7.523054352,784.3959415,250.7353577,-971.8935275,384.9304653,-125.8676797,7.240840632,726.649396,241.3294762,-900.3435732,370.4904981,2.404774967,-13.88305784,-2.979598825,-21.31335589,-99.30684296,123.0445911,-130.7734065,754.9707525,-935.4347071,-43.43150612,53.81312862,-310.6697248,-41.80225206,51.79442685,-299.0155144,17.20158576
2008,230.597156,17.14106491,14.84200432,-0.897053105,2.843746492,-3.800692086,293.8161062,220.2850923,0.804704272,8.086894112,14.44526033,5036.320948,3269.472293,-0.721862466,22.99707676,-54.90198663,254.4077595,-15.37644549,48.74484321,-65.14790975,-13.31406606,42.20689773,-56.40988837,-2.550991619,3.409422635,-10.80820479,4360.819919,3775.921066,-263.5686503,13.79348817,835.5385214,138.6179769,-1116.70455,247.607145,-197.607426,11.94342429,626.4349586,120.0257174,-837.2358071,214.3966163,2.288374952,-7.254373469,-3.05843316,-12.95816563,-30.73579445,41.0786584,-228.2172705,723.4711736,-966.9255581,-43.72671293,58.4411347,-185.2641398,-37.86182864,50.60266549,-160.4154222,9.69553366
2007,202.1649664,16.24533579,14.33327569,1.222742125,6.237208916,-2.074929766,263.910935,205.4427921,1.495098304,38.90277506,4.305333532,4287.321759,2944.668179,1.828119676,242.6447355,-8.933264697,232.8488767,19.8638564,101.3255533,-33.70793079,17.52589998,89.39963496,-29.74054038,7.626498082,-2.53710403,-12.94177043,3782.708191,3337.487145,322.6950174,24.28837399,1646.067637,631.9886442,-547.5966546,69.94158893,251.2035562,21.42965618,1281.389615,557.6042003,-426.2793645,61.70953248,9.325240469,47.56806184,-3.102223973,5.264312671,-80.72052594,26.85326469,284.7141302,1452.32709,-483.1450651,123.8950223,-41.21610691,-210.2434065,109.3126996,-36.36501153,-185.4979636,-15.82444788
2017,198.3489744,16.31302324,13.98878816,3.600753804,1.872471829,-6.002702,266.1147272,195.6861941,12.96542796,3.50615075,36.03243131,4341.135729,2737.412714,46.68531405,6.565168507,-216.2919475,228.1994263,58.73918049,30.54567646,-97.92221723,50.37018217,26.19361174,-83.97052665,6.742310061,-21.61425206,-11.23989039,3722.622544,3192.233431,958.2136164,211.5053276,498.2923299,57.19591866,-1597.407405,587.7978892,704.6178078,181.3706251,366.4168857,49.04680008,-1174.645909,504.0500483,24.2773986,12.62478565,-77.82760035,129.7439141,-21.04637812,67.46971254,821.6899523,427.296997,-1369.813153,109.9874607,-352.5937962,-183.3565932,94.31674713,-302.3571933,-157.2324456,-40.47207809
1970,313.4451122,16.1405032,16.01225991,-0.64079716,2.513779404,-5.312835312,260.5158434,256.3924674,0.410621,6.319086891,28.22621906,4204.856804,4105.422826,-0.26312477,15.88479048,-149.9612533,258.4459322,-10.3427886,40.5736645,-85.75183535,-10.26061067,40.25128916,-85.07049987,-1.610822702,3.404449777,-13.35529598,4171.447395,4138.303439,-166.9378125,6.627629558,654.8793616,101.9932422,-1384.077773,455.5853789,-164.2955648,6.574970171,644.5141037,101.1828617,-1362.170954,451.9655558,1.032210612,-4.04925293,-2.181561747,-18.087281,-33.57226797,70.95448811,-165.6114193,649.6760614,-1373.080675,-25.99948897,54.94953252,-215.5611975,-25.79291176,54.51293468,-213.8484704,8.558035731
1976,307.8810955,15.40720577,13.57256174,3.07921141,5.850786043,-3.490776585,237.3819896,184.2144321,9.481542909,34.23169733,12.18552116,3657.393159,2500.261753,29.19567511,200.282337,-42.53693195,209.1152515,47.4420438,90.14426448,-53.78311313,41.79278697,79.41015479,-47.37878071,18.01580714,-10.74883909,-20.42378692,3221.881709,2838.229661,730.9493309,146.0840826,1388.871232,527.4148045,-828.6474909,187.744832,567.2351814,128.6888265,1077.799229,464.6118254,-643.0514263,165.3887383,55.47447892,105.406633,-33.09794797,37.52179581,-119.4952075,71.29487716,643.9100685,1223.488595,-729.9746234,277.5732477,-165.6095756,-314.6734877,244.5206547,-145.8892822,-277.2031089,-62.88915773
1959,306.3028792,17.03868152,15.04489292,0.875621171,3.555752927,-8.462820317,290.316668,226.3488031,0.766712436,12.64337888,71.61932772,4946.613247,3405.393506,0.671349641,44.95673147,-606.1015017,256.3451391,14.91943027,60.5853417,-144.1953002,13.17362676,53.49592206,-127.3222255,3.113492543,-7.410224639,-30.09169812,4367.783185,3856.685169,254.2074209,13.06376901,1032.294342,215.4265061,-2456.897797,1220.298916,198.1958041,11.5351065,804.8404193,190.2182815,-1915.54925,1077.505117,2.726239988,11.07081023,-6.488549578,62.71139963,-106.9986437,254.6606342,224.4612309,911.4999787,-2169.402851,53.04980787,-126.2604576,-512.7228607,46.84216193,-111.4860362,-452.7263761,-26.34892795
1935,305.9685272,15.03095681,14.46203506,2.702541476,2.426510861,-6.161767294,225.9296625,209.1504581,7.303730429,5.887954958,37.96737618,3395.938999,3024.741259,19.73863441,14.28718665,-233.9461368,217.3782244,40.62178419,36.47277994,-92.61725805,39.08424958,35.09228515,-89.11169464,6.557746243,-16.65243168,-14.95159526,3267.402701,3143.731502,610.5842836,109.7820566,548.2207799,88.50159665,-1392.126005,570.6859915,565.2377878,105.6268055,507.5058582,85.15181104,-1288.736452,549.0855255,17.72258121,15.91244248,-45.00388728,102.6084089,-36.28020828,92.12825066,587.4736673,527.4706223,-1339.434033,98.56920053,-250.3019813,-224.7367825,94.83835609,-240.8280508,-216.2304949,-40.40730632
1974,306.7737112,14.05486513,13.85330798,2.751991473,3.591516491,-4.972289289,197.5392337,191.9141421,7.57345707,12.8989907,24.72366078,2776.387287,2658.645717,20.84208928,46.32693783,-122.9331937,194.7063753,38.67886899,50.47827988,-69.88485533,38.12418545,49.75438408,-68.88265491,9.883822759,-13.68369773,-17.85805898,2736.571844,2697.327383,543.6262869,106.4439177,709.4654155,181.2935746,-982.2222161,347.4877177,528.1460827,104.9174333,689.2628062,178.6936909,-954.2526332,342.5044872,27.20019596,35.49791243,-37.65741947,68.03930365,-64.13751332,88.7954354,535.8302846,699.2911577,-968.1364243,138.9157958,-192.322526,-250.9926104,136.9236407,-189.564479,-247.393191,-49.14522605
2010,308.2907472,18.99217135,18.82742199,2.935032168,2.404841025,-5.691670325,360.7025727,354.4718187,8.614413829,5.783260356,32.39511109,6850.525067,6673.790514,25.2835817,13.90782176,-184.3822925,357.5736245,55.74263386,45.67315282,-108.0971781,55.25908918,45.2769568,-107.159479,7.058285769,-16.7052355,-13.6875623,6791.099548,6732.189521,1058.673654,163.6064235,867.4323446,109.8366717,-2053.000129,615.2535009,1040.386191,162.1872043,852.4483719,108.8838832,-2017.536732,609.9164269,20.71629578,16.97405518,-49.03040356,95.08069316,-32.91641135,77.90509217,1049.490091,859.9077218,-2035.191188,134.0521728,-317.268695,-259.9565286,132.8893247,-314.5165181,-257.7015114,-40.17343566
1963,211.7292498,14.76887488,13.81066171,-0.856677842,1.802557673,-8.867813543,218.1196651,190.7343768,0.733896925,3.249214164,78.63811704,3221.382043,2634.167954,-0.628713234,5.856895921,-697.3481593,203.9679347,-12.65216786,26.62174873,-130.9676287,-11.83128787,24.89451423,-122.4703729,-1.544211217,7.596859371,-15.98474534,3012.376907,2816.932146,-186.858284,10.83883186,393.173276,47.98723743,-1934.244521,1161.396511,-163.3979143,10.13560216,343.8097144,44.87379763,-1691.39689,1086.044432,1.322891533,-2.783529778,-6.508061092,-67.36753241,-28.81342537,141.7497412,-174.7348102,367.6639657,-1808.749614,-22.80626225,112.1970655,-236.0767039,-21.32657873,104.9176548,-220.7599104,13.69377715
1946,214.4797357,14.88094043,13.4157939,-0.935059898,-1.574097794,-9.790155477,221.4423882,179.983526,0.874337013,2.477783864,95.84714426,3295.270989,2414.62189,-0.817557479,-3.900274113,-938.3584443,199.6396299,-13.91457065,-23.4240555,-145.6867205,-12.54457088,-21.11777158,-131.3427081,1.471875723,9.154381784,15.41066213,2970.825441,2678.324129,-207.061897,13.01095702,-348.5719747,36.87175408,-2167.95541,1426.295644,-168.2953775,11.72992517,-283.3116711,33.24143764,-1762.066702,1285.865533,-1.376291964,-2.316876328,-8.5598953,-89.62282096,-24.25788926,-150.8727783,-186.675012,-314.2523009,-1954.503016,21.90289496,136.22581,229.3251453,19.74638134,122.8132993,206.7462671,-14.40989217
1961,229.0448493,14.18112116,12.52752681,0.429223465,1.389179649,-9.224554127,201.1041973,156.938928,0.184232783,1.929820097,85.09239885,2851.882987,1966.056628,0.079077033,2.680866805,-784.939439,177.6543755,6.086869961,19.70012491,-130.8145197,5.377108466,17.4029853,-115.5608491,0.596268502,-3.959395086,-12.81456286,2519.338223,2225.569952,86.31864039,2.612627416,279.3698582,27.36701261,-1855.096553,1206.705618,67.36187047,2.307981128,218.0163649,24.175873,-1447.691636,1065.997308,0.255932433,0.828324069,-1.699465278,36.52365428,-17.80172994,118.2086288,76.25342663,246.793843,-1638.782403,8.455755876,-56.14866142,-181.7248686,7.469769651,-49.60142809,-160.5347798,-5.500311075
1949,249.0768168,17.42441628,15.55526601,1.86903116,4.121622474,-5.020588932,303.6102827,241.9663006,3.493277478,16.98777182,25.20631322,5290.231952,3763.85017,6.529044458,70.01718212,-126.5505372,271.0414302,32.56677698,71.81686574,-87.48083151,29.07327687,64.11293397,-78.09659634,7.703440835,-9.383637156,-20.69297217,4722.738709,4216.121546,567.4570789,60.86832096,1251.366964,296.0020078,-1524.302425,439.2052944,452.2425555,54.33886041,997.2937424,264.2493095,-1214.81333,392.0909072,14.39797096,31.75067487,-17.53831024,47.11138484,-85.28861917,103.8909071,506.5848788,1117.13045,-1360.787605,134.2279599,-163.5044,-360.5629612,119.8290714,-145.9649721,-321.8846866,-38.67580979
1991,319.9961838,16.74408977,15.40456919,1.628026062,2.660625015,-6.368603064,280.3645422,237.300752,2.650468857,7.07892547,40.55910499,4694.449063,3655.515854,4.315032375,18.83436618,-258.3048403,257.9354894,27.25981452,44.54974409,-106.6364614,25.07904011,40.98578214,-98.10558657,4.331566864,-10.36825177,-16.94446462,4318.894989,3973.385094,456.4407814,44.37968848,745.9449142,118.5301635,-1785.530483,679.1252949,386.3318087,40.82933091,631.3683169,109.0477972,-1511.274296,624.7955393,7.051903743,11.52467515,-16.87978409,66.03127996,-45.08286644,107.9125693,419.925699,686.2696154,-1642.688748,72.52814442,-173.6069383,-283.7196367,66.72592148,-159.7184517,-261.0221777,-27.58603001
1942,127.1387607,16.1909584,14.65302989,0.121402465,5.983333017,-2.444328794,262.147134,214.711285,0.014738558,35.80027399,5.974743253,4244.413342,3146.170877,0.001789297,214.2049614,-14.60423697,237.2465974,1.965622256,96.87589599,-39.57602583,1.778913944,87.67395755,-35.81682288,0.726391375,-0.29674754,-14.62523318,3841.249791,3476.381484,31.82530818,0.238631386,1568.513602,579.640747,-640.7737879,96.73681948,26.06647919,0.215964537,1284.689121,524.5824849,-524.8249763,87.54809148,0.088185703,4.346241499,-0.036025883,0.725348557,-87.50764055,35.74887858,28.80232167,1419.5254,-579.9086894,11.76097254,-4.804627078,-236.796542,10.64383453,-4.348250575,-214.3039789,-1.775539354
1950,274.6675915,14.9098347,13.36791761,-0.83475151,5.692863859,-5.065175507,222.3031707,178.7012213,0.696810083,32.40869891,25.65600292,3314.503528,2388.863204,-0.581663269,184.4983108,-129.9521576,199.3134419,-12.44600703,84.87965909,-75.52092953,-11.15888941,76.10173505,-67.71084888,-4.752126702,4.228162903,-28.83535458,2971.730471,2664.40567,-185.5679074,10.38932316,1265.541686,483.2083436,-1126.004576,382.5267625,-149.1711143,9.314899786,1017.321724,433.236817,-905.1530493,342.9673333,3.96684494,-27.05321035,-3.529465367,-21.41638718,-164.155748,146.0561318,-166.3771965,1134.66429,-1009.557564,-70.85342359,63.04120996,-429.9303703,-63.52603824,56.52173334,-385.4686444,24.07035578
1984,212.0815988,16.36991406,14.78146089,2.014571237,-5.61970439,-13.42044627,267.9740863,218.491586,4.05849727,31.58107743,180.1083781,4386.712763,3229.624833,8.176131866,-177.4763194,-2417.134811,241.9712444,32.97835802,-91.99407789,-219.6915521,29.77830595,-83.06744064,-198.3738017,-11.32129482,-27.03644505,75.41894082,3961.048476,3576.688486,539.8528866,66.43725151,-1505.935149,516.9795234,-3596.331827,2948.358671,440.1668647,59.99051866,-1227.858125,466.8144608,-2932.254591,2662.264947,-22.80755492,63.62233022,-54.46684455,362.8411581,-423.8321528,-1012.155843,487.4683092,-1359.806864,-3247.362085,-185.3286233,-442.5842819,1234.60158,-167.3452767,-399.638155,1114.802124,151.9368289
1999,233.9488915,15.93514677,15.10934201,1.047852616,6.575677355,-3.642896498,253.9289027,228.2922158,1.097995104,43.23953267,13.2706949,4046.394334,3449.345166,1.150537042,284.3292158,-48.34376797,240.7695825,16.69768523,104.7843838,-58.05009038,15.83236354,99.35415807,-55.04176908,6.890340715,-3.817218624,-23.95451201,3836.698636,3637.869967,266.0800649,17.49671314,1669.754535,689.0282995,-925.0367104,211.470471,239.2165955,16.58998355,1501.175954,653.3208873,-831.6449137,200.5114679,7.22006154,45.30865741,-3.999882519,13.90573236,-157.5171422,87.26380791,252.2910368,1583.223091,-877.098669,109.7985906,-60.82793904,-381.7186647,104.1085144,-57.6756617,-361.9369145,-25.10079806
2001,212.8924464,14.45733798,13.60654821,-2.206041745,-4.384508477,-12.58131584,209.0146215,185.1381542,4.866620181,19.22391458,158.2895084,3021.795025,2519.091221,-10.73596728,-84.28741644,-1991.490299,196.7144662,-31.89349111,-63.38832092,-181.8923354,-30.01661336,-59.65802597,-171.1882806,9.672408731,27.75490796,55.16288596,2843.967524,2676.604869,-461.0949803,70.35837278,-916.4263796,277.9266304,-2629.678969,2288.444921,-408.4224968,66.21790212,-811.7398066,261.5711206,-2329.281593,2153.773827,-21.33773744,-42.40875807,-61.22848559,-349.1932633,-241.8621411,-694.0216912,-433.9603244,-862.4962447,-2474.926831,139.8372821,401.262085,797.5084863,131.6080957,377.6484933,750.5764674,-121.6916292
1998,211.4235001,15.77824205,14.85427013,-1.313717392,2.201819883,-3.921878156,248.9529221,220.6493411,1.725853385,4.848010796,15.38112827,3928.039464,3277.584918,-2.267283608,10.67444656,-60.32291097,234.3742696,-20.72815099,34.74084706,-61.88034283,-19.51431301,32.70642732,-58.25663755,-2.892569074,5.152239542,-8.635269302,3698.013955,3481.458712,-327.0537835,27.23093245,548.1494938,76.4930878,-976.3630271,242.6871648,-289.8708769,25.63629239,485.8301065,72.01366197,-865.3598311,228.4754342,3.800018299,-6.368916099,-6.768586693,-20.20645571,-19.01330764,33.86647404,-307.9015541,516.0499268,-919.1873282,-45.63965498,81.29328258,-136.2493692,-42.96700239,76.53275794,-128.2706229,11.34430346
2004,178.7640966,15.31785681,13.42850915,1.186242153,4.447858429,-4.429029366,234.6367373,180.3248581,1.407170445,19.78344461,19.61630112,3594.131944,2421.494008,1.669244899,87.99396085,-86.88117373,205.6959804,18.17068744,68.13165853,-67.84323764,15.92946361,59.72810763,-59.47526138,5.276237159,-5.253901331,-19.6996956,3150.821574,2762.190356,278.3359884,21.55483539,1043.63099,303.0399717,-1039.213,300.4796918,213.9089479,18.89620121,802.0594401,265.662167,-798.6640919,263.4176792,6.258894927,23.46795592,-6.232399226,23.26968328,-87.62145712,87.25053031,244.0052426,914.9066002,-911.0335376,80.8206453,-80.47850828,-301.7571164,70.85199899,-70.55206211,-264.5375427,-23.36860932
2016,192.0227694,16.68022073,15.10284785,2.216964326,7.728584118,1.158665132,278.2297637,228.0960131,4.914930824,59.73101246,1.342504887,4640.933872,3444.89938,10.8962263,461.6361543,1.555513602,251.9188358,36.97945432,128.914489,19.32679015,33.4824749,116.72363,17.49914319,17.13399528,2.568719263,8.954840935,4202.061787,3804.691846,616.8254605,81.98213102,2150.322132,996.3264724,322.3751258,22.39327786,505.680724,74.22945241,1762.859224,902.108393,264.2868971,20.27564705,37.9854563,132.4215238,5.69475897,2.976285443,69.20824142,10.37566195,558.495072,1946.975913,291.889571,285.7988233,42.84680431,149.3687234,258.7721237,38.79497619,135.2436001,19.8525629
1974,452.9029364,15.04932897,15.09357684,4.534832335,5.803027674,-2.901436209,226.4823026,227.8160619,20.56470431,33.67513018,8.418332074,3408.406678,3438.559235,93.25748605,195.4177124,-24.4252535,227.1482033,68.24618365,87.33167251,-43.664668,68.44684031,87.58844411,-43.79305037,26.31575754,-13.15752674,-16.83711461,3418.428037,3428.478861,1027.059269,309.4850004,1314.283069,506.7881124,-657.1239533,126.6902488,1033.107644,310.3949447,1322.022912,508.2781651,-660.9937709,127.062742,119.3375482,152.7110692,-59.6671777,38.1757245,-97.70624205,48.85181399,1030.079017,1318.14731,-659.0560218,396.0344924,-198.0119484,-253.3872768,397.1989085,-198.5941409,-254.1322832,-76.35349178
1941,438.4681593,17.41351258,16.21101862,-0.563351067,10.22264841,-0.867212537,303.2304204,262.7971248,0.317364425,104.5025405,0.752057585,5280.30674,4260.209085,-0.178787588,1068.292729,-0.652193766,282.2907768,-9.809920899,178.0122166,-15.10121643,-9.132494645,165.7195437,-14.05839859,-5.758939892,0.488545109,-8.865208863,4915.673992,4576.22104,-170.825181,5.526429409,3099.817974,1819.756303,-262.9652222,13.09596421,-148.0470408,5.144800606,2686.48261,1694.09263,-227.9009614,12.19161951,3.244304935,-58.87161771,-0.275222408,-0.423672443,-90.62591326,7.688020271,-159.0288104,2885.759359,-244.8061008,-100.2833723,8.507286393,-154.3744261,-93.35828184,7.919813853,-143.714066,4.994224875
1948,406.9967654,16.69748055,15.93436764,0.234153003,9.145107756,-2.59977777,278.8058569,253.904072,0.054827629,83.63299588,6.758844453,4655.355374,4045.800827,0.012838054,764.8327593,-17.57149356,266.0637938,3.909765223,152.7002589,-43.40973876,3.731080041,145.7215091,-41.42581476,2.141354448,-0.608745773,-23.77524785,4442.595023,4239.558305,65.28322878,0.91548327,2549.709604,1396.460322,-724.8332688,112.8556738,59.45240105,0.873643598,2321.980098,1332.638903,-660.094162,107.6979123,0.501404576,19.58291718,-0.142539651,1.582603729,-217.4272035,61.81036083,62.29963643,2433.182064,-691.7067364,35.75522426,-10.16452071,-396.9867386,34.12112902,-9.699978948,-378.8435399,-5.567045692
1943,402.7573754,19.23483781,18.77935675,2.607817868,5.601486443,-4.394445413,369.9789856,352.6642401,6.800714031,31.37665037,19.31115049,7116.485781,6622.807578,17.73502356,175.7558817,-84.86179669,361.2178813,50.16095372,107.7436832,-84.52644479,48.97314208,105.1923123,-82.52485815,14.60765643,-11.45991327,-24.61542641,6947.967362,6783.439459,964.8378093,130.8106314,2072.432272,603.5247809,-1625.852456,371.4468476,919.6841065,127.713035,1975.44396,589.233311,-1549.763752,362.6509843,38.09410745,81.82458946,-29.88536658,50.35996329,-137.8829773,108.1711477,941.9904451,2023.357065,-1587.352262,280.9759023,-220.429573,-473.4737346,274.3223915,-215.2097996,-462.2618741,-64.1925488
1980,474.6420701,16.43357816,15.51632355,0.932318767,8.349228267,-3.096370725,270.0624912,240.7562965,0.869218283,69.70961265,9.587511668,4438.093057,3735.652592,0.810388518,582.0214684,-29.68649046,254.9887158,15.32133333,137.2076953,-50.88445033,14.46615964,129.5493272,-48.04429,7.784142203,-2.886804537,-25.85230598,4190.376991,3956.487416,251.7843288,14.2843666,2254.813385,1145.578368,-836.2135916,157.5571224,224.4616135,13.48707212,2010.129276,1081.636904,-745.4707483,148.7629331,7.257301861,64.99158012,-2.691422046,8.938617057,-215.8468039,80.04832343,237.7307651,2128.958994,-789.5395949,127.9213093,-47.44052799,-424.845891,120.781269,-44.79259321,-401.1327441,-24.10259004
1931,433.7538408,18.09382913,16.51710279,0.704033548,6.677605473,-3.579632941,327.3866528,272.8146846,0.495663236,44.59041486,12.81377199,5923.678156,4506.108188,0.348963547,297.7571983,-45.86860033,298.8576357,12.73866272,120.8234525,-64.7692668,11.62859447,110.294696,-59.12516524,4.701258272,-2.520181679,-23.90337652,5407.478996,4936.262288,230.4911866,8.968445905,2186.158904,806.8113475,-1171.924047,231.850201,192.0706902,8.186920623,1821.748831,736.5044657,-976.5764317,211.6463892,3.309843539,31.39314797,-1.774292448,9.021325356,-159.6173179,85.56531401,210.4058015,1995.653384,-1069.800637,85.06376388,-45.59973669,-432.5036105,77.65116611,-41.62609984,-394.814527,-16.82877897
1988,457.116799,15.5112292,12.2621807,1.076913172,7.452076302,-1.840090162,240.5982312,150.3610755,1.159741979,55.53344121,3.385931806,3731.974309,1843.754679,1.248941413,413.8394412,-6.230419806,190.2014953,16.70424703,115.5908635,-28.54206025,13.20530391,91.37870621,-22.56351808,8.025239125,-1.981617333,-13.71249229,2950.258987,2332.285105,259.1034042,17.98902365,1792.956377,861.3919347,-442.7224383,52.51996429,161.9258227,14.22096571,1120.502208,680.961091,-276.6779359,41.51890764,8.642485718,59.8046943,-2.134029807,3.64635456,-102.1865389,25.23222217,204.8304955,1417.396056,-349.9879004,124.4813234,-30.73732063,-212.6976108,98.40693231,-24.29894981,-168.1450583,-14.76716356
1998,430.0738281,18.40211494,17.92566647,0.821346187,5.933411017,-1.962358946,338.6378341,321.3295185,0.674609559,35.2053663,3.850852632,6231.652344,5760.045778,0.554087989,208.8879082,-7.556755111,329.8701747,15.11450694,109.1873115,-36.11155486,14.72317781,106.3603469,-35.17659196,4.873384515,-1.611776038,-11.64348219,6070.308869,5913.142732,278.1388938,12.41424264,2009.277456,647.8531969,-664.5289831,70.86383273,263.9227748,12.09282595,1906.580105,631.0796543,-630.5638552,69.02909992,4.002735789,28.91579337,-1.323826103,3.162883126,-69.08556549,22.84869143,270.9376102,1957.255329,-647.3236884,89.68058197,-29.6600879,-214.2646975,87.35866541,-28.89215968,-208.7171783,-9.563329699
2000,402.6358178,16.6271383,16.80454337,2.812663688,9.207893468,-2.443695821,276.4617281,282.3926778,7.911077021,84.78530211,5.971649267,4596.767387,4745.480002,22.25119907,780.6940295,-14.59289436,279.4114667,46.76654813,153.1009181,-40.63166838,47.26552892,154.7344451,-41.06519241,25.8987076,-6.873294501,-22.50129079,4645.813099,4695.382109,777.5938636,131.5385717,2545.63014,1409.736944,-675.5883696,99.29143824,794.2756307,132.9420369,2600.241694,1424.778286,-690.0818068,100.3508391,72.84435442,238.4725405,-19.33226586,16.79624105,-207.1894885,54.98631028,785.8904863,2572.791019,-682.7966335,430.621393,-114.2832182,-374.1320739,435.215955,-115.5025755,-378.1239169,-63.28856353
2018,410.9627251,19.87286332,19.89621935,2.141527863,7.093737791,-4.439310057,394.9306964,395.8595445,4.58614159,50.32111584,19.70747378,7848.403748,7876.10833,9.821349999,356.9648011,-87.48758658,395.3948477,42.55829052,140.9728815,-88.22180199,42.60830812,141.1385631,-88.32548667,15.19143713,-9.506906182,-31.49130152,7857.627764,7866.862621,845.7550904,91.13976496,2801.534806,1000.024657,-1753.219812,391.6439328,847.7442446,91.24687905,2808.123811,1001.199959,-1757.343257,392.1042213,32.53288591,107.7640717,-20.35930448,42.20410423,-223.3910356,139.7996515,846.7490834,2804.827373,-1755.280324,301.8973537,-188.9294471,-625.8223307,302.2521655,-189.1514908,-626.5578427,-67.43949965
2011,451.3175571,19.19526318,18.15229872,-0.229083061,2.573355901,-6.262464851,368.4581284,329.5059487,0.052479049,6.622160593,39.21846601,7072.650745,5981.29041,-0.012022061,17.04117604,-245.6042649,348.4381511,-4.397309651,49.39624376,-120.2096609,-4.158384159,46.71232502,-113.6781327,-0.589512248,1.434624619,-16.11555088,6688.362012,6324.953404,-84.40751601,1.007349156,948.173899,127.1141154,-2307.456078,752.8087764,-75.48423144,0.952615373,847.9360775,120.2074372,-2063.519422,711.9053102,0.13504727,-1.517024821,-0.3286482,-8.984286252,-41.47104795,100.9230709,-79.82127833,896.6553723,-2182.081674,-11.31584274,27.53799713,-309.3422403,-10.70100241,26.04173463,-292.5342935,3.691799729
2010,427.8393539,20.75926904,19.93866336,3.644642303,5.09850109,-4.448694875,430.947251,397.5502966,13.28341752,25.99471337,19.79088609,8946.149924,7926.621532,48.41330543,132.5340745,-88.04361354,413.9120769,75.66011012,105.8411558,-92.35165378,72.66929596,101.6572969,-88.70102951,18.58221276,-16.21390154,-22.68167567,8592.512163,8252.853563,1570.648582,275.754038,2197.185029,539.6312484,-1917.152827,410.8443289,1448.928629,264.8535902,2026.910621,518.299839,-1768.579967,394.6038154,67.72551871,94.74143201,-59.09387145,72.13070068,-115.6425482,100.9038543,1508.561466,2110.331176,-1841.368536,385.753154,-336.5887442,-470.8550075,370.5044847,-323.2835245,-452.2422957,-82.66659467
1944,551.5241219,18.60904342,16.80422647,-1.117604007,5.336084646,-5.293510012,346.2964969,282.3820272,1.249038718,28.47379935,28.02124825,6444.246546,4745.211535,-1.395930676,151.9386035,-148.3307582,312.7105799,-20.7975415,99.29943086,-98.50715765,-18.78047084,89.66877485,-88.95334106,-5.963629585,5.916048004,-28.2466175,5819.244759,5254.859404,-387.0223527,23.24341572,1847.86742,529.8701684,-1833.123974,521.4486253,-315.5912852,20.98912948,1506.8144,478.4801727,-1494.792088,470.8754016,6.664976323,-31.82243226,-6.611798957,-31.31665934,-150.726342,149.5237526,-349.4865973,1668.650124,-1655.336586,-110.9774419,110.0919942,-525.6425315,-100.2141821,99.41461045,-474.6625575,31.56853292
1929,389.19218,15.32093632,14.38871487,2.046227381,8.011175679,-2.54347014,234.7310896,207.0351155,4.187046494,64.17893577,6.469240352,3596.300075,2978.969244,8.567649182,514.1487293,-16.45431966,220.4485841,31.35011939,122.7387124,-38.96834403,29.44258233,115.2705226,-36.59726661,16.39268703,-5.204518243,-20.37618613,3377.478718,3171.97182,480.3131827,64.14947269,1880.471996,983.2813877,-597.0315173,99.11481945,423.6409221,60.24621814,1658.594682,923.4524071,-526.5876342,93.08405483,33.54316504,131.3246956,-10.64962773,13.23753674,-163.2372067,51.82622098,451.0879289,1766.052336,-560.7043911,251.151314,-79.73809255,-312.18225,235.8696995,-74.88632901,-293.1871322,-41.69430997
1946,375.086675,16.75539503,15.58977588,1.951204717,2.660297965,-6.885349371,280.7432625,243.0411119,3.807199849,7.077185265,47.40803596,4703.964263,3788.956464,7.428626307,18.82742156,-326.4208905,261.2128532,32.69320582,44.5743433,-115.3667486,30.41884424,41.47344905,-107.3410535,5.19078594,-13.43472617,-18.31708092,4376.724541,4072.249838,547.7875781,63.79113742,746.8607299,118.5810348,-1933.015446,794.3403698,474.2229641,59.35339237,646.5617755,110.3317321,-1673.422967,739.0806554,10.12828601,13.80903727,-26.21390109,92.5027834,-48.72889311,126.1195016,509.6797514,694.9040219,-1798.541754,86.97366892,-225.1041441,-306.9099266,80.92318943,-209.44437,-285.5591863,-35.7403747
1987,349.5662663,17.87698314,17.17278545,1.557152431,4.814069541,-2.452838949,319.5865263,294.9045603,2.424723694,23.17526555,6.016418908,5713.242944,5064.332743,3.775664396,111.56734,-14.75730663,306.9975961,27.83718777,86.06104004,-43.84936054,26.74064462,82.6709834,-42.12207702,7.496240091,-3.819444132,-11.80813727,5488.190851,5272.003853,497.6449365,43.34674461,1538.511762,414.3038316,-783.8942792,107.5554194,459.211353,41.63925979,1419.691061,397.9838631,-723.3533916,103.3186711,11.67278848,36.0874211,-5.947456717,9.36848133,-56.84519398,28.96345901,478.0420532,1477.907777,-753.0156609,134.0101577,-68.28013837,-211.093871,128.7313228,-65.59049464,-202.778608,-18.38706966
1932,334.8587333,17.26707551,16.42360686,6.254286366,10.85645493,1.632941938,298.1518966,269.7348624,39.11609795,117.8626137,2.666499372,5148.211311,4430.019336,244.6432781,1279.570154,4.354238653,283.5876598,107.9932349,187.4592271,28.19613174,102.7179405,178.3021477,26.81879642,67.89937806,10.2128865,17.72796056,4896.729535,4657.532235,1864.727342,675.4206168,3236.872628,2035.14265,486.8647358,46.04264601,1686.999072,642.4274146,2928.364377,1935.729231,440.4613689,43.79353739,424.6621545,737.1465379,63.87431678,16.67705067,192.4628048,28.94873026,1773.638434,3078.756648,463.0821827,1172.423688,176.3466823,306.1100335,1115.152691,167.7324328,291.1570546,110.875742
1941,409.9578508,17.38683301,16.11840979,0.007695219,9.316485529,-0.913989319,302.3019621,259.8031341,5.92E-05,86.79690261,0.835376475,5256.073735,4187.613379,4.56E-07,808.6420871,-0.763525175,280.2480994,0.133795482,161.9841781,-15.89137966,0.124034688,150.1669315,-14.73205438,0.071692393,-0.007033348,-8.515168261,4872.626906,4517.153708,2.326279704,0.001029585,2816.391856,1509.123252,-276.3007644,14.52455127,1.999241929,0.000954474,2420.452139,1399.028045,-237.4572895,13.46494035,0.000551689,0.667921146,-5.41E-05,0.006428405,-79.33144188,7.782772838,2.156570408,2610.927362,-256.1437694,1.246503672,-0.122287641,-148.0518086,1.155567376,-0.11336638,-137.2509714,-0.065526082
1947,426.5322004,16.81246918,15.82849996,3.143620238,10.04278032,-1.391955876,282.6591199,250.5414111,9.882348201,100.8574365,1.937541161,4752.197742,3965.694716,31.0663498,1012.889078,-2.696971805,266.1161678,52.85201836,168.8439345,-23.40221527,49.75879282,158.9621479,-22.03257354,31.57068745,-4.375780663,-13.97910707,4474.069869,4212.219752,888.5729298,166.1466745,2838.683446,1695.662542,-393.4490229,32.57485106,787.6070504,156.4227481,2516.132352,1596.42193,-348.7425894,30.6683702,99.24625199,317.0574785,-13.75579265,6.090893607,-140.3891014,19.45830024,836.5681708,2672.546212,-370.4219635,530.7812097,-73.56767753,-235.0233069,499.7166251,-69.26204406,-221.2682958,-43.94500391
1998,412.9295814,18.24325418,17.62116523,0.571836274,5.19598422,-2.172940309,332.816323,310.505464,0.326996724,26.99825201,4.721669586,6071.652775,5471.468086,0.186988588,140.2824914,-10.25990617,321.4673962,10.43215449,94.79166082,-39.64150237,10.07642146,91.55929646,-38.28974022,2.971252254,-1.242566089,-11.29056356,5864.611418,5664.630104,190.316446,5.965484349,1729.308362,492.5359738,-723.1900037,86.1386184,177.5582875,5.762063301,1613.381491,475.7406595,-674.7098389,83.20131993,1.699069817,15.43857983,-0.710544362,2.700021942,-58.66559006,24.53372066,183.8267179,1670.339518,-698.5294632,54.2053101,-22.668449,-205.9766208,52.35692691,-21.89546236,-198.9528859,-6.456353791
1955,274.110415,14.03593942,12.28408011,-0.824184359,2.361367347,-5.503947426,197.0075955,150.8986241,0.679279858,5.576055749,30.29343726,2765.186677,1853.650787,-0.559851834,13.16711597,-166.733486,172.4186043,-11.56820174,33.14400905,-77.25307266,-10.12434669,29.00722566,-67.61093109,-1.946202034,4.536267382,-12.99684173,2420.057085,2118.003947,-162.3705789,9.534330936,465.2073033,78.26518073,-1084.319448,425.1968504,-124.3682858,8.34432819,356.3270838,68.49671552,-830.5380937,372.1270101,1.604029276,-4.595697934,-3.738720625,-24.96737718,-30.69031769,71.5339336,-142.1047169,407.1436623,-948.9829332,-27.31677385,63.67077418,-182.4228833,-23.90730169,55.72387191,-159.654245,10.71179367
1925,153.8602799,16.15519796,14.73124042,-1.842287114,-2.351651055,-11.6746222,260.9904212,217.0094443,3.39402181,5.530262685,136.2968035,4216.351922,3196.818298,-6.252762645,-13.00524808,-1591.213688,237.9861053,-29.76251303,-37.99138834,-188.6058328,-27.1391744,-34.64273708,-171.9816665,4.332416435,21.50800604,27.45463761,3844.712643,3505.830533,-480.8192899,54.83109424,-613.7583995,89.34248846,-3046.964566,2201.901843,-399.7937029,49.99815128,-510.3304887,81.4676292,-2533.503277,2007.820981,-7.981554971,-10.18833168,-39.62392237,-251.0978448,-64.56372751,-320.5225218,-438.438735,-559.6602755,-2778.397868,69.99104517,347.4660954,443.5351057,63.82186811,316.839608,404.4408674,-50.5793251
1961,227.3942027,14.84060356,12.73774806,-0.350133694,1.209203562,-9.907603389,220.2435141,162.2502256,0.122593604,1.462173255,98.16060491,3268.546681,2066.702495,-0.042924151,1.768065109,-972.5363418,189.0358692,-5.196195352,17.9453107,-147.0348142,-4.459914785,15.40253033,-126.2005558,-0.423382911,3.468985776,-11.98030931,2805.406394,2407.891276,-77.11467525,1.819363075,266.3192419,21.69953362,-2182.085387,1456.762623,-56.80927088,1.56156644,196.1935508,18.62479454,-1607.510885,1250.345054,0.148240623,-0.511956124,-1.214608805,-34.36933523,-14.4866327,118.6961531,-66.18782724,228.5828465,-1872.892418,-6.28325793,51.48184267,-177.7950211,-5.392944846,44.18706683,-152.6021617,4.194709959
1979,188.1657579,15.6143611,13.41714463,-1.406129982,-0.306624857,-9.282159146,243.8082725,180.0197701,1.977201525,0.094018803,86.15847842,3806.910407,2415.351291,-2.780202345,-0.028828502,-799.7367085,209.5001412,-21.95582129,-4.787751233,-144.9349847,-18.86624934,-4.114030049,-124.5400718,0.431154404,13.05192227,2.846140717,3271.210855,2810.893695,-342.8261218,30.87273859,-74.75767661,1.468043536,-2263.067187,1345.309594,-253.131196,26.52839883,-55.19853619,1.261463874,-1670.972155,1156.000766,-0.606259134,-0.132202657,-18.35269922,-121.1500197,-0.872697489,-26.41833109,-294.5844297,-64.23795076,-1944.613652,6.732200554,203.7974274,44.4406689,5.784860997,175.1195288,38.18708165,-4.002043795
1937,178.0757343,15.90929198,14.48519294,-3.43732921,4.510804814,-5.131492732,253.1055712,209.8208145,11.8152321,20.34736007,26.33221765,4026.730433,3039.294981,-40.61284242,91.78296974,-135.1235835,230.4491638,-54.68547403,71.76371083,-81.63841614,-49.79037681,65.33987804,-74.33066229,-15.50512115,17.63862986,-23.14716212,3666.283033,3338.100601,-870.0071731,187.9719772,1141.709829,323.7120923,-1298.809399,418.9269391,-721.2232146,171.1459166,946.4607401,294.7354364,-1076.693985,381.4272533,53.29620583,-69.94057511,-60.62977764,-90.51250092,-104.4123303,118.7794942,-792.1296423,1039.511197,-1182.548209,-246.6754995,280.6181125,-368.2549605,-224.5946714,255.4989567,-335.2911093,79.56441648
1935,259.2489612,14.2738934,13.06860518,1.780554368,-0.602168383,-8.809301417,203.7440328,170.7884413,3.170373856,0.362606762,77.60379146,2908.220604,2231.966708,5.645023016,-0.218350328,-683.6351901,186.5398772,25.41544323,-8.595287313,-125.7430294,23.26936203,-7.869500854,-115.1252821,-1.072193545,-15.68544011,5.304682794,2662.650322,2437.816005,362.7773274,45.25357845,-122.6882148,5.175810267,-1794.842597,1107.708247,304.0981051,41.43236419,-102.8433996,4.738764608,-1504.526858,1014.173311,-1.9090989,0.645641054,-27.9287789,138.1777698,-3.194312262,-46.73054965,332.1443931,-112.3284163,-1643.286005,-15.30437637,-223.8923001,75.71847671,-14.01207412,-204.9868239,69.32480503,9.445276117
1980,225.1320256,14.90120539,13.47515682,-1.894483374,4.764603736,-5.939760206,222.0459221,181.5798514,3.589067255,22.70144877,35.2807513,3308.751891,2446.816974,-6.799428243,108.1634076,-209.5592026,200.7960795,-28.23008587,70.99833888,-88.50958679,-25.52846057,64.20378255,-80.03920027,-9.026462563,11.25277696,-28.30060367,2992.103622,2705.758661,-420.6623077,53.48142832,1057.96083,338.2789507,-1318.899532,525.7257215,-344.0000096,48.36324411,865.1560386,305.9055822,-1078.540776,475.4136567,17.10048325,-43.00751725,-21.31819886,-66.83879677,-134.841162,168.0987995,-380.4048342,956.7137506,-1192.680562,-134.5051726,167.6799406,-421.7131079,-121.6329986,151.6329342,-381.3550727,53.61502313
1992,220.7491449,13.86775039,10.73277586,-3.415529076,3.581873386,-5.208408664,192.314501,115.1924777,11.66583887,12.82981695,27.12752081,2666.969496,1236.335045,-39.84501186,45.9547799,-141.2912144,148.8394567,-47.36570469,49.67252606,-72.2289113,-36.65810803,38.44344423,-55.9006828,-12.2339927,17.78947123,-18.65586038,2064.068434,1597.460528,-656.8557698,161.7789416,688.8461928,177.9206991,-1001.652513,376.1976874,-393.4432571,125.2068339,412.6048703,137.6995497,-599.9694991,291.1536006,41.78555778,-43.82061285,-60.76045625,-92.6548361,-66.82292978,97.16734482,-508.3654921,533.1240888,-775.2167158,-169.657957,246.6999467,-258.7148151,-131.3047015,190.9304075,-200.229168,63.71963356
1996,238.8874575,16.21738075,15.35128291,-5.150994378,0.80851723,-8.479979624,263.0034384,235.661887,26.53274308,0.653700111,71.91005443,4265.2269,3617.7123,-136.6700105,0.528527803,-609.7957964,248.9576,-83.53563708,13.11203176,-137.5230583,-79.07437198,12.41177674,-130.1785663,-4.164667707,43.68032737,-6.856209637,4037.44019,3821.818551,-1354.729233,430.291597,212.6428115,10.6013036,-2230.263799,1166.192733,-1213.893055,407.3116455,190.5366961,10.03513535,-1998.408,1103.91159,21.45217995,-3.367205598,-224.9971207,-370.4082861,-5.543363624,58.14051802,-1282.379198,201.2865092,-2111.155375,-67.5400019,708.3805004,-111.1897622,-63.9329922,670.5490632,-105.2516138,35.3162973
2015,236.7796752,15.78372897,15.49554141,-5.034962442,2.81954068,-3.988280127,249.1261003,240.1118035,25.35084679,7.949809648,15.90637837,3932.138846,3720.662394,-127.6405615,22.4148117,-63.43909276,244.5774259,-79.47048257,44.50286592,-62.94993259,-78.01946901,43.69030936,-61.80055986,-14.19628143,20.08084065,-11.24511806,3860.343802,3789.85963,-1254.340558,400.130895,702.4211742,125.4776409,-993.5846748,251.0619652,-1208.953913,392.8250962,677.0049978,123.1866046,-957.6331343,246.4779447,71.47774382,-40.026993,-101.1062785,-80.0880177,-31.70606783,44.8486809,-1231.438153,689.5960017,-975.4432871,-224.0702585,316.9505463,-177.4898958,-219.9790667,311.1634978,-174.2491926,56.61874711
2013,247.7006905,16.12612909,14.57360692,-1.92752804,4.31606184,-3.860605293,260.0520395,212.3900185,3.715364344,18.62838981,14.90427323,4193.632759,3095.288643,-7.16146895,80.40128239,-57.53951609,235.0158664,-31.08356599,69.6013704,-62.25661932,-28.09103597,62.90058868,-56.26294399,-8.319330218,7.441424951,-16.66261118,3789.896201,3425.028856,-501.2575978,59.91444503,1122.400684,300.4038188,-1003.95828,240.348234,-409.387716,54.14625949,916.6884541,271.4828305,-819.9540296,217.2090193,16.03574227,-35.90674369,-14.34355525,-28.72840455,-71.91686028,64.32776492,-452.9996723,1014.343013,-907.3034978,-134.158593,120.0013794,-268.7034189,-121.2426484,108.4484021,-242.8343456,32.11765027
2018,201.2270661,18.04946059,17.54024165,-2.052490342,1.937783949,-8.572986243,325.7830276,307.6600772,4.212716606,3.755006635,73.49609313,5880.207918,5396.4321,-8.646560149,7.276391587,-630.0809953,316.5919004,-37.04634355,34.97595503,-154.7377773,-36.00117659,33.98919874,-150.3722504,-3.977282842,17.59597147,-16.61259514,5714.31303,5553.098438,-668.6665179,76.03726235,631.2971219,67.77584427,-2792.933414,1326.564836,-631.4693371,73.89206727,596.1787594,65.86372377,-2637.565609,1289.139234,8.163334622,-7.707114853,-36.11556151,-150.8500214,-32.19162022,142.4195496,-649.8018181,613.4867031,-2714.138007,-71.78780991,317.5977936,-299.8483813,-69.76250216,308.6375917,-291.3889332,34.09719109
2010,268.6793544,17.72667255,17.03085708,1.591727098,0.054749491,-7.293004218,314.2349195,290.0500929,2.533595153,0.002997507,53.18791053,5570.339521,4939.801678,4.03279206,0.000164112,-387.8996559,301.9004266,28.21602504,0.970526298,-129.2806977,27.10847671,0.932430755,-124.2061125,0.087146248,-11.60847244,-0.399288268,5351.690004,5141.623018,500.1762365,44.91221165,17.20420188,0.053135821,-2291.716594,942.8446734,461.6805925,43.14929695,15.88009493,0.051050109,-2115.336551,905.8357026,0.138713045,0.004771213,-18.47752014,84.66063846,-0.021860829,2.912011025,480.5430898,16.52889467,-2201.761085,1.544813007,-205.7795897,-7.078052384,1.4841753,-197.702235,-6.800221431,-0.635557956
1954,430.3352046,19.23257032,17.00369419,-0.716239684,8.838971395,-4.202706193,369.891761,289.1256161,0.512999285,78.12741531,17.66273934,7113.969303,4916.203558,-0.367430445,690.5659891,-74.23130403,327.0247441,-13.77513008,169.9961389,-80.82884238,-12.17872055,150.2951665,-71.46153087,-6.330822076,3.010144955,-37.14759982,6289.526387,5560.628741,-264.9311579,9.866294813,3269.462694,1502.591009,-1554.546395,339.6998764,-207.0832398,8.722882954,2555.57305,1328.454678,-1215.110017,300.3318184,4.534386002,-55.95795524,-2.15598527,-12.65075484,-328.3465722,156.1204478,-234.2280993,2890.562359,-1374.388917,-121.7579807,57.8928245,-714.4438256,-107.6473625,51.18358427,-631.6464272,26.60658515
1944,344.0675019,19.24752446,16.93062009,-1.526916003,4.964294661,-5.647053219,370.467198,286.6458967,2.33147248,24.64422148,31.88921006,7130.576457,4853.092778,-3.559962641,122.3411771,-180.0800663,325.8725244,-29.38935312,95.55038293,-108.691795,-25.85163476,84.04858692,-95.6081127,-7.580060961,8.622575931,-28.03363614,6272.239386,5517.223909,-565.6722932,44.8750736,1839.108333,474.3402558,-2092.047983,613.7883508,-437.6842069,39.47327482,1422.994694,417.2419513,-1618.704634,539.9041006,11.57411639,-37.62965616,-13.16594918,-48.69214517,-139.1672302,158.3074352,-497.5799725,1617.727233,-1840.219488,-145.8974088,165.9632412,-539.5780975,-128.3351324,145.9855573,-474.6268434,42.80500765
1955,349.8762614,15.45855875,13.72116963,1.16678742,6.585989368,-2.635884975,238.9670385,188.270496,1.361392884,43.37525596,6.9478896,3694.086004,2583.291411,1.588456092,285.6689746,-18.3138378,212.1095068,18.03685188,101.8099036,-40.74698273,16.00968812,90.36747729,-36.16742486,7.684449546,-3.07551743,-17.35991042,3278.907271,2910.390522,278.8237344,21.04517188,1573.834375,670.5189424,-629.8896263,107.4043596,219.6716463,18.6799027,1239.947485,595.1592447,-496.2593715,95.33317176,8.966119063,50.60970301,-3.588475049,8.106710184,-114.3321855,45.75872704,247.4867042,1396.950957,-559.0962619,118.7905147,-47.54306687,-268.3591951,105.4396357,-42.19969635,-238.1982756,-20.2553251
1967,323.2937053,17.48696093,16.94448445,1.827176701,7.199730302,-3.696964602,305.7938026,287.1155532,3.338574695,51.83611643,13.66754727,5347.404278,4865.025026,6.100165897,373.2060582,-50.52843844,296.3075375,31.95176758,125.9014025,-64.64867555,30.96056719,121.9957181,-62.6431592,13.15517946,-6.755007584,-26.61714807,5181.518332,5020.778462,558.7393113,58.38152526,2201.632907,906.4561427,-1130.508864,239.0038651,524.6108492,56.57042701,2067.154549,878.3362687,-1061.456037,231.5895421,24.0368374,94.71374419,-12.34259247,24.97302392,-191.6362875,98.40265422,541.4062288,2133.334357,-1095.438478,230.0441092,-118.1245537,-465.4530284,222.9077338,-114.460121,-451.0138516,-48.63423279
1982,331.2626534,15.29338764,14.62890607,2.929141672,4.78220338,-5.534011656,233.8877054,214.0048928,8.579870933,22.86946917,30.62528501,3576.935341,3130.657475,25.13165749,109.3664528,-169.4806842,223.7255312,44.79649902,73.13609004,-84.63378543,42.85013838,69.95840405,-80.9565367,14.0077512,-16.20990415,-26.46476925,3421.521272,3272.859781,685.0902243,131.215292,1118.498575,349.751657,-1294.337288,468.3643551,626.8506493,125.514126,1023.414922,334.5553163,-1184.305571,448.0144177,41.03068777,66.98791515,-47.48110575,89.70579852,-126.5599089,146.4563415,655.3237764,1069.900991,-1238.099697,214.225969,-247.9043477,-404.7359748,204.9180766,-237.1331652,-387.1506234,-77.51905843
1928,322.5365938,15.31845137,15.29259896,2.603851125,6.01889306,-5.752184504,234.6549522,233.8635829,6.780040681,36.22707367,33.08762656,3594.550474,3576.381985,17.65421655,218.0468823,-190.3261328,234.2589334,39.88696682,92.20012061,-88.11455857,39.819651,92.04451774,-87.96585075,15.67230146,-14.97783209,-34.62178339,3588.484078,3582.427921,611.0065614,103.8597234,1412.363064,554.9426661,-1349.77858,506.8511983,608.9459534,103.6844431,1407.599896,554.006109,-1345.226478,505.9958035,40.8083398,94.32990652,-39.00004494,86.15525365,-208.3848118,199.1508859,609.9753873,1409.979468,-1347.500607,240.0753878,-229.4371924,-530.352105,239.6702211,-229.0499794,-529.4570486,-90.14996962
2012,392.1924205,16.65854849,13.42040279,3.35191381,8.773497743,-0.716843475,277.5072377,180.107211,11.23532619,76.97426265,0.513864567,4622.867775,2417.111317,37.659845,675.3335196,-0.368360462,223.5644306,55.83801872,146.1537376,-11.94157178,44.98403344,117.7438736,-9.620328166,29.40800824,-2.402797542,-6.289224607,3724.258907,3000.324708,930.1803423,187.1642261,2434.709124,1282.279487,-198.9292525,8.560237807,603.7038478,150.7826029,1580.170209,1033.025609,-129.1086789,6.896269469,98.57310895,258.011094,-8.053970262,1.722429739,-55.17849789,4.508389619,749.3687022,1961.442027,-160.2607032,489.8947312,-40.02711936,-104.7693531,394.6673159,-32.24651083,-84.40392745,-21.08093881
2004,331.5753383,16.86130092,16.57680239,4.163751968,7.595753383,-2.119484883,284.3034688,274.7903776,17.33683045,57.69546945,4.492216168,4793.72634,4555.14579,72.1862619,438.2405572,-9.521184258,279.5064535,70.20627489,128.0742835,-35.73727241,69.02169359,125.9133029,-35.13428208,31.62683309,-8.825009351,-16.09908447,4712.842422,4633.323247,1183.769127,292.3215152,2159.499035,972.8206722,-602.5769041,75.74460861,1144.158976,287.3892125,2087.23994,956.4063961,-582.4140513,74.46657973,131.6862885,240.2296244,-36.74515005,18.70447391,-122.2846753,34.12176615,1163.795546,2123.06209,-592.4097028,533.26955,-148.8011383,-271.4515078,524.2717626,-146.2904361,-266.8713419,-67.03259463
1966,339.5925977,14.93504965,14.08551949,2.673673069,11.50520059,-1.052764801,223.0557082,198.4018592,7.148527681,132.3696407,1.108313726,3331.348077,2794.593254,19.11282595,1522.939268,-1.166793679,210.3679329,39.93144005,171.8307421,-15.72309458,37.66007412,162.0567271,-14.82873912,30.76114498,-2.814748897,-12.11227021,3141.855524,2963.141619,596.3780399,106.7636159,2566.300666,1976.947156,-234.8251982,16.55272053,530.4617078,100.690726,2282.653188,1864.495153,-208.8704938,15.61117459,82.24524491,353.9131434,-7.525718322,2.963268562,-139.3540984,12.75137174,562.4550769,2420.325267,-221.467955,459.4192277,-42.03841454,-180.897357,433.286707,-39.64720043,-170.6076181,-32.38425067
1987,316.7584397,18.44097629,17.41242013,2.329273523,6.710788847,-1.990601521,340.0696067,303.1923748,5.425515145,45.03468695,3.962494416,6271.215555,5279.313009,12.63750878,302.2182749,-7.887747412,321.1020268,42.95407782,123.753498,-36.70863546,40.55828918,116.8510748,-34.66119,15.63126278,-4.636655418,-13.35850649,5921.434864,5591.163395,792.1151308,100.0517962,2282.135324,830.4835944,-676.9430763,73.07226559,706.2179709,94.47134913,2034.660007,784.1628895,-603.5352024,68.99661753,36.40948653,104.8981039,-10.8000387,9.229733328,-89.64611635,26.59146333,747.9344493,2154.8479,-639.186183,288.2557464,-85.50445265,-246.3439014,272.1781147,-80.73539214,-232.6039272,-31.11561547
1973,369.941785,17.74165303,17.84940516,1.797282726,5.854086141,-2.749284488,314.7662524,318.6012646,3.230225197,34.27032455,7.558565196,5584.473637,5686.843057,5.805627947,200.621432,-20.78064605,316.6779532,31.88676653,103.8611652,-48.77685148,32.08042757,104.4919554,-49.07309273,10.5214479,-4.941241519,-16.09454822,5618.39037,5652.513093,565.7239481,57.30953467,1842.668756,608.0122075,-865.3819751,134.1014411,572.6165494,57.6575983,1865.119248,611.7049079,-875.9255147,134.9158926,18.91001656,61.59346233,-8.880808027,13.58487866,-94.21887169,44.24849176,569.1598151,1853.860017,-870.6377846,186.667878,-87.66579259,-285.5438903,187.8015864,-88.19822188,-287.2781121,-28.9264535
1931,321.2568991,17.84728812,16.38962948,1.384470449,6.609491381,-2.953434525,318.5256932,268.6199544,1.916758424,43.68537632,8.722775496,5684.819821,4402.581523,2.653695395,288.7381182,-25.76214631,292.5104395,24.70904299,117.961497,-52.71079692,22.69095768,108.3271148,-48.40569756,9.150645499,-4.088942823,-19.52070004,5220.518091,4794.137721,440.9894095,34.20893984,2105.292824,779.6654977,-940.7447796,155.6778875,371.8963888,31.41496036,1775.441273,715.9871314,-793.3514476,142.9630584,12.66879828,60.48111255,-5.661020505,12.07642491,-129.0218987,57.65310946,404.9720594,1933.345228,-863.910431,163.3142067,-72.97654067,-348.3915579,149.9756892,-67.01625782,-319.9370408,-27.02583235
1948,316.9557675,16.45353009,15.67702484,0.453222024,8.937819841,-2.640262498,270.7186524,245.7691079,0.205410203,79.88462351,6.970986058,4454.277492,3852.928409,0.093096428,713.994373,-18.40523306,257.9423999,7.457102212,147.0586877,-43.44163845,7.105172932,140.1184237,-41.39146077,4.0508168,-1.196625114,-23.59819054,4244.063038,4043.769411,122.6956556,3.379722959,2419.634542,1314.384056,-714.7683053,114.6973289,111.3879726,3.220220859,2196.640009,1252.353227,-648.8949587,109.2843216,1.83591939,36.20547077,-0.542336856,3.159404412,-210.9163756,62.3054175,116.9051766,2305.4427,-681.0356451,66.65023611,-19.68870731,-388.2735381,63.50475561,-18.75952163,-369.9494193,-10.69521968
1999,395.1638978,18.38810674,17.5507519,3.395076094,8.952526242,-0.355371331,338.1224694,308.0288922,11.52654168,80.14772611,0.126288783,6217.432057,5406.138666,39.13348612,717.5246212,-0.044879413,322.7250992,62.4290216,164.6200081,-6.534605967,59.58613821,157.1235669,-6.237034064,30.39450782,-1.206512711,-3.181471167,5934.303572,5664.068149,1147.951513,211.9512788,3027.05028,1473.764942,-120.159032,2.32221162,1045.781528,202.2994734,2757.636741,1406.652856,-109.4646374,2.216463097,103.1916669,272.1076289,-4.096202461,0.428760028,-28.48220411,1.130603643,1095.676269,2889.20492,-114.6872481,558.8974541,-22.1854845,-58.5012314,533.4464659,-21.17520525,-55.83721113,-10.8013367
1998,405.0494952,18.68404617,17.98504414,0.879515643,6.251502859,-1.669626211,349.0935813,323.4618127,0.773547766,39.08128799,2.787651685,6522.48059,5817.47498,0.680347361,244.3167836,-4.654336322,336.0333951,16.43291088,116.803368,-31.19537322,15.81812766,112.4335549,-30.02830111,5.498294556,-1.468462371,-10.43767303,6278.463468,6043.575443,307.0332656,14.45300218,2182.359521,730.1965892,-582.8557935,52.0846128,284.4897242,13.91229072,2022.122447,702.8786896,-540.0603209,50.13603861,4.835836071,34.37260413,-1.291535626,2.451783264,-65.2511428,17.42701248,295.5466275,2100.71373,-561.0501643,102.7303893,-27.43681873,-195.0179648,98.88707029,-26.41036055,-187.7220102,-9.180096708
1993,341.5168608,16.74051049,16.7981821,2.441265942,6.575439809,-1.925905155,280.2446914,282.1789217,5.959779398,43.23640869,3.709110664,4691.439195,4740.09291,14.54940647,284.2984029,-7.143395347,281.2101435,40.8680381,110.0762191,-32.24063544,41.00882983,110.4554353,-32.35170548,16.05239726,-4.701646661,-12.66367342,4707.601357,4723.819198,684.1518204,99.76974952,1842.7321,723.7995531,-539.7246956,62.09240597,688.873791,100.1134596,1855.450515,726.2930663,-543.4498398,62.30631635,39.18817071,105.551572,-11.47796986,9.054925539,-83.26922236,24.38903392,686.5087459,1849.080373,-541.5840649,268.7253247,-78.70796523,-211.9963577,269.6510922,-78.97911676,-212.7266921,-30.91539462
2011,378.2413633,19.61367574,17.74741955,0.338387394,3.183111262,-5.641948287,384.6962762,314.9709006,0.114506028,10.13219731,31.83158047,7545.30802,5589.920719,0.038747397,32.25191137,-179.5921309,348.0921323,6.637020619,62.43251216,-110.6593443,6.005503049,56.49201104,-100.1300233,1.077124724,-1.909164177,-17.95894913,6827.366212,6177.737114,130.1763703,2.24588411,1224.531049,198.7296326,-2170.436496,624.3342978,106.5821822,2.032186526,1002.587421,179.8203566,-1777.049533,564.9284135,0.364485428,3.428607842,-0.64603709,10.77140556,-57.16533325,101.3234623,117.7899895,1108.015987,-1963.91781,21.12637508,-37.44572711,-352.241005,19.11618439,-33.88273764,-318.7250049,-6.077081994
2013,335.3056477,18.09966617,17.48393373,0.278879907,10.83626892,1.390278553,327.5979155,305.6879387,0.077774002,117.4247241,1.932874456,5929.412909,5344.627663,0.021689606,1272.445889,2.687233903,316.4533639,5.04763321,196.13285,25.1635777,4.875917804,189.4606077,24.3075381,3.022017664,0.387720753,15.06543228,5727.700245,5532.849643,91.36047605,1.407683478,3549.93911,2125.348307,455.4523561,34.98438241,85.25022377,1.359795501,3312.51671,2053.046095,424.9913852,33.7942489,0.842780004,32.74739609,0.108127527,0.539039848,163.2530756,20.9451474,88.25248454,3429.173752,439.958325,54.69751088,7.017616197,272.679295,52.83675656,6.778883952,263.4030196,4.201446346
2004,322.6153658,16.85165358,16.62734578,4.77113197,7.682511278,-1.973091716,283.9782285,276.4686275,22.76370027,59.02097953,3.893090922,4785.502732,4596.939466,108.6086181,453.4293409,-7.681425449,280.198271,80.40146315,129.4630187,-33.24985809,79.331261,127.7397714,-32.80727822,36.65427516,-9.413880967,-15.15829936,4721.804198,4658.953538,1354.897605,383.6059913,2181.665943,994.6011012,-560.3150903,65.60501958,1319.068307,378.4999156,2123.973349,981.3622347,-545.4979589,64.73176889,174.8823841,281.5968823,-44.91486844,18.57445056,-116.4538058,29.90871491,1336.862929,2152.626377,-552.8568875,617.6851474,-158.6394609,-255.4424098,609.4633073,-156.5278539,-252.0422849,-72.3222467
2015,340.7151201,19.04735362,18.49812053,-1.705249824,6.995512993,0.865966928,362.80168,342.1804633,2.907876961,48.93720204,0.749898721,6910.411894,6329.695454,-4.958656675,342.3408327,0.649387492,352.3402432,-32.48049641,133.2460097,16.49437831,-31.54391678,129.4038425,16.01876062,-11.9290973,-1.476689952,6.0578829,6711.149207,6517.632287,-618.6675009,55.38736077,2537.983866,932.1241925,314.1742565,14.28358612,-583.5031747,53.79025852,2393.727877,905.2462618,296.3169648,13.87171693,20.34209106,-83.45015514,2.51812528,-1.278764662,42.37799853,5.245926247,-600.8281375,2464.800749,305.1149981,-227.2177346,-28.12703571,115.3866378,-220.6658797,-27.31598872,112.0594481,-10.33020375
1961,195.5686316,14.6214218,13.75960475,1.01020087,1.923984603,-7.988191774,213.7859755,189.3267229,1.020505798,3.701716753,63.81120783,3125.854922,2605.060876,1.030915845,7.122046039,-509.7361655,201.1849849,14.77057302,28.13139042,-116.7987214,13.89996469,26.47326769,-109.9143615,1.94361092,-8.06967828,-15.36915798,2941.610524,2768.225874,215.9667784,14.92124572,411.3209252,54.12436204,-1707.763371,933.0105852,191.2580202,14.04175642,364.2616999,50.93415943,-1512.378171,878.0169984,1.963437442,3.739477485,-8.151996018,64.46213766,-29.57002332,122.7717814,203.2372467,387.0768133,-1607.104241,28.41835508,-117.9901699,-224.7189416,26.74331805,-111.0355836,-211.4735392,-15.52593676
1932,149.5953655,17.00331624,15.64981497,5.123473447,8.608197847,0.520750349,289.1127633,244.9167085,26.24998016,74.10107018,0.271180926,4915.875744,3832.901171,134.4910763,637.8766728,0.141217562,266.098753,87.11603928,146.3679103,8.854482868,80.18141143,134.7167035,8.149646606,44.10387309,2.668050585,4.482722033,4524.56125,4164.396248,1481.261566,446.336714,2488.739866,1259.96393,150.5555724,4.610975044,1254.824253,410.8073324,2108.291483,1159.668037,127.5404614,4.243931315,225.9650227,379.6548654,13.66968633,1.389388274,38.58815816,2.334379063,1363.349895,2290.630713,138.5710185,749.9121017,45.36570786,76.22114036,690.2174532,41.75449799,70.15377037,22.96710731
1930,221.1768194,15.23437786,13.78908052,-1.798296299,3.591523931,-5.417387988,232.0862687,190.1387416,3.233869579,12.89904414,29.34809261,3535.689912,2621.838417,-5.815455697,46.32722572,-158.9900044,210.0680629,-27.39592532,54.71463264,-82.53053561,-24.79685247,49.52381266,-74.70079917,-6.458624192,9.74206877,-19.4566786,3200.256246,2896.645434,-417.359878,49.26599111,833.5433879,196.5089125,-1257.301364,447.0999322,-341.9257953,44.59208802,682.8878404,177.8659583,-1030.055335,404.6832121,11.61451998,-23.19630335,-17.51912621,-52.77656633,-69.8791268,105.4043769,-377.7646201,754.464475,-1138.020201,-98.39312138,148.4143567,-296.4103936,-89.05848903,134.3341707,-268.2897078,34.98887312
1966,204.4033192,14.63898791,13.83207799,1.836744039,8.295716292,-1.008808763,214.2999671,191.3263814,3.373628665,68.8189088,1.01769512,3137.134627,2646.441429,6.19649234,570.902143,-1.026659755,202.4876224,26.88807378,121.4408905,-14.76793928,25.40598679,114.7469947,-13.95392148,15.23710745,-1.852923482,-8.368791289,2964.213857,2800.824585,393.6141871,49.38650924,1777.771728,1007.439174,-216.1876846,14.89802656,351.4175906,46.66429479,1587.18938,951.9085135,-193.0117301,14.07683826,27.98666628,126.4027205,-3.40334616,1.869245445,-69.42511825,8.442509987,371.9179335,1679.779868,-204.2712879,223.0558318,-27.12492445,-122.5106345,210.7608585,-25.6297821,-115.7577738,-15.37132751
1938,188.5628229,16.12362855,15.05342037,-2.269201313,1.476407987,-5.555993029,259.9713975,226.6054649,5.149274597,2.179780543,30.86905854,4191.682246,3411.187321,-11.68474068,3.218245403,-171.508274,242.7157584,-36.58775906,23.80505396,-89.58276781,-34.15924127,22.22499006,-83.63669864,-3.350266941,12.60766667,-8.202912482,3913.458731,3653.702342,-589.9274365,83.02499089,383.8238476,35.14597179,-1444.399272,497.7212334,-514.2134183,77.51419512,334.5621182,32.81315283,-1259.018383,464.6849146,7.602430141,-4.94636087,-28.60933377,-70.04810815,-12.1108455,45.57532457,-550.7709176,358.3474842,-1348.527062,-54.0184597,203.2813343,-132.2607139,-50.43297663,189.7885063,-123.4818899,18.61405977
1976,187.3070624,15.45934737,13.55275621,3.617244479,5.144370401,-2.732677636,238.991421,183.6772009,13.08445762,26.46454682,7.467527064,3694.651395,2489.332326,47.3296821,136.1434314,-20.4063442,209.516766,55.92023892,79.52860902,-42.24541282,49.02363258,69.72039791,-37.03531381,18.60844543,-9.884763094,-14.05790595,3238.992466,2839.529652,864.4903983,202.2771755,1229.460392,409.1246223,-653.0865115,115.4430948,664.405341,177.3304643,944.9035558,358.6675514,-501.9305792,101.2055738,67.31129651,95.7287359,-35.75560473,27.01187105,-72.31907526,38.4157252,757.8733653,1077.83185,-572.541781,287.6744219,-152.8119863,-217.3260513,252.1957244,-133.9657844,-190.5233722,-50.85088268
1970,222.6475623,16.17348972,15.72361989,-0.582474171,2.151213732,-5.331603917,261.5817697,247.2322225,0.339276159,4.627720522,28.42600033,4230.690062,3887.385492,-0.1976196,9.955215937,-151.5561747,254.3058047,-9.420640009,34.79263318,-86.23064114,-9.158602456,33.82486704,-83.83211341,-1.253026435,3.10552157,-11.46941956,4113.012317,3998.607809,-152.3646243,5.487279476,562.718295,74.84639028,-1394.650388,459.7476241,-144.0063838,5.334649369,531.8493522,72.76451846,-1318.144286,446.9596243,0.729855533,-2.695527673,-1.808886101,-16.55741097,-24.67317286,61.15040227,-148.1265627,547.0661392,-1355.857824,-20.26581016,50.22712118,-185.5005394,-19.70211137,48.83004073,-180.3407936,6.680640647
1994,171.4988527,17.58401505,16.59546153,-0.932602077,3.706836806,-4.176459131,309.1975851,275.4093435,0.869746634,13.74063911,17.44281087,5436.934989,4570.545166,-0.811127517,50.93430677,-72.84918672,291.8148453,-16.39888895,65.18107417,-73.43892019,-15.47696189,61.51666762,-69.31026685,-3.457003704,3.894974459,-15.48145242,5131.27663,4842.80204,-288.3583101,15.2936379,1146.144989,241.6156048,-1291.351078,306.7146488,-256.8473258,14.43384681,1020.897491,228.0322477,-1150.235867,289.4714968,3.224008834,-12.81454857,-3.63246127,-16.26720164,-57.38721765,64.65765333,-272.1471308,1081.710009,-1218.752775,-60.78800514,68.4892895,-272.2260923,-57.37057199,64.63889881,-256.9218482,14.43803468
1993,187.620778,16.19412856,15.27522734,1.761159542,4.151143405,-3.555752857,262.2497998,233.3325703,3.101682931,17.23199157,12.64337838,4246.906973,3564.208058,5.462558488,71.53246816,-44.9567288,247.3689953,28.52044403,67.22414997,-57.5823189,26.90211238,63.40965924,-54.31493326,7.310825816,-6.262248072,-14.76044002,4005.925312,3778.617641,461.8637372,50.22905213,1088.636527,279.0570868,-932.495475,204.7484949,410.9358826,47.37891191,968.5969605,263.2225888,-829.6729536,193.1304791,12.87553064,30.34828637,-11.02881794,22.26700647,-61.27270326,52.48447678,435.6562664,1026.864174,-879.583012,118.3924531,-101.4116503,-239.0324633,111.6745264,-95.65726296,-225.469077,-25.99548978
2002,210.4126178,18.31544088,17.04325566,2.857313744,6.77412431,-1.829510684,335.4553745,290.4725634,8.164241829,45.88876017,3.347109342,6144.013079,4950.59816,23.32780038,310.8561658,-6.1235723,312.1547414,52.33296094,124.0710733,-33.50829476,48.69792863,115.4531325,-31.18081831,19.35579849,-5.22748602,-12.3933328,5717.25171,5320.133062,958.5012519,149.5316885,2272.416407,840.4728738,-613.7191916,61.30378325,829.9712476,139.1452607,1967.697253,782.0938714,-531.4226581,57.04564023,55.30558905,131.1185851,-14.93656765,9.563741523,-83.95397699,22.67373476,891.9240326,2114.575022,-571.0904343,354.5099829,-95.74371114,-226.9893541,329.8858222,-89.0933807,-211.2227393,-35.41164013
2010,223.5468259,19.17142592,18.90168942,3.090381491,2.548264764,-5.295306021,367.5435717,357.2738628,9.550457759,6.49365331,28.04026586,7046.334356,6753.079591,29.51455789,16.54754792,-148.4817887,362.3723384,59.24701981,48.85386915,-101.5185671,58.41343112,48.16650913,-100.0902298,7.875110262,-16.36451572,-13.49384175,6947.194439,6849.449393,1135.849851,183.0958934,936.5983331,124.4925934,-1946.255688,537.5718796,1104.112533,180.5197864,910.4283958,122.741018,-1891.874437,530.0083965,24.33709499,20.067866,-50.57259648,86.65511861,-34.38588147,71.45402148,1119.868767,923.4206614,-1918.872425,150.977093,-313.7311007,-258.6961875,148.8528883,-309.3169935,-255.0564058,-41.70111879
2006,199.3407744,16.19007467,14.16260521,0.502519364,0.81484166,-6.369008063,262.1185179,200.5793865,0.252525712,0.663966931,40.56426371,4243.718378,2840.726665,0.12689906,0.541027917,-258.3541227,229.293636,8.135826033,13.19234733,-103.1147161,7.116983369,11.54028075,-90.20174681,0.409473713,-3.200549883,-5.189733105,3712.281088,3247.395244,131.719631,4.088410126,213.5850883,10.7496742,-1669.434954,656.7384585,100.7950258,3.576421959,163.4404403,9.403501524,-1277.49173,574.4956528,0.20576847,0.33365624,-1.608338293,20.38432801,-4.22881074,33.05345199,115.2244922,186.838007,-1460.373016,6.629409992,-51.8171416,-84.0221665,5.799214545,-45.32812447,-73.50014113,-2.607941381
2013,194.2617222,17.03508224,16.12152351,-0.557388598,7.707313929,-0.719454116,290.194027,259.9035203,0.310682049,59.40268799,0.517614226,4943.479117,4190.040714,-0.173170632,457.8351646,-0.372399685,274.6314789,-9.495160613,131.2947267,-12.25596004,-8.985953391,124.2536427,-11.59869645,-4.295968907,0.401015521,-5.545058732,4678.36983,4427.477844,-161.750842,5.292494264,2236.616467,1011.929675,-208.7812873,8.817600902,-144.8672589,5.008667965,2003.158022,957.6618311,-186.9886576,8.344729907,2.394524087,-33.11038099,-0.223521479,-0.288512268,-42.7375084,3.98941533,-153.0764551,2116.671023,-197.584748,-73.18218364,6.831332388,-94.46053154,-69.25756374,6.464981157,-89.39479472,3.090752514
1991,277.358006,17.92747161,16.61659987,2.394896589,3.506250348,-6.096036417,321.3942383,276.1113912,5.735529674,12.2937915,37.16166,5761.786084,4588.032506,13.73600046,43.10511072,-226.5388327,297.8936224,42.93444062,62.85820357,-109.2865198,39.79503835,58.26195907,-101.2953979,8.397107,-14.59937683,-21.37422981,5340.479459,4949.979127,769.7059653,102.8235454,1126.88866,220.3965981,-1959.230981,666.2146047,661.2582291,95.30500163,968.1156613,204.2810142,-1683.185096,617.5004347,20.11020291,29.44235934,-34.96399777,88.9983328,-74.9434007,130.2980833,713.4244203,1044.489617,-1815.970371,150.5388973,-261.7299136,-383.1858981,139.5313671,-242.592003,-355.1670242,-51.18907007
1969,258.1220947,13.84014611,13.60744699,0.575146899,3.047405534,-6.351987909,191.5496443,185.1626135,0.330793956,9.286680486,40.3477504,2651.075064,2519.590448,0.190255118,28.3002815,-256.2884227,188.3290545,7.960117121,42.17653784,-87.91244075,7.826280943,41.46740925,-86.43433875,1.752705844,-3.653326151,-19.3570831,2606.501631,2562.677625,110.169184,4.57823668,583.729446,128.5290148,-1216.721025,558.4187607,106.495703,4.501261218,564.2655731,126.3680124,-1176.150682,549.0298747,1.008063331,5.341205487,-2.101199208,23.20588354,-58.98888217,122.9559578,108.3168717,573.9150028,-1196.263877,24.25770496,-50.56256771,-267.9048584,23.84985185,-49.71244193,-263.4004822,-11.13316633
1953,299.7632164,18.76292545,16.73670811,-1.617562919,5.104322196,-3.657854223,352.0473714,280.1173984,2.616509796,26.05410508,13.37989752,6605.438585,4688.243134,-4.232369221,132.9885469,-48.94171465,314.0296066,-30.35021245,95.77201683,-68.6320461,-27.07267842,85.4295507,-61.22043845,-8.256562309,5.916809353,-18.6708665,5892.114097,5255.821864,-569.4587736,49.09337823,1796.963212,488.8512313,-1287.737964,251.0460197,-453.1075165,43.79176072,1429.809454,436.0599518,-1024.628609,223.9354393,13.35550903,-42.14415425,-9.570811406,-21.64282608,-95.3021183,68.29530788,-507.9626469,1602.908291,-1148.674523,-154.9172631,111.0166528,-350.3200762,-138.1876734,99.0279111,-312.4888428,30.20130131
1973,276.5616817,16.81085786,15.95471423,0.068751568,0.854372878,-7.035706417,282.604942,254.5529062,0.004726778,0.729953015,49.50116479,4750.83151,4061.318876,0.000324973,0.623652059,-348.2756627,268.2124331,1.155772843,14.36274102,-118.2762605,1.096911626,13.63127512,-112.2526853,0.058739475,-0.48371585,-6.011116743,4508.88109,4279.252724,19.42953298,0.079461196,241.4499977,12.27113638,-1988.325404,832.1570451,17.50091152,0.075414395,217.4830992,11.64619176,-1790.959516,789.7769383,0.004038431,0.050185415,-0.033256223,3.403282713,-5.135735114,42.29245264,18.44002542,229.1534285,-1887.063937,0.98746097,-8.131678406,-101.0520291,0.937171543,-7.717548163,-95.90564985,-0.413273703
1932,232.7485186,16.82905866,15.64116269,4.558134446,7.878187823,-0.132802088,283.2172154,244.6459703,20.77658962,62.06584337,0.017636395,4766.279132,3826.547422,94.70248882,488.9663714,-0.00234215,263.2260444,76.70911197,132.582485,-2.234934134,71.29452242,123.2240174,-2.077179068,35.90983928,-0.605329773,-1.046239795,4429.846543,4117.161385,1290.942145,349.6504456,2231.238418,1044.509719,-37.61183764,0.29680392,1115.129224,324.9700184,1927.366904,970.7819536,-32.48949574,0.275853718,163.6818754,282.9044586,-2.759174489,0.080389058,-8.242473609,0.13894283,1199.8197,2073.744218,-34.95696838,604.3287918,-10.18713026,-17.60723088,561.6716384,-9.468061459,-16.36440684,-4.768901646
1956,278.3352238,17.05951987,15.6024212,-3.250207941,3.288280932,-8.17586664,291.0272181,243.4355472,10.56385166,10.81279149,66.84479532,4964.784608,3798.183941,-34.33471454,35.55549608,-546.5141321,266.1698143,-55.44698693,56.09649389,-139.4763594,-50.71111326,51.30514411,-127.563315,-10.6875968,26.57326668,-26.88454638,4540.729235,4152.893553,-945.8989751,180.2142372,956.9792519,184.4610312,-2379.399724,1140.340114,-791.2161484,164.821663,800.484468,168.7057271,-1990.296569,1042.940651,34.73691198,-35.14382076,-86.36864236,-217.2594845,-88.40394123,219.8044659,-865.1072441,875.2411252,-2176.168906,-182.3252699,453.3271708,-458.637453,-166.7523868,414.6072992,-419.4640162,87.38036612
1935,345.4926811,14.56185899,14.08356112,2.608262328,1.563050468,-6.744885048,212.0477374,198.3466937,6.803032371,2.443126766,45.49347431,3087.809252,2793.427783,17.74409305,3.818730435,-306.8482546,205.0828311,37.98114824,22.76092052,-98.218065,36.7336219,22.0133168,-94.99200079,4.076845653,-17.59242958,-10.54259573,2986.387269,2888.296586,553.0761251,99.06479812,331.4413152,35.57646747,-1430.237613,662.469558,517.3402091,95.81092217,310.0258925,34.40792512,-1337.825649,640.7101258,10.63348293,6.372315506,-45.88567132,118.6589152,-16.47860919,71.10859632,534.9098225,320.5548152,-1383.260121,59.36645154,-256.1784789,-153.5197925,57.41650491,-247.7640571,-148.4772913,-27.49785528
1929,279.651294,14.93904332,13.65873254,1.074501245,5.799468238,-4.065917164,223.1750155,186.5609746,1.154552925,33.63383185,16.53168239,3334.021225,2548.186455,1.240568555,195.0583395,-67.21645118,204.0483972,16.05202065,86.63850727,-60.74091267,14.67632512,79.21338554,-55.53527508,6.231535841,-4.368833055,-23.58015745,3048.287846,2787.042483,239.8018319,17.24791617,1294.296414,502.4572711,-907.411126,246.9675194,200.4599995,15.76972961,1081.954447,459.3955135,-758.5414689,225.8018282,6.695793019,36.13959419,-4.694316556,17.76331331,-136.7523742,95.87496693,219.2502568,1183.372199,-829.6438805,93.09318392,-65.26618628,-352.2649938,85.11488138,-59.67272221,-322.0750639,-25.33690854
1992,259.9319878,14.01004817,11.61820102,-1.953543186,5.818610614,-3.585859271,196.2814498,134.9825949,3.816330979,33.85622947,12.85838671,2749.912568,1568.254921,-7.455367378,196.9962161,-46.10836522,162.771556,-27.36923414,81.519015,-50.23806114,-22.69665743,67.60178775,-41.66123384,-11.36690711,7.005130945,-20.86471882,2280.43734,1891.112657,-383.4442888,53.46698086,1142.085327,474.3274059,-703.8376567,180.1466173,-263.6943284,44.33890046,785.4111593,393.3484797,-484.0285894,149.3913216,22.20574394,-66.13960638,-13.68482582,-25.11941375,-121.4036743,74.81794541,-317.981264,947.1043031,-583.6758931,-159.2509163,98.142222,-292.3157157,-132.0630118,81.38701947,-242.4104974,40.76012926
2000,264.4035275,15.3923966,14.9528514,0.607949693,4.869814966,-4.320211418,236.925873,223.5877651,0.369602829,23.7150978,18.66422669,3646.857002,3343.274628,0.224699926,115.4881382,-80.63340526,230.1602191,9.357802781,74.95812331,-66.49840753,9.090581416,72.81761955,-64.59947936,2.960602512,-2.626471204,-21.03863022,3542.717373,3441.551555,144.0390117,5.689073325,1153.785162,365.0321907,-1023.569862,287.2871795,135.9301131,5.526616178,1088.831045,354.6083335,-965.9464157,279.0834083,1.799897387,14.41758642,-1.596762361,11.34691088,-102.4542363,90.89133047,139.9258345,1120.837679,-994.3408064,45.57076803,-40.42768642,-323.8349402,44.26944943,-39.27323363,-314.5875114,-12.79042877
1994,250.9781875,17.42851301,16.12019291,-1.655783575,3.570058793,-4.913698278,303.7530659,259.8606196,2.741619248,12.74531979,24.14443077,5293.964262,4189.003319,-4.53952812,45.50154097,-118.6384479,280.950992,-28.85784559,62.22081614,-85.63845439,-26.69155066,57.55003646,-79.20976417,-5.911244712,8.136020903,-17.54219174,4896.558021,4528.984191,-502.9493374,47.78234675,1084.416304,222.1319718,-1492.550917,420.8015259,-430.2729458,44.19543118,927.71769,205.4570137,-1276.876679,389.2128818,9.787741903,-21.10349116,-13.47148978,-39.9779519,-62.62665589,86.19703737,-465.194038,1003.011559,-1380.508406,-103.0242054,141.7987462,-305.7343171,-95.29040513,131.1542265,-282.7835151,29.04607296
2018,269.2230118,18.49149566,18.2423455,-0.503576901,4.0659413,-7.253667917,341.9354117,332.7831695,0.253589696,16.53187866,52.61569824,6322.89718,6070.745555,-0.127701913,67.2176482,-381.6568023,337.3282527,-9.311890087,75.1853359,-134.1311688,-9.186423824,74.172306,-132.3239163,-2.047514121,3.652779614,-29.49298796,6237.703919,6153.658533,-172.1907751,4.689252757,1390.289312,305.6991624,-2480.285925,972.9429556,-167.5819173,4.626070845,1353.076833,301.5802423,-2413.8986,959.8337463,1.031080817,-8.325072229,-1.83945544,-26.49605029,-119.9167578,213.9323405,-169.8707163,1371.556874,-2446.867124,-37.86159849,67.54535836,-545.3694588,-37.35146003,66.63526776,-538.0212763,14.85198749
2014,257.144539,17.19711847,17.43407308,-2.251021627,1.289696725,-7.70406126,295.7408836,303.9469042,5.067098364,1.663317644,59.3525599,5085.891011,5299.032542,-11.406148,2.145175318,-457.2557575,299.8158202,-38.71108559,22.17906737,-132.4876542,-39.24447555,22.48466696,-134.313167,-2.903135221,17.34200851,-9.93590258,5155.968178,5227.01092,-665.7191249,87.13949086,381.4160492,28.60427057,-2278.405885,1020.693004,-684.1910548,88.34016319,391.9993271,28.99840136,-2341.62557,1034.756867,6.535020167,-3.744163988,-39.03723621,-133.6038959,-12.81430102,76.54680215,-674.8918953,386.6714815,-2309.799446,-49.92556032,298.2325748,-170.8688938,-50.61347161,302.3418438,-173.2232517,22.36593159
2004,241.455875,14.95396793,14.44164572,1.335555546,5.14997339,-3.739425556,223.6211569,208.561131,1.783708616,26.52222592,13.98330349,3344.023609,3011.965964,2.382241934,136.5887577,-52.28952242,215.9599069,19.9718548,77.01253693,-55.91924984,19.28762003,74.37409115,-54.00345906,6.878075522,-4.994210539,-19.25794211,3229.457523,3118.816465,298.6584763,26.67352144,1151.643008,396.6125159,-836.2146689,209.1058719,278.5449752,25.75968789,1074.084275,383.0245904,-779.8988233,201.9419149,9.186051908,35.42190592,-6.670045583,18.67547852,-99.1778894,72.01364087,288.4264514,1112.187774,-807.565995,102.8545208,-74.68326425,-287.9826487,99.33072991,-72.12461924,-278.1163772,-25.72005138
2013,289.2179365,16.6638941,15.53758377,-0.785160234,6.534306842,-2.113032414,277.6853665,241.4165095,0.616476593,42.6971659,4.464905983,4627.31954,3751.029241,-0.484032907,278.9963833,-9.434491067,258.9166505,-13.08382699,108.8869972,-35.21134837,-12.19949292,101.52734,-32.83141815,-5.13047789,1.659069025,-13.80720216,4314.559645,4022.939148,-218.0275074,10.27290067,1814.48139,711.5010508,-586.7581803,74.40272045,-189.5506432,9.578556715,1577.48955,663.4107921,-510.1209099,69.37385075,4.028247222,-33.52411678,-1.302635024,-3.505666627,-90.22049554,29.17506571,-203.291058,1691.840841,-547.0992751,-85.49374024,27.64655054,-230.0817546,-79.71523002,25.77792396,-214.5305602,10.84086608
1945,304.8700741,15.1112289,14.51852768,2.701860463,0.91585012,-7.252472898,228.3492388,210.7876459,7.30004996,0.838781443,52.59836314,3450.637616,3060.326271,19.72371636,0.768198086,-381.4682031,219.392795,40.8284319,13.83962081,-109.593778,39.22703591,13.29679532,-105.2952285,2.47449923,-19.59516978,-6.642178177,3315.294743,3185.260366,616.96778,110.3127259,209.1336779,12.67501838,-1656.096666,794.825905,569.5188065,105.9859774,193.0498909,12.1778716,-1528.731689,763.6507909,6.685751635,2.266270418,-52.94341449,142.1134378,-6.083239684,48.17221722,592.7687185,200.9309177,-1591.1403,37.39272427,-296.1070958,-100.3714748,35.92608556,-284.4930148,-96.4346477,-17.9462386
1946,262.5683139,16.37337646,14.98615009,0.987741825,0.99524362,-7.699568652,268.0874566,224.5846945,0.975633913,0.990509863,59.28335742,4389.49685,3365.659939,0.963674421,0.985798622,-456.4562804,245.373877,16.17266874,16.29549846,-126.0679361,14.80244724,14.91487027,-115.3868914,0.98304375,-7.605185991,-7.662946579,4017.598861,3677.209749,264.8011936,15.97442133,266.8123308,16.21799088,-2064.157777,970.6687287,221.8316959,14.62099624,223.5164844,14.84392948,-1729.205273,888.4292921,0.970993427,0.97836802,-7.511960289,58.55665164,-7.626498694,59.00138326,242.3660411,244.2067857,-1889.273012,16.09574538,-124.5225732,-125.4683091,14.73204117,-113.9724587,-114.8380675,-7.569012837
1984,306.2380068,18.29709465,16.06785639,3.173729624,-3.494531519,-10.53693407,334.7836726,258.1760089,10.07255973,12.21175054,111.0269797,6125.568543,4148.335035,31.96758119,-42.67434714,-1169.883965,293.9950891,58.07003132,-63.93977395,-192.79528,50.99503182,-56.14963059,-169.3059435,-11.0906982,-33.44137982,36.82164823,5379.255972,4723.870871,1062.512859,184.2985787,-1169.912096,223.4395554,-3527.593487,2031.471155,819.3808478,161.8444432,-902.2042006,196.2166539,-2720.383585,1783.965565,-35.19887744,38.75679444,-106.1338978,352.3696144,-128.6744103,-387.9872799,933.0609237,-1027.375105,-3097.806872,-202.9275547,-611.8800916,673.7291828,-178.203746,-537.3312883,591.6449558,116.8619558
1956,278.9729032,16.40841987,15.80397119,-1.686896513,3.974521619,-6.424619382,269.2362426,249.7655054,2.845619846,15.7968221,41.27573421,4417.741313,3947.286852,-4.800266196,62.78481093,-265.180882,259.3181949,-27.67930626,65.2156195,-105.4178523,-26.65966389,62.81322516,-101.5344996,-6.70460666,10.83766803,-25.53478863,4255.001822,4098.257282,-454.1736789,46.69212522,1070.085267,259.2008896,-1729.740383,677.2695773,-421.3285601,44.97209406,992.6984007,249.6525213,-1604.648307,652.3205143,11.3099776,-26.64760411,-18.28202442,-69.62789211,-101.4885694,164.0512979,-437.4429588,1030.665772,-1666.020701,-110.0120011,177.8290075,-418.9855331,-105.9594105,171.2781934,-403.5510638,43.0745459
1928,228.0476693,13.74325961,14.08909697,2.498400444,4.256168455,-6.081381599,188.8771848,198.5026535,6.242004777,18.11496992,36.98320215,2595.788185,2796.723134,15.59502751,77.10036355,-224.908965,193.6301174,34.33616591,58.49362804,-83.57800611,35.20020613,59.9655701,-85.68117507,10.63361316,-15.19372649,-25.88338453,2661.108972,2728.0735,471.8908422,85.78549215,803.8931157,248.9587345,-1148.634236,508.2697485,495.9391175,87.94421061,844.8607321,255.2235679,-1207.170384,521.0599214,26.56702383,45.25844889,-37.96001299,92.39884867,-110.1640447,157.4067384,483.7655712,824.1223976,-1177.538633,146.1405062,-208.8113276,-355.7220732,149.8180069,-214.0658858,-364.6735146,-64.66705939
1968,264.5846126,16.77797157,15.52884035,-1.052491616,5.025482388,-2.01863037,281.5003299,241.1448826,1.107738602,25.25547323,4.074868571,4723.00453,3744.700382,-1.165885591,126.9209359,-8.225653451,260.5424418,-17.65867441,84.31740061,-33.86852295,-16.34397427,78.03991368,-31.34698874,-5.28927808,2.12459154,-10.14459137,4371.37368,4045.921983,-296.2767371,18.58560677,1414.67495,423.7356118,-568.245115,68.36802902,-253.8029672,17.2018959,1211.86936,392.1882118,-486.7823835,63.27798348,5.566920835,-26.58117384,-2.236114784,-4.288765008,-50.98146528,20.47818024,-274.2187356,1309.351453,-525.9388857,-88.74335723,35.64633645,-170.2056656,-82.13635487,32.99244284,-157.5337398,10.67709737
1992,240.3747652,14.34359157,12.4899785,-0.527914825,6.44925487,-2.241751638,205.7386192,155.999563,0.278694062,41.59288838,5.025450408,2951.030725,1948.431189,-0.147126727,268.243138,-11.26581168,179.1511504,-7.572194633,92.50547782,-32.15476991,-6.593644813,80.55105469,-27.99942977,-3.404657255,1.183453923,-14.45762767,2569.670932,2237.594018,-108.6124671,3.997473803,1326.860792,596.5914034,-461.2148867,72.08300812,-82.35448197,3.480882846,1006.080942,519.4942818,-349.7122759,62.76776756,1.797369038,-21.95750238,-0.624762871,-2.653009771,-93.24092567,32.41041052,-94.57654818,1155.391429,-401.6123849,-48.83501311,16.97497972,-207.3743064,-42.52409592,14.78131406,-180.5754588,7.632395979
2012,393.7729897,15.64650902,12.56338314,2.957050046,6.921803811,-0.930346033,244.8132444,157.8385959,8.744144976,47.911368,0.865543742,3830.472636,1982.986755,25.85687431,331.6330896,-0.805255187,196.5730876,46.26751021,108.3020657,-14.5566676,37.15055269,86.96127329,-11.68829367,20.46812028,-2.751079781,-6.439672719,3075.682587,2469.623014,723.9250158,136.8153432,1694.549248,749.6456514,-227.7610309,13.54273796,466.7366273,109.8560436,1092.527795,601.9288729,-146.8445116,10.87415765,60.52525602,141.676313,-8.135080593,2.559456161,-44.57415117,5.99112397,581.2764577,1360.640347,-182.8809923,320.2546285,-43.0447946,-100.7583973,257.1488372,-34.56286933,-80.90407566,-19.04243451
2007,262.0828482,17.13412497,14.66718149,1.561557145,7.252621936,-1.804963382,293.5782385,215.126213,2.438460718,52.60052494,3.257892811,5030.206227,3155.29521,3.807795757,381.491721,-5.880377227,251.3093207,26.75591527,124.2673306,-30.92646816,22.90364206,106.3755222,-26.47372552,11.32538361,-2.818553466,-13.09071702,4305.965306,3685.999417,458.439196,41.78089067,2129.211972,901.2639679,-529.8979703,55.82114256,335.931875,35.76534591,1560.229091,771.501446,-388.2949369,47.78410515,17.68523369,82.13872557,-4.401332305,5.087385797,-94.94202141,23.62826487,392.4338653,1822.651492,-453.6041214,194.050538,-48.29344733,-224.2979814,166.1114568,-41.34023524,-192.0039224,-20.4419027
1965,165.6341217,14.59466543,13.43022291,0.46045169,0.596915796,-7.724748725,213.0042591,180.3708874,0.212015759,0.356308467,59.67174286,3108.725897,2422.421224,0.097623014,0.212686152,-460.9492196,196.00961,6.720138361,8.711786331,-112.7401232,6.183968834,8.016712196,-103.7450973,0.274850887,-3.556873604,-4.611024533,2860.69468,2632.452755,98.07817104,3.094299064,127.1456068,5.200202871,-1645.404379,870.8891228,83.0520799,2.8474189,107.6662318,4.78530214,-1393.319782,801.404808,0.126555555,0.164062836,-1.637768462,27.47595484,-2.752393378,35.61900588,90.25295617,117.0012324,-1514.124985,4.011356738,-51.91138024,-67.29636035,3.691308678,-47.76960536,-61.92708731,-2.123154038
1946,189.4032599,14.52566186,13.3848693,-1.781189416,-1.886049484,-10.40836856,210.9948525,179.1547261,3.172635734,3.557182655,108.3341362,3064.839883,2397.962592,-5.651065189,-6.70902251,-1127.581617,194.4240855,-25.87295516,-27.39611706,-151.1884423,-23.84098752,-25.24452582,-139.3146528,3.359411378,18.53927592,19.63069816,2824.138523,2602.340972,-375.8217981,46.08463388,-397.9467327,51.67043243,-2196.11219,1573.62503,-319.1085018,42.46531462,-337.8946786,47.6124249,-1864.708419,1450.038253,-5.983747988,-6.336016094,-33.02196204,-192.9636167,-37.02446812,-204.3235416,-346.3061231,-366.693446,-2023.637539,48.79767373,269.2952532,285.1488836,44.9652822,248.145785,262.754329,-34.96599178
1969,167.8930793,13.11302793,12.25500726,-0.551004802,1.944131253,-7.434630084,171.9515015,150.185203,0.303606292,3.779646331,55.27372449,2254.804842,1840.520754,-0.167288525,7.348128558,-410.939695,160.7002525,-7.225341363,25.49344743,-97.49051195,-6.752567854,23.82534263,-91.11144568,-1.071225657,4.09651688,-14.4538967,2107.2669,1969.382762,-94.74610311,3.98119779,334.2962882,49.5626079,-1278.395806,724.8058931,-82.7527681,3.720697316,291.979747,46.31959323,-1116.571428,677.3798951,0.590250481,-2.082603279,-2.257200474,-30.45608764,-28.10027232,107.4593753,-88.54661088,312.4223834,-1194.746932,-14.04701196,53.71774027,-189.5343512,-13.12787821,50.20284412,-177.1326091,7.964166497
1930,224.2681767,14.83617133,12.75049475,-3.621387455,1.527172159,-7.267113448,220.1119796,162.5751164,13.1144471,2.332254804,52.81093787,3265.619041,2072.913168,-47.49249422,3.561754606,-383.7830768,189.1685246,-53.72752473,22.6573878,-107.8161402,-46.17448174,19.4722006,-92.65929187,-5.5304821,26.31703348,-11.09813334,2806.536641,2411.99228,-797.1107618,194.5681841,336.1488872,34.60173185,-1599.578727,783.5121221,-588.747487,167.2156889,248.2801915,29.73740264,-1181.451815,673.365586,20.0280185,-8.445998292,-95.30417491,-191.2488679,-16.94876025,80.65139402,-685.052522,288.8929042,-1374.709129,-82.05117996,390.4440175,-164.6538076,-70.51638299,335.5551972,-141.5066909,40.19064085
1982,167.9191414,11.95609857,11.57480133,0.519523222,1.00629678,-8.268015673,142.948293,133.9760259,0.269904378,1.01263321,68.36008317,1709.103882,1550.745884,0.140221592,1.019009539,-565.2022391,138.3894657,6.211470856,12.0313835,-98.85321038,6.013378086,11.64768531,-95.70063884,0.522794546,-4.295426145,-8.320077551,1654.598093,1601.830572,74.26495782,3.227003354,143.848407,12.10714247,-1181.898727,817.3198927,69.6036567,3.12408956,134.8196435,11.72102823,-1107.715882,791.2543819,0.271603907,0.526086468,-2.231573632,35.51465069,-8.37246725,68.79053159,71.89654115,139.2608737,-1144.206271,6.250583122,-51.35653839,-99.47566731,6.051243006,-49.71870427,-96.30324473,-4.322473499
1978,184.7952057,14.80890984,12.97067758,-0.75793348,-0.835109947,-9.496072752,219.3038106,168.238477,0.57446316,0.697408624,90.17539771,3247.650358,2182.167042,-0.435404862,-0.582412879,-856.312137,192.0815949,-11.22416856,-12.36706791,-140.6264852,-9.830910797,-10.83194187,-123.170498,0.632957788,7.197391465,7.930264813,2844.51902,2491.428437,-166.2177003,8.507173138,-183.1427936,10.32786143,-2082.52494,1335.399334,-127.5135743,7.45117643,-140.4976256,9.045862402,-1597.604817,1169.63601,-0.479739899,-0.528589345,-5.455143958,-68.34695297,-6.622643028,-75.3063716,-145.5850716,-160.4092505,-1824.020799,9.373414816,106.5855213,117.4385766,8.209891395,93.35504414,102.860908,-6.010613205
1936,310.3378408,13.59870657,11.15594688,-1.439298942,-0.912268445,-9.379017604,184.9248203,124.4551507,2.071581445,0.832233717,87.96597122,2514.738369,1388.41505,-2.981624982,-0.759220559,-825.0343927,151.7064481,-19.57260398,-12.4056709,-127.5425083,-16.05674254,-10.17721831,-104.6318221,1.313027008,13.49921012,8.55618181,2063.011472,1692.429075,-266.1620983,28.1708282,-168.7010784,11.31730211,-1734.413145,1196.223431,-179.1281667,23.11045255,-113.5365069,9.28435513,-1167.267049,981.3437019,-1.889838384,-1.197833108,-19.42939884,-126.6093293,-7.805534678,-80.24857982,-218.3509302,-138.3970055,-1422.857447,17.855469,183.5717973,116.3530058,14.64805955,150.5964709,95.45230973,-12.31490343
1979,167.4971887,14.93375487,13.09854788,-0.372499979,0.108042428,-8.088628316,223.0170344,171.5719565,0.138756235,0.011673166,65.42590803,3330.481723,2247.343487,-0.051686695,0.001261197,-529.2058522,195.6105031,-5.56282338,1.61347914,-120.7935925,-4.879208814,1.41519892,-105.9492853,-0.040245802,3.013013881,-0.873915045,2921.199303,2562.21354,-83.07384072,2.072151594,24.09530195,0.174324204,-1803.901899,977.0544724,-63.91055026,1.817505183,18.53705081,0.152901528,-1387.781785,856.9843887,0.014991561,-0.004348254,-1.122347608,-24.37114939,-0.094419904,7.068773978,-72.86490837,21.13423376,-1582.220654,-0.601020946,44.9956107,-13.05083306,-0.527161569,39.46610657,-11.44701806,0.325533336
1997,200.9287963,14.99114244,14.04583664,-5.097043938,0.393546348,-6.791436937,224.7343516,197.2855268,25.9798569,0.154878728,46.12361567,3369.024676,2771.04028,-132.4204721,0.060951958,-313.2456271,210.5631377,-76.41051169,5.89970936,-101.8113985,-71.59224647,5.527687714,-95.39141373,-2.005923028,34.61625247,-2.672745205,3156.581989,2957.535433,-1145.480864,389.4677354,88.44338336,2.321809074,-1526.269176,691.4456922,-1005.572998,364.9088259,77.6409986,2.175401313,-1339.852214,647.8447707,10.22427781,-0.789423682,-176.4405598,-235.0940956,-1.051849115,18.15178051,-1073.249564,82.86635387,-1430.026271,-30.07107783,518.9371714,-40.06750407,-28.17486715,486.2142271,-37.54094252,13.62309974
2006,189.7667786,14.69631357,12.80468252,-0.865784011,-1.826931748,-8.732422004,215.9816325,163.9598944,0.749581954,3.337679611,76.25519405,3174.133795,2099.454393,-0.648976071,-6.097712844,-665.8925345,188.1816294,-12.72383331,-26.84916183,-128.334412,-11.08608939,-23.39328101,-111.8158914,1.581728297,7.560391352,15.95353899,2765.576233,2409.60602,-186.9934441,11.01609145,-394.5837013,49.05158615,-1886.04276,1120.670243,-141.9538551,9.598158947,-299.5435364,42.73792776,-1431.766989,976.4235502,-1.36943507,-2.889709642,-6.545665953,-66.0205278,-29.14602687,-139.3130349,-162.924646,-343.7949931,-1643.281401,23.24557503,111.109882,234.4582115,20.25352867,96.80841097,204.2800018,-13.81231899
2005,246.3409573,17.16578816,15.04238547,1.036919801,2.90705924,-6.639566786,294.6642832,226.2733606,1.075202673,8.450993426,44.08384711,5058.144665,3403.69111,1.114898941,24.56753853,-292.697647,258.2144024,17.79954564,49.90196309,-113.9733969,15.59774734,43.72910567,-99.87492293,3.014387287,-6.884698267,-19.30161398,4432.453732,3884.160574,305.5432298,18.45670131,856.6065273,145.0679629,-1956.443188,756.7339808,234.6273279,16.17361306,657.7900636,127.1231007,-1502.357089,663.1262211,3.125677865,8.763002418,-7.138879954,45.71141395,-56.11093526,128.1543551,267.7476266,750.6445644,-1714.43177,51.74433361,-118.181272,-331.3274167,45.34357553,-103.5622852,-290.3423176,-20.01422571
1951,254.8412194,12.73652195,12.65039735,-5.224836271,-3.701473043,-12.65676532,162.2189914,160.0325531,27.29891406,13.70090268,160.1937085,2066.105744,2024.475385,-142.6323563,-50.71352194,-2027.534174,161.1220635,-66.54624185,-47.14389265,-161.2031694,-66.0962549,-46.82510476,-160.1131105,19.33959061,66.12952653,46.84867565,2052.134698,2038.258125,-847.56767,347.6932181,-600.4492236,174.5018478,-2053.167705,2040.310684,-836.1438877,345.34211,-592.356181,173.321863,-2025.494468,2026.514065,-101.0461945,-71.58497329,-345.5159488,-836.9858983,-173.40911,-592.9526934,-841.8364014,-596.3889746,-2039.284146,246.3191203,842.2601662,596.6891858,244.6535057,836.564787,592.6543622,-244.7766598
1937,259.3194742,13.75386117,13.21828595,-4.038891894,2.92369514,-6.102073469,189.1686971,174.7230834,16.31264773,8.547993274,37.23530062,2601.799998,2309.539678,-65.88502068,24.99172639,-227.2125401,181.8024698,-55.55035839,40.21209707,-83.92707135,-53.38722796,38.64623839,-80.65895199,-11.8084886,24.64561507,-17.84060255,2500.485931,2403.117032,-764.0319173,224.3618922,553.0716005,117.5679128,-1154.321288,512.1291554,-705.6876452,215.6252423,510.8370298,112.9898194,-1066.173092,492.186851,47.69320889,-34.52442074,-99.54097493,-150.3893539,-52.16048297,108.8646675,-734.2805217,531.5349976,-1109.372028,-162.4123129,338.9723682,-245.3771707,-156.087979,325.7727873,-235.822186,72.05626501
1986,248.3119136,13.38401502,13.84788673,-1.775339537,-4.859698385,-13.59656894,179.1318579,191.7639669,3.151830473,23.61666839,184.8666868,2397.503477,2655.525692,-5.595569253,-114.7698853,-2513.552652,185.3403239,-23.76117103,-65.04227616,-181.9766828,-24.58470082,-67.29655277,-188.2837465,8.627614682,24.1385264,66.0752241,2480.597678,2566.571812,-318.0198698,42.18414637,-870.5268008,316.0858444,-2435.578655,2474.258513,-340.4461522,43.64619137,-931.9150401,327.0409488,-2607.331995,2560.012939,-15.31694546,-41.92760514,-42.8540803,-328.2011383,-321.1056599,-898.3963395,-329.0420049,-900.6980728,-2519.992491,115.4721245,323.0703998,884.3517915,119.4742309,334.2675794,915.0022189,-117.3059578
1953,246.1182292,14.88423577,14.51895275,-2.966841911,1.215376035,-5.710556874,221.5404743,210.7999889,8.802150923,1.477138906,32.61045981,3297.460652,3060.595078,-26.11459026,1.795279227,-186.2238854,216.1035158,-44.15917448,18.08994345,-84.99727486,-43.07543751,17.64598722,-82.91130541,-3.605828558,16.94231947,-6.94047397,3216.535679,3137.596734,-657.2755642,131.0132896,269.2549833,21.98608374,-1265.119478,485.3817722,-625.4102418,127.7980133,256.2012547,21.44650998,-1203.785326,473.469725,10.69792329,-4.382437615,-50.26518346,-96.75007888,-8.435285734,39.63397133,-641.1449677,262.6470341,-1234.071417,-53.67000238,252.1734774,-103.3036509,-52.35285444,245.9847358,-100.7684136,20.59128905
1958,249.397525,11.87659299,11.20457828,-1.668842148,3.793104257,-5.729380911,141.053461,125.5425744,2.785034117,14.38763991,32.82580562,1675.234546,1406.651602,-4.647782319,54.57381818,-188.0715441,133.0722158,-19.82015896,45.04915543,-68.04552516,-18.69867249,42.50013357,-64.1952969,-6.330092258,9.561432349,-21.73213912,1580.444545,1491.018059,-235.395961,33.07671666,535.0304835,170.8761432,-808.149007,389.8587329,-209.5107396,31.20513276,476.1960733,161.2074376,-719.2812292,367.7993086,10.56392476,-24.01069989,-15.9565213,-54.78108798,-82.43226943,124.5117031,-222.0765225,504.7567883,-762.4214131,-75.17992933,113.5572404,-258.1037712,-70.92601421,107.1318172,-243.499454,36.26750975
1991,264.5188551,15.63322531,14.78693178,0.03932647,-0.867564865,-8.275877276,244.3977337,218.6533515,0.001546571,0.752668794,68.49014469,3820.724837,3233.212192,6.08E-05,-0.652989001,-566.8160321,231.1674362,0.614799562,-13.562837,-129.3786541,0.581517825,-12.82862247,-122.3748327,-0.034118263,-0.325461037,7.179860348,3613.892615,3418.257109,9.61130008,0.024177896,-212.0308867,11.76664085,-2022.605651,1070.721864,8.598864411,0.022869043,-189.6959653,11.12966211,-1809.548303,1012.759097,-0.001341751,0.029599807,-0.012799234,2.693475603,-6.228994571,-59.4196431,9.090999186,-200.5527455,-1913.113332,-0.533378499,-5.088005727,112.2443745,-0.504504433,-4.812570156,106.1681052,0.282358561
1950,263.1044146,13.44710054,12.45720519,-2.173121388,2.71912942,-7.209485299,180.824513,155.1819611,4.722456567,7.393664803,51.97667827,2431.565407,1933.133531,-10.26247137,20.10433149,-374.7250979,167.5132907,-29.2221818,36.5644067,-96.94667368,-27.07101903,33.87275312,-89.81003767,-5.908998299,15.6670867,-19.60352358,2252.568062,2086.747433,-392.9536167,63.50334827,491.6852532,99.42335399,-1303.651668,698.9356186,-337.2292387,58.82861045,421.9598359,92.10439954,-1118.782067,647.4841462,12.84097059,-16.06733112,-34.04648119,-112.9516312,-53.3045177,141.331315,-364.0267147,455.4903169,-1207.684606,-79.45889424,210.6768901,-263.6105526,-73.60960427,195.1681137,-244.2051156,42.60083637
1979,242.9929239,13.44054945,12.53659997,-1.396728134,-1.670836504,-9.33373467,180.6483695,157.1663389,1.950849481,2.791694624,87.11860288,2428.013342,1970.33152,-2.724806356,-4.664465286,-813.1419241,168.4987918,-18.77279356,-22.45696065,-125.4505224,-17.51022189,-20.94660887,-117.0132978,2.333704353,13.03668981,15.59514461,2264.716344,2112.401949,-252.3166601,26.22048892,-301.8338901,37.52190963,-1686.123949,1170.92189,-219.5186473,24.45701955,-262.5992562,34.99835874,-1466.948906,1092.171075,-3.259550527,-3.899238423,-18.20871144,-121.6810037,-26.0569369,-145.5609419,-235.3470032,-281.5339323,-1572.723015,31.36626876,175.2202741,209.6073122,29.25671793,163.4357651,195.5100894,-21.78217723
1948,247.0532157,13.09860041,12.24674899,-3.852180643,1.949851701,-7.384775052,171.5733326,149.9828608,14.8392957,3.801921657,54.53490258,2247.370524,1836.802449,-57.16364766,7.413183412,-402.727988,160.4152713,-50.45817493,25.54032829,-96.7302175,-47.17668939,23.87934435,-90.4394864,-7.51118098,28.44748751,-14.3992162,2101.215537,1964.565561,-660.9314706,194.3740047,334.5425544,49.79985256,-1267.030466,714.330897,-577.761073,181.7331296,292.4443363,46.56118021,-1107.589689,667.8752629,28.93442597,-14.64568901,-109.5848607,-210.078296,-28.07633621,106.3349726,-617.9486028,312.7859896,-1184.630693,-98.38595823,372.6222714,-188.6095792,-91.98754807,348.3892389,-176.3435864,55.46838191
1931,256.4313213,15.80807072,14.63174962,-1.893921076,0.253803645,-7.538808231,249.8950999,214.0880969,3.586937041,0.06441629,56.83362954,3950.359411,3132.483431,-6.793375659,0.016349089,-428.4578342,231.2997327,-29.9392383,4.012145961,-119.1740137,-27.71137898,3.713591379,-110.3059545,-0.480684071,14.27790779,-1.913377004,3656.402532,3384.319776,-473.2815963,56.70255441,63.42428709,1.018297267,-1883.911236,898.430035,-405.4659588,52.48316469,54.33633924,0.942523026,-1613.969107,831.5754375,0.910377694,-0.121999369,-27.04123049,-107.6384088,-0.485622057,14.42458231,-438.0634386,58.70471514,-1743.724329,-7.598687794,225.7061761,-30.246799,-7.033248979,208.9107719,-27.99605325,3.623785034
2003,251.0571238,12.63642386,10.90064777,-3.154754324,2.458901006,-7.073381573,159.6792079,118.8241217,9.952474845,6.04619416,50.03272688,2017.774152,1295.259897,-31.39761305,14.8669929,-353.9005683,137.7452055,-39.8648128,31.07171534,-89.38224766,-34.38886567,26.80361376,-77.10444104,-7.757228582,22.3147811,-17.39274507,1740.606801,1501.511966,-503.7486715,125.7636906,392.635365,76.40227212,-1129.471967,632.2347435,-374.8609117,108.4884227,292.1767524,65.90743285,-840.4883529,545.3891324,24.47215041,-19.07425717,-70.39765217,-157.8409615,-42.76703835,123.0255225,-434.5522826,338.7018244,-974.3243982,-98.02362832,281.9790323,-219.7820987,-84.55881641,243.2455688,-189.5921877,54.86983771
2000,254.5436326,13.6775744,13.06536983,0.230630618,1.220579591,-6.179748912,187.0760414,170.7038887,0.053190482,1.489814539,38.18929661,2558.746475,2230.309436,0.012267354,1.818437222,-236.0002642,178.7025678,3.154467431,16.69456817,-84.52397551,3.013274312,15.94732376,-80.74070496,0.281503025,-1.425239308,-7.542875402,2444.217667,2334.815138,43.14546298,0.727516772,228.3411982,20.3770492,-1156.082964,522.3369457,39.36954328,0.694953316,208.3576827,19.46497793,-1054.90717,498.9572836,0.064923217,0.343596847,-0.328703822,8.807621064,-9.206679777,46.61307606,41.21428359,218.1207073,-1104.336999,3.850278568,-19.49381667,-103.1682395,3.677941129,-18.62127865,-98.55045668,-1.739618013
1997,257.0178306,13.96934523,13.64366683,-5.858759568,-1.479502352,-7.70573129,195.1426062,186.1496446,34.32506368,2.188927209,59.37829471,2726.014435,2539.763732,-201.1022953,-3.238522954,-457.5531835,190.5930922,-81.84303504,-20.66767912,-107.6440206,-79.9349636,-20.18583717,-105.1344304,8.66804856,45.14602692,11.40064757,2662.460704,2600.38865,-1143.293611,479.4986646,-288.7139448,30.57787987,-1503.716486,829.475898,-1090.606012,468.3197328,-275.408837,29.86499356,-1434.419141,810.1376701,-50.78401244,-12.82439823,-264.4997172,-347.8831523,-16.86728489,-87.85032667,-1116.639103,-281.9829281,-1468.659154,121.0869628,630.6604359,159.2595817,118.2639666,615.9573501,155.5466371,-66.79365301
1998,246.3592763,14.38250436,14.14837268,-2.581630646,0.968190315,-4.921363364,206.8564315,200.1764494,6.664816795,0.937392486,24.21981736,2975.113527,2832.171007,-17.20609529,0.907574327,-119.1945218,203.4890316,-37.13031402,13.92500142,-70.78153002,-36.5258725,13.6983174,-69.62928295,-2.499509789,12.70514248,-4.764816346,2926.681884,2879.038655,-534.0269031,95.85675658,200.2763936,13.48205152,-1018.015664,348.3416287,-516.7816564,94.29631183,193.8088996,13.26257824,-985.1410443,342.6710022,6.452811073,-2.42000117,-32.7999852,-62.52662275,-4.61324904,23.4493926,-525.3335203,197.0161097,-1001.443465,-35.94921043,182.7317671,-68.52999185,-35.363996,179.7570907,-67.4143974,12.3009959
1995,266.2551193,15.2746412,14.78957673,0.385312134,2.441436806,-4.100946575,233.3146638,218.7315798,0.148465441,5.960613677,16.81776281,3563.797776,3234.947481,0.057205536,14.55246162,-68.96874678,225.905478,5.885504601,37.29207122,-62.64048751,5.698603374,36.10781696,-60.65126402,0.940715226,-1.580144477,-10.01220191,3450.625121,3341.0464,89.89897106,2.267756339,569.6230075,91.04623524,-956.8109712,256.8852927,84.27993183,2.195741029,534.0193294,88.15495331,-897.0065228,248.7275934,0.362468992,2.296696778,-0.608848841,6.480088082,-24.44415824,41.05950511,87.04412188,551.5339486,-926.4262962,14.36908755,-24.13613993,-152.9327917,13.91278002,-23.36966799,-148.0762283,-3.857822885
2014,248.1503351,15.2915087,14.56677714,-3.065505328,-2.593350155,-10.37300941,233.8302383,212.1909962,9.397322918,6.725465028,107.5993242,3575.617123,3090.938953,-28.80754348,-17.44148577,-1116.128802,222.7479994,-46.8762014,-39.65623646,-158.6189636,-44.65453294,-37.77675376,-151.1013163,7.949928719,31.79851561,26.90084556,3406.15297,3244.720465,-716.8078414,143.6992452,-606.4036848,102.842507,-2425.523262,1645.356002,-650.4726296,136.8887087,-550.285553,97.96835022,-2201.0592,1567.375376,-24.37054885,-20.61694888,-97.47851905,-329.8463016,-69.76331201,-279.0427241,-682.8351789,-577.6635587,-2310.567093,121.5664042,486.2472781,411.3545139,115.8048399,463.2018903,391.8586221,-82.4646854
2006,247.2293127,13.58453955,12.3844252,-0.820760896,-3.33201311,-9.523575948,184.5397149,153.3739875,0.673648448,11.10231136,90.69849883,2506.887056,1899.448676,-0.552904303,-36.99304701,-863.7740419,168.236714,-11.14965885,-45.26386388,-129.3733942,-10.16465192,-41.26506712,-117.944014,2.734786064,7.816578725,31.73267991,2285.418296,2083.515,-151.4629817,9.151203986,-614.8887493,150.8197879,-1757.47799,1232.097345,-125.8833714,8.342748814,-511.0441372,137.4957446,-1460.668819,1123.248774,-2.24460546,-9.112343018,-6.415542155,-74.44178114,-105.7337055,-302.2085871,-138.0821161,-560.5669365,-1602.215123,37.15080946,106.1846229,431.0738454,33.86875345,96.80383454,392.9910007,-26.04494278
1934,338.4916996,18.51443976,16.00812521,-1.86948949,5.560142731,-4.271118546,342.7844797,256.2600727,3.494990952,30.91518719,18.24245363,6346.462601,4102.24333,-6.533848851,171.8928534,-77.91568202,296.3814699,-34.61255054,102.9429277,-79.07736703,-29.92702183,89.00746102,-68.37260046,-10.3946284,7.98481123,-23.74802874,5487.336871,4744.511679,-640.831982,64.70779945,1905.930633,572.377371,-1464.073148,337.7488089,-479.0755125,55.94825276,1424.842581,494.8941874,-1094.517149,292.0274818,19.43264854,-57.79561753,-14.92752067,-34.10407533,-132.0424294,101.430646,-554.0820429,1647.923275,-1265.880393,-192.4507213,147.8343065,-439.6814475,-166.3985129,127.8218579,-380.1614175,44.39669012
1952,204.3392388,18.68378957,17.2583499,-4.487911913,2.731417738,-7.316783485,349.0839926,297.8506413,20.14135334,7.460642858,53.53532057,6522.21186,5140.410586,-90.39261961,20.37813224,-391.7063494,322.4513778,-83.85120179,51.03323423,-136.7052429,-77.45395412,47.13976304,-126.2756095,-12.2583622,32.83707977,-19.98519219,6024.613689,5564.978705,-1566.658209,376.3168074,953.4942094,139.3930812,-2554.171992,1000.242664,-1336.727441,347.6065234,813.5545248,128.7583849,-2179.308653,923.9312944,55.01444978,-33.48270796,-147.3699215,-240.2618029,-54.58790845,146.2273242,-1447.13338,880.7494129,-2359.306916,-229.0326599,613.5210884,-373.3991254,-211.5591041,566.7138124,-344.9114397,89.69178213
1970,298.9327309,15.77855631,15.18061222,-1.309969842,1.413411017,-6.325093729,248.9628391,230.4509874,1.716020986,1.997730702,40.00681068,3928.274175,3498.387076,-2.24793574,2.823614582,-253.0468273,239.5281447,-20.66943291,22.30158531,-99.80084754,-19.88614419,21.45644455,-96.01879516,-1.851525806,8.285682031,-8.939957157,3779.408318,3636.18388,-326.1338109,27.07633376,351.8868195,31.52130636,-1574.713292,631.2497149,-301.8838435,26.05024916,325.7219644,30.3267751,-1457.624095,607.3278791,2.425442967,-2.616966971,-10.85399358,-52.40771546,-12.63583393,56.54606695,-313.7746458,338.5517185,-1515.037966,-29.21440418,130.7361005,-141.0596174,-28.10729527,125.7817259,-135.7140229,11.71107426
1991,225.7948208,17.64738114,16.50098837,2.50456963,3.359900876,-5.519080658,311.4300609,272.2826171,6.272869031,11.2889339,30.46025131,5495.924982,4492.932297,15.71083727,37.92969889,-168.1125838,291.1992308,44.19909484,59.29345134,-97.39731988,41.32787433,55.44168527,-91.07028573,8.415105694,-13.8229218,-18.54356394,5138.903813,4805.07512,779.9982725,110.6997106,1046.374135,199.2201191,-1718.807626,537.5436643,681.9507735,103.5085389,914.8426037,186.2785669,-1502.749725,502.6242525,21.07621815,28.27392099,-34.62047014,76.28982034,-62.30453672,102.343425,729.3287498,978.4005507,-1607.152042,148.5045775,-243.9383694,-327.2453404,138.8575612,-228.0918718,-305.9871328,-46.44364707
1957,210.3802716,16.41554207,15.69606938,-0.695690288,4.600025476,-2.547546204,269.4700214,246.3665939,0.483984977,21.16023438,6.489991662,4423.496473,3866.987151,-0.336703648,97.33761721,-16.53355362,257.6594872,-11.42013319,75.51191172,-41.81935189,-10.91960303,72.20231901,-39.98646196,-3.200193049,1.772303153,-11.71877744,4229.620152,4044.241187,-187.4676768,7.944875751,1239.568963,347.3567176,-686.4873302,106.5367312,-171.3948467,7.596661778,1133.292608,332.1325069,-627.6302812,101.8673594,2.226343224,-14.72096955,-1.232974091,-4.51502417,-53.90667477,29.85412698,-179.2512029,1185.240205,-656.3994486,-52.53290362,29.09331696,-192.3700841,-50.23045212,27.81819325,-183.9387437,8.152639654
1961,214.1150148,14.36252613,13.17008457,0.641354686,1.490598852,-8.708879034,206.2821569,173.4511275,0.411335834,2.221884939,75.84457402,2962.73287,2284.366017,0.263812165,3.31193914,-660.5212205,189.1556838,9.211473443,21.40876497,-125.0815027,8.446695456,19.63131294,-114.6966733,0.956002559,-5.585480381,-12.98144509,2716.753451,2491.196351,132.3000281,5.907821661,307.4839464,31.9118805,-1796.486351,1089.319676,111.2436935,5.417327715,258.5460516,29.26241254,-1510.564887,998.8794537,0.613136722,1.425016318,-3.582274018,48.64327298,-19.35012716,113.053835,121.3158842,281.9552451,-1647.333968,13.73061174,-80.22160794,-186.4463444,12.59063455,-73.56124896,-170.9667297,-8.325710646
1941,126.6453077,16.76564234,15.34573903,-1.964493783,5.073697588,-2.916629649,281.0867629,235.4917064,3.859235824,25.74240721,8.506728511,4712.600133,3613.79427,-7.581444783,130.6091894,-24.8109766,257.281172,-32.93600014,85.06379908,-48.89916953,-30.14660892,77.8596391,-44.75783745,-9.967247368,5.729700814,-14.79809682,4313.484109,3948.169723,-552.1931983,64.70256751,1426.149231,431.5879922,-819.8259868,142.6207677,-462.6219932,59.22282581,1194.813703,395.0362631,-686.8420931,130.5420357,19.58059549,-50.57079893,-11.25596163,-16.71141528,-75.08106812,43.16056793,-505.4272629,1305.366862,-750.3938944,-167.1073045,96.06211454,-248.0995985,-152.954777,87.92649341,-227.0877319,29.0707692
1996,208.4548899,16.1011856,15.6276199,-3.413031152,2.399859285,-7.102926313,259.2481777,244.2225038,11.64878164,5.759324586,50.45156221,4174.203027,3816.616462,-39.75765463,13.82156858,-358.3537288,251.6232086,-54.95384803,38.64057976,-114.3655349,-53.33755356,37.50408872,-111.0018326,-8.190794498,24.24250878,-17.04602366,4051.431982,3932.271862,-884.8221067,187.5591952,622.1591464,92.7319541,-1841.420703,812.329967,-833.5390136,182.0427318,586.0996434,90.00453554,-1734.694449,788.4378378,27.95543678,-19.65675423,-82.74043765,-172.1927535,-40.90805815,121.07665,-858.7978493,603.8602933,-1787.261109,-131.8815024,390.3331332,-274.4611907,-128.0026231,378.8527126,-266.3887786,58.17860977
2002,258.9432019,17.25643026,16.19471943,3.161384592,6.250797669,-2.287730683,297.7843853,262.2689374,9.99435254,39.0724715,5.233711679,5138.695477,4247.371856,31.59599213,244.2341137,-11.97332279,279.4630464,54.55421274,107.866454,-39.47806499,51.19773648,101.2299145,-37.04915654,19.76117544,-7.232396533,-14.30014162,4822.53457,4525.825627,941.4109675,172.4668476,1861.389941,674.2513794,-681.2504752,90.31518058,829.1329777,161.8557353,1639.390062,632.7677133,-600.0006953,84.75849221,62.47267556,123.5231094,-22.86438696,16.54577546,-89.38729191,32.71487276,883.490169,1746.866959,-639.3361861,341.0073458,-124.8053464,-246.7693966,320.0266918,-117.1266327,-231.5867813,-45.20824739
2011,254.7602056,16.80962623,15.87895725,-0.516074452,-1.445395318,-8.126395154,282.5635339,252.1412833,0.26633284,2.089167626,66.0382982,4749.78739,4003.740658,-0.137447574,-3.019673106,-536.6533064,266.9193362,-8.675018639,-24.29655505,-136.6016651,-8.194724156,-22.95137047,-129.0386812,0.745931596,4.193824924,11.74585351,4486.814274,4238.400728,-145.8238208,4.476955488,-408.416009,35.11812692,-2296.222932,1110.079109,-130.1236745,4.229087776,-364.4438304,33.17380342,-2048.999703,1048.619314,-0.38495624,-1.078166037,-2.164325898,-34.08067854,-16.97740167,-95.45144704,-137.7502501,-385.8039589,-2169.092,12.53883133,70.49662943,197.4434072,11.84461593,66.59356667,186.5119057,-6.061734911
1975,237.4612292,16.6015873,16.08523384,1.587109725,3.171985628,-2.784235794,275.6127009,258.7347476,2.518917278,10.06149283,7.751968957,4575.608316,4161.808916,3.997798107,31.91491064,-21.58330944,267.0404138,26.34854065,52.65999633,-46.2227336,25.52903104,51.02213055,-44.7850838,5.034289237,-4.418887704,-8.831555924,4433.294743,4295.407499,437.4275979,41.8180251,874.2395263,167.0367515,-767.3707472,128.6949894,410.6404339,40.51737343,820.7029008,161.8414648,-720.3785453,124.6922334,7.989969404,15.96869311,-7.013259648,12.30322532,-28.01356847,24.58913412,423.8224376,847.0483547,-743.5034785,83.57719227,-73.36055,-146.6178467,80.97771957,-71.07884202,-142.0576422,-14.01664829
1988,339.5755419,14.92634943,11.32269143,1.430394914,4.381578669,-2.273040367,222.7959074,128.2033413,2.046029611,19.19823163,5.166712512,3325.529567,1451.606874,2.926630351,84.11856218,-11.74414611,169.0064489,21.35057432,65.40097428,-33.9281948,16.19592024,49.61126325,-25.73693469,6.267387845,-3.251345382,-9.959505186,2522.649312,1913.607871,318.686133,30.53975293,976.1977954,286.5595138,-506.4240913,77.12015637,183.3814074,23.16656195,561.7330254,217.3756528,-291.41137,58.50109149,8.9648397,27.46105289,-4.6507079,7.390439301,-43.63835547,22.63835733,241.745965,740.5150512,-384.1584806,93.54922101,-48.5307173,-148.6590546,70.96369866,-36.8139805,-112.7684041,-14.24602557
1958,272.8793539,13.18418879,13.66209973,0.569670465,6.498796655,-2.392839644,173.8228341,186.652969,0.324524438,42.23435796,5.725681562,2291.713061,2550.071477,0.184871988,274.4725042,-13.70063783,180.1237021,7.510642955,85.68136201,-31.54764962,7.782894701,88.78720802,-32.69121385,3.70217251,-1.363130072,-15.55057827,2374.784894,2460.867982,99.02173466,4.278591462,1129.639253,556.8257488,-415.9301684,75.48846668,106.3306836,4.433685241,1213.019691,577.0100105,-446.6306239,78.22483252,2.109018334,24.05966632,-0.776534942,3.261751676,-101.0600461,37.21004018,102.6111531,1170.587313,-431.0071353,48.81014131,-17.97176422,-205.0217598,50.57945005,-18.62321899,-212.4535512,-8.858705152
1963,238.5461393,14.50605644,14.41343135,0.116280129,2.295571294,-7.755056262,210.4256734,207.7470032,0.013521068,5.269647565,60.14089763,3052.446694,2994.347168,0.001572232,12.09685168,-466.3960448,209.0820486,1.686766116,33.29968675,-112.4952838,1.675995659,33.08705925,-111.776971,0.266929327,-0.901758944,-17.80228454,3032.955997,3013.589753,24.46832448,0.196137382,483.0471353,76.44180499,-1631.862936,872.4072553,24.15684837,0.194884992,476.8980569,75.9537034,-1611.089698,866.8366992,0.031038577,0.6127553,-0.104856647,6.993191346,-40.86641335,138.0577182,24.31208762,479.9627488,-1621.44305,3.872091876,-13.08096613,-258.2409442,3.847367523,-12.99744063,-256.592006,-2.070051946
1936,334.7237021,13.61104994,11.98595868,0.547126729,0.29205081,-7.7464922,185.2606805,143.6632055,0.299347658,0.085293676,60.0081414,2521.592374,1721.941246,0.163781105,0.024910087,-464.8525993,163.1414822,7.446969232,3.975118163,-105.4378922,6.557838368,3.500508945,-92.84913544,0.159788805,-4.238312938,-2.262369323,2220.526862,1955.407065,101.3610701,4.074435917,54.10553184,1.16093648,-1435.120416,816.7738094,78.60197972,3.587968655,41.95695558,1.022326473,-1112.885901,719.2551034,0.087424726,0.04666645,-2.318894294,32.83205812,-0.660726794,17.52542632,89.25906552,47.64560206,-1263.774219,2.174893398,-57.68788907,-30.79322184,1.915222009,-50.80024376,-27.11666523,-1.237802728
1989,267.1205868,15.90605383,15.03511225,1.396712772,4.410950568,-5.951153533,253.0025484,226.0546005,1.950806568,19.45648491,35.41622837,4024.272154,3398.756293,2.724716449,85.82159318,-210.7674126,239.1493048,22.21618854,70.16081717,-94.65936844,20.99973331,66.31913693,-89.4762614,6.160830996,-8.312052148,-26.25024406,3803.921716,3595.636643,353.3718908,31.02963428,1115.981735,309.4758964,-1505.65701,563.3324349,315.7333477,29.33059573,997.1156683,292.5304347,-1345.285634,532.4869692,8.604911338,27.17512098,-11.6095494,49.46629851,-115.7885289,156.2192327,334.0228885,1054.875762,-1423.21423,97.99450945,-132.2119489,-417.537795,92.62878559,-124.9726371,-394.6753661,-36.66405115
1946,263.9008622,15.63884071,14.42643607,0.604702583,-0.345093727,-8.285110433,244.5733386,208.1220577,0.365665214,0.119089681,68.64305488,3824.843484,3002.45956,0.221118699,-0.041097102,-568.7152901,225.6127357,9.456847366,-5.396865828,-129.5695223,8.723703152,-4.978472593,-119.524616,-0.208679068,-5.010027677,2.859139639,3528.321634,3254.787708,147.8941295,5.718580027,-84.400725,1.862424544,-2026.31712,1073.497801,125.8519458,5.275245827,-71.8216166,1.718039663,-1724.314231,990.2746429,-0.126188771,0.072013837,-3.029576676,41.50863257,-0.986671155,-23.68828765,136.428604,-77.85753985,-1869.22643,-3.263498705,-78.35102478,44.71362938,-3.010495235,-72.27684399,41.24719522,1.728929124
1941,237.5197315,16.05083801,15.19756095,-1.18513769,6.249400498,-2.381660463,257.629401,230.9658588,1.404551344,39.05500659,5.672306559,4135.167783,3510.117715,-1.664586736,244.0703776,-13.50950826,243.933589,-19.02245309,100.3081151,-38.22764629,-18.01120227,94.97564496,-36.19543004,-7.40640007,2.822595579,-14.88395008,3915.338523,3707.195586,-305.3263131,22.54422611,1610.029307,626.8655844,-613.5857583,91.04527376,-273.7263443,21.34575466,1443.398153,593.5408429,-550.082254,86.20522465,8.77760387,-46.28556029,-3.345164404,-6.722464293,-93.01576506,35.44851544,-289.0948902,1524.438693,-580.9669844,-118.8789278,45.30502442,-238.8998718,-112.5592165,42.89656834,-226.1997385,17.63953022
1933,356.2593427,17.13032316,15.28930765,-2.566336051,4.108995555,-5.58030473,293.4479714,233.7629284,6.586080729,16.88384447,31.13980088,5026.858579,3574.07333,-16.90209641,69.37564189,-173.7695782,261.9107809,-43.96216589,70.3884217,-95.59242333,-39.23750142,62.82369718,-85.3189958,-10.54506343,14.32093721,-22.92944733,4486.616314,4004.434506,-753.0861082,112.8216912,1205.77641,289.2257119,-1637.529103,533.4348521,-599.9142307,100.6966145,960.5308339,258.1422925,-1304.468375,476.1059959,27.06217644,-43.32961876,-36.75233744,-79.91519364,-94.21699717,127.9533034,-672.1510792,1076.190234,-1461.541969,-180.6403442,245.3222822,-392.7888426,-161.2267189,218.9572148,-350.5753745,58.84466733
2006,259.7223364,15.57179407,13.8632906,0.295186571,-0.329303986,-6.68590541,242.4807706,192.1908264,0.087135111,0.108441115,44.70133115,3775.860626,2664.397277,0.025721115,-0.035710091,-298.8688718,215.8763064,4.59658449,-5.127853851,-104.1115422,4.09225721,-4.565236849,-92.68864964,-0.097206114,-1.973589489,2.201695299,3361.581388,2992.75597,71.5770671,1.356850012,-79.84988419,1.688622711,-1621.203496,696.0799233,56.73215093,1.207979372,-63.28920512,1.50335069,-1284.969686,619.7075441,-0.028693939,0.032010361,-0.582577113,13.19523264,-0.725027037,-14.72032651,63.72378657,-71.0889281,-1443.328565,-1.513673593,-30.73232911,34.2843458,-1.34759661,-27.36044462,30.52274175,0.649910885
2013,270.6428617,16.43500757,15.44141835,-0.898935324,6.897587051,-0.372110477,270.1094739,238.4374005,0.808084717,47.57670713,0.138466207,4439.251249,3681.811651,-0.726415897,328.1644791,-0.051524726,253.7798275,-14.77400886,113.3618954,-6.115638509,-13.8808364,106.5085272,-5.745913548,-6.200484651,0.334503252,-2.566664409,4170.873386,3918.720484,-242.8109475,13.28087844,1863.10361,781.923542,-100.5105652,2.275693164,-214.3398019,12.47797417,1644.642727,734.6518383,-88.72505488,2.138114632,5.573834679,-42.76838264,-0.300696789,-0.124472165,-17.70379119,0.955082718,-228.1316514,1750.468452,-94.43413268,-101.9050122,5.497563485,-42.18314899,-95.74427744,5.165204657,-39.63293889,2.307265302
2016,252.5315639,17.07337656,15.91713302,2.800231305,8.692181163,2.265214038,291.5001871,253.3551236,7.84129536,75.55401337,5.131194638,4976.892461,4032.687205,21.95744074,656.7291718,11.62325413,271.7592058,47.80940351,148.4048821,38.67485225,44.57165417,138.3546038,36.05571317,24.3401178,6.343123261,19.68965079,4639.847254,4325.627429,816.2679492,133.8773884,2533.772435,1289.962121,660.3103159,87.60681825,709.4529484,124.8109413,2202.208633,1202.603281,573.9035827,81.67390761,68.15795982,211.5687134,17.76221233,14.36853186,171.1460117,44.60127338,760.9886354,2362.18025,615.5927679,415.5679966,108.298532,336.1688222,387.4248928,100.9643367,313.4027908,55.13557652
1991,193.9917327,17.95681074,16.34082377,1.491936378,2.170402631,-7.141998322,322.4470518,267.0225216,2.225874157,4.710647582,51.00814004,5790.120682,4363.36797,3.320862629,10.22400191,-364.3000506,293.4290798,26.79041918,38.97350927,-128.2475121,24.37946944,35.46616692,-116.706136,3.238102642,-10.65540711,-15.50101195,5269.05045,4794.872883,481.0704867,39.96960097,699.8399297,84.58820708,-2302.916303,915.9435166,398.3806139,36.37261735,579.5463836,76.97586201,-1907.074402,833.5150274,4.831043128,7.027986494,-15.8971895,76.10089972,-33.64343713,110.7082014,437.7775186,636.8592469,-2095.669996,58.14599628,-191.3371288,-278.3487378,52.91326463,-174.1181299,-253.2993046,-23.12652363
1948,172.4184614,15.31998687,13.61410822,-2.706918899,4.422937758,-5.813698714,234.7019976,185.3439427,7.327409927,19.56237841,33.79909274,3595.631522,2523.292494,-19.83470441,86.52318212,-196.497742,208.5679592,-41.46996199,67.75934837,-89.06578796,-36.85228684,60.2143533,-79.14832347,-11.97253381,15.73721092,-25.71362756,3195.258396,2839.466768,-635.3192731,112.2558239,1038.072327,299.6953804,-1364.486702,517.8016569,-501.7110213,99.75615173,819.7647223,266.3243368,-1077.533841,460.1445064,32.40867804,-52.95377184,-42.59935367,-91.49140291,-113.7297742,149.4912835,-564.5765505,922.4831018,-1212.551276,-183.4190607,241.0938647,-393.9324365,-162.9953709,214.2480926,-350.0681084,69.6047044
1973,169.1210271,16.34174193,15.44202217,-0.805223371,-0.079937129,-8.458708896,267.0525293,238.4560487,0.648384677,0.006389945,71.54975619,4364.103515,3682.24359,-0.522094495,-0.000510794,-605.2185592,252.3495412,-13.15875252,-1.306311928,-138.2300378,-12.43427714,-1.234390913,-130.6195703,0.064367244,6.811150091,0.676164902,4123.831077,3896.787209,-215.0369378,10.59573506,-21.3474124,0.104422825,-2258.919605,1169.247651,-192.0103833,10.01237056,-19.06149185,0.098673665,-2017.0303,1104.872921,-0.051830009,-0.005145333,-5.484497236,-57.61353586,-0.054050681,-5.719482068,-203.1977482,-20.17209775,-2134.551309,1.051872894,111.306057,11.04971232,0.993960412,105.1779307,10.4413534,-0.544463781
1963,176.6474186,15.99522528,14.56407993,-1.292615054,2.668180306,-8.865196892,255.8472318,212.1124242,1.670853678,7.119186148,78.59171593,4092.334111,3089.222301,-2.159770618,18.99527228,-696.7310358,232.9557395,-20.675669,42.67814509,-141.8008215,-18.82574897,38.85959125,-129.1134361,-3.448930031,11.45928696,-23.65394376,3726.179534,3392.786011,-330.7119834,26.725681,682.6465454,113.8729863,-2268.136084,1257.092202,-274.1797128,24.33444653,565.9541931,103.6843961,-1880.418404,1144.616033,4.45813888,-9.202367188,-14.81244684,-101.5888352,-63.11298691,209.6968687,-301.1220959,621.5679165,-2065.198498,-55.16641283,183.2938765,-378.3501592,-50.23049266,166.8939713,-344.4979276,30.5754438
1957,211.862964,15.89684973,15.24706771,-1.400715221,3.707942689,-3.98958172,252.7098312,232.4730736,1.962003132,13.74883898,15.9167623,4017.290211,3544.532694,-2.748207651,50.97990699,-63.50122394,242.3803441,-22.26695938,58.94460771,-63.42178108,-21.35679982,56.53525323,-60.82942261,-5.193771765,5.588267843,-14.79314037,3853.083906,3695.589517,-353.9745072,31.18966895,937.033571,218.5632272,-1008.206523,253.0263785,-325.6285728,29.91479459,861.9968338,209.6294789,-927.4703251,242.6839525,7.274995168,-19.25820804,-7.82757183,-22.29485124,-54.85211668,59.01844241,-339.5058373,898.7324247,-966.9961902,-82.56460925,88.83585413,-235.1643295,-79.18978975,85.20469817,-225.5520128,20.72097689
1928,129.2863843,13.56421599,12.76525826,0.30056398,1.561302841,-9.005701559,183.9879554,162.9518184,0.090338706,2.437666561,81.10266056,2495.652367,2080.122046,0.027152561,3.805935728,-730.3863566,173.1507202,4.076914744,21.17784896,-122.1552811,3.836776829,19.93043399,-114.9601062,0.469271396,-2.706789503,-14.06062743,2348.653768,2210.313661,55.30015216,1.225373722,287.2609175,33.06503575,-1656.940617,1100.094005,48.9774471,1.153196914,254.4171371,31.11744321,-1467.495445,1035.296408,0.141046078,0.732674764,-0.813563426,24.37653845,-21.95289755,126.6258143,52.04286961,270.3407114,-1559.343711,6.365298572,-36.71547746,-190.7213874,5.990370563,-34.55286707,-179.4875404,-4.226118142
1929,160.7509047,14.26523723,13.14623781,0.648916526,4.211009068,-4.88050153,203.4969933,172.8235686,0.421092658,17.73259737,23.81929518,2902.932885,2271.979732,0.273253985,74.67212833,-116.2501066,187.5342011,9.256948193,60.07104334,-69.62151213,8.530810975,55.35892663,-64.16023374,2.732593377,-3.1670381,-20.5518362,2675.219867,2465.369205,132.052562,6.006986666,856.9276839,252.9597082,-993.1673869,339.7878964,112.1480698,5.535784226,727.7616144,233.116942,-843.4656907,313.1341189,1.773225002,11.50697549,-2.055143363,15.45673429,-86.54396859,100.303268,121.6940423,789.7082212,-915.2609551,38.98109278,-45.17854981,-293.1768189,35.92332237,-41.63463601,-270.1793261,-13.33642616
1987,212.7612467,17.31394002,15.18956448,-2.510769265,2.961791814,-4.757970953,299.7725189,230.7228692,6.303962301,8.77221075,22.63828759,5190.243411,3504.5799,-15.82779479,25.98146199,-107.7123148,262.9912084,-43.47130844,51.28028581,-82.37922368,-38.13749165,44.98832775,-72.2715066,-7.436375855,11.94616723,-14.09211942,4553.414007,3994.721918,-752.6596269,109.1464251,887.8637926,151.8815307,-1426.308937,391.9579534,-579.2918887,95.75444187,683.3531054,133.2460609,-1097.77271,343.8657291,18.67102394,-22.02499714,-29.99406951,-56.83951668,-41.73792394,67.04989486,-660.3102429,778.9252081,-1251.30453,-128.7529655,206.8352229,-243.9901103,-112.9553106,181.4570775,-214.0531566,35.38206031
1926,158.8655763,13.23530423,12.02262441,-2.983326384,-0.01646815,-8.913476892,175.1732779,144.5434977,8.900236311,0.0002712,79.4500703,2318.471626,1737.792183,-26.55230981,-4.47E-06,-708.1763657,159.1230916,-39.48523229,-0.21796098,-117.9725784,-35.8674126,-0.197990386,-107.1633848,0.049129867,26.59181078,0.146788477,2106.042527,1913.077165,-522.5990618,117.7973353,-2.884779876,0.003589414,-1561.402965,1051.545851,-431.2204301,107.0041983,-2.38036405,0.003260535,-1288.385126,955.1983545,-0.14657043,-0.000809078,-79.33205069,-237.0254909,-0.002417335,-1.308395702,-474.7161175,-2.620462995,-1418.34,0.650248741,351.9507056,1.942790156,0.590669943,319.7033533,1.764782732,-0.437917938
1993,235.3092073,15.35648088,14.63071344,-0.171929939,2.026442096,-5.493392062,235.8215049,214.0577757,0.029559904,4.106467568,30.17735634,3621.38843,3131.817976,-0.005082232,8.321518744,-165.7760498,224.6762711,-2.640238814,31.11901929,-84.35917014,-2.515457663,29.6482936,-80.37224506,-0.348406065,0.94447856,-11.13204092,3450.236861,3287.174139,-40.54477686,0.453936097,477.8786246,63.06089067,-1295.459983,463.4179956,-36.80294024,0.432482482,433.7756876,60.08055022,-1175.903286,441.516253,0.059901433,-0.706024717,-0.162384141,-5.188391023,-22.55843634,61.15266523,-38.6285775,455.2934537,-1234.234844,-5.350291076,14.50386694,-170.9489735,-5.097429299,13.81839516,-162.8697007,1.913931112
2003,171.7527864,14.03837217,12.63636461,-2.056909996,5.125077633,-6.274321139,197.0758932,159.6777107,4.230878731,26.26642075,39.36710575,2766.624735,2017.745773,-8.702536752,134.6174455,-247.0018638,177.3939894,-28.87566804,71.94774722,-88.08125527,-25.99186469,64.76234966,-79.28460962,-10.54182341,12.90571387,-32.15638293,2490.322844,2241.61513,-405.3673747,59.39465023,1010.029252,368.7377901,-1236.517443,552.6500818,-328.4426792,53.46292628,818.3606636,331.9120697,-1001.869235,497.4571021,21.68358195,-54.02766339,-26.54589185,-80.97459332,-164.8039589,201.7594732,-364.8834699,909.1579671,-1113.026857,-147.9900404,181.1752144,-451.4232713,-133.2103244,163.081306,-406.3397794,66.14278548
1992,173.5417186,14.08588159,11.15547757,-2.817683352,4.557071424,-4.621178567,198.4120602,124.4446797,7.939339472,20.76689996,21.35529135,2794.808786,1388.239833,-22.37054466,94.63624637,-98.68661467,157.1347361,-39.68955405,64.19036847,-65.0933741,-31.43260342,50.83630803,-51.55145383,-12.84038428,13.02101791,-21.05904079,2213.381286,1752.913023,-559.0623588,111.8325957,904.1779295,292.5200938,-916.8975599,300.8081053,-350.6457023,88.56712337,567.1032938,231.6646866,-575.0810867,238.2284736,36.18013703,-58.51454829,-36.6891054,-60.17244891,-95.967553,97.31758795,-442.7559299,716.0742155,-726.1476745,-180.8681326,183.4125165,-296.635155,-143.2406188,145.2556732,-234.9236571,59.33770865
2001,187.2168837,14.80642367,14.32527131,-2.667012945,-5.109324899,-12.99592755,219.230182,205.2133982,7.112958049,26.10520093,168.894133,3246.014958,2939.737606,-18.9703512,-133.3799531,-2194.935916,212.1060363,-39.48892361,-75.65082915,-192.4232094,-38.20568403,-73.1924654,-186.1701881,13.62663565,34.66030702,66.40041624,3140.531838,3038.476517,-584.6897335,105.3174705,-1120.118228,386.524665,-2849.099563,2500.718089,-547.3067894,101.8950539,-1048.501925,373.9640859,-2666.938455,2419.454278,-36.34241367,-69.6229088,-92.4394875,-450.442839,-339.2613,-862.9349989,-565.6895446,-1083.718653,-2756.514681,201.7617407,513.1951904,983.152695,195.2052527,496.5183018,951.2039778,-177.0907697
1994,140.5105033,16.67546809,15.78741302,-2.238134243,2.190991458,-5.85524176,278.0712361,249.2424098,5.009244888,4.80044357,34.28385607,4636.968026,3934.892865,-11.21136251,10.51773086,-200.7402658,263.262502,-37.32193615,36.53580816,-97.63889715,-35.33434968,34.59008707,-92.43911999,-4.903733008,13.10481708,-12.82878468,4390.025453,4156.233852,-622.3607555,83.53150331,609.2517032,80.04964359,-1628.174314,571.699348,-557.837972,79.08301795,546.0879909,75.78658531,-1459.374566,541.2533956,10.97521276,-10.74403713,-29.33033986,-76.73187224,-28.10775766,75.11563581,-589.2168206,576.8058933,-1541.465596,-81.77204332,218.5289591,-213.9259897,-77.41725833,206.8911598,-202.5333223,28.71254229
2005,226.1297438,17.56299017,15.97142773,1.547775849,3.509341378,-6.310808612,308.4586237,255.0865037,2.395610079,12.31547691,39.82630533,5417.455775,4074.095658,3.707867423,43.21921269,-251.3361907,280.5060282,27.18357202,61.63452811,-110.8366696,24.72019011,56.04919219,-100.7926236,5.43167383,-9.767717156,-22.14678179,4926.524615,4480.081756,477.4248081,42.07407626,1082.486611,216.2965998,-1946.623339,699.469009,394.8167298,38.26131323,895.1856223,196.6957493,-1609.802104,636.0829573,8.407013573,19.06159772,-15.11823671,61.64219355,-77.72061771,139.7641012,434.1604559,984.3914114,-1770.219858,95.39643408,-171.5503204,-388.9637108,86.75158602,-156.0043886,-353.7157247,-34.27825398
2004,159.5263237,15.0187058,14.07556654,0.319489689,4.145373811,-4.60784517,225.561524,198.1215735,0.102073662,17.18412403,21.23223711,3387.64217,2788.673392,0.032611482,71.23461771,-97.8348612,211.3967929,4.79832165,62.25814971,-69.203871,4.49699838,58.34848492,-64.85803131,1.32440419,-1.472159021,-19.10124069,3174.906241,2975.529626,72.06458121,1.533014293,935.0368345,258.0833033,-1039.352579,318.8807227,63.29779995,1.436744615,821.2879822,241.8762813,-912.9135356,298.8557663,0.423133483,5.490150445,-0.470339628,6.783480835,-79.18178291,88.01555965,67.53909568,876.3187291,-974.0836913,19.8908369,-22.10992324,-286.8759144,18.64173931,-20.72147226,-268.8607844,-6.102649451
2017,140.5525146,15.79409986,13.90207746,2.877312886,0.456302342,-7.272261336,249.4535903,193.2677576,8.278929443,0.208211828,52.88578493,3939.894915,2686.823336,23.82107037,0.095007545,-384.599249,219.5707996,45.44456704,7.206884759,-114.8588217,40.0006266,6.343550506,-101.0995404,1.312924609,-20.92457125,-3.318349881,3467.923134,3052.490263,717.7560298,130.7582383,113.8262575,3.288518396,-1814.0917,835.2833682,556.0918093,115.0943184,88.18853048,2.894576954,-1405.493641,735.2222785,3.777694896,0.599090574,-60.20653849,152.1689505,-1.514170823,24.13190754,631.7738909,100.1906701,-1596.776236,20.73646238,-330.4847678,-52.41034938,18.25237961,-290.8950103,-46.13195707,-9.547930873
2014,170.0060699,16.68842467,16.97548677,-2.529435253,-0.58210862,-8.722434407,278.5035179,288.167151,6.398042697,0.338850446,76.08086199,4647.784978,4891.777658,-16.18343474,-0.197247766,-663.6103283,283.2941321,-42.21228966,-9.714475861,-145.5636895,-42.93839466,-9.881577183,-148.0675699,1.472406065,22.06283308,5.07740426,4727.732783,4809.055791,-704.4566161,106.7732536,-162.1192986,5.654880142,-2429.228667,1269.669734,-728.9001503,108.6098891,-167.7445827,5.752151262,-2513.519073,1291.509666,-3.724355808,-0.857100263,-55.80650776,-192.4416143,-2.955600789,-44.28732561,-716.5741646,-164.9079564,-2471.014485,24.5721377,368.1939278,84.7338785,24.99480968,374.5273309,86.19140882,-12.84296533
1956,358.3372412,17.10994033,16.65275456,-1.209048035,5.714100966,-5.617381262,292.7500582,277.3142344,1.461797151,32.65094985,31.55497224,5008.936028,4618.04588,-1.767382973,186.5708241,-177.2563098,284.9276369,-20.68673974,97.76792659,-96.11305822,-20.13398018,95.15552091,-93.54487142,-6.908622546,6.791683777,-32.0982837,4875.094866,4744.830003,-353.9488826,25.01126203,1672.80339,558.6558038,-1644.488691,539.9036923,-335.2862302,24.34294917,1584.601535,543.728254,-1557.779784,525.4772079,8.352856514,-39.47656676,-8.211471926,-38.15147719,-183.4128339,180.3082974,-344.4911995,1628.105285,-1600.547168,-118.2061195,116.2053042,-549.1997188,-115.0475956,113.100243,-534.5248402,38.80836684
1939,351.480923,18.24758978,17.91870719,1.07391903,7.623425414,-3.359366649,332.9745327,321.0800675,1.153302084,58.11661504,11.28534428,6075.982679,5753.339715,1.238553055,443.0476801,-37.91160922,326.9732182,19.59643392,139.1091397,-61.30034453,19.24324065,136.6019278,-60.19550734,8.186941629,-3.607687775,-25.60988109,5966.473154,5858.937357,357.5876873,21.04498331,2538.406515,1060.488151,-1118.58354,205.930333,344.8139947,20.66568234,2447.729946,1041.374608,-1078.62567,202.2187798,8.792112415,62.41253888,-3.874364557,12.11954599,-195.2350184,86.03298043,351.1427614,2492.655941,-1098.422924,149.3919524,-65.83160656,-467.3186044,146.6994099,-64.64510088,-458.8959605,-27.50293867
1961,349.3239688,15.24724604,14.48155723,1.412737377,3.921903219,-6.700455607,232.4785119,209.7154997,1.995826897,15.38132486,44.89610534,3544.65707,3037.00701,2.819579255,60.32406749,-300.8243608,220.8038661,21.54035438,59.79822334,-102.1634952,20.45863717,56.7952659,-97.03303131,5.540619267,-9.465984079,-26.27853842,3366.650874,3197.583823,328.4310831,30.43086375,911.7582242,234.5228446,-1557.711948,684.5419645,296.2729249,28.90268141,822.4838933,222.7455362,-1405.189396,650.1655187,7.827439931,21.72977254,-13.37294952,63.4264061,-103.0618844,176.0781801,311.9378746,865.9713933,-1479.486503,84.47918519,-144.3301883,-400.6753409,80.23679498,-137.0821901,-380.5541579,-37.12467343
1941,416.2396774,17.45329241,15.97139671,-0.534195556,9.656191835,-0.998231134,304.6174159,255.0855128,0.285364892,93.24204076,0.996465397,5316.576833,4074.07192,-0.152440657,900.3630327,-0.994702784,278.7534569,-9.323471249,168.5323397,-17.42241988,-8.531849151,154.2228705,-15.94314545,-5.15829477,0.533250636,-9.639111328,4865.165594,4452.082045,-162.72527,4.980556911,2941.444205,1627.380602,-304.0785886,17.39160195,-136.2655475,4.557675904,2463.154646,1489.205623,-254.6343008,15.91494417,2.755538145,-49.80948384,-0.28486012,-0.532307387,-93.07710811,9.622061034,-148.908858,2691.696855,-278.2603795,-90.02922695,9.30697928,-168.2342286,-82.38517211,8.516757455,-153.9500709,5.149170439
1931,332.8519985,18.02376062,16.30737781,0.730319361,5.954095463,-3.75212343,324.8559468,265.9305711,0.533366369,35.45125278,14.07843023,5855.125821,4336.630294,0.389527786,211.0801434,-52.82400794,293.920274,13.16310134,107.3151913,-67.62737451,11.90959374,97.09568424,-61.18729436,4.348391193,-2.740248385,-22.34050109,5297.548659,4793.068954,237.2485875,9.613267756,1934.223319,638.9648938,-1218.899609,253.7462564,194.2142447,8.69780689,1583.376007,578.116973,-997.8043264,229.5822808,3.175714277,25.89073628,-2.00125645,10.28175017,-133.0174762,83.82431758,214.6556666,1750.02937,-1102.825147,78.37436195,-49.38958094,-402.6598438,70.91085806,-44.68626572,-364.3149918,-16.31570048
1985,361.1085995,16.65377679,15.36612964,0.201433633,10.35678683,0.12339995,277.3482812,236.1179401,0.040575509,107.2630333,0.015227548,4618.896368,3628.218879,0.008173272,1110.900371,0.001879079,255.9040931,3.354630762,172.479616,2.055075229,3.095255319,159.143729,1.896179636,2.086205197,0.0248569,1.278026981,4261.769645,3932.25547,55.8672719,0.675735462,2872.437025,1786.334615,34.22476415,0.253596181,47.56209451,0.623488524,2445.423172,1648.217676,29.1369421,0.233988473,0.420231892,21.6063825,0.005007016,0.00306734,13.236253,0.157708466,51.54769118,2650.34414,31.5785524,34.74319568,0.41396127,21.28397606,32.05689951,0.381954353,19.63832827,0.257437618
1960,372.2994397,16.4323713,15.6051726,-1.9851937,8.566646426,0.100076603,270.0228266,243.5214118,3.940994026,73.38743098,0.010015326,4437.115348,3800.193661,-7.823636512,628.6841733,0.0010023,256.4299903,-32.62143998,140.7703149,1.644495897,-30.97929032,133.683996,1.561712661,-17.00645251,-0.198671442,0.857320872,4213.752815,4001.634258,-536.0476143,64.75987714,2313.190083,1205.929515,27.02296719,0.164575563,-483.4371724,61.49989198,2086.161832,1145.223527,24.37079562,0.156290898,33.76110239,-145.6882656,0.394401294,-0.019882363,7.344364788,0.085797761,-509.0632013,2196.74506,25.66264231,-279.4563422,-3.264642895,14.0878149,-265.3886267,-3.100302136,13.37864019,-1.701947995
1929,360.0306287,15.55464551,14.78609861,1.695826813,8.323405388,-2.703660096,241.9469968,218.628712,2.875828578,69.27907726,7.309777913,3763.399767,3232.665694,4.876907211,576.6378449,-19.76315485,229.9925223,26.37798491,129.4676202,-42.05447436,25.07466247,123.0706928,-39.97658477,14.11505403,-4.584939282,-22.50365901,3577.452153,3400.692113,410.3002044,44.73249407,2013.822937,1077.611488,-654.1424406,113.7010042,370.7564318,42.52228493,1819.735399,1024.367268,-591.0977244,108.083097,23.93668708,117.4853168,-7.775262968,12.39611738,-187.3070766,60.84224486,390.0274859,1914.320999,-621.8216047,219.5546617,-71.3171052,-350.0364385,208.7065807,-67.79336433,-332.7413211,-38.16230832
1942,353.2755063,17.95433786,17.30660882,1.406782617,9.189776279,-0.6603831,322.3582481,299.518709,1.979037332,84.45198805,0.436105838,5787.728899,5183.653132,2.784075317,776.0948765,-0.287996925,310.7287021,25.25785041,164.9963482,-11.85674129,24.34663645,159.0438632,-11.42899198,12.92801752,-0.929015465,-6.068772943,5578.928101,5377.660097,453.4879798,35.53230489,2962.400181,1516.279527,-212.879939,7.829991563,421.3577133,34.25042495,2752.509927,1461.577522,-197.7970934,7.547513147,18.18691032,118.8055888,-1.306922807,0.613506112,-55.77066564,4.007715087,437.1277367,2855.527255,-205.1999834,232.1139945,-16.67985754,-108.9607998,223.7401421,-16.07810725,-105.0298794,-8.537444283
1958,364.4044841,15.80859791,15.5338512,1.110210974,10.13552642,-1.252124236,249.9117678,241.300533,1.232568406,102.7288958,1.567815101,3950.75465,3748.326574,1.368410971,1041.211437,-1.963099285,245.5684076,17.55087888,160.2284618,-19.79432857,17.24585206,157.4437592,-19.45031156,11.25257266,-1.390122067,-12.69093827,3882.092214,3814.623102,277.4547871,19.48517833,2532.987325,1623.999807,-312.9205813,24.78495853,267.8944998,19.14653421,2445.707928,1595.775381,-302.1382455,24.35420649,12.49272965,114.0507474,-1.543328774,1.74060553,-128.6293401,15.89063138,272.6327409,2488.965083,-307.4821546,177.8873966,-21.9758808,-200.6259402,174.7957892,-21.59394933,-197.1391467,-14.08961894
1975,362.0339118,17.84194389,16.8283119,2.542917895,5.920103574,-1.527389391,318.3349619,283.1920812,6.466431423,35.04762633,2.332918352,5679.71453,4765.64467,16.44360418,207.4855779,-3.56327474,300.2497967,45.37059842,105.6261558,-27.25159582,42.79301547,99.6253494,-25.70338506,15.05433732,-3.884025816,-9.042303392,5357.040026,5052.697225,809.4996714,115.3737066,1884.575946,625.3177825,-486.2214436,41.62379834,720.1342112,108.8191248,1676.526452,589.792387,-432.5445805,39.25907765,38.28194378,89.12323618,-9.876758753,5.932419825,-53.53137263,13.81111827,763.510581,1777.509894,-458.5983541,268.5986418,-69.29857068,-161.3322698,253.3390838,-65.36159783,-152.1667017,-22.99383511
1926,357.7614495,14.83815825,13.81061404,-0.615192062,6.145154016,-5.780222995,220.1709403,190.7330603,0.378461273,37.76291788,33.41097787,3266.931255,2634.140681,-0.23282637,232.0589464,-193.1229025,204.9240768,-9.128317165,91.18276778,-85.76786353,-8.496180125,84.86835036,-79.82842887,-3.780449967,3.5559473,-35.52036055,3040.695881,2830.127333,-135.4474147,5.615668255,1352.984338,560.3321516,-1272.637132,495.757377,-117.3374646,5.226782566,1172.084031,521.529084,-1102.479621,461.4261202,2.325702809,-23.2314473,-2.18759055,-20.55416835,-218.2780863,205.3156048,-126.0676652,1259.290013,-1184.506861,-56.09491488,52.76370878,-527.056731,-52.21033541,49.10981572,-490.5579902,21.85184383
2003,385.8853158,15.13045645,14.63076659,0.252328249,5.949393016,-3.481218443,228.9307124,214.0593311,0.063669545,35.39527726,12.11888185,3463.826174,3131.852111,0.016065625,210.5804153,-42.188475,221.3701768,3.817841578,90.01703193,-52.67242404,3.691755712,87.04418059,-50.9328945,1.501199921,-0.878409753,-20.71113669,3349.431819,3238.815387,57.76568573,0.963349279,1361.998781,535.5467011,-796.9578181,183.364214,54.01321614,0.931534254,1273.52309,517.8600401,-745.1872914,177.3085317,0.378795147,8.931228324,-0.221647595,3.057936233,-123.218692,72.09999103,55.85794903,1317.018184,-770.6379421,22.71384002,-13.29074051,-313.3689517,21.96370565,-12.85180807,-303.0198068,-5.226004851
1998,372.0060019,18.42468286,17.62897256,0.690799451,5.332769387,-2.166509017,339.4689385,310.7806734,0.477203882,28.43842933,4.693761319,6254.607532,5478.743961,0.329652179,151.6555854,-10.16907622,324.8082285,12.72776081,98.25458472,-39.91724155,12.17808456,94.01124517,-38.193328,3.683874165,-1.496623239,-11.55349296,5984.4886,5726.035346,234.5049564,8.792330177,1810.309563,523.9690415,-735.4625161,86.48106373,214.6871186,8.412614132,1657.321661,501.3402903,-673.3091311,82.74618948,2.544818251,19.64525137,-1.033866512,3.242447743,-61.61211357,25.03074667,224.3773459,1732.127377,-703.6999557,67.87421319,-27.57480855,-212.8694437,64.94291655,-26.38393001,-203.6762103,-7.981146595
2000,364.9630295,17.14822714,16.69241918,2.822405531,7.95780843,-2.512676639,294.0616942,278.6368582,7.965972979,63.32671501,6.313543893,5042.636727,4651.123236,22.48320619,503.9418665,-15.86389425,286.2453957,48.39925113,136.4623065,-43.08794975,47.11277622,132.8350741,-41.94265173,22.46016252,-7.091792443,-19.99539934,4908.601065,4778.128135,829.9613521,136.6023141,2340.086629,1085.940893,-738.8819495,108.2660848,786.4262095,132.9713602,2217.338739,1057.076072,-700.1243243,105.3883212,63.39168692,178.7336707,-20.01591421,17.8193812,-159.1195574,50.24197281,807.900588,2277.886023,-719.2421189,385.1519687,-121.6116677,-342.8856497,374.9144477,-118.3791722,-333.7715875,-56.43512568
2011,396.2254055,19.1456397,17.61402755,0.026660213,1.728497294,-6.036728331,366.5555194,310.2539665,0.000710767,2.987702895,36.44208894,7017.939903,5464.821912,1.89E-05,5.164236369,-219.9909908,337.231825,0.510426835,33.09318641,-115.5770256,0.469593729,30.44579895,-106.3310991,0.046082106,-0.160940464,-10.43446858,6456.519017,5940.010656,9.772448282,0.013608088,633.5902233,57.20148315,-2212.796089,697.7071047,8.271436879,0.012519469,536.2731414,52.6254811,-1872.918909,641.8919586,0.001228559,0.079652796,-0.004290707,0.971553859,-18.03595071,62.99005212,8.990672339,582.904297,-2035.776912,0.882271404,-3.081308138,-199.7745759,0.81169149,-2.834809768,-183.7930171,-0.278185157
1956,345.7400253,16.62718869,16.37515888,-0.816902232,5.816026556,-5.077804781,276.4634036,268.1458284,0.667329257,33.8261649,25.7841014,4596.809177,4390.930544,-0.54514276,196.7338734,-130.9266333,272.2728565,-13.58278755,96.70417096,-84.42961821,-13.37690384,95.23835892,-83.14986006,-4.751125076,4.148070061,-29.53264745,4527.132159,4458.511284,-225.8435716,11.09580947,1607.918497,562.4340264,-1403.827193,428.717119,-219.0489258,10.92762261,1559.543259,553.9088246,-1361.59217,422.218757,3.881204681,-27.63266962,-3.388567692,-21.06308999,-171.7626619,149.9610184,-222.4203043,1583.546164,-1382.548413,-78.99785312,68.97074358,-491.0449016,-77.80042799,67.92530629,-483.6017943,24.12528563
1953,481.4588636,19.53899876,17.41202664,0.010976934,7.106723986,-1.703127847,381.7724727,303.1786716,0.000120493,50.50552581,2.900644464,7459.451872,5278.955105,1.32E-06,358.9288317,-4.94016836,340.2135669,0.214478291,138.8582712,-33.2774129,0.191130659,123.7424673,-29.65490744,0.078010037,-0.018695121,-12.10365952,6647.432463,5923.807689,4.190691054,0.002354314,2713.151589,986.8274064,-650.2073295,56.67568859,3.327972124,0.002098029,2154.607137,879.4035607,-516.3520382,50.50609866,0.000856311,0.554395799,-0.000205215,0.031840181,-86.01736744,20.61407958,3.734501708,2417.803916,-579.4271998,1.524238012,-0.365283949,-236.4933884,1.358312838,-0.325519948,-210.749242,-0.132861066
1966,358.9255368,14.83461471,13.95772645,2.442695078,10.44013703,-1.124928182,220.0657936,194.8181276,5.966759246,108.9964611,1.265463414,3264.59126,2719.218133,14.57497344,1137.937989,-1.423555458,207.0574941,36.23644034,154.8754103,-16.68787615,34.0944697,145.7205767,-15.70143984,25.50207133,-2.747856533,-11.74440436,3071.618148,2890.051862,537.553631,88.51457449,2297.51704,1616.920505,-247.5582131,18.77266218,475.8812815,83.28239334,2033.927947,1521.342788,-219.1564021,17.66299217,62.29378412,266.2451191,-6.71217563,3.091141254,-122.6131908,13.21161144,505.7783218,2161.708611,-232.9248104,378.3134025,-40.76339295,-174.2237137,355.9509355,-38.35382981,-163.9251834,-28.68799873
1981,325.0119948,18.5497402,17.31232363,0.231751057,6.876607879,-3.217180008,344.0928616,299.7165493,0.053708552,47.28773592,10.3502472,6382.833188,5188.789898,0.012447014,325.1792174,-33.29860838,321.1391056,4.298921897,127.5592896,-59.67785333,4.012149298,119.0500611,-55.69686146,1.593661144,-0.745584867,-22.12328539,5957.046978,5559.664125,79.74388435,0.996279693,2366.191683,877.1752162,-1107.008675,191.9943967,69.45962708,0.92981984,2061.033185,818.6605878,-964.2420906,179.1868292,0.369332654,10.95898278,-0.172790081,2.398680729,-152.1331586,71.17459147,74.42432713,2208.347704,-1033.16231,29.56200019,-13.83040558,-410.3811964,27.58997747,-12.90780651,-383.0054764,-5.127094771
1959,373.6120376,16.5300324,15.84890679,2.274914053,3.697317962,-7.033883369,273.241971,251.1878464,5.175233949,13.67016011,49.47551525,4516.698633,3981.052764,11.77321244,50.54292852,-348.0050039,261.9829427,37.604403,61.11678569,-116.27032,36.05490078,58.59844775,-111.4793619,8.41108059,-16.00148012,-26.00650332,4330.58653,4152.143239,621.6019998,85.54678483,1010.262447,225.9681895,-1921.952156,817.8318698,571.4307617,82.02180046,928.7213363,216.6570934,-1766.826015,784.1328295,19.13448543,31.09843934,-36.401992,112.5525449,-96.15431185,182.9267112,595.9886779,968.6342396,-1842.757463,139.0354346,-264.5049848,-429.8883424,133.3064323,-253.605967,-412.174647,-59.16255987
1928,333.4126934,14.89673758,14.98224785,3.440269113,6.370609636,-4.797021456,221.9127905,224.4677505,11.83545157,40.58466713,23.01141485,3305.776606,3363.031472,40.71713847,258.5490715,-110.3862508,223.1866145,51.24878618,94.90129997,-71.4599698,51.54296451,95.4460525,-71.87016438,21.91661156,-16.50304475,-30.55995111,3324.752428,3343.837175,763.4397191,176.3096162,1413.719762,604.5791361,-1064.520418,342.7950084,772.2294691,177.3216688,1429.996415,608.0495418,-1076.776616,344.7627206,75.39904182,139.6221768,-56.77491512,79.16545975,-194.685519,146.5967412,767.8220164,1421.834797,-1070.630979,326.4860111,-245.8415269,-455.2435722,328.3601064,-247.2527067,-457.8567617,-105.1344559
1963,300.9164934,16.34419415,15.80309196,1.041582457,5.636246583,-6.18296006,267.1326823,249.7377155,1.084894014,31.76727554,38.2289951,4366.068423,3946.628085,1.130006573,179.0481982,-236.3683498,258.2888031,17.02382589,92.11990841,-101.0554996,16.46022335,89.07012307,-97.70988642,5.870615563,-6.440062729,-34.84868751,4221.522344,4081.761709,278.2407155,17.7317184,1505.625668,519.210519,-1651.670705,624.822118,260.1224233,17.14467987,1407.583346,502.0211768,-1544.118321,604.1363252,6.11473018,33.08823691,-6.707856359,39.81865064,-196.4157959,215.468043,269.0290861,1455.779384,-1596.989354,95.95048052,-105.2576356,-569.5737144,92.77387761,-101.7729035,-550.7170135,-36.29778155
1977,328.8078188,16.50113748,15.49892407,-4.436712402,4.802152257,-7.072212475,272.2875381,240.2166472,19.68441693,23.0606663,50.01618929,4493.0541,3723.099574,-87.33409673,110.7408307,-353.7251178,255.7498768,-73.21080129,79.24097458,-116.6995503,-68.76426861,74.42819318,-109.6116841,-21.30576847,31.37737279,-33.9618411,4220.163877,3963.84792,-1208.061497,324.81527,1307.566216,380.5272249,-1925.675324,825.3240156,-1065.772178,305.0872833,1153.556914,357.4155158,-1698.863169,775.1971198,94.5275672,-102.3135442,-139.212379,-221.9074473,-163.0899319,240.1853563,-1134.68865,1228.149848,-1808.717469,-351.5694146,517.7623422,-560.409009,-330.2164877,486.3155183,-526.3719963,150.6789216
1998,383.9448959,18.21950307,17.62980321,0.637366801,5.462463592,-2.065647642,331.9502922,310.8099613,0.406236439,29.83850849,4.266900181,6047.969369,5479.518454,0.258921619,162.9917663,-8.813912298,321.2062538,11.61250638,99.5233722,-37.63507356,11.23665127,96.30215818,-36.41696144,3.481592943,-1.316575229,-11.28352504,5852.218328,5662.803045,211.5740957,7.401426042,1813.266386,543.6427972,-685.6923384,77.74080096,198.0999507,7.161868471,1697.788098,526.0470329,-642.0238637,75.22461052,2.219051756,19.0180747,-0.839141342,2.719580517,-61.63584471,23.30778689,204.7262024,1754.577467,-663.4989408,63.43289333,-23.98734643,-205.5802191,61.37979846,-23.2109622,-198.926326,-7.191744254
1999,369.005182,17.58430402,17.4895338,3.112922497,8.379857495,-0.889032585,309.2077477,305.8837924,9.690286474,70.22201163,0.790378936,5437.203041,5349.764926,30.16511077,588.4504505,-0.702672629,307.5412794,54.73857557,147.3539618,-15.63301925,54.44356322,146.5598009,-15.54876543,26.08584692,-2.767489533,-7.449966367,5407.899354,5378.7536,962.5397543,170.3969434,2591.116862,1234.805201,-274.8957631,13.89826351,952.192539,169.4785928,2563.262591,1228.150246,-271.9406586,13.82335912,81.20321973,218.5956798,-8.614980429,2.460388372,-62.42965649,6.623262854,957.3521675,2577.152095,-273.4142185,458.7014628,-48.66437731,-131.0024735,456.2293013,-48.40210172,-130.2964386,-23.19116791
2017,371.3949391,16.94209856,15.84507235,4.036684748,4.934788621,-4.192775736,287.0347037,251.0663177,16.29482375,24.35213874,17.57936838,4862.970241,3978.163968,65.77706651,120.1726571,-73.70634919,268.4487774,68.38991086,83.60567521,-71.03441978,63.96156187,78.19208273,-66.43483488,19.92018596,-16.92491387,-20.690462,4548.085646,4253.5903,1158.66861,276.0685101,1416.45559,412.5763347,-1203.472141,297.8313917,1013.475575,258.1926613,1238.959208,385.8614001,-1052.664765,278.5463638,80.41151084,98.30190702,-68.32054166,70.9623682,-102.1030564,86.75046704,1083.643085,1324.737972,-1125.545521,337.4897539,-286.7435589,-350.5398464,315.6367877,-268.1764847,-327.8418672,-83.52087236
2007,388.1677566,17.10625877,15.42210643,2.162686472,8.809832562,-1.009124544,292.624089,237.8413668,4.677212775,77.61314977,1.018332346,5005.703388,3668.014872,10.11534479,683.7588541,-1.027624165,263.8145433,36.99547441,150.7032755,-17.26234559,33.35318094,135.8661754,-15.56282613,19.0529057,-2.18242,-8.890218271,4512.879845,4068.575966,632.8541585,80.00961203,2577.969228,1327.670624,-295.2941505,17.41985663,514.3763064,72.13247321,2095.342618,1196.958256,-240.0115609,15.70482983,41.2054614,167.852909,-4.71989021,2.202333589,-78.32133441,8.971337463,570.5481439,2324.161954,-266.2217309,325.9239352,-37.33304127,-152.0783742,293.8359395,-33.65751353,-137.1058924,-19.22675478
2010,372.5955018,20.14574281,19.7289282,3.592228842,4.601575165,-3.976180185,405.8509533,389.2306081,12.90410806,21.174494,15.81000886,8176.168925,7679.102723,46.35450915,97.4360257,-62.86344396,397.4539135,72.36811837,92.70214978,-80.10310337,70.87082493,90.78414605,-78.4457734,16.52991103,-14.28334914,-18.29669199,8007.00432,7841.339724,1457.9095,259.9628421,1867.553667,426.5759102,-1613.736519,318.5043724,1398.205417,254.5842214,1791.0739,417.7500718,-1547.651031,311.9145298,59.37922315,76.06362806,-51.30905876,56.79316984,-84.19360345,72.75094414,1427.745412,1828.914058,-1580.348375,333.0073362,-287.7486783,-368.6004511,326.1174279,-281.7951698,-360.9741226,-65.72590468
1927,254.9848533,16.08970635,15.12879877,-0.879862271,5.857639227,-3.27775674,258.8786504,228.8805524,0.774157616,34.31193731,10.74368925,4165.281464,3462.68782,-0.681152079,200.9869499,-35.21519983,243.4179297,-14.15672557,94.24769505,-52.73814342,-13.31125925,88.61904515,-49.58852215,-5.153915754,2.88397449,-19.19991645,3916.523009,3682.620876,-227.7775573,12.45596872,1516.417737,552.0689955,-848.5412411,172.8628051,-201.3833627,11.7120748,1340.699702,519.0983951,-750.2147731,162.5391127,4.534736021,-30.18977909,-2.537500345,-9.452966821,-112.4661838,62.93265556,-214.1742525,1425.854413,-797.8647596,-82.92499103,46.40230266,-308.9210177,-77.97255435,43.63106973,-290.4716725,16.8932821
1932,233.5301455,18.23461244,16.75795598,6.655907293,12.11232865,2.428147662,332.5010909,280.8290886,44.30110189,146.7085054,5.895901068,6063.028528,4706.121504,294.8640272,1776.981633,14.31611839,305.5748326,121.3678899,220.8636187,44.27633156,111.5394014,202.9778704,40.69079163,80.61853661,16.16152573,29.4105225,5572.038644,5120.809593,2213.096436,807.8134238,4027.36249,2675.172737,807.3617464,107.509471,1869.172379,742.3959154,3401.494216,2458.534675,681.8944949,98.80325055,536.5895058,976.4782109,107.569617,39.24257092,356.2299143,71.41309143,2033.877757,3701.2228,741.9808153,1470.047771,294.6991582,536.2894794,1351.001888,270.8341368,492.8602413,195.7537112
1968,269.3174487,17.55260124,16.43017892,-0.505907976,8.16406419,-0.741696059,308.0938103,269.9507793,0.255942881,66.6519441,0.550113044,5407.847796,4435.339604,-0.129483545,544.1507501,-0.408016677,288.3923789,-8.880000973,143.3005632,-13.01869517,-8.312158568,134.1370354,-12.18619896,-4.130265193,0.375229952,-6.055254237,5062.036427,4738.338384,-155.8671161,4.492463323,2515.297644,1169.914997,-228.5119649,9.655914901,-136.5702525,4.205187321,2203.895491,1095.103367,-200.2214292,9.038455741,2.089534106,-33.71975016,-0.189831826,-0.278306577,-49.43548428,4.491158204,-145.9000048,2354.453893,-213.8994909,-72.49689796,6.586261727,-106.285463,-67.86099611,6.165095253,-99.48891051,3.063401417
1948,247.8548194,16.99983264,15.61023747,0.406630185,8.301460978,-2.747183133,288.9943096,243.6795138,0.165348108,68.91425437,7.547015165,4912.854897,3803.895077,0.067235532,572.0889934,-20.73303276,265.3714244,6.912645095,141.1234473,-46.70165348,6.347593755,129.5877772,-42.88418107,3.375624616,-1.117087586,-22.80563358,4511.269801,4142.510952,117.5138097,2.810890156,2399.074984,1171.53079,-793.9202929,128.2979947,99.08744587,2.581123225,2022.895975,1075.767876,-669.4322502,117.8106989,1.372630863,28.02261602,-0.454241532,3.068844175,-189.3200772,62.65125189,107.9080315,2202.970524,-729.023901,57.38505351,-18.99030201,-387.6919539,52.69430186,-17.4380025,-356.0013557,-9.273459007
1944,395.9751274,19.30076807,17.03611146,-0.8022514,6.355610729,-4.545031485,372.5196482,290.2290937,0.643607309,40.39378774,20.6573112,7189.915333,4944.375189,-0.516334864,256.7271907,-93.88812978,328.8100362,-15.48406821,122.6681686,-87.72259857,-13.66724427,108.2748928,-77.42966297,-5.098797605,3.646257871,-28.88645087,6346.286248,5601.644425,-298.8544093,12.42211539,2367.589873,779.6311287,-1693.11353,398.7019724,-232.8366967,10.96456585,1844.583142,688.1530702,-1319.100369,351.920256,4.090517516,-32.40597276,-2.925215482,-16.57235683,-183.5910371,131.2898287,-263.7883118,2089.788594,-1494.451967,-98.41071002,70.37557751,-557.5306887,-86.86368431,62.11805551,-492.1127967,23.17419565
1992,238.7595405,15.3074907,14.1364931,0.31103557,8.688062293,-0.914357867,234.3192714,199.8404373,0.096743126,75.48242641,0.836050308,3586.840068,2825.042964,0.030090553,655.7960227,-0.764449177,216.3942367,4.761174098,132.9924327,-13.99652454,4.396952194,122.8187327,-12.92581368,2.70229641,-0.284397821,-7.943998104,3312.452765,3059.055635,72.88162822,1.480894501,2035.780427,1155.44654,-214.2516692,12.79783232,62.15748438,1.367608533,1736.226168,1067.056801,-182.7256759,11.81881942,0.840510305,23.47771954,-0.088457838,0.260041384,-69.01795039,7.26365716,67.30630481,1880.046608,-197.8617726,41.36537716,-4.353416992,-121.6026771,38.20099457,-4.020387829,-112.3002744,-2.470865981
2017,308.8313939,17.4504011,16.32236743,4.122125982,5.918091141,-3.487638927,304.5164986,266.4196785,16.99192261,35.02380275,12.16362529,5313.935042,4348.599882,70.04284568,207.2740568,-42.42233305,284.8318585,71.93275177,103.2730642,-60.86069818,67.28285486,96.59725808,-56.92652403,24.39511726,-14.37648704,-20.64016504,4970.430178,4649.13025,1255.255371,296.515865,1802.156392,611.1794061,-1062.043594,212.2601401,1098.215479,277.3484042,1576.695939,571.6713773,-929.1756416,198.5391612,100.5597467,144.3725273,-59.26169075,50.13999583,-122.1503779,71.98544306,1174.112805,1685.660899,-993.3906776,425.704581,-250.8754652,-360.1791587,398.1860673,-234.6583038,-336.8963575,-85.08136058
2010,322.3025824,20.73418294,19.52642882,3.269955136,5.230261831,-3.828537527,429.9063421,381.2814223,10.69260659,27.35563882,14.65769959,8913.756744,7445.064551,34.96434383,143.0771536,-56.11755295,404.8645472,67.79984798,108.4452056,-79.38159747,63.85054618,102.1283353,-74.75766549,17.10272153,-12.51914595,-20.02425369,8394.535587,7905.558761,1405.774451,221.7024611,2248.522732,567.1968197,-1645.912564,303.9154248,1246.773145,208.7884214,1994.20167,534.1579341,-1459.750234,286.2125277,55.92513211,89.45171165,-40.93704558,47.93002006,-104.7320898,76.66360672,1323.888905,2117.547588,-1550.039112,354.610957,-259.5742623,-415.1865393,333.9550746,-244.4542122,-391.0021644,-65.4784112
1944,214.0689448,17.24898391,15.05442356,-4.126134911,3.019737901,-8.687276039,297.5274461,226.6356687,17.0249893,9.118816991,75.46876498,5132.046131,3411.86935,-70.24740272,27.53643728,-655.6179938,259.6735098,-71.1716347,52.08741048,-149.8466847,-62.11658261,45.4604134,-130.7819331,-12.45984598,35.84487295,-26.23329671,4479.104193,3909.235004,-1227.638382,293.6637666,898.4549055,157.2903276,-2584.703053,1301.759513,-935.1293447,256.3014,684.3803185,137.2785333,-1968.846614,1136.138754,51.41100546,-37.62546913,-147.9007816,-311.3943059,-79.21768035,227.89589,-1071.447934,784.1459394,-2255.85546,-214.9196828,618.2876368,-452.497713,-187.5757988,539.6238998,-394.9271601,108.2421214
1984,286.0188934,15.66141336,14.29396875,0.994400067,-6.52277843,-15.22883328,245.2798685,204.3175428,0.988831493,42.54663845,231.917363,3841.42941,2920.508572,0.983294103,-277.5222956,-3531.830856,223.8637533,15.57371049,-102.1559293,-238.505053,14.21392348,-93.23639108,-217.680467,-6.486251307,-15.14355283,99.33430522,3506.022777,3199.901494,243.9063176,15.48649876,-1599.906236,666.340492,-3735.326224,3632.153688,203.1733782,14.13432646,-1332.718061,608.1603206,-3111.517794,3315.019541,-6.449928733,42.30838012,-15.05874994,230.6186413,-647.9356635,-1512.745573,222.6101312,-1460.213661,-3409.183775,-101.5838629,-237.1694406,1555.715615,-92.71427351,-216.461471,1419.881455,98.77803975
1952,222.2660299,17.4712445,15.96319203,-6.004340297,0.685358152,-9.618388143,305.2443845,254.8234997,36.0521024,0.469715797,92.51339046,5332.999274,4067.796458,-216.4690912,0.321923551,-889.8296979,278.8968309,-104.9032974,11.97405985,-168.045211,-95.84843715,10.94050379,-153.5401769,-4.115123572,57.75207552,-6.592040725,4872.674724,4452.083668,-1832.791158,629.8750959,209.2017273,8.206519535,-2935.958968,1616.324065,-1530.047008,575.5066336,174.6453629,7.498163464,-2450.991328,1476.809017,24.70860229,-2.820333488,-346.7631143,-555.4818784,-4.517908851,63.40480635,-1674.591481,191.1442167,-2682.537972,-71.89633008,1009.000632,-115.1711553,-65.69050779,921.9074714,-105.2300119,39.58085577
1927,297.8239872,12.73518312,11.61225045,-3.84663312,0.286074165,-9.110402167,162.1848892,134.8443605,14.79658636,0.081838428,82.99942765,2065.454263,1565.846486,-56.91703914,0.02341186,-756.1581655,147.884136,-48.98757719,3.643206874,-116.0226399,-44.66806718,3.321964848,-105.7922717,-1.100422357,35.04437471,-2.60625069,1883.331552,1717.267624,-623.8657662,188.4372369,46.3969067,1.042227364,-1477.569566,1057.01291,-518.6967832,171.8216666,38.5754878,0.950328319,-1228.486354,963.8101411,4.232921083,-0.314802407,-134.8028524,-319.2683473,-0.745580989,23.74399194,-568.8560152,42.30583067,-1347.283953,-14.01408023,446.2965294,-33.1910798,-12.77838001,406.944056,-30.26443575,10.02529022
1926,276.0449014,11.93115105,10.76765301,-3.766575484,-1.163859153,-10.15407587,142.3523653,115.9423513,14.18709088,1.354568128,103.1052569,1698.427572,1248.427008,-53.4367487,-1.576526515,-1046.938601,128.4704945,-44.93958103,-13.88617935,-121.149813,-40.55717785,-12.53203151,-109.3355656,4.383763354,38.24609325,11.81791415,1532.800874,1383.325706,-536.1809292,169.2683242,-165.6781033,16.16155694,-1445.456718,1230.164393,-436.7056181,152.7616718,-134.9405668,14.58551959,-1177.287433,1110.201629,-16.51177558,-5.102083104,-144.0567972,-388.3537328,-13.75438755,-119.9999969,-483.8938149,-149.5215609,-1304.499148,52.30334272,456.3199155,141.0013187,47.20284267,411.8206611,127.2511988,-44.51306571
1947,335.5572068,13.78971645,12.690601,-0.9018547,5.680404542,-5.853015941,190.1562799,161.0513536,0.8133419,32.26699576,34.2577956,2622.201181,2043.838468,-0.733516216,183.2895893,-200.5114237,174.9997893,-12.4363206,78.33116797,-80.71143022,-11.44507816,72.08774753,-74.27828992,-5.122899535,5.278569937,-33.24749833,2413.197474,2220.852501,-171.4933348,11.21575418,1080.164596,444.9527223,-1112.987737,472.4052876,-145.2449202,10.32179753,914.8368406,409.4875685,-942.63614,434.7520149,4.620111025,-29.10014179,-4.760503108,-30.89555398,-188.8592406,194.5981377,-157.8243826,994.0695982,-1024.276557,-70.64333201,72.7899827,-458.4735748,-65.01267394,66.98822489,-421.9307354,29.98441264
1945,262.6987819,13.37444488,11.87784788,0.985424093,-1.290624196,-10.67117159,178.8757758,141.0832704,0.971060642,1.665710815,113.8739032,2392.364203,1675.765625,0.956906553,-2.149806681,-1215.167961,158.8596218,13.17950021,-17.26138216,-142.7209963,11.70471748,-15.32983787,-126.750553,-1.271812177,-10.51562959,13.77247226,2124.659255,1886.910423,176.268499,12.98739704,-230.8614043,22.27795747,-1908.814097,1523.000241,139.0268537,11.5341106,-182.0854824,19.78505968,-1505.523787,1352.5769,-1.253274361,1.641431568,-10.36235474,112.2140877,-17.77508593,-146.9684147,156.5440987,-205.0280716,-1695.218284,-17.00978186,-140.6407083,184.199171,-15.10639158,-124.9030486,163.5873305,13.57172598
1992,245.5535133,12.68717854,10.00466994,-3.619489173,3.007849008,-5.705581085,160.9644993,100.0934206,13.10070187,9.047155653,32.55365552,2042.185341,1001.401637,-47.41784859,27.21247815,-185.7375212,126.9310338,-45.92110536,38.16111738,-72.3877259,-36.21179453,30.09253656,-57.08245558,-10.88687692,20.65128896,-17.16152641,1610.396687,1269.903098,-582.6092623,166.2109436,484.1569094,114.782879,-918.3960024,413.0140397,-362.2870523,131.0681982,301.0658959,90.51380622,-571.0911275,325.6885789,39.40493313,-32.74608193,-74.74711681,-117.8276037,-51.61928017,97.91648046,-459.4255024,381.789384,-724.2153054,-138.1237512,262.0065901,-217.7313495,-108.9196103,206.6093299,-171.6954074,62.11595902
2014,264.9135455,16.17371897,15.3609543,-3.179607828,-1.822437407,-10.12331068,261.5891853,235.9589171,10.10990594,3.321278104,102.4814192,4230.869968,3624.554142,-32.14553605,-6.052821456,-1037.451246,248.443758,-51.42608343,-29.47559046,-163.731582,-48.84181054,-27.99437773,-155.5037128,5.794636245,32.18815789,18.44910008,4018.259521,3816.333213,-831.7510212,163.5147774,-476.7299166,53.71741866,-2648.148594,1657.505674,-750.2568196,155.2978031,-430.020357,51.01800117,-2388.685426,1574.212397,-18.42467076,-10.56036186,-102.3457188,-325.8507227,-33.62233011,-186.7659719,-789.9537175,-452.7731981,-2515.07335,93.72081816,520.6022199,298.3905599,89.01114256,494.4408224,283.3957832,-58.66090302
2007,251.2191642,15.43121636,13.65870274,-0.59417235,4.264672032,-5.02982298,238.1224382,186.5601606,0.353040781,18.18742754,25.29911921,3674.518864,2548.169778,-0.20976707,77.56341354,-127.2500912,210.7703972,-9.168802081,65.80907681,-77.61628664,-8.115623502,58.24988758,-68.70085694,-2.533950202,2.988581738,-21.45054539,3252.4436,2878.850202,-141.4857686,5.447848676,1015.514102,280.6541293,-1197.713712,390.3961822,-110.848889,4.822079085,795.6178992,248.4166664,-938.3645831,345.553149,1.505603145,-10.80646655,-1.775732634,-15.03203711,-91.47954097,107.8924461,-125.2339421,898.8666179,-1060.137787,-39.1019338,46.11745141,-331.0080068,-34.61047257,40.82014959,-292.9866231,12.74532095
1968,299.9353746,14.96650477,13.75931565,-2.254423258,3.006187364,-3.638299888,223.996265,189.3187673,5.082424227,9.037162469,13.23722607,3352.441168,2604.896678,-11.45793539,27.16740363,-48.16099813,205.9288634,-33.74083644,44.99211752,-54.45263262,-31.01932123,41.36308086,-50.0605166,-6.777218713,8.202267887,-10.93741115,3082.035315,2833.440233,-504.9823895,76.06612643,673.3747414,135.2547352,-814.9655857,198.1150071,-426.8046322,69.93067924,569.1276861,124.345171,-688.7984498,182.1351719,15.27871949,-20.37358926,-18.4913835,-29.84231033,-32.8799072,39.79358176,-464.2508191,619.060747,-749.2309604,-101.4312762,122.7592814,-163.6948161,-93.24989153,112.8575929,-150.4912925,24.65755408
1979,273.9498621,14.70453634,12.84276413,0.553557054,0.665988275,-6.729638613,216.2233891,164.9365904,0.306425412,0.443540383,45.28803586,3179.464684,2118.241727,0.169623949,0.295392695,-304.7721148,188.8468919,8.139799824,9.793048801,-98.95621557,7.109202679,8.553130333,-86.42716136,0.368662508,-3.725238927,-4.481860414,2776.905985,2425.316089,119.6919823,4.505843613,144.002242,6.522055682,-1455.105268,665.9395692,91.30181314,3.935349293,109.8458354,5.69628452,-1109.963648,581.6235623,0.204075732,0.245524908,-2.062132287,25.06951172,-2.984866488,30.1613009,104.5375292,125.7698158,-1270.871335,5.421011247,-54.77791119,-65.90367935,4.734645632,-47.84236485,-57.55947615,-2.480965448
1956,311.9204426,16.02493675,14.21155441,-2.866431965,0.914470156,-8.773631636,256.7985978,201.9682788,8.216432208,0.836255666,76.97661209,4115.181286,2870.283183,-23.55184392,0.76473085,-675.3644391,227.7392605,-45.93439093,14.65432641,-140.596892,-40.73645383,12.99604238,-124.6869434,-2.621266486,25.14901817,-8.023224292,3649.507245,3236.528892,-736.0957091,131.6678064,234.8346538,13.40094416,-2253.056302,1233.54534,-578.9283301,116.7682734,184.6939634,11.8844929,-1771.99528,1093.957311,7.513682044,-2.397069973,-72.08794956,-220.6482214,-7.336999171,70.39281448,-652.7990959,208.2607571,-1998.100381,-42.00562964,403.0114254,-128.5716618,-37.25227129,357.4066401,-114.0224886,22.99802657
1991,422.5302788,17.11089493,14.82894102,1.388880627,2.949530253,-5.912656477,292.7827253,219.8974916,1.928989397,8.699728714,34.95950662,5009.774449,3260.846933,2.679136003,25.66011303,-206.7035533,253.7364516,23.76499048,50.46910225,-101.1708437,20.5956289,43.73841015,-87.67843415,4.096545428,-8.211974037,-17.43955916,4341.657763,3762.642874,406.6402551,33.00673489,863.5715058,148.8601439,-1731.123677,598.1884445,305.4113661,28.60486998,648.5943041,129.0077639,-1300.178328,518.4124616,5.689612583,12.08288467,-11.40545165,48.55458148,-51.43850733,103.1141224,352.4096421,748.4033404,-1500.256474,70.09555839,-140.5142249,-298.4064643,60.74743052,-121.7748786,-258.6101941,-24.22146586
1974,380.573741,13.27799085,12.23270863,0.733660433,1.643430335,-5.875723711,176.3050409,149.6391604,0.538257631,2.700863265,34.52412913,2340.97672,1830.492248,0.394898326,4.438680619,-202.8542442,162.4257932,9.741536512,21.82145294,-78.01780566,8.974654305,20.10360443,-71.87601614,1.205719811,-4.310786001,-9.656342585,2156.688195,1986.907402,129.3480326,7.146979893,289.7450524,35.86203771,-1035.91971,458.4110707,109.7843311,6.584348762,245.9215354,33.03887336,-879.2383627,422.3236123,0.884588918,1.981516512,-3.162653123,25.32898752,-15.86952633,56.73800109,119.1653777,266.9354757,-954.3690844,16.00953661,-57.23857707,-128.2168285,14.74921913,-52.7325891,-118.1232252,-7.08447648
1954,390.583132,17.94708768,16.94287194,-0.706330323,8.450700175,-3.771230263,322.0979562,287.0609096,0.498902526,71.41433345,14.2221777,5780.720262,4863.636229,-0.352389982,603.5011202,-53.63510695,304.0752083,-12.67657225,151.665457,-67.6826002,-11.96726422,143.1791309,-63.89547141,-5.968985788,2.663734292,-31.86953625,5457.264424,5151.907314,-227.5075536,8.953847375,2721.953255,1281.679304,-1214.70556,255.2466702,-202.7598251,8.452841605,2425.865679,1209.963906,-1082.57279,240.9645355,4.216075662,-50.44210925,-1.881476304,-10.04555537,-269.3198956,120.1873596,-214.7775402,2569.648416,-1146.737628,-107.1259113,47.80627289,-571.9653614,-101.1317618,45.13130898,-539.9614714,22.51041984
1982,326.8958461,14.91095896,15.06738564,3.189652886,5.596110112,-4.826887904,222.3366971,227.0261101,10.17388553,31.31644838,23.29884684,3315.253366,3420.689952,32.45116334,175.2502934,-112.460922,224.669169,47.56078327,83.44336821,-71.97352744,48.05973009,84.31874915,-72.72858151,17.84964877,-15.39609693,-27.01179621,3350.032758,3385.177011,709.1768875,151.7023896,1244.220639,466.9582766,-1073.194314,347.408149,724.1344873,153.2938568,1270.46311,471.8570047,-1095.829585,351.0527104,56.93418369,99.88859994,-49.108205,74.31523405,-151.1609859,130.3829124,716.6166631,1257.273408,-1084.452894,266.1553802,-229.5705695,-402.7717847,268.9475415,-231.9789299,-406.9971504,-86.15825372
1938,333.2602912,16.5136439,16.07387787,-1.071752333,5.013217386,-3.899075499,272.7004348,258.3695499,1.148653063,25.13234856,15.20278974,4503.277872,4153.000591,-1.231071601,125.9939267,-59.276825,265.4382953,-17.69853638,82.7864867,-64.38794432,-17.22721611,80.58184401,-62.67326338,-5.372927429,4.178843263,-19.54691308,4383.353485,4266.622741,-292.2673272,18.96844765,1367.106561,415.0266544,-1063.279584,251.0534561,-276.9081679,18.46330906,1295.262719,403.9743014,-1007.402381,244.3677857,5.758447508,-26.9356532,-4.478685016,-16.29362538,-97.99292448,76.21488986,-284.4841122,1330.699877,-1034.963953,-88.72661026,69.00792955,-322.7907619,-86.36377932,67.17021625,-314.1946936,20.9494497
1950,361.8603169,17.19583995,16.61404485,0.470284836,10.78826098,-1.943351486,295.6969115,276.0264862,0.221167827,116.386575,3.776614999,5084.756763,4585.916421,0.104011875,1255.608746,-7.339290371,285.6924561,8.086942761,185.5132091,-33.41756112,7.813333349,179.2366518,-32.28692875,5.073555541,-0.913928734,-20.96538301,4912.721749,4746.507278,139.0617734,3.803166546,3190.055452,2001.364915,-574.6430324,64.94206706,129.8110707,3.674492189,2977.845771,1933.651776,-536.4164822,62.74485097,2.386016233,54.73484127,-0.429806824,1.776084764,-226.1800235,40.74310823,134.3568297,3082.124776,-555.2008591,87.24404904,-15.71577223,-360.5173707,84.29227929,-15.18405298,-348.3198136,-9.859701701
1974,374.9604627,14.59295528,14.9108088,4.958522036,6.187665716,-2.52911794,212.9543439,222.3322191,24.58694078,38.28720702,6.396437556,3107.633217,3315.153208,121.9148877,236.9084382,-16.17734498,217.592766,72.35949034,90.2963291,-36.90730501,73.93557401,92.26310041,-37.71119404,30.68167681,-12.54068704,-15.64933637,3175.321505,3244.484131,1055.938807,358.7961274,1317.690293,558.7234999,-538.5866516,93.34292722,1102.439208,366.611173,1375.71745,570.8932233,-562.3044039,95.3760574,152.1357706,189.8479597,-62.18327303,31.71687657,-96.83286215,39.57901737,1078.938525,1346.391299,-550.3177683,447.7363376,-183.0056852,-228.3700659,457.4886165,-186.9917867,-233.3442625,-77.59757925
1937,363.9187669,17.65155884,16.9574894,-0.932318917,9.918009324,-1.587272579,311.5775296,287.5564466,0.869218563,98.36690896,2.51943424,5499.829099,4876.235393,-0.810388909,975.6039202,-3.999028884,299.3261219,-16.45688222,175.0683252,-28.01783533,-15.80978814,168.1845379,-26.91615793,-9.246747709,1.479844251,-15.74258424,5283.572655,5075.819538,-290.4896249,15.3430626,3090.228844,1736.329282,-494.558469,44.47194174,-268.0943148,14.73976456,2851.987518,1668.055815,-456.4304626,42.72327941,8.620917808,-91.70933,-1.379686789,-2.348916201,-156.1350973,24.98777228,-279.0674057,2968.719268,-475.1121455,-163.2195113,26.12155788,-277.881152,-156.8016262,25.0944432,-266.9547053,14.67710908
1968,341.4607615,17.67138753,16.60855847,-0.480953012,8.415267684,-0.948884953,312.2779374,275.8442146,0.2313158,70.8167302,0.900382654,5518.38445,4581.374768,-0.111252031,595.9417412,-0.854359552,293.4962732,-8.499107063,148.7094565,-16.76811373,-7.987936226,139.7654654,-15.75961123,-4.047348341,0.456369076,-7.985120881,5186.486383,4874.550015,-150.1910146,4.087671143,2627.902435,1251.429883,-296.3158359,15.91101081,-132.6681059,3.841821989,2321.302905,1176.163805,-261.7444246,14.95405796,1.946584376,-34.0595197,-0.219492082,-0.43304175,-67.19692971,7.576961052,-141.1579166,2469.849703,-278.4941974,-71.52226102,8.064674806,-141.1081656,-67.22062159,7.57963249,-132.6213471,3.84046794
1946,327.2759718,17.5340525,15.9688168,2.141156802,4.008833283,-6.47906823,307.4429972,255.00311,4.584552451,16.07074429,41.97832512,5390.721654,4072.097947,9.816245666,64.42493459,-271.9804326,279.9980722,37.54315579,70.29109326,-113.6043225,34.19174072,64.01632428,-103.4630536,8.583540652,-13.87270101,-25.97350436,4909.500899,4471.237919,658.2836647,80.38578339,1232.48772,281.7852741,-1991.944155,736.0501567,546.0016436,73.20987821,1022.264955,256.6307714,-1652.182549,670.3441835,18.37870645,34.40998345,-29.70362813,89.88217638,-104.1234488,168.2841069,599.5197769,1122.465591,-1814.126614,150.5042525,-243.2446679,-455.4207891,137.0689882,-221.530621,-414.7661328,-55.61334554
1951,368.9474426,17.21989904,17.06621485,-1.626328202,4.778963962,-6.657802622,296.5249228,291.2556893,2.644943422,22.83849655,44.32633576,5106.129232,4970.632171,-4.30154608,109.144352,-295.1159944,293.8784967,-28.00520744,82.29327693,-114.646689,-27.75526652,81.55882575,-113.62349,-7.77216387,10.82777217,-31.8173988,5060.558041,5015.393564,-482.2468447,45.54565868,1417.08192,393.2766048,-1974.204409,763.2950264,-473.6773416,45.1391727,1391.900443,389.7666891,-1939.122892,756.4827696,12.64008929,-37.14289105,-17.60951125,-72.08916995,-152.0542023,211.8339612,-477.9428872,1404.434745,-1956.585026,-133.8358771,186.4531436,-547.8923949,-132.6414185,184.7890862,-543.0025639,51.74553299
1947,372.7780203,17.79532936,16.32332429,3.399469788,10.81112858,-0.76925507,316.6737471,266.4509158,11.55639484,116.8805012,0.591753363,5635.31363,4349.364705,39.28561513,1263.610127,-0.455209275,290.478932,60.49468454,192.3875939,-13.68914734,55.49064776,176.4735577,-12.55679997,36.75210499,-2.615059371,-8.316515477,5169.168267,4741.581805,1076.522836,205.6498525,3423.600598,2079.927015,-243.6028856,10.530446,905.7918383,188.6387806,2880.635111,1907.878324,-204.968718,9.659382048,124.9376706,397.3317326,-8.889815328,2.011647681,-89.91091817,6.397521699,987.4743534,3140.405083,-223.4523913,654.015813,-46.53584282,-147.9951321,599.9165279,-42.68646215,-135.7531791,-28.27174311
1999,406.456015,18.17154776,17.65125637,3.388379369,8.742129547,-0.616312173,330.2051481,311.5668516,11.48111475,76.42482901,0.379840695,6000.338621,5499.546374,38.90237233,668.1157558,-0.234100444,320.7506483,61.57209754,158.8580246,-11.19934609,59.80915293,154.3095699,-10.87868417,29.62165139,-2.088299452,-5.387880858,5828.535726,5661.651925,1118.860311,208.629625,2886.696182,1388.757431,-203.5094524,6.902293326,1055.706692,202.6560998,2723.757779,1348.99425,-192.0224433,6.704665483,100.3693925,258.9563139,-7.075950778,1.287044373,-47.10155245,3.32061656,1086.824879,2804.043719,-197.6825291,538.2712532,-37.94763324,-97.90613436,522.859363,-36.86110901,-95.10286634,-18.25618434
1998,386.1671779,18.7923897,18.17344498,0.940819886,5.966231952,-1.736841361,353.1539105,330.2741026,0.885142058,35.5959237,3.016617914,6636.605908,6002.218233,0.83275925,212.3735373,-5.239386765,341.5224603,17.68025393,112.1197559,-32.6393997,17.09793844,108.4269881,-31.56439093,5.613149664,-1.634054891,-10.36239842,6418.023163,6206.639642,332.2542218,16.63393449,2106.998145,668.9324698,-613.3723186,56.68945941,310.7284435,16.08608049,1970.491904,646.9005611,-573.6337219,54.8223397,5.280962827,33.48935288,-1.537351337,2.838094122,-61.82447258,17.99784219,321.3111221,2037.602215,-593.1703348,105.4844959,-30.7077963,-194.7342294,102.0102666,-29.69640667,-188.3204777,-9.749150504
2010,373.3722494,20.92429103,19.83787946,3.661084672,5.660241732,-3.953554663,437.825955,393.5414615,13.40354098,32.03833647,15.63059448,9161.197701,7807.028077,49.07149841,181.3447291,-61.79640969,415.0935632,76.60560115,118.4365453,-82.72532837,72.62815642,112.2871932,-78.43014086,20.72262424,-14.47429838,-22.3780751,8685.53852,8234.576072,1602.917893,280.4595922,2478.200742,670.3794762,-1730.968846,327.0591078,1440.788613,265.8978302,2227.539804,635.5726569,-1555.88768,310.0778491,75.86728198,117.2950625,-52.99163193,57.22492985,-126.6653145,88.47294315,1519.692682,2349.529909,-1641.095093,433.6062205,-302.8644317,-468.2453559,411.0929219,-287.1393865,-443.9335563,-81.92802772
1969,264.9928116,11.72097337,11.34523805,-1.063590484,0.375430124,-7.676775522,137.3812167,128.7144263,1.131224717,0.140947778,58.93288241,1610.241582,1460.295807,-1.203159845,0.052916042,-452.4145091,132.977233,-12.46631574,4.40040649,-89.97928144,-12.06668722,4.259344132,-87.09484572,-0.399303908,8.164945392,-2.88209279,1558.622606,1508.658363,-146.1173547,13.25905479,51.57704728,1.652045156,-1054.644761,690.7507452,-136.899439,12.8340137,48.32327309,1.599086098,-988.1117573,668.6075797,0.424695837,-0.149910716,-8.684158221,-62.68045292,-1.082024455,22.12517938,-141.4333196,49.92365913,-1020.836367,-4.680230469,95.70110749,-33.78093283,-4.530197886,92.63324911,-32.69802877,3.065366465
1963,302.3039563,14.26824491,13.22334133,-1.958043111,0.113978356,-9.785062255,203.5828127,174.8567558,3.833932823,0.012991066,95.74744334,2904.769431,2312.190565,-7.507005751,0.0014807,-936.8946939,188.6738725,-27.93783864,1.626271103,-139.6156647,-25.89187238,1.50717471,-129.3912181,-0.223174536,19.15957374,-1.115285313,2692.045021,2494.899016,-398.6239239,54.70349248,23.20403439,0.185359707,-1992.070497,1366.147971,-342.3770661,50.69740234,19.92988563,0.171785296,-1710.984241,1266.101124,0.436985362,-0.025437067,-37.51527136,-187.4776218,-0.127118387,10.91313622,-369.4315762,21.50473789,-1846.185589,-3.18430893,273.3734904,-15.91316399,-2.951113058,253.3535832,-14.74779837,2.183776724
1975,282.1171082,15.29958595,14.22008003,-0.65277876,0.872260537,-5.612887139,234.0773304,202.210676,0.426120109,0.760838444,31.50450204,3581.286236,2875.451996,-0.278162156,0.663649349,-176.8312143,217.5613367,-9.987244745,13.34522506,-85.87484923,-9.282566205,12.40361464,-79.81570431,-0.569393151,3.663973506,-4.895899949,3328.598371,3093.739619,-152.8007094,6.519461238,204.1764178,11.64051317,-1313.849637,482.0058368,-131.9988343,6.059462056,176.3803928,10.81918356,-1134.985703,447.9965402,0.371687755,-0.496659176,-2.391764081,-20.56546977,-4.270500317,27.48013386,-142.0194195,189.7701683,-1221.147229,-8.711479461,56.05727758,-74.90524209,-8.096816181,52.10199647,-69.62008908,3.195939497
1929,308.8704865,12.18809149,11.2689905,-0.340618474,2.529369484,-5.992723416,148.5495742,126.9901469,0.116020945,6.397709985,35.91273394,1810.535801,1431.05076,-0.039518877,16.1821724,-215.2150816,137.3474872,-4.151489122,30.82818668,-73.03986127,-3.838426346,28.50344069,-67.53194326,-0.861549973,2.041232304,-15.15781173,1674.003741,1547.767529,-50.59872924,1.414073889,375.7367598,77.97587463,-890.2165117,437.707687,-43.25519003,1.307438924,321.2050024,72.09573306,-761.0168271,404.7002577,0.293459837,-2.179178211,-0.695281432,-12.23254063,-38.33970644,90.83657331,-46.78309148,347.4025429,-823.085503,-10.5006499,24.87872607,-184.7447962,-9.708798465,23.00262744,-170.8132365,5.163030699
1984,301.8994855,14.91363544,13.93295772,0.740847609,-6.890255643,-15.12829404,222.416522,194.1273108,0.54885518,47.47562283,228.8652806,3317.038924,2704.767613,0.406618048,-327.1191781,-3462.341261,207.791052,11.04873116,-102.7587607,-225.6178621,10.32219841,-96.00164055,-210.7818812,-5.104629419,-11.20776047,104.2378134,3098.919997,2895.143942,164.7767485,8.185426059,-1532.506696,708.0341311,-3364.782544,3413.213359,143.8187541,7.647176014,-1337.586799,661.4758456,-2936.815039,3188.770278,-3.7817525,35.17220166,-8.303242546,169.5542959,-718.225182,-1576.940291,153.941504,-1431.733469,-3143.524134,-76.1285822,-167.1484537,1554.564748,-71.12258586,-156.1572527,1452.341047,77.22433482
1972,262.8074004,12.17991699,11.00593681,-1.366235568,2.836120166,-4.149631754,148.3503779,121.130645,1.866599627,8.043577599,17.21944369,1806.895288,1333.156225,-2.550214802,22.81255264,-71.45435033,134.0513967,-16.64063581,34.5437082,-50.5421703,-15.03670233,31.21415933,-45.67058486,-3.874808246,5.669374496,-11.7688543,1632.734884,1475.361201,-202.6815628,22.73502851,420.7394984,97.97010745,-615.5994388,209.7313948,-165.4929956,20.54367754,343.5410652,88.52710677,-502.647571,189.5161092,5.293900845,-10.98942181,-7.745701084,-23.52581643,-33.37788502,48.83641151,-183.1457861,380.1858696,-556.2639325,-47.19484279,69.05251075,-143.3436684,-42.6458947,62.39677745,-129.5272667,16.07902734
1944,285.8673722,16.37937523,14.5209886,-3.967143107,1.99989523,-8.527965035,268.2839329,210.85911,15.73822443,3.99958093,72.72618764,4394.323205,3061.882733,-62.43578856,7.998742822,-620.2063853,237.844721,-64.97932554,32.75703439,-139.6827393,-57.60683984,29.04045584,-123.8344831,-7.933870575,33.8316577,-17.05503659,3895.747932,3453.740483,-1064.320755,257.7822834,536.5397576,65.51063681,-2287.915999,1191.209516,-836.5082647,228.5345776,421.6961282,58.07786909,-1798.199117,1056.056142,31.47479996,-15.86690992,-134.2150277,-288.515194,-34.10828632,145.4447557,-943.5640455,475.664523,-2028.331465,-129.9518432,554.1414162,-279.3508439,-115.2076442,491.2691159,-247.655992,67.65977085
1955,230.9585208,13.70698238,12.55461325,0.343695053,3.025970986,-4.441912892,187.881366,157.6183139,0.118126289,9.156500407,19.73059014,2575.286574,1978.836972,0.040599421,27.70730456,-87.64156269,172.0858626,4.71102203,41.47693099,-60.88522175,4.314958461,37.98989543,-55.76649845,1.040011257,-1.526663485,-13.44109953,2358.777887,2160.471451,64.57389597,1.619154964,568.5235623,125.5079898,-834.5526618,270.4468514,54.17263467,1.483029875,476.9484446,114.9563213,-700.1268203,247.7099284,0.357446724,3.147043889,-0.524706687,6.781306214,-40.6723772,59.70419329,59.1450596,520.7268274,-764.3904117,14.25541598,-20.92594949,-184.2369145,13.05693911,-19.16666961,-168.7478063,-4.61963941
1943,184.2385268,17.68906375,16.7861728,0.485185752,-0.002225485,-8.241711894,312.9029765,281.7755974,0.235405213,4.95E-06,67.92581494,5534.9607,4729.93387,0.114215255,-1.10E-08,-559.8249969,296.9316809,8.582481691,-0.039366738,-145.7881671,8.144411867,-0.037357368,-138.3468,-0.001079773,-3.998761179,0.018341803,5252.443434,4984.346507,151.8160658,4.164097829,-0.696360741,8.76E-05,-2578.856183,1201.544071,136.713505,3.951552592,-0.62708724,8.31E-05,-2322.313292,1140.214467,-0.000523891,2.40E-06,-1.940141948,32.95663757,-4.08E-05,-0.151167852,144.0670208,-0.660816869,-2447.225366,-0.01910018,-70.73434143,0.324449314,-0.018125263,-67.12389615,0.307888667,0.008899181
1962,159.987316,15.12153456,14.57701205,0.670185535,1.069668757,-6.9417583,228.6608075,212.4892803,0.449148652,1.14419125,48.18800829,3457.702304,3097.4588,0.30101293,1.223905632,-334.5095065,220.4267915,10.13423374,16.17503308,-104.9700381,9.769302626,15.59257436,-101.1900944,0.716876529,-4.652266002,-7.425381972,3333.191347,3213.163997,153.2451657,6.791816862,244.5913217,17.30192753,-1587.308058,728.6766329,142.4072421,6.54724531,227.2931444,16.67888964,-1475.049225,702.4371776,0.48044028,0.766820425,-3.117881381,32.29490614,-7.942699104,51.54520693,147.7268473,235.7836521,-1530.14951,10.8402732,-70.34940115,-112.2831701,10.4499178,-67.81613758,-108.2398825,-4.976383592
1953,232.577565,17.1008777,15.9452086,-1.496371861,3.541268101,-3.766029608,292.4400181,254.2496774,2.239128746,12.54057976,14.18297901,5000.980984,4054.064144,-3.350569249,44.40955507,-53.41351888,272.6770622,-25.58927219,60.55879269,-64.40241174,-23.85996147,56.46625859,-60.05012771,-5.299053938,5.635380733,-13.33652052,4663.017093,4347.892639,-437.5990141,38.29106684,1035.608507,214.4549208,-1101.337767,242.5413895,-380.4520629,35.70337495,900.3662722,199.9621603,-957.511813,226.1505589,7.929355202,-18.76537067,-8.432625155,-21.22301069,-47.22819468,50.22573114,-408.0262831,965.6225823,-1026.90989,-90.61847332,96.36995671,-228.0662063,-84.49452044,89.85732135,-212.6536017,19.95639403
1965,165.2671224,14.87967885,13.95565388,1.309582285,1.159258089,-6.527332197,221.4048427,194.7602752,1.715005761,1.343879317,42.60606561,3294.432956,2718.006991,2.245941162,1.557902968,-278.1039438,207.6556479,19.48616383,17.24938807,-97.12460685,18.2760771,16.17820465,-91.09318891,1.518143857,-8.548078612,-7.566862648,3089.849353,2897.970349,289.9478598,25.51873495,256.6653548,19.99649265,-1445.182959,633.9645734,255.0546062,23.9340268,225.7774245,18.7547146,-1271.265015,594.5955049,1.9881343,1.759920546,-11.19441232,55.79614875,-8.771946732,49.39142619,271.9421578,240.7264895,-1355.437397,22.58949304,-127.1926645,-112.5924861,21.18669021,-119.2940265,-105.6005161,-9.909429275
1954,201.8561899,17.62693212,16.13665205,-0.840920888,4.589692072,-5.365028906,310.7087361,260.3915395,0.70714794,21.06527332,28.78353517,5476.841801,4201.847672,-0.594655474,96.68311793,-154.4244982,284.4396705,-14.82285542,80.90219062,-94.56900038,-13.56964778,74.06226401,-86.57360473,-3.859567934,4.511564873,-24.62383064,5013.798765,4589.903993,-261.2814663,12.46484874,1426.057423,371.3161429,-1666.961351,507.3654207,-218.9686847,11.41100026,1195.116985,339.9229859,-1397.008137,464.4698919,3.245591295,-17.71422835,-3.79386914,-24.20467596,-113.0158003,132.1075632,-239.1912603,1305.490501,-1526.027054,-68.03234199,79.52504779,-434.0425913,-62.28050483,72.80155258,-397.3461873,20.70669353
1928,161.6078893,13.0253339,12.5655492,1.249525817,2.428135984,-7.900480392,169.6593232,157.8930268,1.561314767,5.895844356,62.41759042,2209.869333,1984.012598,1.95090311,14.31591184,-493.1289492,163.670474,16.27549098,31.62728194,-102.9063951,15.70097813,30.51086218,-99.2738751,3.034018599,-9.871854215,-19.18344073,2131.862573,2056.609395,211.9937044,20.33664616,411.9559076,76.79534135,-1340.390156,813.0099564,197.2914133,19.61877753,383.38574,74.08452236,-1247.430762,784.3113036,3.791084568,7.367009735,-12.3351367,77.99239066,-46.58000273,151.5583973,204.5104827,397.4141674,-1293.075371,39.5191053,-128.5841974,-249.8707208,38.12410999,-124.0452699,-241.0504684,-23.97020445
1961,181.8288324,14.09090316,12.91575738,0.659697834,1.202154907,-8.907289574,198.5535518,166.8167888,0.435201233,1.44517642,79.33980756,2797.79887,2154.565172,0.287101311,1.737325925,-706.7026407,181.9946865,9.295738297,16.93944837,-125.5117548,8.520497174,15.52674111,-115.0443911,0.793058989,-5.876119642,-10.70794187,2564.469503,2350.599216,130.9853481,6.132378423,238.6921266,20.36384098,-1768.573982,1117.969545,110.0486743,5.620953533,200.5396212,18.66554802,-1485.885444,1024.733705,0.523179297,0.953379754,-3.876463402,52.34029922,-12.87260486,95.37873896,120.0615005,218.7858054,-1621.079374,11.17491741,-82.79983281,-150.8845719,10.24295749,-75.89453565,-138.3011792,-7.06400606
1935,186.9054888,13.97589741,13.18395307,2.484738945,0.496985307,-7.195271654,195.3257085,173.8166186,6.173927626,0.246994396,51.77193417,2729.852064,2291.590142,15.34059842,0.122752586,-372.5131304,184.2575756,34.72645659,6.945815673,-100.5603785,32.75868165,6.552230971,-94.86212382,1.234878749,-17.8783717,-3.575944295,2575.164974,2429.24323,485.3333948,86.28617913,97.07400728,3.451968338,-1405.421533,723.5592408,431.8889215,81.39677208,86.38430563,3.256362524,-1250.657789,682.5587506,3.068351319,0.613716595,-44.42308644,128.6397411,-1.777191775,25.72989062,457.8319741,91.57330787,-1325.783311,17.25853871,-249.8662888,-49.97703062,16.28058347,-235.7076135,-47.14508177,-8.885288056
1974,274.8484737,13.90803395,13.0768056,1.632949776,1.313453891,-5.807668404,193.4334085,171.0028446,2.666524972,1.725161124,33.72901229,2690.278413,2236.170955,4.354301358,2.265919592,-195.8869189,181.8726562,22.71112094,18.26756132,-80.77324935,21.35376678,17.1757812,-75.94575068,2.144804238,-9.483630821,-7.628104664,2529.491078,2378.313369,315.8670411,37.08611985,254.065863,23.99359949,-1123.397095,469.1042481,279.2390569,34.86962868,224.6043517,22.55959665,-993.1278176,441.0677366,3.502357601,2.817101472,-15.48629283,55.07778307,-10.01916375,44.30150243,296.9889134,238.8813481,-1056.256079,29.83001017,-131.8986595,-106.0919387,28.04718806,-124.0155966,-99.75124176,-12.45631181
2001,194.5704354,14.58881812,14.31030057,-1.86101825,-3.888720055,-11.99831527,212.833614,204.7847025,3.463388926,15.12214367,143.9595694,3104.990884,2930.530647,-6.445429998,-58.80578337,-1727.2723,208.7703723,-27.15005676,-56.73182959,-175.0412392,-26.63173053,-55.64875284,-171.6994979,7.236978992,22.32908369,46.65808923,3045.712989,2987.566778,-396.0872399,50.52675111,-827.6503433,220.6142035,-2553.644802,2100.199974,-381.1080687,49.56213654,-796.3503798,216.4024212,-2457.071424,2060.104708,-13.46814998,-28.14258534,-41.55483225,-267.9113858,-181.4402473,-559.8184646,-388.5254728,-811.8495336,-2504.892746,105.5789702,325.7549406,680.6863774,103.5633446,319.5358992,667.6912811,-86.83155556
1992,184.2569168,13.03333591,11.29226575,-1.847229103,4.485849441,-3.947430706,169.867845,127.5152659,3.41225536,20.12284521,15.58220918,2213.944684,1439.93627,-6.303217409,90.26805394,-61.50969098,147.1758928,-24.07555741,58.46558261,-51.44819038,-20.85940194,50.65540403,-44.57543658,-8.286391641,7.291808883,-17.70757983,1918.192849,1661.949294,-313.7848269,44.47307032,762.0015774,262.2678011,-670.5415472,203.0881665,-235.5499102,38.53209435,572.0142842,227.2325159,-503.357676,175.9584471,15.3068638,-37.17150531,-13.46964159,-28.78391029,-79.43353707,69.89944434,-271.8675924,660.2088964,-580.9666383,-107.9993257,95.03659457,-230.7888361,-93.57213656,82.34104374,-199.9586973,32.70995681
2007,166.7642954,16.00325744,14.25682986,0.822165952,5.165477585,-3.143126351,256.1042487,203.2571976,0.675956853,26.68215868,9.879243261,4098.502223,2897.803284,0.55574871,137.8260926,-31.05170983,228.1557185,13.15733339,82.66446759,-50.30026017,11.7214801,73.64333507,-44.81101762,4.246879798,-2.58417147,-16.23574872,3651.2347,3252.77726,210.5601935,10.81751154,1322.900756,427.0014544,-804.9680128,158.1000732,167.1111475,9.637001847,1049.920498,380.4029966,-638.863054,140.8466903,3.491639973,21.9371624,-2.124617798,8.122377444,-83.86539606,51.03100962,187.5818636,1178.53325,-717.1222511,67.96391072,-41.3551613,-259.8248664,60.54704271,-36.84209297,-231.4703071,-13.3484798
2016,166.6301477,16.89159091,15.58262573,2.567040928,8.317457985,1.490295521,285.3258434,242.8182247,6.589699126,69.18010734,2.220980739,4819.607423,3783.745517,16.91602736,575.4026362,3.309917647,263.2153392,43.3614052,140.4950977,25.17346227,40.00123802,129.6078348,23.22271733,21.35125507,3.825649596,12.39547038,4446.12583,4101.586117,732.4431179,111.3105018,2373.185715,1168.562072,425.2198264,37.51589806,623.324321,102.6848152,2019.630382,1078.007721,361.8709127,34.60871162,54.80954562,177.5881669,9.82059909,5.701348457,103.0988041,18.47291398,675.6845485,2189.282525,392.2686409,360.6566659,64.62130794,209.3792148,332.7086166,59.61366585,193.1539757,31.81967978
2004,185.5379062,14.92734057,13.85634047,1.896277684,4.519865175,-3.948699956,222.8254964,191.9981713,3.595869057,20.4291812,15.59223135,3326.192071,2660.392031,6.818766249,92.33714465,-61.56904324,206.8383132,28.3063828,67.46956678,-58.94358904,26.27546923,62.62879075,-54.71453102,8.570919468,-7.48783161,-17.84759142,3087.545943,2866.02209,422.5390163,53.67676204,1007.141201,304.9533452,-879.8710278,232.7505475,364.0818476,49.82558594,867.805848,283.0736903,-758.1431705,216.0512662,16.25284332,38.73940042,-14.19900799,29.56720035,-80.66870691,70.47478346,392.2228776,934.8812887,-816.7424384,127.9410339,-111.7734125,-266.4170754,118.7615783,-103.7539442,-247.3023033,-33.84398933
2014,177.4732386,16.71105512,16.31465549,-1.949288081,0.541262194,-7.912609814,279.2593632,266.1679839,3.799724023,0.292964763,62.60939407,4666.718611,4342.438961,-7.406756748,0.158570751,-495.403706,272.6351072,-32.57466056,9.045062366,-132.2280587,-31.8019635,8.830506235,-129.0915032,-1.055075944,15.423956,-4.282796552,4556.020304,4447.94785,-544.3569482,63.49739758,151.1525358,4.895750305,-2209.670378,1046.269035,-518.8380786,61.9911884,144.0666671,4.779619183,-2106.083402,1021.450695,2.056646963,-0.571072721,-30.06573359,-122.0437456,-2.31811586,33.88809803,-531.444365,147.5670764,-2157.255225,-17.63143226,257.7505789,-71.57004925,-17.21320055,251.6365285,-69.8723503,8.348404272
